nhl_game_id,season,date,home_abbr,away_abbr,home_score,away_score,home_sog,away_sog,result_type
2018020001,20182019,2018-10-03,TOR,MTL,3,2,26,36,OT
2018020002,20182019,2018-10-03,WSH,BOS,7,0,37,25,REG
2018020003,20182019,2018-10-03,VAN,CGY,5,2,23,35,REG
2018020004,20182019,2018-10-03,SJS,ANA,2,5,33,15,REG
2018020005,20182019,2018-10-04,BUF,BOS,0,4,32,26,REG
2018020006,20182019,2018-10-04,NYR,NSH,2,3,36,33,REG
2018020007,20182019,2018-10-04,PIT,WSH,7,6,41,36,OT
2018020008,20182019,2018-10-04,CAR,NYI,1,2,46,20,OT
2018020009,20182019,2018-10-04,OTT,CHI,3,4,25,43,OT
2018020010,20182019,2018-10-04,DET,CBJ,2,3,20,39,OT
2018020011,20182019,2018-10-04,STL,WPG,1,5,42,25,REG
2018020012,20182019,2018-10-04,DAL,ARI,3,0,25,30,REG
2018020013,20182019,2018-10-04,COL,MIN,4,1,40,21,REG
2018020014,20182019,2018-10-04,VGK,PHI,2,5,25,25,REG
2018020015,20182019,2018-10-05,CBJ,CAR,1,3,32,35,REG
2018020016,20182019,2018-10-05,LAK,SJS,2,3,21,33,OT
2018020017,20182019,2018-10-06,BUF,NYR,3,1,29,44,REG
2018020018,20182019,2018-10-06,TOR,OTT,3,5,37,24,REG
2018020019,20182019,2018-10-06,TBL,FLA,2,1,29,43,SO
2018020020,20182019,2018-10-06,NJD,EDM,5,2,27,19,REG
2018020021,20182019,2018-10-06,NYI,NSH,3,4,29,23,REG
2018020022,20182019,2018-10-06,PIT,MTL,1,5,22,29,REG
2018020023,20182019,2018-10-06,DAL,WPG,5,1,35,33,REG
2018020024,20182019,2018-10-06,STL,CHI,4,5,30,30,OT
2018020025,20182019,2018-10-06,MIN,VGK,1,2,30,42,SO
2018020026,20182019,2018-10-06,COL,PHI,5,2,35,37,REG
2018020027,20182019,2018-10-06,ARI,ANA,0,1,41,20,REG
2018020028,20182019,2018-10-06,CGY,VAN,7,4,37,20,REG
2018020029,20182019,2018-10-07,CAR,NYR,8,5,40,24,REG
2018020030,20182019,2018-10-07,CHI,TOR,6,7,31,34,OT
2018020031,20182019,2018-10-07,LAK,DET,4,2,25,38,REG
2018020032,20182019,2018-10-08,BOS,OTT,6,3,30,31,REG
2018020033,20182019,2018-10-08,NYI,SJS,4,0,30,35,REG
2018020034,20182019,2018-10-08,BUF,VGK,4,2,17,37,REG
2018020035,20182019,2018-10-08,ANA,DET,3,2,27,21,SO
2018020036,20182019,2018-10-09,PHI,SJS,2,8,33,48,REG
2018020037,20182019,2018-10-09,CAR,VAN,5,3,33,25,REG
2018020038,20182019,2018-10-09,CBJ,COL,5,2,35,27,REG
2018020039,20182019,2018-10-09,NSH,CGY,0,3,43,27,REG
2018020040,20182019,2018-10-09,WPG,LAK,2,1,39,17,REG
2018020041,20182019,2018-10-09,DAL,TOR,4,7,34,30,REG
2018020042,20182019,2018-10-10,OTT,PHI,4,7,35,45,REG
2018020043,20182019,2018-10-10,WSH,VGK,5,2,29,31,REG
2018020044,20182019,2018-10-10,ANA,ARI,2,3,25,39,SO
2018020045,20182019,2018-10-11,BOS,EDM,4,1,32,26,REG
2018020046,20182019,2018-10-11,BUF,COL,1,6,31,30,REG
2018020047,20182019,2018-10-11,FLA,CBJ,4,5,41,32,REG
2018020048,20182019,2018-10-11,NJD,WSH,6,0,36,21,REG
2018020049,20182019,2018-10-11,NYR,SJS,3,2,27,43,OT
2018020050,20182019,2018-10-11,PIT,VGK,4,2,22,37,REG
2018020051,20182019,2018-10-11,MTL,LAK,0,3,40,29,REG
2018020052,20182019,2018-10-11,DET,TOR,3,5,29,35,REG
2018020053,20182019,2018-10-11,TBL,VAN,1,4,34,28,REG
2018020054,20182019,2018-10-11,STL,CGY,5,3,32,34,REG
2018020055,20182019,2018-10-11,NSH,WPG,3,0,30,29,REG
2018020056,20182019,2018-10-11,MIN,CHI,4,3,46,30,OT
2018020057,20182019,2018-10-13,NYR,EDM,1,2,24,27,REG
2018020058,20182019,2018-10-13,PHI,VGK,0,1,26,21,REG
2018020059,20182019,2018-10-13,OTT,LAK,5,1,22,37,REG
2018020060,20182019,2018-10-13,MIN,CAR,4,5,23,57,OT
2018020061,20182019,2018-10-13,BOS,DET,8,2,39,34,REG
2018020062,20182019,2018-10-13,MTL,PIT,4,3,40,28,SO
2018020063,20182019,2018-10-13,TBL,CBJ,8,2,31,32,REG
2018020064,20182019,2018-10-13,FLA,VAN,2,3,26,30,REG
2018020065,20182019,2018-10-13,WSH,TOR,2,4,27,28,REG
2018020066,20182019,2018-10-13,NSH,NYI,5,2,29,22,REG
2018020067,20182019,2018-10-13,DAL,ANA,5,3,51,25,REG
2018020068,20182019,2018-10-13,CHI,STL,4,3,50,38,OT
2018020069,20182019,2018-10-13,ARI,BUF,0,3,36,23,REG
2018020070,20182019,2018-10-13,COL,CGY,2,3,26,41,OT
2018020071,20182019,2018-10-14,NJD,SJS,3,2,36,39,REG
2018020072,20182019,2018-10-14,STL,ANA,2,3,31,31,REG
2018020073,20182019,2018-10-14,WPG,CAR,3,1,26,43,REG
2018020074,20182019,2018-10-15,TOR,LAK,4,1,25,34,REG
2018020075,20182019,2018-10-15,MTL,DET,7,3,35,28,REG
2018020076,20182019,2018-10-15,OTT,DAL,4,1,24,38,REG
2018020077,20182019,2018-10-15,NSH,MIN,4,2,28,31,REG
2018020078,20182019,2018-10-16,NJD,DAL,3,0,34,24,REG
2018020079,20182019,2018-10-16,NYR,COL,3,2,43,33,SO
2018020080,20182019,2018-10-16,PHI,FLA,6,5,26,26,SO
2018020081,20182019,2018-10-16,PIT,VAN,2,3,28,26,OT
2018020082,20182019,2018-10-16,TBL,CAR,4,2,27,40,REG
2018020083,20182019,2018-10-16,MIN,ARI,2,1,28,32,REG
2018020084,20182019,2018-10-16,WPG,EDM,4,5,33,35,OT
2018020085,20182019,2018-10-16,VGK,BUF,4,1,29,27,REG
2018020086,20182019,2018-10-17,MTL,STL,3,2,23,25,REG
2018020087,20182019,2018-10-17,WSH,NYR,4,3,38,32,OT
2018020088,20182019,2018-10-17,CGY,BOS,5,2,29,26,REG
2018020089,20182019,2018-10-17,ANA,NYI,4,1,25,35,REG
2018020090,20182019,2018-10-18,TOR,PIT,0,3,38,38,REG
2018020091,20182019,2018-10-18,NJD,COL,3,5,30,34,REG
2018020092,20182019,2018-10-18,CBJ,PHI,6,3,28,35,REG
2018020093,20182019,2018-10-18,TBL,DET,3,1,31,30,REG
2018020094,20182019,2018-10-18,WPG,VAN,4,1,32,27,REG
2018020095,20182019,2018-10-18,CHI,ARI,1,4,34,31,REG
2018020096,20182019,2018-10-18,EDM,BOS,3,2,22,29,OT
2018020097,20182019,2018-10-18,LAK,NYI,2,7,35,32,REG
2018020098,20182019,2018-10-18,SJS,BUF,5,1,39,25,REG
2018020099,20182019,2018-10-19,WSH,FLA,5,6,31,30,SO
2018020100,20182019,2018-10-19,DAL,MIN,1,3,34,36,REG
2018020101,20182019,2018-10-19,CGY,NSH,3,5,27,31,REG
2018020102,20182019,2018-10-20,PHI,NJD,5,2,21,21,REG
2018020103,20182019,2018-10-20,CAR,COL,1,3,43,22,REG
2018020104,20182019,2018-10-20,WPG,ARI,5,3,32,45,REG
2018020105,20182019,2018-10-20,LAK,BUF,1,5,20,26,REG
2018020106,20182019,2018-10-20,TOR,STL,1,4,23,25,REG
2018020107,20182019,2018-10-20,OTT,MTL,4,3,34,27,OT
2018020108,20182019,2018-10-20,FLA,DET,3,4,37,31,OT
2018020109,20182019,2018-10-20,CBJ,CHI,1,4,38,26,REG
2018020110,20182019,2018-10-20,MIN,TBL,5,4,34,31,OT
2018020111,20182019,2018-10-20,EDM,NSH,0,3,31,28,REG
2018020112,20182019,2018-10-20,VAN,BOS,2,1,22,31,OT
2018020113,20182019,2018-10-20,VGK,ANA,3,1,45,18,REG
2018020114,20182019,2018-10-20,SJS,NYI,4,1,41,25,REG
2018020115,20182019,2018-10-21,NYR,CGY,1,4,45,26,REG
2018020116,20182019,2018-10-21,CHI,TBL,3,6,36,55,REG
2018020117,20182019,2018-10-21,ANA,BUF,2,4,28,45,REG
2018020118,20182019,2018-10-22,PHI,COL,1,4,38,33,REG
2018020119,20182019,2018-10-22,DET,CAR,1,3,21,39,REG
2018020120,20182019,2018-10-22,WPG,STL,5,4,36,34,OT
2018020121,20182019,2018-10-22,VAN,WSH,2,5,24,33,REG
2018020122,20182019,2018-10-23,NYR,FLA,5,2,22,38,REG
2018020123,20182019,2018-10-23,CBJ,ARI,1,4,36,26,REG
2018020124,20182019,2018-10-23,MTL,CGY,3,2,40,23,REG
2018020125,20182019,2018-10-23,OTT,BOS,1,4,39,32,REG
2018020126,20182019,2018-10-23,NSH,SJS,4,5,29,32,REG
2018020127,20182019,2018-10-23,CHI,ANA,3,1,38,25,REG
2018020128,20182019,2018-10-23,DAL,LAK,4,2,23,33,REG
2018020129,20182019,2018-10-23,EDM,PIT,5,6,46,31,OT
2018020130,20182019,2018-10-24,NYI,FLA,2,3,22,41,OT
2018020131,20182019,2018-10-24,WPG,TOR,2,4,40,39,REG
2018020132,20182019,2018-10-24,COL,TBL,0,1,22,24,REG
2018020133,20182019,2018-10-24,VGK,VAN,2,3,35,26,SO
2018020134,20182019,2018-10-25,BOS,PHI,3,0,25,26,REG
2018020135,20182019,2018-10-25,BUF,MTL,4,3,42,22,REG
2018020136,20182019,2018-10-25,NJD,NSH,3,4,36,36,OT
2018020137,20182019,2018-10-25,STL,CBJ,4,7,37,32,REG
2018020138,20182019,2018-10-25,MIN,LAK,4,1,26,24,REG
2018020139,20182019,2018-10-25,CHI,NYR,4,1,37,19,REG
2018020140,20182019,2018-10-25,DAL,ANA,5,2,41,25,REG
2018020141,20182019,2018-10-25,CGY,PIT,1,9,39,36,REG
2018020142,20182019,2018-10-25,EDM,WSH,4,1,32,32,REG
2018020143,20182019,2018-10-25,ARI,VAN,4,1,30,28,REG
2018020144,20182019,2018-10-26,VGK,TBL,2,3,31,23,REG
2018020145,20182019,2018-10-26,DET,WPG,1,2,28,40,REG
2018020146,20182019,2018-10-26,CAR,SJS,4,3,41,23,SO
2018020147,20182019,2018-10-26,COL,OTT,6,3,37,24,REG
2018020148,20182019,2018-10-27,NJD,FLA,3,2,26,37,REG
2018020149,20182019,2018-10-27,PHI,NYI,1,6,23,22,REG
2018020150,20182019,2018-10-27,NSH,EDM,3,5,27,35,REG
2018020151,20182019,2018-10-27,CGY,WSH,3,4,30,27,SO
2018020152,20182019,2018-10-27,BOS,MTL,0,3,33,23,REG
2018020153,20182019,2018-10-27,TOR,WPG,3,2,31,24,REG
2018020154,20182019,2018-10-27,CBJ,BUF,5,4,37,38,OT
2018020155,20182019,2018-10-27,STL,CHI,7,3,37,24,REG
2018020156,20182019,2018-10-27,MIN,COL,3,2,28,32,REG
2018020157,20182019,2018-10-27,ARI,TBL,7,1,30,31,REG
2018020158,20182019,2018-10-27,VAN,PIT,0,5,29,35,REG
2018020159,20182019,2018-10-28,LAK,NYR,4,3,40,25,REG
2018020160,20182019,2018-10-28,DET,DAL,4,2,23,30,REG
2018020161,20182019,2018-10-28,CAR,NYI,1,2,39,20,REG
2018020162,20182019,2018-10-28,CHI,EDM,1,2,32,26,OT
2018020163,20182019,2018-10-28,VGK,OTT,4,3,53,22,OT
2018020164,20182019,2018-10-28,ANA,SJS,3,4,30,49,OT
2018020165,20182019,2018-10-29,TOR,CGY,1,3,25,34,REG
2018020166,20182019,2018-10-29,VAN,MIN,5,2,31,39,REG
2018020167,20182019,2018-10-30,BUF,CGY,1,2,29,38,OT
2018020168,20182019,2018-10-30,PIT,NYI,3,6,38,25,REG
2018020169,20182019,2018-10-30,CAR,BOS,2,3,44,31,REG
2018020170,20182019,2018-10-30,CBJ,DET,3,5,37,32,REG
2018020171,20182019,2018-10-30,MTL,DAL,1,4,35,22,REG
2018020172,20182019,2018-10-30,TBL,NJD,8,3,44,30,REG
2018020173,20182019,2018-10-30,NSH,VGK,4,1,28,24,REG
2018020174,20182019,2018-10-30,EDM,MIN,3,4,37,28,REG
2018020175,20182019,2018-10-30,ARI,OTT,5,1,35,26,REG
2018020176,20182019,2018-10-30,ANA,PHI,2,3,25,36,REG
2018020177,20182019,2018-10-30,SJS,NYR,3,4,34,37,SO
2018020178,20182019,2018-10-31,VAN,CHI,4,2,28,26,REG
2018020179,20182019,2018-11-01,TOR,DAL,1,2,32,19,REG
2018020180,20182019,2018-11-01,FLA,WPG,2,4,38,36,REG
2018020181,20182019,2018-11-01,NYI,PIT,3,2,26,31,SO
2018020182,20182019,2018-11-01,MTL,WSH,6,4,44,31,REG
2018020183,20182019,2018-11-01,OTT,BUF,4,2,32,48,REG
2018020184,20182019,2018-11-01,DET,NJD,4,3,31,28,REG
2018020185,20182019,2018-11-01,TBL,NSH,1,4,43,24,REG
2018020186,20182019,2018-11-01,STL,VGK,5,3,26,34,REG
2018020187,20182019,2018-11-01,CGY,COL,6,5,37,26,REG
2018020188,20182019,2018-11-01,EDM,CHI,4,0,29,40,REG
2018020189,20182019,2018-11-01,ANA,NYR,2,3,30,24,SO
2018020190,20182019,2018-11-01,LAK,PHI,2,5,27,31,REG
2018020191,20182019,2018-11-01,SJS,CBJ,1,4,45,27,REG
2018020192,20182019,2018-11-02,WPG,FLA,2,4,34,26,REG
2018020193,20182019,2018-11-02,VAN,COL,7,6,37,29,OT
2018020194,20182019,2018-11-02,ARI,CAR,4,3,25,51,OT
2018020195,20182019,2018-11-03,BUF,OTT,9,2,41,29,REG
2018020196,20182019,2018-11-03,MTL,TBL,1,4,35,36,REG
2018020197,20182019,2018-11-03,DET,EDM,3,4,26,42,REG
2018020198,20182019,2018-11-03,NYI,NJD,3,0,33,35,REG
2018020199,20182019,2018-11-03,PIT,TOR,0,5,31,33,REG
2018020200,20182019,2018-11-03,WSH,DAL,3,4,32,37,OT
2018020201,20182019,2018-11-03,STL,MIN,1,5,16,45,REG
2018020202,20182019,2018-11-03,NSH,BOS,1,0,40,26,REG
2018020203,20182019,2018-11-03,CGY,CHI,5,3,41,15,REG
2018020204,20182019,2018-11-03,VGK,CAR,3,0,25,34,REG
2018020205,20182019,2018-11-03,LAK,CBJ,4,1,29,27,REG
2018020206,20182019,2018-11-03,SJS,PHI,4,3,35,25,OT
2018020207,20182019,2018-11-04,OTT,TBL,3,4,25,45,OT
2018020208,20182019,2018-11-04,NYR,BUF,3,1,22,40,REG
2018020209,20182019,2018-11-04,ANA,CBJ,3,2,30,26,OT
2018020210,20182019,2018-11-05,BOS,DAL,2,1,35,25,OT
2018020211,20182019,2018-11-05,NYI,MTL,3,4,24,35,SO
2018020212,20182019,2018-11-05,PIT,NJD,1,5,36,39,REG
2018020213,20182019,2018-11-05,WSH,EDM,4,2,23,33,REG
2018020214,20182019,2018-11-05,ARI,PHI,2,5,36,34,REG
2018020215,20182019,2018-11-06,TOR,VGK,3,1,21,37,REG
2018020216,20182019,2018-11-06,NYR,MTL,5,3,32,34,REG
2018020217,20182019,2018-11-06,CBJ,DAL,4,1,34,28,REG
2018020218,20182019,2018-11-06,OTT,NJD,7,3,42,39,REG
2018020219,20182019,2018-11-06,DET,VAN,3,2,30,42,SO
2018020220,20182019,2018-11-06,TBL,EDM,5,2,35,35,REG
2018020221,20182019,2018-11-06,STL,CAR,4,1,20,39,REG
2018020222,20182019,2018-11-06,LAK,ANA,4,1,27,31,REG
2018020223,20182019,2018-11-06,SJS,MIN,4,3,22,26,REG
2018020224,20182019,2018-11-07,WSH,PIT,2,1,22,42,REG
2018020225,20182019,2018-11-07,COL,NSH,1,4,25,34,REG
2018020226,20182019,2018-11-07,ANA,CGY,3,2,24,39,REG
2018020227,20182019,2018-11-08,BOS,VAN,5,8,28,33,REG
2018020228,20182019,2018-11-08,FLA,EDM,4,1,33,27,REG
2018020229,20182019,2018-11-08,PHI,ARI,5,4,31,34,OT
2018020230,20182019,2018-11-08,MTL,BUF,5,6,37,31,OT
2018020231,20182019,2018-11-08,OTT,VGK,3,5,30,42,REG
2018020232,20182019,2018-11-08,TBL,NYI,4,2,27,37,REG
2018020233,20182019,2018-11-08,CHI,CAR,3,4,38,34,REG
2018020234,20182019,2018-11-08,DAL,SJS,4,3,22,36,REG
2018020235,20182019,2018-11-08,LAK,MIN,1,3,28,24,REG
2018020236,20182019,2018-11-09,TOR,NJD,6,1,32,39,REG
2018020237,20182019,2018-11-09,WSH,CBJ,1,2,34,36,REG
2018020238,20182019,2018-11-09,DET,NYR,3,2,31,30,OT
2018020239,20182019,2018-11-09,STL,SJS,4,0,31,33,REG
2018020240,20182019,2018-11-09,WPG,COL,5,2,24,30,REG
2018020241,20182019,2018-11-09,ANA,MIN,1,5,21,43,REG
2018020242,20182019,2018-11-10,BUF,VAN,4,3,37,39,SO
2018020243,20182019,2018-11-10,PHI,CHI,4,0,25,33,REG
2018020244,20182019,2018-11-10,DAL,NSH,4,5,24,34,OT
2018020245,20182019,2018-11-10,BOS,TOR,5,1,34,41,REG
2018020246,20182019,2018-11-10,MTL,VGK,5,4,27,38,REG
2018020247,20182019,2018-11-10,TBL,OTT,4,6,28,34,REG
2018020248,20182019,2018-11-10,FLA,NYI,4,2,31,31,REG
2018020249,20182019,2018-11-10,PIT,ARI,4,0,32,39,REG
2018020250,20182019,2018-11-10,CAR,DET,3,4,52,32,SO
2018020251,20182019,2018-11-10,CBJ,NYR,4,5,38,19,SO
2018020252,20182019,2018-11-10,LAK,CGY,0,1,21,36,REG
2018020253,20182019,2018-11-11,STL,MIN,2,3,31,18,REG
2018020254,20182019,2018-11-11,FLA,OTT,5,1,40,35,REG
2018020255,20182019,2018-11-11,WSH,ARI,1,4,39,22,REG
2018020256,20182019,2018-11-11,BOS,VGK,4,1,37,38,REG
2018020257,20182019,2018-11-11,WPG,NJD,5,2,28,36,REG
2018020258,20182019,2018-11-11,SJS,CGY,3,1,29,30,REG
2018020259,20182019,2018-11-11,EDM,COL,1,4,27,28,REG
2018020260,20182019,2018-11-12,NYR,VAN,2,1,27,26,REG
2018020261,20182019,2018-11-12,CAR,CHI,3,2,40,35,OT
2018020262,20182019,2018-11-12,DAL,CBJ,1,2,27,28,REG
2018020263,20182019,2018-11-12,ANA,NSH,2,1,30,35,SO
2018020264,20182019,2018-11-13,BUF,TBL,2,1,19,30,REG
2018020265,20182019,2018-11-13,NJD,PIT,4,2,35,31,REG
2018020266,20182019,2018-11-13,NYI,VAN,5,2,34,24,REG
2018020267,20182019,2018-11-13,PHI,FLA,1,2,31,30,REG
2018020268,20182019,2018-11-13,DET,ARI,6,1,26,25,REG
2018020269,20182019,2018-11-13,MIN,WSH,2,5,28,33,REG
2018020270,20182019,2018-11-13,EDM,MTL,6,2,43,29,REG
2018020271,20182019,2018-11-13,LAK,TOR,1,5,23,35,REG
2018020272,20182019,2018-11-13,SJS,NSH,5,4,37,34,REG
2018020273,20182019,2018-11-14,CHI,STL,1,0,19,28,REG
2018020274,20182019,2018-11-14,WPG,WSH,3,1,24,28,REG
2018020275,20182019,2018-11-14,COL,BOS,6,3,25,23,REG
2018020276,20182019,2018-11-14,VGK,ANA,5,0,25,29,REG
2018020277,20182019,2018-11-15,NYI,NYR,7,5,24,41,REG
2018020278,20182019,2018-11-15,PHI,NJD,0,3,29,27,REG
2018020279,20182019,2018-11-15,PIT,TBL,3,4,31,26,REG
2018020280,20182019,2018-11-15,CBJ,FLA,7,3,37,43,REG
2018020281,20182019,2018-11-15,OTT,DET,2,1,36,35,REG
2018020282,20182019,2018-11-15,MIN,VAN,6,2,29,27,REG
2018020283,20182019,2018-11-15,CGY,MTL,2,3,45,22,REG
2018020284,20182019,2018-11-15,ARI,NSH,2,1,23,46,REG
2018020285,20182019,2018-11-15,SJS,TOR,3,5,45,34,REG
2018020286,20182019,2018-11-16,DAL,BOS,1,0,37,23,OT
2018020287,20182019,2018-11-16,WPG,BUF,1,2,26,32,SO
2018020288,20182019,2018-11-16,CHI,LAK,1,2,35,32,SO
2018020289,20182019,2018-11-16,COL,WSH,2,3,26,29,OT
2018020290,20182019,2018-11-16,VGK,STL,1,4,33,35,REG
2018020291,20182019,2018-11-16,ANA,TOR,1,2,39,35,OT
2018020292,20182019,2018-11-17,NJD,DET,2,3,40,30,OT
2018020293,20182019,2018-11-17,PHI,TBL,5,6,45,26,OT
2018020294,20182019,2018-11-17,MIN,BUF,2,3,39,29,REG
2018020295,20182019,2018-11-17,OTT,PIT,6,4,25,35,REG
2018020296,20182019,2018-11-17,NYR,FLA,4,2,24,41,REG
2018020297,20182019,2018-11-17,CAR,CBJ,1,4,31,24,REG
2018020298,20182019,2018-11-17,VAN,MTL,2,3,38,31,REG
2018020299,20182019,2018-11-17,NSH,LAK,5,3,43,28,REG
2018020300,20182019,2018-11-17,ARI,BOS,1,2,33,23,REG
2018020301,20182019,2018-11-17,CGY,EDM,4,2,37,26,REG
2018020302,20182019,2018-11-17,SJS,STL,4,0,29,30,REG
2018020303,20182019,2018-11-18,NYI,DAL,2,6,39,33,REG
2018020304,20182019,2018-11-18,CAR,NJD,2,1,25,34,REG
2018020305,20182019,2018-11-18,CHI,MIN,3,1,28,40,REG
2018020306,20182019,2018-11-18,EDM,VGK,3,6,32,31,REG
2018020307,20182019,2018-11-18,ANA,COL,3,4,33,42,OT
2018020308,20182019,2018-11-19,TOR,CBJ,4,2,26,39,REG
2018020309,20182019,2018-11-19,NYR,DAL,2,1,23,17,REG
2018020310,20182019,2018-11-19,PIT,BUF,4,5,40,40,OT
2018020311,20182019,2018-11-19,MTL,WSH,4,5,44,34,OT
2018020312,20182019,2018-11-19,OTT,FLA,5,7,38,32,REG
2018020313,20182019,2018-11-19,STL,LAK,0,2,29,27,REG
2018020314,20182019,2018-11-19,NSH,TBL,3,2,34,31,REG
2018020315,20182019,2018-11-19,CGY,VGK,7,2,32,22,REG
2018020316,20182019,2018-11-19,VAN,WPG,3,6,25,49,REG
2018020317,20182019,2018-11-20,SJS,EDM,3,4,25,23,OT
2018020318,20182019,2018-11-21,BUF,PHI,5,2,21,25,REG
2018020319,20182019,2018-11-21,NJD,MTL,5,2,28,26,REG
2018020320,20182019,2018-11-21,NYR,NYI,5,0,27,29,REG
2018020321,20182019,2018-11-21,PIT,DAL,5,1,30,19,REG
2018020322,20182019,2018-11-21,WSH,CHI,4,2,27,39,REG
2018020323,20182019,2018-11-21,CAR,TOR,5,2,45,32,REG
2018020324,20182019,2018-11-21,DET,BOS,3,2,27,36,OT
2018020325,20182019,2018-11-21,TBL,FLA,7,3,33,43,REG
2018020326,20182019,2018-11-21,NSH,STL,4,1,34,29,REG
2018020327,20182019,2018-11-21,MIN,OTT,6,4,34,27,REG
2018020328,20182019,2018-11-21,ARI,VGK,2,3,21,25,OT
2018020329,20182019,2018-11-21,CGY,WPG,6,3,26,40,REG
2018020330,20182019,2018-11-21,ANA,VAN,4,3,37,28,REG
2018020331,20182019,2018-11-21,LAK,COL,3,7,36,34,REG
2018020332,20182019,2018-11-23,PHI,NYR,4,0,46,31,REG
2018020333,20182019,2018-11-23,BUF,MTL,3,2,40,33,OT
2018020334,20182019,2018-11-23,NJD,NYI,3,4,42,35,OT
2018020335,20182019,2018-11-23,WSH,DET,3,1,20,32,REG
2018020336,20182019,2018-11-23,MIN,WPG,4,2,39,28,REG
2018020337,20182019,2018-11-23,ANA,EDM,2,1,25,28,OT
2018020338,20182019,2018-11-23,VGK,CGY,2,0,28,29,REG
2018020339,20182019,2018-11-23,CBJ,TOR,4,2,24,34,REG
2018020340,20182019,2018-11-23,BOS,PIT,2,1,37,37,OT
2018020341,20182019,2018-11-23,TBL,CHI,4,2,29,32,REG
2018020342,20182019,2018-11-23,CAR,FLA,4,1,39,35,REG
2018020343,20182019,2018-11-23,STL,NSH,6,2,34,28,REG
2018020344,20182019,2018-11-23,DAL,OTT,6,4,54,33,REG
2018020345,20182019,2018-11-23,ARI,COL,1,5,38,39,REG
2018020346,20182019,2018-11-23,SJS,VAN,4,0,24,19,REG
2018020347,20182019,2018-11-24,NYR,WSH,3,5,30,28,REG
2018020348,20182019,2018-11-24,TOR,PHI,6,0,41,34,REG
2018020349,20182019,2018-11-24,MTL,BOS,2,3,33,35,REG
2018020350,20182019,2018-11-24,DET,BUF,2,3,37,35,SO
2018020351,20182019,2018-11-24,FLA,CHI,4,5,38,41,OT
2018020352,20182019,2018-11-24,NYI,CAR,4,1,19,27,REG
2018020353,20182019,2018-11-24,PIT,CBJ,4,2,36,39,REG
2018020354,20182019,2018-11-24,STL,WPG,4,8,27,36,REG
2018020355,20182019,2018-11-24,COL,DAL,3,2,36,29,REG
2018020356,20182019,2018-11-24,VGK,SJS,6,0,36,33,REG
2018020357,20182019,2018-11-24,LAK,VAN,2,4,22,29,REG
2018020358,20182019,2018-11-25,ARI,CGY,1,6,29,27,REG
2018020359,20182019,2018-11-25,TBL,NJD,5,2,35,35,REG
2018020360,20182019,2018-11-25,NSH,ANA,5,2,33,19,REG
2018020361,20182019,2018-11-25,LAK,EDM,5,2,32,34,REG
2018020362,20182019,2018-11-26,TOR,BOS,4,2,31,40,REG
2018020363,20182019,2018-11-26,FLA,NJD,4,3,34,32,OT
2018020364,20182019,2018-11-26,NYI,WSH,1,4,33,24,REG
2018020365,20182019,2018-11-26,NYR,OTT,4,2,33,31,REG
2018020366,20182019,2018-11-26,DET,CBJ,5,7,32,32,REG
2018020367,20182019,2018-11-27,BUF,SJS,3,2,31,38,OT
2018020368,20182019,2018-11-27,PHI,OTT,3,4,37,24,REG
2018020369,20182019,2018-11-27,MTL,CAR,1,2,49,22,REG
2018020370,20182019,2018-11-27,TBL,ANA,1,3,35,22,REG
2018020371,20182019,2018-11-27,NSH,COL,2,3,38,25,REG
2018020372,20182019,2018-11-27,MIN,ARI,3,4,25,14,REG
2018020373,20182019,2018-11-27,WPG,PIT,3,4,27,30,REG
2018020374,20182019,2018-11-27,CHI,VGK,3,8,24,43,REG
2018020375,20182019,2018-11-27,EDM,DAL,1,0,31,28,OT
2018020376,20182019,2018-11-27,VAN,LAK,1,2,33,25,OT
2018020377,20182019,2018-11-28,DET,STL,4,3,31,36,REG
2018020378,20182019,2018-11-28,FLA,ANA,2,3,44,25,REG
2018020379,20182019,2018-11-28,TOR,SJS,5,3,29,41,REG
2018020380,20182019,2018-11-28,CGY,DAL,3,4,33,28,OT
2018020381,20182019,2018-11-28,COL,PIT,6,3,26,25,REG
2018020382,20182019,2018-11-29,BOS,NYI,2,1,36,29,SO
2018020383,20182019,2018-11-29,CBJ,MIN,4,2,29,25,REG
2018020384,20182019,2018-11-29,OTT,NYR,3,0,34,27,REG
2018020385,20182019,2018-11-29,TBL,BUF,5,4,37,22,REG
2018020386,20182019,2018-11-29,NSH,ARI,0,3,29,25,REG
2018020387,20182019,2018-11-29,WPG,CHI,6,5,33,31,REG
2018020388,20182019,2018-11-29,EDM,LAK,3,2,34,32,REG
2018020389,20182019,2018-11-29,VAN,VGK,3,4,36,31,REG
2018020390,20182019,2018-11-30,FLA,BUF,3,2,43,24,OT
2018020391,20182019,2018-11-30,WSH,NJD,6,3,31,36,REG
2018020392,20182019,2018-11-30,CAR,ANA,1,2,34,29,OT
2018020393,20182019,2018-11-30,COL,STL,2,3,29,37,OT
2018020394,20182019,2018-11-30,CGY,LAK,4,1,37,14,REG
2018020395,20182019,2018-12-01,OTT,SJS,6,2,27,38,REG
2018020396,20182019,2018-12-01,VAN,DAL,1,2,25,27,REG
2018020397,20182019,2018-12-01,BOS,DET,2,4,40,27,REG
2018020398,20182019,2018-12-01,MTL,NYR,5,2,41,22,REG
2018020399,20182019,2018-12-01,FLA,TBL,4,5,27,39,OT
2018020400,20182019,2018-12-01,NJD,WPG,3,4,39,38,OT
2018020401,20182019,2018-12-01,NYI,CBJ,3,2,29,30,REG
2018020402,20182019,2018-12-01,PIT,PHI,2,4,32,26,REG
2018020403,20182019,2018-12-01,MIN,TOR,3,5,41,23,REG
2018020404,20182019,2018-12-01,NSH,CHI,5,2,30,21,REG
2018020405,20182019,2018-12-01,ARI,STL,6,1,44,26,REG
2018020406,20182019,2018-12-01,EDM,VGK,2,1,34,32,REG
2018020407,20182019,2018-12-02,WSH,ANA,5,6,32,25,REG
2018020408,20182019,2018-12-02,NYR,WPG,3,4,19,42,SO
2018020409,20182019,2018-12-02,MTL,SJS,1,3,41,29,REG
2018020410,20182019,2018-12-02,DET,COL,0,2,24,29,REG
2018020411,20182019,2018-12-02,CHI,CGY,2,3,24,41,REG
2018020412,20182019,2018-12-02,LAK,CAR,2,0,35,34,REG
2018020413,20182019,2018-12-03,NJD,TBL,1,5,27,26,REG
2018020414,20182019,2018-12-03,NSH,BUF,2,1,25,22,REG
2018020415,20182019,2018-12-03,DAL,EDM,4,1,25,29,REG
2018020416,20182019,2018-12-04,BUF,TOR,3,4,41,30,OT
2018020417,20182019,2018-12-04,FLA,BOS,5,0,44,33,REG
2018020418,20182019,2018-12-04,NYI,WPG,1,3,28,24,REG
2018020419,20182019,2018-12-04,PIT,COL,6,3,32,45,REG
2018020420,20182019,2018-12-04,CBJ,CGY,6,9,30,28,REG
2018020421,20182019,2018-12-04,MTL,OTT,5,2,41,30,REG
2018020422,20182019,2018-12-04,DET,TBL,5,6,24,35,SO
2018020423,20182019,2018-12-04,VAN,MIN,2,3,31,28,REG
2018020424,20182019,2018-12-04,VGK,WSH,5,3,28,26,REG
2018020425,20182019,2018-12-04,LAK,ARI,1,2,26,20,REG
2018020426,20182019,2018-12-05,STL,EDM,2,3,30,36,SO
2018020427,20182019,2018-12-05,ANA,CHI,4,2,32,27,REG
2018020428,20182019,2018-12-05,SJS,CAR,5,1,23,40,REG
2018020429,20182019,2018-12-06,TOR,DET,4,5,31,32,OT
2018020430,20182019,2018-12-06,FLA,COL,2,5,35,37,REG
2018020431,20182019,2018-12-06,PHI,CBJ,3,4,26,30,OT
2018020432,20182019,2018-12-06,PIT,NYI,6,2,28,24,REG
2018020433,20182019,2018-12-06,OTT,MTL,2,5,21,43,REG
2018020434,20182019,2018-12-06,TBL,BOS,3,2,30,35,REG
2018020435,20182019,2018-12-06,CGY,MIN,2,0,20,31,REG
2018020436,20182019,2018-12-06,ARI,WSH,2,4,29,29,REG
2018020437,20182019,2018-12-06,VAN,NSH,5,3,30,29,REG
2018020438,20182019,2018-12-06,VGK,CHI,4,3,36,35,REG
2018020439,20182019,2018-12-06,LAK,NJD,3,6,32,35,REG
2018020440,20182019,2018-12-07,DAL,SJS,3,2,30,43,REG
2018020441,20182019,2018-12-07,WPG,STL,0,1,26,27,REG
2018020442,20182019,2018-12-07,EDM,MIN,7,2,32,33,REG
2018020443,20182019,2018-12-07,ANA,CAR,1,4,19,36,REG
2018020444,20182019,2018-12-08,BUF,PHI,2,6,30,41,REG
2018020445,20182019,2018-12-08,LAK,VGK,5,1,25,30,REG
2018020446,20182019,2018-12-08,BOS,TOR,6,3,32,32,REG
2018020447,20182019,2018-12-08,OTT,PIT,2,1,29,36,OT
2018020448,20182019,2018-12-08,DET,NYI,2,3,25,19,REG
2018020449,20182019,2018-12-08,TBL,COL,7,1,38,30,REG
2018020450,20182019,2018-12-08,FLA,NYR,4,5,31,26,SO
2018020451,20182019,2018-12-08,CBJ,WSH,0,4,28,28,REG
2018020452,20182019,2018-12-08,ARI,SJS,3,5,20,33,REG
2018020453,20182019,2018-12-08,CGY,NSH,5,2,25,27,REG
2018020454,20182019,2018-12-09,STL,VAN,1,6,23,21,REG
2018020455,20182019,2018-12-09,WPG,PHI,7,1,35,37,REG
2018020456,20182019,2018-12-09,OTT,BOS,1,2,28,44,OT
2018020457,20182019,2018-12-09,CHI,MTL,2,3,39,28,REG
2018020458,20182019,2018-12-09,ANA,NJD,6,5,37,35,SO
2018020459,20182019,2018-12-09,EDM,CGY,1,0,30,24,REG
2018020460,20182019,2018-12-09,VGK,DAL,4,2,28,24,REG
2018020461,20182019,2018-12-10,NYI,PIT,1,2,26,24,SO
2018020462,20182019,2018-12-10,DET,LAK,3,1,21,43,REG
2018020463,20182019,2018-12-10,TBL,NYR,6,3,36,26,REG
2018020464,20182019,2018-12-10,SJS,NJD,5,2,34,24,REG
2018020465,20182019,2018-12-11,BOS,ARI,4,3,26,33,REG
2018020466,20182019,2018-12-11,BUF,LAK,4,3,47,29,OT
2018020467,20182019,2018-12-11,WSH,DET,6,2,25,37,REG
2018020468,20182019,2018-12-11,CAR,TOR,1,4,30,29,REG
2018020469,20182019,2018-12-11,CBJ,VAN,2,3,36,25,REG
2018020470,20182019,2018-12-11,STL,FLA,4,3,33,25,REG
2018020471,20182019,2018-12-11,NSH,OTT,3,1,36,26,REG
2018020472,20182019,2018-12-11,MIN,MTL,7,1,32,30,REG
2018020473,20182019,2018-12-11,WPG,CHI,6,3,34,35,REG
2018020474,20182019,2018-12-11,COL,EDM,4,6,43,26,REG
2018020475,20182019,2018-12-12,NYI,VGK,2,3,25,17,REG
2018020476,20182019,2018-12-12,CHI,PIT,6,3,29,43,REG
2018020477,20182019,2018-12-12,CGY,PHI,6,5,41,19,OT
2018020478,20182019,2018-12-12,ANA,DAL,6,3,36,29,REG
2018020479,20182019,2018-12-13,BUF,ARI,3,1,33,26,REG
2018020480,20182019,2018-12-13,CBJ,LAK,4,1,41,30,REG
2018020481,20182019,2018-12-13,MTL,CAR,6,4,40,31,REG
2018020482,20182019,2018-12-13,TBL,TOR,4,1,21,49,REG
2018020483,20182019,2018-12-13,NSH,VAN,4,3,34,22,OT
2018020484,20182019,2018-12-13,MIN,FLA,5,1,26,31,REG
2018020485,20182019,2018-12-13,WPG,EDM,5,4,40,26,OT
2018020486,20182019,2018-12-13,SJS,DAL,3,2,24,22,REG
2018020487,20182019,2018-12-14,NJD,VGK,5,4,42,22,OT
2018020488,20182019,2018-12-14,NYR,ARI,3,4,30,34,OT
2018020489,20182019,2018-12-14,PIT,BOS,5,3,28,51,REG
2018020490,20182019,2018-12-14,DET,OTT,2,4,28,32,REG
2018020491,20182019,2018-12-14,CAR,WSH,5,6,27,29,SO
2018020492,20182019,2018-12-14,STL,COL,4,3,28,42,OT
2018020493,20182019,2018-12-14,CHI,WPG,3,4,37,42,OT
2018020494,20182019,2018-12-14,EDM,PHI,4,1,22,32,REG
2018020495,20182019,2018-12-15,MIN,CGY,1,2,35,26,REG
2018020496,20182019,2018-12-15,MTL,OTT,5,2,47,18,REG
2018020497,20182019,2018-12-15,FLA,TOR,4,3,33,32,OT
2018020498,20182019,2018-12-15,NYI,DET,4,3,48,21,SO
2018020499,20182019,2018-12-15,PIT,LAK,4,3,36,41,OT
2018020500,20182019,2018-12-15,WSH,BUF,4,3,38,29,SO
2018020501,20182019,2018-12-15,CBJ,ANA,1,2,37,22,OT
2018020502,20182019,2018-12-15,NSH,NJD,2,1,28,34,SO
2018020503,20182019,2018-12-15,COL,DAL,6,4,37,42,REG
2018020504,20182019,2018-12-15,VAN,PHI,5,1,24,32,REG
2018020505,20182019,2018-12-16,NYR,VGK,3,4,30,41,OT
2018020506,20182019,2018-12-16,CAR,ARI,3,0,27,23,REG
2018020507,20182019,2018-12-16,STL,CGY,2,7,28,29,REG
2018020508,20182019,2018-12-16,BOS,BUF,2,4,37,27,REG
2018020509,20182019,2018-12-16,CHI,SJS,3,7,20,43,REG
2018020510,20182019,2018-12-16,WPG,TBL,5,4,42,47,OT
2018020511,20182019,2018-12-16,VAN,EDM,4,2,30,22,REG
2018020512,20182019,2018-12-17,PIT,ANA,2,4,30,36,REG
2018020513,20182019,2018-12-17,CBJ,VGK,1,0,31,28,REG
2018020514,20182019,2018-12-17,MTL,BOS,0,4,22,35,REG
2018020515,20182019,2018-12-17,OTT,NSH,4,3,23,34,OT
2018020516,20182019,2018-12-17,COL,NYI,1,4,31,21,REG
2018020517,20182019,2018-12-18,BUF,FLA,2,5,32,36,REG
2018020518,20182019,2018-12-18,NJD,TOR,2,7,29,31,REG
2018020519,20182019,2018-12-18,NYR,ANA,3,1,24,15,REG
2018020520,20182019,2018-12-18,PHI,DET,3,2,33,22,REG
2018020521,20182019,2018-12-18,MIN,SJS,0,4,26,25,REG
2018020522,20182019,2018-12-18,CHI,NSH,2,1,36,31,REG
2018020523,20182019,2018-12-18,DAL,CGY,2,0,28,24,REG
2018020524,20182019,2018-12-18,EDM,STL,1,4,23,30,REG
2018020525,20182019,2018-12-18,ARI,NYI,1,3,37,32,REG
2018020526,20182019,2018-12-18,VAN,TBL,2,5,38,37,REG
2018020527,20182019,2018-12-18,LAK,WPG,4,1,31,28,REG
2018020528,20182019,2018-12-19,WSH,PIT,1,2,32,30,REG
2018020529,20182019,2018-12-19,COL,MTL,2,1,26,36,REG
2018020530,20182019,2018-12-20,BOS,ANA,3,1,31,25,REG
2018020531,20182019,2018-12-20,TOR,FLA,6,1,26,26,REG
2018020532,20182019,2018-12-20,PHI,NSH,2,1,31,32,REG
2018020533,20182019,2018-12-20,PIT,MIN,2,1,37,41,REG
2018020534,20182019,2018-12-20,CAR,DET,1,4,39,24,REG
2018020535,20182019,2018-12-20,CBJ,NJD,2,1,38,30,REG
2018020536,20182019,2018-12-20,DAL,CHI,2,5,28,29,REG
2018020537,20182019,2018-12-20,CGY,TBL,4,5,37,36,SO
2018020538,20182019,2018-12-20,ARI,MTL,1,2,37,28,REG
2018020539,20182019,2018-12-20,VAN,STL,5,1,29,30,REG
2018020540,20182019,2018-12-20,VGK,NYI,4,2,47,21,REG
2018020541,20182019,2018-12-20,SJS,WPG,3,5,44,24,REG
2018020542,20182019,2018-12-21,NJD,OTT,5,2,32,27,REG
2018020543,20182019,2018-12-21,WSH,BUF,2,1,24,37,REG
2018020544,20182019,2018-12-21,COL,CHI,1,2,36,28,REG
2018020545,20182019,2018-12-22,BOS,NSH,5,2,32,30,REG
2018020546,20182019,2018-12-22,PHI,CBJ,3,4,37,19,REG
2018020547,20182019,2018-12-22,DET,FLA,1,2,34,23,REG
2018020548,20182019,2018-12-22,CGY,STL,1,3,29,27,REG
2018020549,20182019,2018-12-22,VGK,MTL,3,4,26,47,OT
2018020550,20182019,2018-12-22,SJS,LAK,2,3,31,31,OT
2018020551,20182019,2018-12-22,BUF,ANA,3,0,33,40,REG
2018020552,20182019,2018-12-22,TOR,NYR,5,3,36,28,REG
2018020553,20182019,2018-12-22,OTT,WSH,0,4,35,33,REG
2018020554,20182019,2018-12-22,CAR,PIT,0,3,39,32,REG
2018020555,20182019,2018-12-22,ARI,COL,6,4,39,28,REG
2018020556,20182019,2018-12-22,MIN,DAL,1,2,31,27,OT
2018020557,20182019,2018-12-22,EDM,TBL,3,6,28,45,REG
2018020558,20182019,2018-12-22,VAN,WPG,0,1,40,24,REG
2018020559,20182019,2018-12-23,NJD,CBJ,0,3,39,20,REG
2018020560,20182019,2018-12-23,CAR,BOS,5,3,37,30,REG
2018020561,20182019,2018-12-23,NYR,PHI,2,3,34,31,SO
2018020562,20182019,2018-12-23,CHI,FLA,3,6,29,27,REG
2018020563,20182019,2018-12-23,TOR,DET,5,4,24,30,OT
2018020564,20182019,2018-12-23,DAL,NYI,1,3,20,28,REG
2018020565,20182019,2018-12-23,VGK,LAK,3,4,25,32,OT
2018020566,20182019,2018-12-23,SJS,ARI,3,4,38,26,SO
2018020567,20182019,2018-12-27,BOS,NJD,2,5,42,33,REG
2018020568,20182019,2018-12-27,NYR,CBJ,3,4,22,29,OT
2018020569,20182019,2018-12-27,PIT,DET,5,2,40,29,REG
2018020570,20182019,2018-12-27,WSH,CAR,3,1,33,29,REG
2018020571,20182019,2018-12-27,TBL,PHI,6,5,37,33,OT
2018020572,20182019,2018-12-27,STL,BUF,4,1,32,31,REG
2018020573,20182019,2018-12-27,NSH,DAL,0,2,49,30,REG
2018020574,20182019,2018-12-27,WPG,CGY,1,4,36,29,REG
2018020575,20182019,2018-12-27,CHI,MIN,5,2,20,48,REG
2018020576,20182019,2018-12-27,EDM,VAN,2,4,32,20,REG
2018020577,20182019,2018-12-27,VGK,COL,2,1,43,32,REG
2018020578,20182019,2018-12-27,LAK,ARI,2,1,26,27,REG
2018020579,20182019,2018-12-27,SJS,ANA,4,2,39,27,REG
2018020580,20182019,2018-12-28,FLA,MTL,3,5,26,28,REG
2018020581,20182019,2018-12-28,NYI,OTT,6,3,39,27,REG
2018020582,20182019,2018-12-28,CBJ,TOR,2,4,29,29,REG
2018020583,20182019,2018-12-29,NJD,CAR,2,0,30,37,REG
2018020584,20182019,2018-12-29,WPG,MIN,1,3,27,25,REG
2018020585,20182019,2018-12-29,EDM,SJS,4,7,26,40,REG
2018020586,20182019,2018-12-29,LAK,VGK,1,4,31,32,REG
2018020587,20182019,2018-12-29,BUF,BOS,2,3,28,42,OT
2018020588,20182019,2018-12-29,TOR,NYI,0,4,36,28,REG
2018020589,20182019,2018-12-29,OTT,WSH,2,3,33,24,REG
2018020590,20182019,2018-12-29,TBL,MTL,6,5,32,38,REG
2018020591,20182019,2018-12-29,FLA,PHI,2,1,36,35,REG
2018020592,20182019,2018-12-29,STL,PIT,1,6,31,30,REG
2018020593,20182019,2018-12-29,NSH,NYR,3,4,37,22,REG
2018020594,20182019,2018-12-29,DAL,DET,5,1,42,34,REG
2018020595,20182019,2018-12-29,COL,CHI,2,3,32,37,OT
2018020596,20182019,2018-12-29,CGY,VAN,2,3,33,27,OT
2018020597,20182019,2018-12-29,ANA,ARI,4,5,41,30,OT
2018020598,20182019,2018-12-30,ARI,VGK,1,5,30,37,REG
2018020599,20182019,2018-12-31,WSH,NSH,3,6,25,34,REG
2018020600,20182019,2018-12-31,NJD,VAN,4,0,23,25,REG
2018020601,20182019,2018-12-31,BUF,NYI,1,3,40,33,REG
2018020602,20182019,2018-12-31,CAR,PHI,3,1,33,23,REG
2018020603,20182019,2018-12-31,MIN,PIT,2,3,33,32,REG
2018020604,20182019,2018-12-31,CBJ,OTT,6,3,38,25,REG
2018020605,20182019,2018-12-31,STL,NYR,1,2,40,23,REG
2018020606,20182019,2018-12-31,DET,FLA,3,4,20,27,SO
2018020607,20182019,2018-12-31,COL,LAK,2,3,24,18,OT
2018020608,20182019,2018-12-31,DAL,MTL,2,3,47,38,OT
2018020609,20182019,2018-12-31,CGY,SJS,8,5,27,33,REG
2018020610,20182019,2018-12-31,EDM,WPG,3,4,24,36,REG
2018020611,20182019,2018-12-31,ANA,TBL,1,2,36,35,OT
2018020612,20182019,2019-01-01,CHI,BOS,2,4,38,36,REG
2018020613,20182019,2019-01-01,NSH,PHI,4,0,30,32,REG
2018020614,20182019,2019-01-01,VGK,LAK,2,0,48,17,REG
2018020615,20182019,2019-01-02,OTT,VAN,3,4,33,45,OT
2018020616,20182019,2019-01-02,DET,CGY,3,5,32,35,REG
2018020617,20182019,2019-01-02,NYR,PIT,2,7,30,25,REG
2018020618,20182019,2019-01-02,DAL,NJD,5,4,40,34,REG
2018020619,20182019,2019-01-02,COL,SJS,4,5,35,27,REG
2018020620,20182019,2019-01-02,ARI,EDM,1,3,30,24,REG
2018020621,20182019,2019-01-03,TOR,MIN,3,4,41,34,REG
2018020622,20182019,2019-01-03,BOS,CGY,6,4,27,37,REG
2018020623,20182019,2019-01-03,BUF,FLA,4,3,33,38,REG
2018020624,20182019,2019-01-03,NYI,CHI,3,2,50,21,OT
2018020625,20182019,2019-01-03,PHI,CAR,3,5,37,28,REG
2018020626,20182019,2019-01-03,MTL,VAN,2,0,27,33,REG
2018020627,20182019,2019-01-03,STL,WSH,5,2,42,25,REG
2018020628,20182019,2019-01-03,LAK,TBL,2,6,30,33,REG
2018020629,20182019,2019-01-04,PIT,WPG,4,0,33,33,REG
2018020630,20182019,2019-01-04,DET,NSH,4,3,39,30,OT
2018020631,20182019,2019-01-04,CAR,CBJ,4,2,31,24,REG
2018020632,20182019,2019-01-04,DAL,WSH,2,1,29,37,OT
2018020633,20182019,2019-01-04,COL,NYR,6,1,47,25,REG
2018020634,20182019,2019-01-04,ARI,NJD,2,3,25,35,SO
2018020635,20182019,2019-01-04,ANA,VGK,2,3,27,42,REG
2018020636,20182019,2019-01-05,PHI,CGY,2,3,34,32,OT
2018020637,20182019,2019-01-05,OTT,MIN,3,4,27,26,REG
2018020638,20182019,2019-01-05,BOS,BUF,2,1,41,32,REG
2018020639,20182019,2019-01-05,TOR,VAN,5,0,34,28,REG
2018020640,20182019,2019-01-05,MTL,NSH,1,4,28,32,REG
2018020641,20182019,2019-01-05,FLA,CBJ,3,4,30,35,OT
2018020642,20182019,2019-01-05,STL,NYI,3,4,32,14,REG
2018020643,20182019,2019-01-05,LAK,EDM,4,0,23,16,REG
2018020644,20182019,2019-01-05,SJS,TBL,5,2,33,20,REG
2018020645,20182019,2019-01-06,ARI,NYR,5,0,40,23,REG
2018020646,20182019,2019-01-06,VGK,NJD,3,2,28,38,REG
2018020647,20182019,2019-01-06,OTT,CAR,4,5,31,29,REG
2018020648,20182019,2019-01-06,DET,WSH,2,3,25,34,REG
2018020649,20182019,2019-01-06,WPG,DAL,5,1,30,27,REG
2018020650,20182019,2019-01-06,PIT,CHI,3,5,34,31,REG
2018020651,20182019,2019-01-06,ANA,EDM,0,4,39,24,REG
2018020652,20182019,2019-01-07,TOR,NSH,0,4,18,32,REG
2018020653,20182019,2019-01-07,PHI,STL,0,3,25,37,REG
2018020654,20182019,2019-01-07,MTL,MIN,0,1,32,25,REG
2018020655,20182019,2019-01-07,CHI,CGY,3,4,35,43,REG
2018020656,20182019,2019-01-07,SJS,LAK,3,1,29,23,REG
2018020657,20182019,2019-01-08,BOS,MIN,4,0,27,24,REG
2018020658,20182019,2019-01-08,BUF,NJD,5,1,33,21,REG
2018020659,20182019,2019-01-08,NYI,CAR,3,4,31,24,REG
2018020660,20182019,2019-01-08,PIT,FLA,5,1,31,37,REG
2018020661,20182019,2019-01-08,WSH,PHI,5,3,25,40,REG
2018020662,20182019,2019-01-08,DET,MTL,2,3,32,25,REG
2018020663,20182019,2019-01-08,TBL,CBJ,4,0,22,31,REG
2018020664,20182019,2019-01-08,STL,DAL,1,3,27,17,REG
2018020665,20182019,2019-01-08,WPG,COL,7,4,21,41,REG
2018020666,20182019,2019-01-08,VGK,NYR,4,2,31,29,REG
2018020667,20182019,2019-01-08,SJS,EDM,7,2,36,22,REG
2018020668,20182019,2019-01-09,CHI,NSH,3,4,31,37,OT
2018020669,20182019,2019-01-09,CGY,COL,5,3,16,35,REG
2018020670,20182019,2019-01-09,ANA,OTT,1,2,33,30,OT
2018020671,20182019,2019-01-10,BOS,WSH,2,4,41,22,REG
2018020672,20182019,2019-01-10,NJD,TOR,2,4,29,43,REG
2018020673,20182019,2019-01-10,NYR,NYI,3,4,30,20,REG
2018020674,20182019,2019-01-10,PHI,DAL,2,1,22,38,REG
2018020675,20182019,2019-01-10,CBJ,NSH,4,3,33,35,OT
2018020676,20182019,2019-01-10,TBL,CAR,3,1,30,27,REG
2018020677,20182019,2019-01-10,STL,MTL,4,1,30,29,REG
2018020678,20182019,2019-01-10,MIN,WPG,3,2,22,28,REG
2018020679,20182019,2019-01-10,EDM,FLA,4,3,24,30,SO
2018020680,20182019,2019-01-10,VAN,ARI,3,4,36,22,OT
2018020681,20182019,2019-01-10,VGK,SJS,2,3,38,27,REG
2018020682,20182019,2019-01-10,LAK,OTT,1,4,34,27,REG
2018020683,20182019,2019-01-11,CAR,BUF,4,3,30,33,REG
2018020684,20182019,2019-01-11,WPG,DET,4,2,27,35,REG
2018020685,20182019,2019-01-11,CGY,FLA,4,3,24,27,REG
2018020686,20182019,2019-01-11,ANA,PIT,4,7,25,36,REG
2018020687,20182019,2019-01-12,NJD,PHI,3,2,26,34,REG
2018020688,20182019,2019-01-12,NYI,NYR,1,2,25,26,REG
2018020689,20182019,2019-01-12,BUF,TBL,3,5,33,30,REG
2018020690,20182019,2019-01-12,TOR,BOS,2,3,32,29,REG
2018020691,20182019,2019-01-12,MTL,COL,3,0,31,28,REG
2018020692,20182019,2019-01-12,WSH,CBJ,1,2,33,22,OT
2018020693,20182019,2019-01-12,MIN,DET,2,5,18,37,REG
2018020694,20182019,2019-01-12,CHI,VGK,3,4,23,34,OT
2018020695,20182019,2019-01-12,DAL,STL,1,3,22,28,REG
2018020696,20182019,2019-01-12,EDM,ARI,2,3,25,29,REG
2018020697,20182019,2019-01-12,SJS,OTT,4,1,32,28,REG
2018020698,20182019,2019-01-12,LAK,PIT,5,2,25,40,REG
2018020699,20182019,2019-01-13,CAR,NSH,6,3,34,23,REG
2018020700,20182019,2019-01-13,CBJ,NYR,7,5,40,27,REG
2018020701,20182019,2019-01-13,WPG,ANA,4,3,34,31,OT
2018020702,20182019,2019-01-13,NYI,TBL,5,1,28,39,REG
2018020703,20182019,2019-01-13,VAN,FLA,5,1,36,24,REG
2018020704,20182019,2019-01-13,CGY,ARI,7,1,26,23,REG
2018020705,20182019,2019-01-14,BOS,MTL,2,3,43,22,OT
2018020706,20182019,2019-01-14,TOR,COL,3,6,20,38,REG
2018020707,20182019,2019-01-14,NJD,CHI,8,5,41,32,REG
2018020708,20182019,2019-01-14,PHI,MIN,7,4,27,38,REG
2018020709,20182019,2019-01-14,WSH,STL,1,4,29,37,REG
2018020710,20182019,2019-01-14,EDM,BUF,7,2,25,43,REG
2018020711,20182019,2019-01-15,NYI,STL,2,1,25,31,OT
2018020712,20182019,2019-01-15,NYR,CAR,6,2,28,36,REG
2018020713,20182019,2019-01-15,CBJ,NJD,4,1,34,30,REG
2018020714,20182019,2019-01-15,MTL,FLA,5,1,28,53,REG
2018020715,20182019,2019-01-15,DET,ANA,3,1,25,24,REG
2018020716,20182019,2019-01-15,NSH,WSH,7,2,29,28,REG
2018020717,20182019,2019-01-15,MIN,LAK,3,2,42,33,SO
2018020718,20182019,2019-01-15,WPG,VGK,4,1,27,44,REG
2018020719,20182019,2019-01-15,DAL,TBL,0,2,35,21,REG
2018020720,20182019,2019-01-15,SJS,PIT,5,2,29,24,REG
2018020721,20182019,2019-01-16,OTT,COL,5,2,31,32,REG
2018020722,20182019,2019-01-16,PHI,BOS,4,3,19,42,REG
2018020723,20182019,2019-01-16,CGY,BUF,3,4,33,23,OT
2018020724,20182019,2019-01-16,VAN,EDM,2,3,22,30,SO
2018020725,20182019,2019-01-16,ARI,SJS,6,3,41,29,REG
2018020726,20182019,2019-01-17,BOS,STL,5,2,27,30,REG
2018020727,20182019,2019-01-17,NYI,NJD,4,1,26,17,REG
2018020728,20182019,2019-01-17,NYR,CHI,4,3,33,27,REG
2018020729,20182019,2019-01-17,TBL,TOR,2,4,38,31,REG
2018020730,20182019,2019-01-17,NSH,WPG,1,5,38,34,REG
2018020731,20182019,2019-01-17,MIN,ANA,0,3,37,23,REG
2018020732,20182019,2019-01-17,DAL,LAK,1,2,30,19,REG
2018020733,20182019,2019-01-18,FLA,TOR,3,1,29,21,REG
2018020734,20182019,2019-01-18,CBJ,MTL,1,4,35,26,REG
2018020735,20182019,2019-01-18,WSH,NYI,0,2,19,25,REG
2018020736,20182019,2019-01-18,CAR,OTT,1,4,34,26,REG
2018020737,20182019,2019-01-18,CGY,DET,6,4,36,35,REG
2018020738,20182019,2019-01-18,ARI,PIT,2,3,33,35,OT
2018020739,20182019,2019-01-18,VAN,BUF,4,3,23,39,REG
2018020740,20182019,2019-01-19,NJD,ANA,2,3,31,14,REG
2018020741,20182019,2019-01-19,COL,LAK,7,1,40,31,REG
2018020742,20182019,2019-01-19,BOS,NYR,2,3,29,20,REG
2018020743,20182019,2019-01-19,MTL,PHI,2,5,35,24,REG
2018020744,20182019,2019-01-19,TBL,SJS,6,3,26,39,REG
2018020745,20182019,2019-01-19,STL,OTT,3,2,38,30,REG
2018020746,20182019,2019-01-19,DAL,WPG,4,2,39,29,REG
2018020747,20182019,2019-01-19,NSH,FLA,2,4,39,30,REG
2018020748,20182019,2019-01-19,MIN,CBJ,2,1,31,20,REG
2018020749,20182019,2019-01-19,EDM,CGY,2,5,24,34,REG
2018020750,20182019,2019-01-19,VGK,PIT,7,3,35,37,REG
2018020751,20182019,2019-01-20,CHI,WSH,8,5,28,39,REG
2018020752,20182019,2019-01-20,NYI,ANA,3,0,28,19,REG
2018020753,20182019,2019-01-20,VAN,DET,3,2,31,37,REG
2018020754,20182019,2019-01-20,TOR,ARI,2,4,26,31,REG
2018020755,20182019,2019-01-20,EDM,CAR,4,7,21,34,REG
2018020756,20182019,2019-01-21,COL,NSH,1,4,36,27,REG
2018020757,20182019,2019-01-21,VGK,MIN,2,4,32,22,REG
2018020758,20182019,2019-01-21,FLA,SJS,6,2,30,29,REG
2018020759,20182019,2019-01-21,LAK,STL,4,3,29,36,REG
2018020760,20182019,2019-01-22,WSH,SJS,6,7,39,43,OT
2018020761,20182019,2019-01-22,OTT,ARI,2,3,27,33,REG
2018020762,20182019,2019-01-22,CHI,NYI,3,2,40,36,SO
2018020763,20182019,2019-01-22,CGY,CAR,3,2,25,35,OT
2018020764,20182019,2019-01-22,EDM,DET,2,3,34,27,REG
2018020765,20182019,2019-01-23,TOR,WSH,6,3,37,44,REG
2018020766,20182019,2019-01-23,MTL,ARI,2,1,24,31,REG
2018020767,20182019,2019-01-23,COL,MIN,2,5,22,28,REG
2018020768,20182019,2019-01-23,VGK,NSH,1,2,48,27,REG
2018020769,20182019,2019-01-23,ANA,STL,1,5,13,32,REG
2018020770,20182019,2019-01-23,VAN,CAR,2,5,26,34,REG
2018020771,20182019,2019-01-28,PHI,WPG,3,1,31,32,REG
2018020772,20182019,2019-01-28,PIT,NJD,3,6,40,32,REG
2018020773,20182019,2019-01-29,BOS,WPG,3,4,39,27,SO
2018020774,20182019,2019-01-29,NYR,PHI,0,1,38,19,REG
2018020775,20182019,2019-01-29,CBJ,BUF,4,5,37,34,REG
2018020776,20182019,2019-01-30,PIT,TBL,4,2,22,35,REG
2018020777,20182019,2019-01-30,DAL,BUF,1,0,27,30,REG
2018020778,20182019,2019-01-31,BOS,PHI,2,3,25,41,OT
2018020779,20182019,2019-01-31,NJD,NYR,3,4,22,25,REG
2018020780,20182019,2019-01-31,WPG,CBJ,4,3,26,31,REG
2018020781,20182019,2019-02-01,BUF,CHI,3,7,43,30,REG
2018020782,20182019,2019-02-01,FLA,NSH,1,4,28,26,REG
2018020783,20182019,2019-02-01,NYI,TBL,0,1,36,41,SO
2018020784,20182019,2019-02-01,PIT,OTT,5,3,40,40,REG
2018020785,20182019,2019-02-01,WSH,CGY,4,3,40,30,REG
2018020786,20182019,2019-02-01,DET,TOR,3,2,33,21,OT
2018020787,20182019,2019-02-01,CAR,VGK,5,2,32,25,REG
2018020788,20182019,2019-02-01,DAL,MIN,3,1,32,22,REG
2018020789,20182019,2019-02-02,PHI,EDM,5,4,39,44,OT
2018020790,20182019,2019-02-02,MTL,NJD,2,3,39,27,OT
2018020791,20182019,2019-02-02,TOR,PIT,3,2,33,30,REG
2018020792,20182019,2019-02-02,OTT,DET,0,2,35,21,REG
2018020793,20182019,2019-02-02,FLA,VGK,3,1,25,35,REG
2018020794,20182019,2019-02-02,NYI,LAK,4,2,32,36,REG
2018020795,20182019,2019-02-02,NYR,TBL,2,3,33,23,REG
2018020796,20182019,2019-02-02,CBJ,STL,2,4,20,33,REG
2018020797,20182019,2019-02-02,WPG,ANA,9,3,31,29,REG
2018020798,20182019,2019-02-02,NSH,DAL,1,3,39,26,REG
2018020799,20182019,2019-02-02,MIN,CHI,3,4,31,31,OT
2018020800,20182019,2019-02-02,COL,VAN,1,5,35,26,REG
2018020801,20182019,2019-02-02,SJS,ARI,3,2,35,33,OT
2018020802,20182019,2019-02-03,WSH,BOS,0,1,24,39,REG
2018020803,20182019,2019-02-03,MTL,EDM,4,3,27,24,OT
2018020804,20182019,2019-02-03,CAR,CGY,3,4,37,32,REG
2018020805,20182019,2019-02-04,TOR,ANA,6,1,44,25,REG
2018020806,20182019,2019-02-04,NYR,LAK,3,4,27,30,OT
2018020807,20182019,2019-02-04,PHI,VAN,2,1,30,42,REG
2018020808,20182019,2019-02-04,DAL,ARI,5,4,29,42,REG
2018020809,20182019,2019-02-05,BOS,NYI,3,1,27,29,REG
2018020810,20182019,2019-02-05,BUF,MIN,5,4,39,45,SO
2018020811,20182019,2019-02-05,FLA,STL,2,3,24,34,REG
2018020812,20182019,2019-02-05,NJD,LAK,1,5,30,25,REG
2018020813,20182019,2019-02-05,PIT,CAR,0,4,23,32,REG
2018020814,20182019,2019-02-05,WSH,VAN,3,2,31,32,REG
2018020815,20182019,2019-02-05,MTL,ANA,4,1,32,25,REG
2018020816,20182019,2019-02-05,TBL,VGK,2,3,26,37,SO
2018020817,20182019,2019-02-05,NSH,ARI,5,2,47,26,REG
2018020818,20182019,2019-02-05,WPG,SJS,2,3,27,38,OT
2018020819,20182019,2019-02-05,COL,CBJ,3,6,30,37,REG
2018020820,20182019,2019-02-05,EDM,CHI,2,6,27,35,REG
2018020821,20182019,2019-02-06,TOR,OTT,5,4,30,44,REG
2018020822,20182019,2019-02-06,NYR,BOS,4,3,39,30,SO
2018020823,20182019,2019-02-07,BUF,CAR,5,6,39,30,OT
2018020824,20182019,2019-02-07,FLA,PIT,3,2,42,31,OT
2018020825,20182019,2019-02-07,NJD,NYI,1,2,31,28,SO
2018020826,20182019,2019-02-07,PHI,LAK,2,3,32,39,SO
2018020827,20182019,2019-02-07,WSH,COL,4,3,42,37,OT
2018020828,20182019,2019-02-07,MTL,WPG,5,2,53,34,REG
2018020829,20182019,2019-02-07,OTT,ANA,4,0,35,45,REG
2018020830,20182019,2019-02-07,DET,VGK,3,4,39,32,REG
2018020831,20182019,2019-02-07,TBL,STL,0,1,32,39,OT
2018020832,20182019,2019-02-07,NSH,DAL,3,2,24,29,OT
2018020833,20182019,2019-02-07,MIN,EDM,1,4,36,23,REG
2018020834,20182019,2019-02-07,CHI,VAN,4,3,35,43,OT
2018020835,20182019,2019-02-07,CGY,SJS,2,5,38,30,REG
2018020836,20182019,2019-02-07,ARI,CBJ,2,4,31,33,REG
2018020837,20182019,2019-02-08,NYR,CAR,0,3,27,33,REG
2018020838,20182019,2019-02-09,BOS,LAK,5,4,33,29,OT
2018020839,20182019,2019-02-09,BUF,DET,3,1,21,29,REG
2018020840,20182019,2019-02-09,NJD,MIN,2,4,18,33,REG
2018020841,20182019,2019-02-09,NYI,COL,4,3,41,28,OT
2018020842,20182019,2019-02-09,PHI,ANA,6,2,40,32,REG
2018020843,20182019,2019-02-09,OTT,WPG,5,2,32,46,REG
2018020844,20182019,2019-02-09,STL,NSH,3,2,33,31,REG
2018020845,20182019,2019-02-09,ARI,DAL,3,2,39,35,REG
2018020846,20182019,2019-02-09,MTL,TOR,3,4,38,32,OT
2018020847,20182019,2019-02-09,TBL,PIT,5,4,34,32,REG
2018020848,20182019,2019-02-09,WSH,FLA,4,5,30,31,OT
2018020849,20182019,2019-02-09,EDM,SJS,2,5,23,31,REG
2018020850,20182019,2019-02-09,VAN,CGY,4,3,25,47,SO
2018020851,20182019,2019-02-09,VGK,CBJ,3,4,23,33,REG
2018020852,20182019,2019-02-10,NSH,STL,4,5,44,29,OT
2018020853,20182019,2019-02-10,BOS,COL,2,1,35,36,OT
2018020854,20182019,2019-02-10,BUF,WPG,1,3,36,29,REG
2018020855,20182019,2019-02-10,NJD,CAR,3,2,21,35,REG
2018020856,20182019,2019-02-10,NYI,MIN,2,1,34,27,REG
2018020857,20182019,2019-02-10,CHI,DET,5,2,36,45,REG
2018020858,20182019,2019-02-10,FLA,TBL,2,5,27,23,REG
2018020859,20182019,2019-02-10,NYR,TOR,4,1,30,56,REG
2018020860,20182019,2019-02-11,PHI,PIT,1,4,51,28,REG
2018020861,20182019,2019-02-11,WSH,LAK,6,4,31,33,REG
2018020862,20182019,2019-02-11,VAN,SJS,2,7,27,24,REG
2018020863,20182019,2019-02-12,BOS,CHI,6,3,37,26,REG
2018020864,20182019,2019-02-12,BUF,NYI,3,1,22,25,REG
2018020865,20182019,2019-02-12,FLA,DAL,0,3,30,19,REG
2018020866,20182019,2019-02-12,CBJ,WSH,3,0,32,20,REG
2018020867,20182019,2019-02-12,OTT,CAR,1,4,26,37,REG
2018020868,20182019,2019-02-12,TBL,CGY,6,3,27,22,REG
2018020869,20182019,2019-02-12,STL,NJD,8,3,39,23,REG
2018020870,20182019,2019-02-12,NSH,DET,2,3,34,27,REG
2018020871,20182019,2019-02-12,MIN,PHI,4,5,39,26,REG
2018020872,20182019,2019-02-12,WPG,NYR,4,3,36,37,REG
2018020873,20182019,2019-02-12,COL,TOR,2,5,36,28,REG
2018020874,20182019,2019-02-12,VGK,ARI,2,5,43,26,REG
2018020875,20182019,2019-02-13,PIT,EDM,3,1,34,39,REG
2018020876,20182019,2019-02-13,ANA,VAN,1,0,22,35,REG
2018020877,20182019,2019-02-14,FLA,CGY,3,2,32,43,SO
2018020878,20182019,2019-02-14,CBJ,NYI,0,3,31,27,REG
2018020879,20182019,2019-02-14,DET,OTT,3,2,29,42,REG
2018020880,20182019,2019-02-14,TBL,DAL,6,0,26,32,REG
2018020881,20182019,2019-02-14,NSH,MTL,3,1,38,35,REG
2018020882,20182019,2019-02-14,WPG,COL,1,4,25,35,REG
2018020883,20182019,2019-02-14,CHI,NJD,5,2,36,43,REG
2018020884,20182019,2019-02-14,ARI,STL,0,4,21,24,REG
2018020885,20182019,2019-02-14,VGK,TOR,3,6,33,43,REG
2018020886,20182019,2019-02-14,LAK,VAN,3,4,38,27,SO
2018020887,20182019,2019-02-14,SJS,WSH,1,5,26,29,REG
2018020888,20182019,2019-02-15,BUF,NYR,2,6,33,29,REG
2018020889,20182019,2019-02-15,CAR,EDM,3,1,27,41,REG
2018020890,20182019,2019-02-15,MIN,NJD,4,5,32,28,OT
2018020891,20182019,2019-02-15,ANA,BOS,0,3,30,29,REG
2018020892,20182019,2019-02-16,PHI,DET,6,5,32,38,OT
2018020893,20182019,2019-02-16,PIT,CGY,4,5,38,31,REG
2018020894,20182019,2019-02-16,COL,STL,0,3,32,33,REG
2018020895,20182019,2019-02-16,TBL,MTL,3,0,37,20,REG
2018020896,20182019,2019-02-16,NYI,EDM,5,2,24,36,REG
2018020897,20182019,2019-02-16,WPG,OTT,3,4,26,41,OT
2018020898,20182019,2019-02-16,ARI,TOR,2,0,29,22,REG
2018020899,20182019,2019-02-16,CAR,DAL,3,0,27,33,REG
2018020900,20182019,2019-02-16,CHI,CBJ,2,5,41,30,REG
2018020901,20182019,2019-02-16,VGK,NSH,5,1,50,30,REG
2018020902,20182019,2019-02-16,SJS,VAN,3,2,26,34,REG
2018020903,20182019,2019-02-16,LAK,BOS,2,4,25,24,REG
2018020904,20182019,2019-02-17,PIT,NYR,6,5,41,44,REG
2018020905,20182019,2019-02-17,MIN,STL,0,4,31,30,REG
2018020906,20182019,2019-02-17,NJD,BUF,4,1,24,35,REG
2018020907,20182019,2019-02-17,DET,PHI,1,3,38,23,REG
2018020908,20182019,2019-02-17,FLA,MTL,6,3,36,31,REG
2018020909,20182019,2019-02-17,ANA,WSH,5,2,39,25,REG
2018020910,20182019,2019-02-18,CGY,ARI,5,2,33,29,REG
2018020911,20182019,2019-02-18,CBJ,TBL,1,5,40,20,REG
2018020912,20182019,2019-02-18,CHI,OTT,8,7,42,38,REG
2018020913,20182019,2019-02-18,COL,VGK,3,0,38,40,REG
2018020914,20182019,2019-02-18,LAK,WSH,2,3,28,21,REG
2018020915,20182019,2019-02-18,SJS,BOS,5,6,38,20,OT
2018020916,20182019,2019-02-19,FLA,BUF,4,2,41,34,REG
2018020917,20182019,2019-02-19,NJD,PIT,3,4,36,28,REG
2018020918,20182019,2019-02-19,PHI,TBL,2,5,30,33,REG
2018020919,20182019,2019-02-19,CAR,NYR,1,2,44,26,REG
2018020920,20182019,2019-02-19,MTL,CBJ,3,2,32,33,REG
2018020921,20182019,2019-02-19,STL,TOR,3,2,41,33,OT
2018020922,20182019,2019-02-19,MIN,ANA,0,4,31,24,REG
2018020923,20182019,2019-02-19,DAL,NSH,3,5,39,47,REG
2018020924,20182019,2019-02-19,EDM,ARI,2,3,37,35,SO
2018020925,20182019,2019-02-20,DET,CHI,4,5,35,20,OT
2018020926,20182019,2019-02-20,COL,WPG,7,1,46,27,REG
2018020927,20182019,2019-02-20,CGY,NYI,4,2,32,19,REG
2018020928,20182019,2019-02-20,VGK,BOS,2,3,33,27,SO
2018020929,20182019,2019-02-21,TOR,WSH,2,3,42,28,REG
2018020930,20182019,2019-02-21,FLA,CAR,3,4,30,25,REG
2018020931,20182019,2019-02-21,NJD,OTT,4,0,31,30,REG
2018020932,20182019,2019-02-21,NYR,MIN,1,4,34,35,REG
2018020933,20182019,2019-02-21,PIT,SJS,0,4,26,33,REG
2018020934,20182019,2019-02-21,MTL,PHI,5,1,40,30,REG
2018020935,20182019,2019-02-21,TBL,BUF,2,1,40,30,SO
2018020936,20182019,2019-02-21,NSH,LAK,2,1,29,29,REG
2018020937,20182019,2019-02-21,DAL,STL,5,2,25,45,REG
2018020938,20182019,2019-02-21,EDM,NYI,4,3,41,23,OT
2018020939,20182019,2019-02-21,VAN,ARI,2,3,32,38,OT
2018020940,20182019,2019-02-22,OTT,CBJ,0,3,22,40,REG
2018020941,20182019,2019-02-22,DET,MIN,2,3,28,35,REG
2018020942,20182019,2019-02-22,CHI,COL,3,5,44,31,REG
2018020943,20182019,2019-02-22,CGY,ANA,2,1,28,26,REG
2018020944,20182019,2019-02-22,VGK,WPG,3,6,32,29,REG
2018020945,20182019,2019-02-23,BUF,WSH,5,2,38,33,REG
2018020946,20182019,2019-02-23,NYR,NJD,5,2,34,21,REG
2018020947,20182019,2019-02-23,STL,BOS,2,1,29,32,SO
2018020948,20182019,2019-02-23,FLA,LAK,6,1,25,19,REG
2018020949,20182019,2019-02-23,CBJ,SJS,4,0,26,26,REG
2018020950,20182019,2019-02-23,DAL,CAR,0,3,24,31,REG
2018020951,20182019,2019-02-23,NSH,COL,0,5,38,21,REG
2018020952,20182019,2019-02-23,TOR,MTL,6,3,36,35,REG
2018020953,20182019,2019-02-23,PHI,PIT,4,3,37,43,OT
2018020954,20182019,2019-02-23,EDM,ANA,2,1,21,34,REG
2018020955,20182019,2019-02-23,VAN,NYI,0,4,36,23,REG
2018020956,20182019,2019-02-24,WSH,NYR,6,5,35,31,OT
2018020957,20182019,2019-02-24,DET,SJS,3,5,23,37,REG
2018020958,20182019,2019-02-24,CHI,DAL,3,4,47,29,REG
2018020959,20182019,2019-02-24,OTT,CGY,1,2,23,35,REG
2018020960,20182019,2019-02-24,MIN,STL,2,1,35,28,OT
2018020961,20182019,2019-02-24,ARI,WPG,4,1,24,35,REG
2018020962,20182019,2019-02-25,TOR,BUF,5,3,33,34,REG
2018020963,20182019,2019-02-25,NJD,MTL,2,1,22,35,REG
2018020964,20182019,2019-02-25,TBL,LAK,4,3,34,33,SO
2018020965,20182019,2019-02-25,NSH,EDM,3,2,38,27,SO
2018020966,20182019,2019-02-25,COL,FLA,3,4,39,38,OT
2018020967,20182019,2019-02-25,VAN,ANA,4,0,29,29,REG
2018020968,20182019,2019-02-26,BOS,SJS,4,1,32,20,REG
2018020969,20182019,2019-02-26,NYI,CGY,1,3,27,27,REG
2018020970,20182019,2019-02-26,PHI,BUF,5,2,45,36,REG
2018020971,20182019,2019-02-26,WSH,OTT,7,2,37,23,REG
2018020972,20182019,2019-02-26,CAR,LAK,6,1,34,23,REG
2018020973,20182019,2019-02-26,CBJ,PIT,2,5,23,27,REG
2018020974,20182019,2019-02-26,DET,MTL,1,8,29,34,REG
2018020975,20182019,2019-02-26,STL,NSH,2,0,44,19,REG
2018020976,20182019,2019-02-26,WPG,MIN,2,3,32,40,REG
2018020977,20182019,2019-02-26,ARI,FLA,4,3,40,27,SO
2018020978,20182019,2019-02-26,VGK,DAL,4,1,48,24,REG
2018020979,20182019,2019-02-27,TOR,EDM,6,2,36,36,REG
2018020980,20182019,2019-02-27,NJD,CGY,1,2,20,35,REG
2018020981,20182019,2019-02-27,NYR,TBL,3,4,36,30,OT
2018020982,20182019,2019-02-27,COL,VAN,3,2,45,32,SO
2018020983,20182019,2019-02-27,ANA,CHI,3,4,32,35,REG
2018020984,20182019,2019-02-28,BOS,TBL,4,1,41,21,REG
2018020985,20182019,2019-02-28,NYI,TOR,6,1,37,35,REG
2018020986,20182019,2019-02-28,CBJ,PHI,4,3,40,31,OT
2018020987,20182019,2019-02-28,OTT,EDM,2,4,37,26,REG
2018020988,20182019,2019-02-28,ARI,VAN,5,2,24,39,REG
2018020989,20182019,2019-02-28,VGK,FLA,6,5,46,37,SO
2018020990,20182019,2019-02-28,LAK,DAL,3,4,30,33,OT
2018020991,20182019,2019-03-01,BUF,PIT,4,3,30,44,OT
2018020992,20182019,2019-03-01,NJD,PHI,3,6,33,24,REG
2018020993,20182019,2019-03-01,NYI,WSH,1,3,21,28,REG
2018020994,20182019,2019-03-01,NYR,MTL,2,4,30,36,REG
2018020995,20182019,2019-03-01,CAR,STL,5,2,24,23,REG
2018020996,20182019,2019-03-01,WPG,NSH,5,3,32,38,REG
2018020997,20182019,2019-03-01,ANA,VGK,0,3,34,34,REG
2018020998,20182019,2019-03-01,SJS,COL,4,3,40,25,REG
2018020999,20182019,2019-03-02,CBJ,EDM,0,4,30,24,REG
2018021000,20182019,2019-03-02,LAK,CHI,6,3,25,32,REG
2018021001,20182019,2019-03-02,BOS,NJD,1,0,30,20,REG
2018021002,20182019,2019-03-02,TOR,BUF,5,2,32,37,REG
2018021003,20182019,2019-03-02,MTL,PIT,1,5,37,25,REG
2018021004,20182019,2019-03-02,TBL,OTT,5,1,34,37,REG
2018021005,20182019,2019-03-02,FLA,CAR,3,4,34,26,OT
2018021006,20182019,2019-03-02,STL,DAL,1,4,30,21,REG
2018021007,20182019,2019-03-02,ARI,DET,3,1,44,23,REG
2018021008,20182019,2019-03-02,CGY,MIN,2,4,37,23,REG
2018021009,20182019,2019-03-03,NYR,WSH,2,3,24,39,SO
2018021010,20182019,2019-03-03,NYI,PHI,1,4,30,26,REG
2018021011,20182019,2019-03-03,VGK,VAN,3,0,48,19,REG
2018021012,20182019,2019-03-03,ANA,COL,2,1,23,26,REG
2018021013,20182019,2019-03-03,FLA,OTT,2,3,32,33,REG
2018021014,20182019,2019-03-03,CBJ,WPG,2,5,42,26,REG
2018021015,20182019,2019-03-03,MIN,NSH,2,3,26,43,SO
2018021016,20182019,2019-03-03,SJS,CHI,5,2,34,30,REG
2018021017,20182019,2019-03-04,BUF,EDM,3,4,38,27,REG
2018021018,20182019,2019-03-04,CGY,TOR,2,6,37,32,REG
2018021019,20182019,2019-03-05,BOS,CAR,4,3,38,37,OT
2018021020,20182019,2019-03-05,NJD,CBJ,1,2,30,18,SO
2018021021,20182019,2019-03-05,NYI,OTT,5,4,38,27,SO
2018021022,20182019,2019-03-05,PIT,FLA,3,2,37,34,OT
2018021023,20182019,2019-03-05,TBL,WPG,5,2,38,32,REG
2018021024,20182019,2019-03-05,NSH,MIN,5,4,25,33,SO
2018021025,20182019,2019-03-05,DAL,NYR,1,0,32,28,REG
2018021026,20182019,2019-03-05,COL,DET,4,3,34,23,OT
2018021027,20182019,2019-03-05,ARI,ANA,1,3,23,31,REG
2018021028,20182019,2019-03-05,LAK,MTL,1,3,27,24,REG
2018021029,20182019,2019-03-06,PHI,WSH,3,5,30,35,REG
2018021030,20182019,2019-03-06,VAN,TOR,3,2,31,30,OT
2018021031,20182019,2019-03-06,ANA,STL,4,5,27,33,REG
2018021032,20182019,2019-03-06,VGK,CGY,2,1,38,34,REG
2018021033,20182019,2019-03-07,BOS,FLA,4,3,28,25,REG
2018021034,20182019,2019-03-07,PIT,CBJ,3,0,31,25,REG
2018021035,20182019,2019-03-07,OTT,NYI,2,4,37,31,REG
2018021036,20182019,2019-03-07,DET,NYR,3,2,45,34,SO
2018021037,20182019,2019-03-07,TBL,MIN,0,3,25,30,REG
2018021038,20182019,2019-03-07,CHI,BUF,5,4,45,39,SO
2018021039,20182019,2019-03-07,DAL,COL,4,0,33,31,REG
2018021040,20182019,2019-03-07,EDM,VAN,3,2,34,37,REG
2018021041,20182019,2019-03-07,ARI,CGY,2,0,26,30,REG
2018021042,20182019,2019-03-07,LAK,STL,0,4,28,32,REG
2018021043,20182019,2019-03-07,SJS,MTL,5,2,25,39,REG
2018021044,20182019,2019-03-08,FLA,MIN,6,2,29,27,REG
2018021045,20182019,2019-03-08,WSH,NJD,3,0,36,25,REG
2018021046,20182019,2019-03-08,CAR,WPG,1,8,29,29,REG
2018021047,20182019,2019-03-08,ANA,MTL,8,2,29,37,REG
2018021048,20182019,2019-03-09,COL,BUF,3,0,43,18,REG
2018021049,20182019,2019-03-09,SJS,STL,3,2,33,19,OT
2018021050,20182019,2019-03-09,BOS,OTT,3,2,31,19,REG
2018021051,20182019,2019-03-09,TBL,DET,3,2,33,24,REG
2018021052,20182019,2019-03-09,NYI,PHI,2,5,27,25,REG
2018021053,20182019,2019-03-09,NYR,NJD,4,2,41,24,REG
2018021054,20182019,2019-03-09,CBJ,PIT,4,1,33,29,REG
2018021055,20182019,2019-03-09,EDM,TOR,2,3,33,40,REG
2018021056,20182019,2019-03-09,NSH,CAR,3,5,34,32,REG
2018021057,20182019,2019-03-09,DAL,CHI,1,2,27,39,REG
2018021058,20182019,2019-03-09,ARI,LAK,4,2,32,36,REG
2018021059,20182019,2019-03-09,VAN,VGK,2,6,31,33,REG
2018021060,20182019,2019-03-10,FLA,DET,6,1,43,20,REG
2018021061,20182019,2019-03-10,WSH,WPG,3,1,18,34,REG
2018021062,20182019,2019-03-10,PIT,BOS,4,2,37,41,REG
2018021063,20182019,2019-03-10,CGY,VGK,6,3,35,28,REG
2018021064,20182019,2019-03-10,ANA,LAK,2,3,20,25,REG
2018021065,20182019,2019-03-11,TOR,TBL,2,6,28,42,REG
2018021066,20182019,2019-03-11,NYI,CBJ,2,0,20,31,REG
2018021067,20182019,2019-03-11,PHI,OTT,3,2,36,22,REG
2018021068,20182019,2019-03-11,MIN,SJS,0,3,24,29,REG
2018021069,20182019,2019-03-11,CHI,ARI,7,1,34,25,REG
2018021070,20182019,2019-03-11,COL,CAR,0,3,38,33,REG
2018021071,20182019,2019-03-11,EDM,NYR,3,2,33,30,OT
2018021072,20182019,2019-03-12,BUF,DAL,0,2,35,27,REG
2018021073,20182019,2019-03-12,PIT,WSH,5,3,30,41,REG
2018021074,20182019,2019-03-12,CBJ,BOS,7,4,35,31,REG
2018021075,20182019,2019-03-12,MTL,DET,3,1,36,21,REG
2018021076,20182019,2019-03-12,STL,ARI,1,3,40,22,REG
2018021077,20182019,2019-03-12,WPG,SJS,4,5,25,36,REG
2018021078,20182019,2019-03-12,CGY,NJD,9,4,39,26,REG
2018021079,20182019,2019-03-12,ANA,NSH,3,2,18,34,REG
2018021080,20182019,2019-03-13,TOR,CHI,4,5,47,39,REG
2018021081,20182019,2019-03-13,EDM,NJD,3,6,39,35,REG
2018021082,20182019,2019-03-13,VAN,NYR,4,1,28,22,REG
2018021083,20182019,2019-03-14,BUF,PIT,0,5,26,28,REG
2018021084,20182019,2019-03-14,NYI,MTL,2,1,38,34,REG
2018021085,20182019,2019-03-14,PHI,WSH,2,5,24,32,REG
2018021086,20182019,2019-03-14,OTT,STL,2,0,21,35,REG
2018021087,20182019,2019-03-14,DET,TBL,4,5,27,39,REG
2018021088,20182019,2019-03-14,MIN,DAL,1,4,22,31,REG
2018021089,20182019,2019-03-14,WPG,BOS,4,3,24,39,REG
2018021090,20182019,2019-03-14,ARI,ANA,6,1,24,37,REG
2018021091,20182019,2019-03-14,LAK,NSH,1,3,26,34,REG
2018021092,20182019,2019-03-14,SJS,FLA,2,4,28,27,REG
2018021093,20182019,2019-03-15,TOR,PHI,7,6,51,29,REG
2018021094,20182019,2019-03-15,CBJ,CAR,3,0,20,46,REG
2018021095,20182019,2019-03-15,DAL,VGK,1,2,41,37,REG
2018021096,20182019,2019-03-15,COL,ANA,3,5,44,37,REG
2018021097,20182019,2019-03-15,CGY,NYR,5,1,32,25,REG
2018021098,20182019,2019-03-15,VAN,NJD,2,3,27,33,SO
2018021099,20182019,2019-03-16,PIT,STL,1,5,41,26,REG
2018021100,20182019,2019-03-16,DET,NYI,2,1,22,42,REG
2018021101,20182019,2019-03-16,LAK,FLA,3,4,27,35,REG
2018021102,20182019,2019-03-16,BOS,CBJ,2,1,33,25,OT
2018021103,20182019,2019-03-16,MTL,CHI,0,2,48,24,REG
2018021104,20182019,2019-03-16,OTT,TOR,6,2,44,37,REG
2018021105,20182019,2019-03-16,TBL,WSH,6,3,35,34,REG
2018021106,20182019,2019-03-16,CAR,BUF,4,2,29,37,REG
2018021107,20182019,2019-03-16,WPG,CGY,2,1,21,28,REG
2018021108,20182019,2019-03-16,MIN,NYR,5,2,47,28,REG
2018021109,20182019,2019-03-16,ARI,EDM,2,3,30,25,OT
2018021110,20182019,2019-03-16,SJS,NSH,2,4,26,30,REG
2018021111,20182019,2019-03-17,COL,NJD,3,0,34,22,REG
2018021112,20182019,2019-03-17,BUF,STL,4,3,34,33,SO
2018021113,20182019,2019-03-17,MIN,NYI,2,3,34,20,OT
2018021114,20182019,2019-03-17,DAL,VAN,2,3,46,27,SO
2018021115,20182019,2019-03-17,PIT,PHI,1,2,42,38,OT
2018021116,20182019,2019-03-17,ANA,FLA,3,2,22,39,REG
2018021117,20182019,2019-03-17,VGK,EDM,6,3,34,19,REG
2018021118,20182019,2019-03-18,TBL,ARI,4,1,24,29,REG
2018021119,20182019,2019-03-18,CHI,VAN,2,3,31,34,OT
2018021120,20182019,2019-03-18,LAK,WPG,2,3,17,28,REG
2018021121,20182019,2019-03-18,SJS,VGK,3,7,39,42,REG
2018021122,20182019,2019-03-19,NJD,WSH,1,4,21,22,REG
2018021123,20182019,2019-03-19,NYI,BOS,0,5,13,39,REG
2018021124,20182019,2019-03-19,NYR,DET,2,3,43,30,REG
2018021125,20182019,2019-03-19,PHI,MTL,1,3,33,36,REG
2018021126,20182019,2019-03-19,CAR,PIT,3,2,39,38,SO
2018021127,20182019,2019-03-19,STL,EDM,7,2,44,17,REG
2018021128,20182019,2019-03-19,NSH,TOR,3,0,20,22,REG
2018021129,20182019,2019-03-19,MIN,COL,1,3,37,38,REG
2018021130,20182019,2019-03-19,DAL,FLA,4,2,36,22,REG
2018021131,20182019,2019-03-19,CGY,CBJ,4,2,31,33,REG
2018021132,20182019,2019-03-20,BUF,TOR,2,4,24,46,REG
2018021133,20182019,2019-03-20,WSH,TBL,4,5,58,28,OT
2018021134,20182019,2019-03-20,VAN,OTT,7,4,40,25,REG
2018021135,20182019,2019-03-20,ANA,WPG,0,3,29,23,REG
2018021136,20182019,2019-03-21,FLA,ARI,4,2,22,34,REG
2018021137,20182019,2019-03-21,NJD,BOS,1,5,22,27,REG
2018021138,20182019,2019-03-21,CAR,TBL,3,6,28,32,REG
2018021139,20182019,2019-03-21,MTL,NYI,4,0,34,28,REG
2018021140,20182019,2019-03-21,STL,DET,5,2,24,22,REG
2018021141,20182019,2019-03-21,NSH,PIT,1,2,29,33,SO
2018021142,20182019,2019-03-21,CHI,PHI,1,3,41,28,REG
2018021143,20182019,2019-03-21,DAL,COL,1,3,45,32,REG
2018021144,20182019,2019-03-21,CGY,OTT,5,1,36,19,REG
2018021145,20182019,2019-03-21,EDM,CBJ,4,1,22,20,REG
2018021146,20182019,2019-03-21,VGK,WPG,5,0,38,20,REG
2018021147,20182019,2019-03-21,LAK,SJS,4,2,35,25,REG
2018021148,20182019,2019-03-22,WSH,MIN,1,2,22,27,REG
2018021149,20182019,2019-03-22,ANA,SJS,4,3,21,26,OT
2018021150,20182019,2019-03-23,NJD,ARI,2,1,32,24,SO
2018021151,20182019,2019-03-23,PHI,NYI,2,4,24,40,REG
2018021152,20182019,2019-03-23,COL,CHI,4,2,25,31,REG
2018021153,20182019,2019-03-23,EDM,OTT,3,4,29,35,OT
2018021154,20182019,2019-03-23,TOR,NYR,1,2,45,28,OT
2018021155,20182019,2019-03-23,MTL,BUF,7,4,44,27,REG
2018021156,20182019,2019-03-23,FLA,BOS,3,7,34,39,REG
2018021157,20182019,2019-03-23,CAR,MIN,5,1,33,25,REG
2018021158,20182019,2019-03-23,WPG,NSH,5,0,43,33,REG
2018021159,20182019,2019-03-23,STL,TBL,4,3,26,42,REG
2018021160,20182019,2019-03-23,DAL,PIT,2,3,31,30,REG
2018021161,20182019,2019-03-23,VAN,CGY,1,3,28,31,REG
2018021162,20182019,2019-03-23,VGK,DET,2,3,30,30,OT
2018021163,20182019,2019-03-23,LAK,ANA,4,3,30,20,SO
2018021164,20182019,2019-03-24,WSH,PHI,3,1,30,36,REG
2018021165,20182019,2019-03-24,NYI,ARI,2,0,26,31,REG
2018021166,20182019,2019-03-24,CAR,MTL,2,1,40,29,OT
2018021167,20182019,2019-03-24,CHI,COL,2,1,42,20,OT
2018021168,20182019,2019-03-24,VAN,CBJ,0,5,21,33,REG
2018021169,20182019,2019-03-25,TOR,FLA,7,5,37,36,REG
2018021170,20182019,2019-03-25,NJD,BUF,3,1,21,46,REG
2018021171,20182019,2019-03-25,NYR,PIT,2,5,35,36,REG
2018021172,20182019,2019-03-25,TBL,BOS,5,4,28,17,REG
2018021173,20182019,2019-03-25,STL,VGK,3,1,22,25,REG
2018021174,20182019,2019-03-25,MIN,NSH,0,1,29,19,REG
2018021175,20182019,2019-03-25,WPG,DAL,2,5,23,37,REG
2018021176,20182019,2019-03-25,CGY,LAK,0,3,42,20,REG
2018021177,20182019,2019-03-25,SJS,DET,2,3,41,23,REG
2018021178,20182019,2019-03-26,WSH,CAR,4,1,28,28,REG
2018021179,20182019,2019-03-26,CBJ,NYI,4,0,33,26,REG
2018021180,20182019,2019-03-26,MTL,FLA,6,1,27,34,REG
2018021181,20182019,2019-03-26,OTT,BUF,4,0,31,35,REG
2018021182,20182019,2019-03-26,EDM,LAK,8,4,32,38,REG
2018021183,20182019,2019-03-26,VAN,ANA,4,5,32,24,REG
2018021184,20182019,2019-03-26,ARI,CHI,1,0,29,31,REG
2018021185,20182019,2019-03-27,PHI,TOR,5,4,44,42,SO
2018021186,20182019,2019-03-27,BOS,NYR,6,3,32,23,REG
2018021187,20182019,2019-03-27,CGY,DAL,1,2,36,23,REG
2018021188,20182019,2019-03-27,COL,VGK,4,3,30,37,REG
2018021189,20182019,2019-03-28,BUF,DET,4,5,39,34,OT
2018021190,20182019,2019-03-28,CAR,WSH,2,3,26,20,REG
2018021191,20182019,2019-03-28,CBJ,MTL,6,2,30,28,REG
2018021192,20182019,2019-03-28,OTT,FLA,2,5,30,34,REG
2018021193,20182019,2019-03-28,WPG,NYI,4,5,37,44,REG
2018021194,20182019,2019-03-28,EDM,DAL,2,3,42,22,SO
2018021195,20182019,2019-03-28,VAN,LAK,3,2,38,39,SO
2018021196,20182019,2019-03-28,SJS,CHI,4,5,30,27,REG
2018021197,20182019,2019-03-29,NYR,STL,4,2,25,46,REG
2018021198,20182019,2019-03-29,PIT,NSH,1,3,43,26,REG
2018021199,20182019,2019-03-29,DET,NJD,4,0,33,28,REG
2018021200,20182019,2019-03-29,COL,ARI,3,2,27,44,SO
2018021201,20182019,2019-03-29,CGY,ANA,6,1,37,22,REG
2018021202,20182019,2019-03-29,VGK,MIN,2,3,37,32,REG
2018021203,20182019,2019-03-30,CAR,PHI,5,2,32,32,REG
2018021204,20182019,2019-03-30,BOS,FLA,1,4,31,23,REG
2018021205,20182019,2019-03-30,OTT,TOR,4,2,22,44,REG
2018021206,20182019,2019-03-30,TBL,WSH,3,6,28,35,REG
2018021207,20182019,2019-03-30,NJD,STL,2,3,27,27,OT
2018021208,20182019,2019-03-30,NYI,BUF,5,1,38,32,REG
2018021209,20182019,2019-03-30,WPG,MTL,1,3,24,44,REG
2018021210,20182019,2019-03-30,NSH,CBJ,2,5,25,32,REG
2018021211,20182019,2019-03-30,SJS,VGK,4,3,34,26,OT
2018021212,20182019,2019-03-30,EDM,ANA,1,5,31,38,REG
2018021213,20182019,2019-03-30,VAN,DAL,3,2,31,40,SO
2018021214,20182019,2019-03-30,LAK,CHI,3,2,29,35,OT
2018021215,20182019,2019-03-31,PHI,NYR,0,3,29,25,REG
2018021216,20182019,2019-03-31,PIT,CAR,3,1,28,38,REG
2018021217,20182019,2019-03-31,ARI,MIN,4,0,23,39,REG
2018021218,20182019,2019-03-31,BUF,CBJ,0,4,38,36,REG
2018021219,20182019,2019-03-31,DET,BOS,6,3,28,34,REG
2018021220,20182019,2019-03-31,SJS,CGY,3,5,15,28,REG
2018021221,20182019,2019-04-01,FLA,WSH,5,3,34,30,REG
2018021222,20182019,2019-04-01,NJD,NYR,4,2,41,32,REG
2018021223,20182019,2019-04-01,NYI,TOR,1,2,29,38,REG
2018021224,20182019,2019-04-01,OTT,TBL,2,5,24,26,REG
2018021225,20182019,2019-04-01,STL,COL,3,2,27,26,SO
2018021226,20182019,2019-04-01,CHI,WPG,3,4,28,38,OT
2018021227,20182019,2019-04-01,VGK,EDM,3,1,31,19,REG
2018021228,20182019,2019-04-01,LAK,CGY,2,7,25,30,REG
2018021229,20182019,2019-04-02,BUF,NSH,2,3,28,35,REG
2018021230,20182019,2019-04-02,CBJ,BOS,2,6,34,28,REG
2018021231,20182019,2019-04-02,TOR,CAR,1,4,24,37,REG
2018021232,20182019,2019-04-02,MTL,TBL,4,2,45,24,REG
2018021233,20182019,2019-04-02,DET,PIT,4,1,26,39,REG
2018021234,20182019,2019-04-02,MIN,WPG,5,1,28,33,REG
2018021235,20182019,2019-04-02,DAL,PHI,6,2,30,34,REG
2018021236,20182019,2019-04-02,COL,EDM,6,2,29,29,REG
2018021237,20182019,2019-04-02,VAN,SJS,4,2,23,35,REG
2018021238,20182019,2019-04-02,ARI,LAK,1,3,50,24,REG
2018021239,20182019,2019-04-03,NYR,OTT,1,4,28,31,REG
2018021240,20182019,2019-04-03,CHI,STL,4,3,38,40,SO
2018021241,20182019,2019-04-03,ANA,CGY,3,1,32,26,REG
2018021242,20182019,2019-04-04,BUF,OTT,5,2,40,23,REG
2018021243,20182019,2019-04-04,TOR,TBL,1,3,30,29,REG
2018021244,20182019,2019-04-04,FLA,NYI,1,2,30,36,SO
2018021245,20182019,2019-04-04,PIT,DET,4,1,47,34,REG
2018021246,20182019,2019-04-04,WSH,MTL,2,1,31,34,REG
2018021247,20182019,2019-04-04,CAR,NJD,3,1,25,37,REG
2018021248,20182019,2019-04-04,STL,PHI,7,3,35,29,REG
2018021249,20182019,2019-04-04,NSH,VAN,3,2,33,32,REG
2018021250,20182019,2019-04-04,MIN,BOS,0,3,26,35,REG
2018021251,20182019,2019-04-04,COL,WPG,3,2,38,36,OT
2018021252,20182019,2019-04-04,EDM,SJS,2,3,28,27,REG
2018021253,20182019,2019-04-04,VGK,ARI,1,4,38,41,REG
2018021254,20182019,2019-04-05,NYR,CBJ,2,3,27,41,SO
2018021255,20182019,2019-04-05,CHI,DAL,6,1,32,35,REG
2018021256,20182019,2019-04-05,ANA,LAK,5,2,33,46,REG
2018021257,20182019,2019-04-06,BOS,TBL,3,6,33,22,REG
2018021258,20182019,2019-04-06,STL,VAN,3,2,36,25,SO
2018021259,20182019,2019-04-06,MTL,TOR,6,5,49,49,SO
2018021260,20182019,2019-04-06,OTT,CBJ,2,6,29,27,REG
2018021261,20182019,2019-04-06,DET,BUF,1,7,24,37,REG
2018021262,20182019,2019-04-06,FLA,NJD,3,4,40,27,OT
2018021263,20182019,2019-04-06,PHI,CAR,3,4,31,28,REG
2018021264,20182019,2019-04-06,PIT,NYR,3,4,39,30,OT
2018021265,20182019,2019-04-06,WSH,NYI,0,3,29,24,REG
2018021266,20182019,2019-04-06,NSH,CHI,5,2,50,33,REG
2018021267,20182019,2019-04-06,DAL,MIN,3,0,44,24,REG
2018021268,20182019,2019-04-06,CGY,EDM,1,3,31,25,REG
2018021269,20182019,2019-04-06,ARI,WPG,2,4,21,32,REG
2018021270,20182019,2019-04-06,LAK,VGK,5,2,32,31,REG
2018021271,20182019,2019-04-06,SJS,COL,5,2,30,30,REG
2019020001,20192020,2019-10-02,TOR,OTT,5,3,42,26,REG
2019020002,20192020,2019-10-02,STL,WSH,2,3,22,34,OT
2019020003,20192020,2019-10-02,EDM,VAN,3,2,22,33,REG
2019020004,20192020,2019-10-02,VGK,SJS,4,1,35,22,REG
2019020005,20192020,2019-10-03,TBL,FLA,5,2,30,37,REG
2019020006,20192020,2019-10-03,NYR,WPG,6,4,32,47,REG
2019020007,20192020,2019-10-03,PIT,BUF,1,3,29,41,REG
2019020008,20192020,2019-10-03,CAR,MTL,4,3,43,36,SO
2019020009,20192020,2019-10-03,NSH,MIN,5,2,32,24,REG
2019020010,20192020,2019-10-03,DAL,BOS,1,2,29,20,REG
2019020011,20192020,2019-10-03,COL,CGY,5,3,32,30,REG
2019020012,20192020,2019-10-03,ANA,ARI,2,1,29,33,REG
2019020013,20192020,2019-10-04,NJD,WPG,4,5,39,30,SO
2019020014,20192020,2019-10-04,NYI,WSH,1,2,26,28,REG
2019020015,20192020,2019-10-04,CBJ,TOR,1,4,29,29,REG
2019020016,20192020,2019-10-04,PHI,CHI,4,3,38,31,REG
2019020017,20192020,2019-10-04,SJS,VGK,1,5,35,29,REG
2019020018,20192020,2019-10-05,BUF,NJD,7,2,36,20,REG
2019020019,20192020,2019-10-05,TOR,MTL,5,6,37,42,SO
2019020020,20192020,2019-10-05,OTT,NYR,1,4,32,30,REG
2019020021,20192020,2019-10-05,FLA,TBL,4,3,28,35,REG
2019020022,20192020,2019-10-05,PIT,CBJ,7,2,40,30,REG
2019020023,20192020,2019-10-05,WSH,CAR,2,3,34,28,OT
2019020024,20192020,2019-10-05,STL,DAL,3,2,30,29,REG
2019020025,20192020,2019-10-05,NSH,DET,3,5,42,28,REG
2019020026,20192020,2019-10-05,COL,MIN,4,2,32,31,REG
2019020027,20192020,2019-10-05,ARI,BOS,0,1,35,26,REG
2019020028,20192020,2019-10-05,CGY,VAN,3,0,30,34,REG
2019020029,20192020,2019-10-05,EDM,LAK,6,5,31,32,REG
2019020030,20192020,2019-10-05,ANA,SJS,3,1,33,36,REG
2019020031,20192020,2019-10-06,CAR,TBL,4,3,44,13,OT
2019020032,20192020,2019-10-06,DET,DAL,4,3,33,22,REG
2019020033,20192020,2019-10-06,NYI,WPG,4,1,33,36,REG
2019020034,20192020,2019-10-07,TOR,STL,2,3,34,30,REG
2019020035,20192020,2019-10-07,CBJ,BUF,4,3,44,18,OT
2019020036,20192020,2019-10-08,FLA,CAR,3,6,50,35,REG
2019020037,20192020,2019-10-08,NYI,EDM,2,5,27,27,REG
2019020038,20192020,2019-10-08,PIT,WPG,1,4,38,22,REG
2019020039,20192020,2019-10-08,WSH,DAL,3,4,32,26,OT
2019020040,20192020,2019-10-08,DET,ANA,1,3,32,29,REG
2019020041,20192020,2019-10-08,NSH,SJS,5,2,25,35,REG
2019020042,20192020,2019-10-08,CGY,LAK,3,4,29,40,OT
2019020043,20192020,2019-10-08,VGK,BOS,3,4,34,35,REG
2019020044,20192020,2019-10-09,BUF,MTL,5,4,39,27,OT
2019020045,20192020,2019-10-09,PHI,NJD,4,0,34,25,REG
2019020046,20192020,2019-10-09,VAN,LAK,8,2,25,39,REG
2019020047,20192020,2019-10-10,TOR,TBL,3,7,28,33,REG
2019020048,20192020,2019-10-10,MTL,DET,2,4,35,34,REG
2019020049,20192020,2019-10-10,NJD,EDM,3,4,31,22,SO
2019020050,20192020,2019-10-10,PIT,ANA,2,1,28,32,REG
2019020051,20192020,2019-10-10,OTT,STL,4,6,29,37,REG
2019020052,20192020,2019-10-10,NSH,WSH,6,5,38,26,REG
2019020053,20192020,2019-10-10,WPG,MIN,5,2,32,40,REG
2019020054,20192020,2019-10-10,CHI,SJS,4,5,30,34,REG
2019020055,20192020,2019-10-10,DAL,CGY,2,3,36,29,SO
2019020056,20192020,2019-10-10,COL,BOS,4,2,36,41,REG
2019020057,20192020,2019-10-10,ARI,VGK,4,1,29,38,REG
2019020058,20192020,2019-10-11,BUF,FLA,3,2,32,43,SO
2019020059,20192020,2019-10-11,CBJ,ANA,1,2,27,23,REG
2019020060,20192020,2019-10-11,CAR,NYI,5,2,40,19,REG
2019020061,20192020,2019-10-12,NYR,EDM,1,4,21,27,REG
2019020062,20192020,2019-10-12,OTT,TBL,4,2,34,21,REG
2019020063,20192020,2019-10-12,LAK,NSH,7,4,38,32,REG
2019020064,20192020,2019-10-12,BOS,NJD,3,0,32,31,REG
2019020065,20192020,2019-10-12,MTL,STL,6,3,38,29,REG
2019020066,20192020,2019-10-12,DET,TOR,2,5,27,41,REG
2019020067,20192020,2019-10-12,NYI,FLA,3,2,28,37,SO
2019020068,20192020,2019-10-12,CAR,CBJ,2,3,32,35,REG
2019020069,20192020,2019-10-12,CHI,WPG,2,3,29,33,OT
2019020070,20192020,2019-10-12,DAL,WSH,1,4,25,25,REG
2019020071,20192020,2019-10-12,MIN,PIT,4,7,33,35,REG
2019020072,20192020,2019-10-12,COL,ARI,3,2,32,36,OT
2019020073,20192020,2019-10-12,VAN,PHI,3,2,24,32,SO
2019020074,20192020,2019-10-12,VGK,CGY,6,2,30,35,REG
2019020075,20192020,2019-10-13,WPG,PIT,2,7,29,28,REG
2019020076,20192020,2019-10-13,LAK,VGK,2,5,38,36,REG
2019020077,20192020,2019-10-13,SJS,CGY,3,1,20,33,REG
2019020078,20192020,2019-10-14,BOS,ANA,4,2,23,32,REG
2019020079,20192020,2019-10-14,OTT,MIN,0,2,26,35,REG
2019020080,20192020,2019-10-14,NJD,FLA,4,6,21,34,REG
2019020081,20192020,2019-10-14,NYI,STL,3,2,32,23,OT
2019020082,20192020,2019-10-14,BUF,DAL,4,0,22,25,REG
2019020083,20192020,2019-10-14,WSH,COL,3,6,32,25,REG
2019020084,20192020,2019-10-14,CHI,EDM,3,1,35,28,REG
2019020085,20192020,2019-10-15,TOR,MIN,4,2,34,29,REG
2019020086,20192020,2019-10-15,MTL,TBL,1,3,34,22,REG
2019020087,20192020,2019-10-15,WPG,ARI,2,4,40,35,REG
2019020088,20192020,2019-10-15,CGY,PHI,3,1,38,22,REG
2019020089,20192020,2019-10-15,VAN,DET,5,1,32,27,REG
2019020090,20192020,2019-10-15,VGK,NSH,2,5,35,39,REG
2019020091,20192020,2019-10-15,LAK,CAR,0,2,31,23,REG
2019020092,20192020,2019-10-16,PIT,COL,3,2,32,28,OT
2019020093,20192020,2019-10-16,WSH,TOR,4,3,32,32,REG
2019020094,20192020,2019-10-16,CBJ,DAL,3,2,35,32,REG
2019020095,20192020,2019-10-16,EDM,PHI,6,3,22,52,REG
2019020096,20192020,2019-10-16,ANA,BUF,5,2,31,33,REG
2019020097,20192020,2019-10-16,SJS,CAR,5,2,22,38,REG
2019020098,20192020,2019-10-17,BOS,TBL,3,4,37,36,SO
2019020099,20192020,2019-10-17,MTL,MIN,4,0,33,17,REG
2019020100,20192020,2019-10-17,NJD,NYR,5,2,38,31,REG
2019020101,20192020,2019-10-17,STL,VAN,3,4,37,32,SO
2019020102,20192020,2019-10-17,WPG,NYI,1,3,33,26,REG
2019020103,20192020,2019-10-17,CGY,DET,5,1,36,28,REG
2019020104,20192020,2019-10-17,ARI,NSH,5,2,32,25,REG
2019020105,20192020,2019-10-17,VGK,OTT,3,2,54,39,SO
2019020106,20192020,2019-10-17,LAK,BUF,0,3,47,24,REG
2019020107,20192020,2019-10-18,FLA,COL,4,5,44,41,OT
2019020108,20192020,2019-10-18,PIT,DAL,4,2,33,24,REG
2019020109,20192020,2019-10-18,WSH,NYR,5,2,34,28,REG
2019020110,20192020,2019-10-18,CHI,CBJ,3,2,33,39,OT
2019020111,20192020,2019-10-18,EDM,DET,2,1,37,26,REG
2019020112,20192020,2019-10-18,ANA,CAR,4,2,20,24,REG
2019020113,20192020,2019-10-19,NJD,VAN,1,0,24,25,REG
2019020114,20192020,2019-10-19,STL,MTL,2,5,34,25,REG
2019020115,20192020,2019-10-19,TOR,BOS,4,3,29,46,OT
2019020116,20192020,2019-10-19,TBL,COL,2,6,46,24,REG
2019020117,20192020,2019-10-19,PHI,DAL,1,4,39,16,REG
2019020118,20192020,2019-10-19,PIT,VGK,0,3,29,24,REG
2019020119,20192020,2019-10-19,CBJ,NYI,2,3,36,34,OT
2019020120,20192020,2019-10-19,ARI,OTT,5,2,27,36,REG
2019020121,20192020,2019-10-19,NSH,FLA,2,3,27,30,SO
2019020122,20192020,2019-10-19,LAK,CGY,4,1,36,24,REG
2019020123,20192020,2019-10-19,SJS,BUF,3,4,32,35,REG
2019020124,20192020,2019-10-20,NYR,VAN,2,3,40,43,REG
2019020125,20192020,2019-10-20,MIN,MTL,4,3,33,33,REG
2019020126,20192020,2019-10-20,CHI,WSH,3,5,44,30,REG
2019020127,20192020,2019-10-20,WPG,EDM,1,0,23,28,SO
2019020128,20192020,2019-10-20,ANA,CGY,1,2,30,29,REG
2019020129,20192020,2019-10-21,TOR,CBJ,3,4,31,38,OT
2019020130,20192020,2019-10-21,PHI,VGK,6,2,37,35,REG
2019020131,20192020,2019-10-21,STL,COL,3,1,25,18,REG
2019020132,20192020,2019-10-21,DAL,OTT,2,1,43,20,REG
2019020133,20192020,2019-10-22,BOS,TOR,4,2,39,30,REG
2019020134,20192020,2019-10-22,BUF,SJS,4,3,29,28,OT
2019020135,20192020,2019-10-22,FLA,PIT,4,2,22,25,REG
2019020136,20192020,2019-10-22,NYR,ARI,2,3,19,35,OT
2019020137,20192020,2019-10-22,DET,VAN,2,5,33,41,REG
2019020138,20192020,2019-10-22,NSH,ANA,6,1,30,27,REG
2019020139,20192020,2019-10-22,MIN,EDM,3,0,30,25,REG
2019020140,20192020,2019-10-22,WPG,LAK,2,3,28,41,REG
2019020141,20192020,2019-10-22,CHI,VGK,1,2,32,34,SO
2019020142,20192020,2019-10-22,CGY,WSH,3,5,35,30,REG
2019020143,20192020,2019-10-23,OTT,DET,5,2,38,36,REG
2019020144,20192020,2019-10-23,TBL,PIT,3,2,48,39,REG
2019020145,20192020,2019-10-24,MTL,SJS,2,4,37,23,REG
2019020146,20192020,2019-10-24,NYI,ARI,4,2,22,23,REG
2019020147,20192020,2019-10-24,NYR,BUF,6,2,24,33,REG
2019020148,20192020,2019-10-24,CBJ,CAR,4,3,31,24,OT
2019020149,20192020,2019-10-24,STL,LAK,5,2,35,35,REG
2019020150,20192020,2019-10-24,NSH,MIN,4,0,21,26,REG
2019020151,20192020,2019-10-24,CHI,PHI,1,4,24,23,REG
2019020152,20192020,2019-10-24,DAL,ANA,2,1,29,30,REG
2019020153,20192020,2019-10-24,CGY,FLA,6,5,24,23,SO
2019020154,20192020,2019-10-24,EDM,WSH,4,3,40,28,OT
2019020155,20192020,2019-10-25,VGK,COL,1,6,26,40,REG
2019020156,20192020,2019-10-25,TOR,SJS,4,1,27,17,REG
2019020157,20192020,2019-10-25,NJD,ARI,3,5,35,17,REG
2019020158,20192020,2019-10-25,OTT,NYI,2,4,32,24,REG
2019020159,20192020,2019-10-25,DET,BUF,0,2,41,25,REG
2019020160,20192020,2019-10-25,VAN,WSH,5,6,34,29,SO
2019020161,20192020,2019-10-26,CAR,CHI,4,0,31,32,REG
2019020162,20192020,2019-10-26,BOS,STL,3,0,24,26,REG
2019020163,20192020,2019-10-26,MTL,TOR,5,2,38,31,REG
2019020164,20192020,2019-10-26,TBL,NSH,2,3,30,40,OT
2019020165,20192020,2019-10-26,PHI,CBJ,7,4,46,26,REG
2019020166,20192020,2019-10-26,DAL,PIT,0,3,25,27,REG
2019020167,20192020,2019-10-26,MIN,LAK,5,1,27,31,REG
2019020168,20192020,2019-10-26,WPG,CGY,2,1,45,30,OT
2019020169,20192020,2019-10-26,COL,ANA,2,5,37,27,REG
2019020170,20192020,2019-10-27,EDM,FLA,2,6,26,29,REG
2019020171,20192020,2019-10-27,DET,STL,4,5,33,20,OT
2019020172,20192020,2019-10-27,OTT,SJS,5,2,30,36,REG
2019020173,20192020,2019-10-27,NYI,PHI,5,3,33,31,REG
2019020174,20192020,2019-10-27,NYR,BOS,4,7,29,43,REG
2019020175,20192020,2019-10-27,CHI,LAK,5,1,26,39,REG
2019020176,20192020,2019-10-27,VGK,ANA,5,2,49,15,REG
2019020177,20192020,2019-10-28,BUF,ARI,2,3,26,44,SO
2019020178,20192020,2019-10-28,VAN,FLA,7,2,36,31,REG
2019020179,20192020,2019-10-29,BOS,SJS,5,1,41,17,REG
2019020180,20192020,2019-10-29,TOR,WSH,3,4,31,33,OT
2019020181,20192020,2019-10-29,NYR,TBL,4,1,42,30,REG
2019020182,20192020,2019-10-29,PIT,PHI,7,1,37,30,REG
2019020183,20192020,2019-10-29,CAR,CGY,2,1,28,29,REG
2019020184,20192020,2019-10-29,DET,EDM,3,1,28,32,REG
2019020185,20192020,2019-10-29,NSH,CHI,3,0,51,20,REG
2019020186,20192020,2019-10-29,DAL,MIN,6,3,37,22,REG
2019020187,20192020,2019-10-29,ANA,WPG,7,4,28,40,REG
2019020188,20192020,2019-10-30,NJD,TBL,6,7,42,23,OT
2019020189,20192020,2019-10-30,CBJ,EDM,1,4,24,31,REG
2019020190,20192020,2019-10-30,STL,MIN,2,1,26,36,REG
2019020191,20192020,2019-10-30,COL,FLA,3,4,30,38,OT
2019020192,20192020,2019-10-30,ARI,MTL,1,4,33,36,REG
2019020193,20192020,2019-10-30,LAK,VAN,3,5,24,49,REG
2019020194,20192020,2019-10-31,NSH,CGY,5,6,36,27,OT
2019020195,20192020,2019-10-31,VGK,MTL,4,5,35,29,OT
2019020196,20192020,2019-11-01,NJD,PHI,3,4,26,31,SO
2019020197,20192020,2019-11-01,NYI,TBL,5,2,26,35,REG
2019020198,20192020,2019-11-01,WSH,BUF,6,1,34,30,REG
2019020199,20192020,2019-11-01,CAR,DET,7,3,34,32,REG
2019020200,20192020,2019-11-01,STL,CBJ,4,3,27,30,OT
2019020201,20192020,2019-11-01,COL,DAL,1,2,39,29,REG
2019020202,20192020,2019-11-01,ANA,VAN,2,1,29,40,OT
2019020203,20192020,2019-11-01,SJS,WPG,2,3,53,19,REG
2019020204,20192020,2019-11-02,PIT,EDM,1,2,52,28,OT
2019020205,20192020,2019-11-02,NSH,NYR,1,2,33,30,REG
2019020206,20192020,2019-11-02,BOS,OTT,5,2,32,32,REG
2019020207,20192020,2019-11-02,BUF,NYI,0,1,27,21,REG
2019020208,20192020,2019-11-02,FLA,DET,4,0,41,22,REG
2019020209,20192020,2019-11-02,PHI,TOR,3,4,40,26,SO
2019020210,20192020,2019-11-02,CAR,NJD,3,5,27,26,REG
2019020211,20192020,2019-11-02,CBJ,CGY,0,3,43,29,REG
2019020212,20192020,2019-11-02,DAL,MTL,4,1,40,36,REG
2019020213,20192020,2019-11-02,MIN,STL,3,4,23,29,OT
2019020214,20192020,2019-11-02,ARI,COL,3,0,28,33,REG
2019020215,20192020,2019-11-02,VGK,WPG,3,4,26,39,OT
2019020216,20192020,2019-11-02,SJS,VAN,2,5,26,28,REG
2019020217,20192020,2019-11-02,LAK,CHI,4,3,49,27,OT
2019020218,20192020,2019-11-03,WSH,CGY,4,2,32,27,REG
2019020219,20192020,2019-11-03,ANA,CHI,2,3,38,37,OT
2019020220,20192020,2019-11-04,BOS,PIT,6,4,26,44,REG
2019020221,20192020,2019-11-04,NYR,OTT,2,6,34,30,REG
2019020222,20192020,2019-11-04,DET,NSH,1,6,24,26,REG
2019020223,20192020,2019-11-04,EDM,ARI,2,3,28,24,OT
2019020224,20192020,2019-11-05,MTL,BOS,5,4,31,25,REG
2019020225,20192020,2019-11-05,NYI,OTT,4,1,32,28,REG
2019020226,20192020,2019-11-05,PHI,CAR,4,1,28,34,REG
2019020227,20192020,2019-11-05,CBJ,VGK,1,2,30,25,REG
2019020228,20192020,2019-11-05,TOR,LAK,3,1,23,25,REG
2019020229,20192020,2019-11-05,WPG,NJD,1,2,33,32,SO
2019020230,20192020,2019-11-05,DAL,COL,4,1,38,37,REG
2019020231,20192020,2019-11-05,CGY,ARI,4,3,43,37,OT
2019020232,20192020,2019-11-05,VAN,STL,1,2,34,27,OT
2019020233,20192020,2019-11-05,ANA,MIN,2,4,31,26,REG
2019020234,20192020,2019-11-05,SJS,CHI,4,2,32,21,REG
2019020235,20192020,2019-11-06,NYR,DET,5,1,31,36,REG
2019020236,20192020,2019-11-06,EDM,STL,2,5,34,25,REG
2019020237,20192020,2019-11-07,TOR,VGK,2,1,37,38,OT
2019020238,20192020,2019-11-07,FLA,WSH,4,5,36,31,OT
2019020239,20192020,2019-11-07,NYI,PIT,3,4,23,39,OT
2019020240,20192020,2019-11-07,PHI,MTL,3,2,43,24,OT
2019020241,20192020,2019-11-07,CAR,NYR,2,4,47,19,REG
2019020242,20192020,2019-11-07,OTT,LAK,3,2,33,28,OT
2019020243,20192020,2019-11-07,CHI,VAN,5,2,37,38,REG
2019020244,20192020,2019-11-07,COL,NSH,9,4,45,24,REG
2019020245,20192020,2019-11-07,CGY,NJD,5,2,38,23,REG
2019020246,20192020,2019-11-07,ARI,CBJ,2,3,32,33,REG
2019020247,20192020,2019-11-07,SJS,MIN,6,5,31,26,REG
2019020248,20192020,2019-11-08,DET,BOS,4,2,32,28,REG
2019020249,20192020,2019-11-08,BUF,TBL,2,3,22,34,REG
2019020250,20192020,2019-11-08,WPG,VAN,4,1,35,33,REG
2019020251,20192020,2019-11-08,EDM,NJD,4,0,32,29,REG
2019020252,20192020,2019-11-09,NYI,FLA,2,1,36,38,REG
2019020253,20192020,2019-11-09,TOR,PHI,2,3,40,32,SO
2019020254,20192020,2019-11-09,MTL,LAK,3,2,37,33,REG
2019020255,20192020,2019-11-09,OTT,CAR,4,1,30,39,REG
2019020256,20192020,2019-11-09,TBL,BUF,5,3,40,43,REG
2019020257,20192020,2019-11-09,PIT,CHI,3,2,31,31,SO
2019020258,20192020,2019-11-09,WSH,VGK,5,2,34,32,REG
2019020259,20192020,2019-11-09,ARI,MIN,3,4,35,24,REG
2019020260,20192020,2019-11-09,COL,CBJ,4,2,36,41,REG
2019020261,20192020,2019-11-09,CGY,STL,2,3,29,28,OT
2019020262,20192020,2019-11-09,SJS,NSH,2,1,32,25,SO
2019020263,20192020,2019-11-10,NYR,FLA,5,6,34,35,SO
2019020264,20192020,2019-11-10,WPG,DAL,3,2,29,28,OT
2019020265,20192020,2019-11-10,VAN,NJD,1,2,31,27,REG
2019020266,20192020,2019-11-10,DET,VGK,3,2,19,19,REG
2019020267,20192020,2019-11-10,BOS,PHI,2,3,28,29,SO
2019020268,20192020,2019-11-10,CHI,TOR,5,4,34,57,REG
2019020269,20192020,2019-11-10,ANA,EDM,2,6,33,31,REG
2019020270,20192020,2019-11-11,WSH,ARI,3,4,34,35,SO
2019020271,20192020,2019-11-11,CAR,OTT,8,2,43,29,REG
2019020272,20192020,2019-11-12,BOS,FLA,4,5,38,29,SO
2019020273,20192020,2019-11-12,MTL,CBJ,3,2,32,35,SO
2019020274,20192020,2019-11-12,NYR,PIT,3,2,27,32,OT
2019020275,20192020,2019-11-12,STL,ARI,2,3,35,22,SO
2019020276,20192020,2019-11-12,WPG,COL,0,4,40,25,REG
2019020277,20192020,2019-11-12,VAN,NSH,5,3,26,37,REG
2019020278,20192020,2019-11-12,ANA,DET,3,4,27,36,OT
2019020279,20192020,2019-11-12,LAK,MIN,3,1,35,28,REG
2019020280,20192020,2019-11-12,SJS,EDM,6,3,25,24,REG
2019020281,20192020,2019-11-13,NJD,OTT,2,4,23,25,REG
2019020282,20192020,2019-11-13,NYI,TOR,5,4,30,27,REG
2019020283,20192020,2019-11-13,PHI,WSH,1,2,31,36,SO
2019020284,20192020,2019-11-13,CGY,DAL,1,3,25,32,REG
2019020285,20192020,2019-11-13,VGK,CHI,3,5,42,26,REG
2019020286,20192020,2019-11-14,BUF,CAR,4,5,33,29,OT
2019020287,20192020,2019-11-14,TBL,NYR,9,3,45,23,REG
2019020288,20192020,2019-11-14,FLA,WPG,3,4,37,30,REG
2019020289,20192020,2019-11-14,MIN,ARI,3,2,34,29,REG
2019020290,20192020,2019-11-14,EDM,COL,6,2,28,33,REG
2019020291,20192020,2019-11-14,VAN,DAL,2,4,34,29,REG
2019020292,20192020,2019-11-14,ANA,SJS,3,5,32,35,REG
2019020293,20192020,2019-11-14,LAK,DET,3,2,31,21,OT
2019020294,20192020,2019-11-15,TOR,BOS,2,4,31,34,REG
2019020295,20192020,2019-11-15,NJD,PIT,2,1,21,39,REG
2019020296,20192020,2019-11-15,WSH,MTL,2,5,28,40,REG
2019020297,20192020,2019-11-15,CBJ,STL,3,2,39,27,OT
2019020298,20192020,2019-11-15,OTT,PHI,2,1,19,27,REG
2019020299,20192020,2019-11-16,MIN,CAR,3,4,35,28,OT
2019020300,20192020,2019-11-16,TBL,WPG,3,4,34,27,REG
2019020301,20192020,2019-11-16,EDM,DAL,4,5,34,36,OT
2019020302,20192020,2019-11-16,ARI,CGY,3,0,24,37,REG
2019020303,20192020,2019-11-16,BOS,WSH,2,3,23,44,SO
2019020304,20192020,2019-11-16,BUF,OTT,4,2,32,23,REG
2019020305,20192020,2019-11-16,MTL,NJD,3,4,34,43,OT
2019020306,20192020,2019-11-16,FLA,NYR,4,3,30,33,REG
2019020307,20192020,2019-11-16,PHI,NYI,3,4,31,36,SO
2019020308,20192020,2019-11-16,PIT,TOR,6,1,38,33,REG
2019020309,20192020,2019-11-16,STL,ANA,1,4,38,25,REG
2019020310,20192020,2019-11-16,NSH,CHI,2,7,41,24,REG
2019020311,20192020,2019-11-16,VAN,COL,4,5,32,23,OT
2019020312,20192020,2019-11-16,LAK,VGK,4,3,25,31,REG
2019020313,20192020,2019-11-16,SJS,DET,4,3,19,28,SO
2019020314,20192020,2019-11-17,CHI,BUF,4,1,27,34,REG
2019020315,20192020,2019-11-17,VGK,CGY,6,0,37,34,REG
2019020316,20192020,2019-11-18,WSH,ANA,5,2,31,34,REG
2019020317,20192020,2019-11-18,ARI,LAK,3,0,27,31,REG
2019020318,20192020,2019-11-19,BUF,MIN,1,4,31,26,REG
2019020319,20192020,2019-11-19,FLA,PHI,5,2,26,37,REG
2019020320,20192020,2019-11-19,NJD,BOS,1,5,26,28,REG
2019020321,20192020,2019-11-19,PIT,NYI,4,5,31,42,OT
2019020322,20192020,2019-11-19,CBJ,MTL,5,2,26,32,REG
2019020323,20192020,2019-11-19,DET,OTT,3,4,38,33,REG
2019020324,20192020,2019-11-19,STL,TBL,3,1,34,18,REG
2019020325,20192020,2019-11-19,NSH,WPG,1,2,39,25,REG
2019020326,20192020,2019-11-19,CHI,CAR,2,4,32,33,REG
2019020327,20192020,2019-11-19,DAL,VAN,6,1,31,33,REG
2019020328,20192020,2019-11-19,CGY,COL,2,3,33,26,REG
2019020329,20192020,2019-11-19,VGK,TOR,4,2,37,33,REG
2019020330,20192020,2019-11-19,SJS,EDM,2,5,35,29,REG
2019020331,20192020,2019-11-20,MTL,OTT,1,2,36,24,OT
2019020332,20192020,2019-11-20,NYR,WSH,4,1,31,31,REG
2019020333,20192020,2019-11-21,BOS,BUF,3,2,27,38,REG
2019020334,20192020,2019-11-21,FLA,ANA,5,4,28,32,OT
2019020335,20192020,2019-11-21,NYI,PIT,4,3,24,26,OT
2019020336,20192020,2019-11-21,CAR,PHI,3,5,36,23,REG
2019020337,20192020,2019-11-21,CBJ,DET,5,4,37,26,REG
2019020338,20192020,2019-11-21,STL,CGY,5,0,31,40,REG
2019020339,20192020,2019-11-21,NSH,VAN,3,6,48,23,REG
2019020340,20192020,2019-11-21,MIN,COL,3,2,31,27,REG
2019020341,20192020,2019-11-21,CHI,TBL,2,4,34,35,REG
2019020342,20192020,2019-11-21,DAL,WPG,5,3,36,26,REG
2019020343,20192020,2019-11-21,ARI,TOR,1,3,31,33,REG
2019020344,20192020,2019-11-21,VGK,SJS,1,2,38,29,OT
2019020345,20192020,2019-11-21,LAK,EDM,5,1,30,26,REG
2019020346,20192020,2019-11-22,PIT,NJD,4,1,41,37,REG
2019020347,20192020,2019-11-22,OTT,NYR,4,1,39,31,REG
2019020348,20192020,2019-11-23,WSH,VAN,1,2,33,33,SO
2019020349,20192020,2019-11-23,PHI,CGY,2,3,38,27,SO
2019020350,20192020,2019-11-23,LAK,ARI,2,3,45,19,REG
2019020351,20192020,2019-11-23,BOS,MIN,5,4,39,36,OT
2019020352,20192020,2019-11-23,MTL,NYR,5,6,43,34,REG
2019020353,20192020,2019-11-23,TBL,ANA,6,2,27,38,REG
2019020354,20192020,2019-11-23,NJD,DET,5,1,34,20,REG
2019020355,20192020,2019-11-23,CAR,FLA,4,2,34,23,REG
2019020356,20192020,2019-11-23,WPG,CBJ,4,3,31,35,REG
2019020357,20192020,2019-11-23,COL,TOR,3,5,37,28,REG
2019020358,20192020,2019-11-23,STL,NSH,2,4,26,43,REG
2019020359,20192020,2019-11-23,DAL,CHI,2,1,41,39,SO
2019020360,20192020,2019-11-23,VGK,EDM,2,4,27,31,REG
2019020361,20192020,2019-11-23,SJS,NYI,2,1,26,28,OT
2019020362,20192020,2019-11-24,FLA,BUF,2,5,45,26,REG
2019020363,20192020,2019-11-24,DET,CAR,0,2,19,36,REG
2019020364,20192020,2019-11-24,ARI,EDM,3,4,30,37,SO
2019020365,20192020,2019-11-25,TBL,BUF,5,2,29,30,REG
2019020366,20192020,2019-11-25,NYR,MIN,3,2,31,28,OT
2019020367,20192020,2019-11-25,PHI,VAN,2,1,34,17,REG
2019020368,20192020,2019-11-25,PIT,CGY,3,2,38,34,OT
2019020369,20192020,2019-11-25,CBJ,OTT,1,0,19,25,REG
2019020370,20192020,2019-11-25,NSH,STL,3,2,39,25,SO
2019020371,20192020,2019-11-25,DAL,VGK,4,2,28,28,REG
2019020372,20192020,2019-11-25,ANA,NYI,3,0,23,26,REG
2019020373,20192020,2019-11-25,LAK,SJS,3,4,36,25,OT
2019020374,20192020,2019-11-26,MTL,BOS,1,8,37,24,REG
2019020375,20192020,2019-11-26,NJD,MIN,2,3,34,29,REG
2019020376,20192020,2019-11-26,CHI,DAL,3,0,38,32,REG
2019020377,20192020,2019-11-27,BUF,CGY,2,3,36,29,OT
2019020378,20192020,2019-11-27,OTT,BOS,1,2,34,21,REG
2019020379,20192020,2019-11-27,DET,TOR,0,6,25,54,REG
2019020380,20192020,2019-11-27,TBL,STL,3,4,35,33,REG
2019020381,20192020,2019-11-27,NYR,CAR,3,2,25,43,REG
2019020382,20192020,2019-11-27,PIT,VAN,8,6,40,22,REG
2019020383,20192020,2019-11-27,WSH,FLA,4,3,20,40,REG
2019020384,20192020,2019-11-27,CBJ,PHI,2,3,30,22,REG
2019020385,20192020,2019-11-27,NSH,VGK,3,4,34,30,OT
2019020386,20192020,2019-11-27,ARI,ANA,4,3,28,34,SO
2019020387,20192020,2019-11-27,COL,EDM,4,1,50,20,REG
2019020388,20192020,2019-11-27,LAK,NYI,4,1,30,25,REG
2019020389,20192020,2019-11-27,SJS,WPG,1,5,33,26,REG
2019020390,20192020,2019-11-28,MTL,NJD,4,6,48,35,REG
2019020391,20192020,2019-11-29,BOS,NYR,3,2,27,28,OT
2019020392,20192020,2019-11-29,BUF,TOR,6,4,36,29,REG
2019020393,20192020,2019-11-29,PHI,DET,6,1,35,33,REG
2019020394,20192020,2019-11-29,CHI,COL,2,5,36,23,REG
2019020395,20192020,2019-11-29,MIN,OTT,7,2,35,35,REG
2019020396,20192020,2019-11-29,ANA,WPG,0,3,24,20,REG
2019020397,20192020,2019-11-29,SJS,LAK,4,1,22,34,REG
2019020398,20192020,2019-11-29,WSH,TBL,4,3,35,30,OT
2019020399,20192020,2019-11-29,VGK,ARI,2,1,38,36,SO
2019020400,20192020,2019-11-29,CBJ,PIT,5,2,30,31,REG
2019020401,20192020,2019-11-29,CAR,NSH,0,3,31,28,REG
2019020402,20192020,2019-11-29,DAL,STL,1,3,32,40,REG
2019020403,20192020,2019-11-30,NJD,NYR,0,4,33,23,REG
2019020404,20192020,2019-11-30,MTL,PHI,3,4,42,29,OT
2019020405,20192020,2019-11-30,TOR,BUF,2,1,43,30,OT
2019020406,20192020,2019-11-30,DET,WSH,2,5,27,34,REG
2019020407,20192020,2019-11-30,TBL,CAR,2,3,38,24,REG
2019020408,20192020,2019-11-30,FLA,NSH,3,0,28,27,REG
2019020409,20192020,2019-11-30,NYI,CBJ,2,0,27,39,REG
2019020410,20192020,2019-11-30,CGY,OTT,3,1,27,27,REG
2019020411,20192020,2019-11-30,STL,PIT,5,2,27,31,REG
2019020412,20192020,2019-11-30,ARI,SJS,2,4,23,30,REG
2019020413,20192020,2019-11-30,COL,CHI,7,3,29,29,REG
2019020414,20192020,2019-11-30,EDM,VAN,2,5,30,38,REG
2019020415,20192020,2019-11-30,LAK,WPG,2,1,34,34,REG
2019020416,20192020,2019-12-01,MIN,DAL,3,2,29,28,SO
2019020417,20192020,2019-12-01,BOS,MTL,3,1,34,29,REG
2019020418,20192020,2019-12-01,VAN,EDM,2,3,32,28,REG
2019020419,20192020,2019-12-02,BUF,NJD,7,1,32,45,REG
2019020420,20192020,2019-12-02,NYR,VGK,1,4,30,32,REG
2019020421,20192020,2019-12-02,DET,NYI,1,4,31,25,REG
2019020422,20192020,2019-12-02,CHI,STL,0,4,38,30,REG
2019020423,20192020,2019-12-02,ANA,LAK,4,2,20,36,REG
2019020424,20192020,2019-12-03,BOS,CAR,2,0,34,24,REG
2019020425,20192020,2019-12-03,MTL,NYI,4,2,40,23,REG
2019020426,20192020,2019-12-03,FLA,MIN,2,4,46,26,REG
2019020427,20192020,2019-12-03,NJD,VGK,3,4,35,30,REG
2019020428,20192020,2019-12-03,PHI,TOR,6,1,29,28,REG
2019020429,20192020,2019-12-03,CBJ,ARI,2,4,35,28,REG
2019020430,20192020,2019-12-03,NSH,TBL,2,3,32,31,OT
2019020431,20192020,2019-12-03,WPG,DAL,5,1,30,28,REG
2019020432,20192020,2019-12-03,VAN,OTT,5,2,29,42,REG
2019020433,20192020,2019-12-03,SJS,WSH,2,5,25,28,REG
2019020434,20192020,2019-12-04,TOR,COL,1,3,39,30,REG
2019020435,20192020,2019-12-04,PIT,STL,3,0,33,28,REG
2019020436,20192020,2019-12-04,EDM,OTT,2,5,26,25,REG
2019020437,20192020,2019-12-04,LAK,WSH,1,3,23,22,REG
2019020438,20192020,2019-12-05,BOS,CHI,3,4,40,31,OT
2019020439,20192020,2019-12-05,MTL,COL,2,3,40,35,REG
2019020440,20192020,2019-12-05,TBL,MIN,4,5,34,21,REG
2019020441,20192020,2019-12-05,NYI,VGK,3,2,31,33,OT
2019020442,20192020,2019-12-05,PHI,ARI,1,3,29,18,REG
2019020443,20192020,2019-12-05,CAR,SJS,3,2,29,30,SO
2019020444,20192020,2019-12-05,CBJ,NYR,2,3,47,19,REG
2019020445,20192020,2019-12-05,DAL,WPG,3,2,39,38,OT
2019020446,20192020,2019-12-05,CGY,BUF,4,3,29,29,REG
2019020447,20192020,2019-12-06,NJD,CHI,1,2,30,29,SO
2019020448,20192020,2019-12-06,NYR,MTL,1,2,30,33,REG
2019020449,20192020,2019-12-06,PIT,ARI,2,0,26,33,REG
2019020450,20192020,2019-12-06,EDM,LAK,2,1,20,36,REG
2019020451,20192020,2019-12-06,ANA,WSH,2,3,29,36,REG
2019020452,20192020,2019-12-07,PHI,OTT,4,3,21,30,REG
2019020453,20192020,2019-12-07,VAN,BUF,6,5,30,28,OT
2019020454,20192020,2019-12-07,BOS,COL,1,4,20,20,REG
2019020455,20192020,2019-12-07,DET,PIT,3,5,28,28,REG
2019020456,20192020,2019-12-07,TBL,SJS,7,1,38,38,REG
2019020457,20192020,2019-12-07,FLA,CBJ,4,1,27,34,REG
2019020458,20192020,2019-12-07,CAR,MIN,6,2,40,24,REG
2019020459,20192020,2019-12-07,STL,TOR,2,5,28,27,REG
2019020460,20192020,2019-12-07,NSH,NJD,6,4,37,33,REG
2019020461,20192020,2019-12-07,DAL,NYI,3,1,37,35,REG
2019020462,20192020,2019-12-07,CGY,LAK,4,3,30,33,REG
2019020463,20192020,2019-12-08,WPG,ANA,3,2,33,33,REG
2019020464,20192020,2019-12-08,FLA,SJS,5,1,33,31,REG
2019020465,20192020,2019-12-08,CHI,ARI,3,4,29,47,SO
2019020466,20192020,2019-12-08,VGK,NYR,0,5,38,25,REG
2019020467,20192020,2019-12-08,EDM,BUF,2,3,28,22,OT
2019020468,20192020,2019-12-09,TBL,NYI,1,5,32,24,REG
2019020469,20192020,2019-12-09,WSH,CBJ,2,5,39,38,REG
2019020470,20192020,2019-12-09,OTT,BOS,5,2,28,40,REG
2019020471,20192020,2019-12-09,COL,CGY,4,5,32,33,OT
2019020472,20192020,2019-12-10,BUF,STL,5,2,33,30,REG
2019020473,20192020,2019-12-10,FLA,TBL,1,2,28,48,REG
2019020474,20192020,2019-12-10,PIT,MTL,1,4,34,26,REG
2019020475,20192020,2019-12-10,NSH,SJS,3,1,32,25,REG
2019020476,20192020,2019-12-10,MIN,ANA,2,3,24,33,SO
2019020477,20192020,2019-12-10,WPG,DET,5,1,30,17,REG
2019020478,20192020,2019-12-10,DAL,NJD,2,0,35,26,REG
2019020479,20192020,2019-12-10,EDM,CAR,3,6,36,32,REG
2019020480,20192020,2019-12-10,ARI,CGY,2,5,48,29,REG
2019020481,20192020,2019-12-10,VAN,TOR,1,4,39,26,REG
2019020482,20192020,2019-12-10,VGK,CHI,5,1,37,29,REG
2019020483,20192020,2019-12-10,LAK,NYR,3,1,26,30,REG
2019020484,20192020,2019-12-11,WSH,BOS,3,2,25,32,REG
2019020485,20192020,2019-12-11,MTL,OTT,3,2,29,37,OT
2019020486,20192020,2019-12-11,COL,PHI,3,1,27,33,REG
2019020487,20192020,2019-12-12,BUF,NSH,4,3,32,39,REG
2019020488,20192020,2019-12-12,TBL,BOS,3,2,31,29,REG
2019020489,20192020,2019-12-12,FLA,NYI,1,3,33,30,REG
2019020490,20192020,2019-12-12,PIT,CBJ,1,0,32,17,OT
2019020491,20192020,2019-12-12,DET,WPG,5,2,34,28,REG
2019020492,20192020,2019-12-12,STL,VGK,4,2,29,29,REG
2019020493,20192020,2019-12-12,MIN,EDM,6,5,26,33,REG
2019020494,20192020,2019-12-12,CGY,TOR,4,2,24,34,REG
2019020495,20192020,2019-12-12,ARI,CHI,5,2,40,30,REG
2019020496,20192020,2019-12-12,VAN,CAR,1,0,26,43,OT
2019020497,20192020,2019-12-12,ANA,LAK,1,2,37,27,REG
2019020498,20192020,2019-12-12,SJS,NYR,3,6,18,30,REG
2019020499,20192020,2019-12-13,DAL,VGK,2,3,30,32,OT
2019020500,20192020,2019-12-13,COL,NJD,3,1,37,38,REG
2019020501,20192020,2019-12-14,OTT,CBJ,4,3,27,41,OT
2019020502,20192020,2019-12-14,NYI,BUF,3,2,26,35,OT
2019020503,20192020,2019-12-14,CGY,CAR,0,4,32,31,REG
2019020504,20192020,2019-12-14,ANA,NYR,4,3,42,32,SO
2019020505,20192020,2019-12-14,NSH,DAL,1,4,38,22,REG
2019020506,20192020,2019-12-14,MTL,DET,1,2,43,20,REG
2019020507,20192020,2019-12-14,TBL,WSH,2,5,28,34,REG
2019020508,20192020,2019-12-14,FLA,BOS,2,4,33,42,REG
2019020509,20192020,2019-12-14,PIT,LAK,5,4,27,42,SO
2019020510,20192020,2019-12-14,MIN,PHI,4,1,28,18,REG
2019020511,20192020,2019-12-14,EDM,TOR,1,4,37,32,REG
2019020512,20192020,2019-12-14,STL,CHI,4,3,38,22,REG
2019020513,20192020,2019-12-14,ARI,NJD,1,2,32,33,REG
2019020514,20192020,2019-12-14,SJS,VAN,4,2,27,35,REG
2019020515,20192020,2019-12-15,WPG,PHI,7,3,24,32,REG
2019020516,20192020,2019-12-15,DET,LAK,2,4,24,32,REG
2019020517,20192020,2019-12-15,CHI,MIN,5,3,27,26,REG
2019020518,20192020,2019-12-15,VGK,VAN,6,3,46,29,REG
2019020519,20192020,2019-12-16,FLA,OTT,6,1,31,30,REG
2019020520,20192020,2019-12-16,NYR,NSH,2,5,41,24,REG
2019020521,20192020,2019-12-16,CBJ,WSH,3,0,21,30,REG
2019020522,20192020,2019-12-16,STL,COL,5,2,35,28,REG
2019020523,20192020,2019-12-16,DAL,EDM,1,2,35,28,REG
2019020524,20192020,2019-12-17,BOS,LAK,3,4,40,27,OT
2019020525,20192020,2019-12-17,TOR,BUF,5,3,33,30,REG
2019020526,20192020,2019-12-17,TBL,OTT,4,3,40,28,OT
2019020527,20192020,2019-12-17,NYI,NSH,3,8,30,24,REG
2019020528,20192020,2019-12-17,PHI,ANA,4,1,31,41,REG
2019020529,20192020,2019-12-17,DET,CBJ,3,5,21,39,REG
2019020530,20192020,2019-12-17,WPG,CAR,3,6,33,28,REG
2019020531,20192020,2019-12-17,CGY,PIT,1,4,34,33,REG
2019020532,20192020,2019-12-17,VAN,MTL,1,3,39,30,REG
2019020533,20192020,2019-12-17,VGK,MIN,3,2,29,26,REG
2019020534,20192020,2019-12-17,SJS,ARI,2,3,28,19,REG
2019020535,20192020,2019-12-18,NJD,ANA,3,1,20,27,REG
2019020536,20192020,2019-12-18,CHI,COL,1,4,32,36,REG
2019020537,20192020,2019-12-18,STL,EDM,2,1,44,36,REG
2019020538,20192020,2019-12-19,BOS,NYI,2,3,29,21,SO
2019020539,20192020,2019-12-19,TBL,DAL,3,4,48,20,OT
2019020540,20192020,2019-12-19,PHI,BUF,6,1,29,17,REG
2019020541,20192020,2019-12-19,CBJ,LAK,3,2,28,25,OT
2019020542,20192020,2019-12-19,OTT,NSH,5,4,24,37,OT
2019020543,20192020,2019-12-19,WPG,CHI,1,4,37,32,REG
2019020544,20192020,2019-12-19,COL,CAR,1,3,28,40,REG
2019020545,20192020,2019-12-19,CGY,MTL,3,4,27,43,OT
2019020546,20192020,2019-12-19,ARI,MIN,5,8,40,33,REG
2019020547,20192020,2019-12-19,VAN,VGK,5,4,34,43,OT
2019020548,20192020,2019-12-20,FLA,DAL,7,4,33,31,REG
2019020549,20192020,2019-12-20,NJD,WSH,3,6,27,29,REG
2019020550,20192020,2019-12-20,NYR,TOR,3,6,22,40,REG
2019020551,20192020,2019-12-20,EDM,PIT,2,5,28,26,REG
2019020552,20192020,2019-12-21,BUF,LAK,3,2,28,27,REG
2019020553,20192020,2019-12-21,NYI,ANA,5,6,33,28,SO
2019020554,20192020,2019-12-21,MIN,WPG,0,6,31,31,REG
2019020555,20192020,2019-12-21,BOS,NSH,3,4,32,29,OT
2019020556,20192020,2019-12-21,TOR,DET,4,1,23,30,REG
2019020557,20192020,2019-12-21,OTT,PHI,4,5,34,38,SO
2019020558,20192020,2019-12-21,WSH,TBL,3,1,35,27,REG
2019020559,20192020,2019-12-21,CAR,FLA,2,4,44,22,REG
2019020560,20192020,2019-12-21,CBJ,NJD,5,1,40,22,REG
2019020561,20192020,2019-12-21,EDM,MTL,4,3,26,26,REG
2019020562,20192020,2019-12-21,COL,CHI,3,5,31,32,REG
2019020563,20192020,2019-12-21,VAN,PIT,4,1,14,29,REG
2019020564,20192020,2019-12-21,SJS,STL,2,5,36,28,REG
2019020565,20192020,2019-12-22,NYR,ANA,5,1,41,20,REG
2019020566,20192020,2019-12-22,DET,ARI,2,5,30,45,REG
2019020567,20192020,2019-12-22,DAL,CGY,1,5,27,30,REG
2019020568,20192020,2019-12-22,SJS,VGK,1,3,38,37,REG
2019020569,20192020,2019-12-23,TOR,CAR,8,6,39,40,REG
2019020570,20192020,2019-12-23,MIN,CGY,3,0,34,22,REG
2019020571,20192020,2019-12-23,BOS,WSH,7,3,17,42,REG
2019020572,20192020,2019-12-23,TBL,FLA,6,1,34,30,REG
2019020573,20192020,2019-12-23,NYI,CBJ,2,3,37,35,REG
2019020574,20192020,2019-12-23,PHI,NYR,5,1,30,35,REG
2019020575,20192020,2019-12-23,OTT,BUF,3,1,29,44,REG
2019020576,20192020,2019-12-23,NSH,ARI,3,2,41,28,REG
2019020577,20192020,2019-12-23,WPG,MTL,2,6,29,48,REG
2019020578,20192020,2019-12-23,CHI,NJD,1,7,33,44,REG
2019020579,20192020,2019-12-23,VAN,EDM,4,2,28,29,REG
2019020580,20192020,2019-12-23,VGK,COL,3,7,32,38,REG
2019020581,20192020,2019-12-23,LAK,STL,1,4,30,28,REG
2019020582,20192020,2019-12-27,BUF,BOS,0,3,26,25,REG
2019020583,20192020,2019-12-27,NJD,TOR,4,5,28,37,OT
2019020584,20192020,2019-12-27,NYR,CAR,5,3,24,42,REG
2019020585,20192020,2019-12-27,WSH,CBJ,2,1,36,28,OT
2019020586,20192020,2019-12-27,NSH,PIT,2,5,32,25,REG
2019020587,20192020,2019-12-27,WPG,STL,4,5,29,35,OT
2019020588,20192020,2019-12-27,COL,MIN,4,6,44,33,REG
2019020589,20192020,2019-12-27,CHI,NYI,5,2,30,40,REG
2019020590,20192020,2019-12-27,EDM,CGY,1,5,29,31,REG
2019020591,20192020,2019-12-27,ANA,VGK,4,3,18,29,REG
2019020592,20192020,2019-12-27,SJS,LAK,2,3,24,38,OT
2019020593,20192020,2019-12-28,TOR,NYR,4,5,48,38,OT
2019020594,20192020,2019-12-28,TBL,MTL,5,4,30,43,REG
2019020595,20192020,2019-12-28,FLA,DET,5,4,30,39,REG
2019020596,20192020,2019-12-28,PIT,NSH,6,4,36,48,REG
2019020597,20192020,2019-12-28,CAR,WSH,6,4,29,29,REG
2019020598,20192020,2019-12-28,DAL,COL,3,2,40,43,SO
2019020599,20192020,2019-12-28,VAN,LAK,3,2,26,51,REG
2019020600,20192020,2019-12-28,VGK,ARI,4,1,36,28,REG
2019020601,20192020,2019-12-28,SJS,PHI,6,1,29,27,REG
2019020602,20192020,2019-12-29,STL,WPG,4,1,28,26,REG
2019020603,20192020,2019-12-29,OTT,NJD,3,4,23,34,OT
2019020604,20192020,2019-12-29,CBJ,CHI,2,3,33,30,SO
2019020605,20192020,2019-12-29,MIN,NYI,1,3,26,28,REG
2019020606,20192020,2019-12-29,BOS,BUF,3,2,22,26,REG
2019020607,20192020,2019-12-29,TBL,DET,2,1,39,20,REG
2019020608,20192020,2019-12-29,FLA,MTL,6,5,34,43,REG
2019020609,20192020,2019-12-29,ARI,DAL,2,4,35,25,REG
2019020610,20192020,2019-12-29,ANA,PHI,1,2,28,35,OT
2019020611,20192020,2019-12-29,CGY,VAN,2,5,25,28,REG
2019020612,20192020,2019-12-30,PIT,OTT,5,2,33,26,REG
2019020613,20192020,2019-12-31,NJD,BOS,3,2,44,30,SO
2019020614,20192020,2019-12-31,WSH,NYI,3,4,39,22,REG
2019020615,20192020,2019-12-31,VGK,ANA,5,2,43,28,REG
2019020616,20192020,2019-12-31,MIN,TOR,1,4,27,29,REG
2019020617,20192020,2019-12-31,BUF,TBL,4,6,28,27,REG
2019020618,20192020,2019-12-31,CAR,MTL,3,1,36,30,REG
2019020619,20192020,2019-12-31,CBJ,FLA,4,1,28,37,REG
2019020620,20192020,2019-12-31,DET,SJS,2,0,23,34,REG
2019020621,20192020,2019-12-31,COL,WPG,4,7,43,26,REG
2019020622,20192020,2019-12-31,CGY,CHI,3,5,44,33,REG
2019020623,20192020,2019-12-31,EDM,NYR,7,5,31,33,REG
2019020624,20192020,2019-12-31,ARI,STL,3,1,26,39,REG
2019020625,20192020,2019-12-31,LAK,PHI,5,3,29,35,REG
2019020626,20192020,2020-01-01,DAL,NSH,4,2,35,33,REG
2019020627,20192020,2020-01-02,BOS,CBJ,1,2,26,33,OT
2019020628,20192020,2020-01-02,BUF,EDM,3,2,26,27,OT
2019020629,20192020,2020-01-02,MTL,TBL,1,2,39,23,REG
2019020630,20192020,2020-01-02,NYI,NJD,1,2,30,31,REG
2019020631,20192020,2020-01-02,PIT,SJS,2,3,38,32,OT
2019020632,20192020,2020-01-02,OTT,FLA,3,6,31,31,REG
2019020633,20192020,2020-01-02,WPG,TOR,3,6,48,28,REG
2019020634,20192020,2020-01-02,COL,STL,7,3,42,27,REG
2019020635,20192020,2020-01-02,CGY,NYR,4,3,29,27,REG
2019020636,20192020,2020-01-02,ARI,ANA,4,2,34,28,REG
2019020637,20192020,2020-01-02,VAN,CHI,7,5,37,33,REG
2019020638,20192020,2020-01-02,VGK,PHI,5,4,33,38,REG
2019020639,20192020,2020-01-03,CAR,WSH,3,4,41,29,REG
2019020640,20192020,2020-01-03,DAL,DET,4,1,27,23,REG
2019020641,20192020,2020-01-04,BOS,EDM,1,4,36,26,REG
2019020642,20192020,2020-01-04,CBJ,SJS,2,3,23,28,REG
2019020643,20192020,2020-01-04,MIN,WPG,3,2,44,21,OT
2019020644,20192020,2020-01-04,VGK,STL,5,4,33,31,OT
2019020645,20192020,2020-01-04,BUF,FLA,3,2,18,34,REG
2019020646,20192020,2020-01-04,TOR,NYI,3,0,23,33,REG
2019020647,20192020,2020-01-04,MTL,PIT,2,3,28,37,OT
2019020648,20192020,2020-01-04,OTT,TBL,3,5,28,28,REG
2019020649,20192020,2020-01-04,NJD,COL,2,5,30,34,REG
2019020650,20192020,2020-01-04,ARI,PHI,6,2,22,29,REG
2019020651,20192020,2020-01-04,VAN,NYR,2,1,27,37,REG
2019020652,20192020,2020-01-04,LAK,NSH,1,4,24,38,REG
2019020653,20192020,2020-01-05,WSH,SJS,5,4,29,29,OT
2019020654,20192020,2020-01-05,PIT,FLA,1,4,32,35,REG
2019020655,20192020,2020-01-05,CAR,TBL,1,3,29,26,REG
2019020656,20192020,2020-01-05,MIN,CGY,4,5,34,37,SO
2019020657,20192020,2020-01-05,CHI,DET,4,2,27,21,REG
2019020658,20192020,2020-01-05,ANA,NSH,5,4,47,26,SO
2019020659,20192020,2020-01-06,TOR,EDM,4,6,36,35,REG
2019020660,20192020,2020-01-06,MTL,WPG,2,3,31,27,REG
2019020661,20192020,2020-01-06,NYI,COL,1,0,33,32,REG
2019020662,20192020,2020-01-06,LAK,CBJ,2,4,37,24,REG
2019020663,20192020,2020-01-07,TBL,VAN,9,2,37,23,REG
2019020664,20192020,2020-01-07,FLA,ARI,2,5,39,37,REG
2019020665,20192020,2020-01-07,NJD,NYI,3,4,35,41,OT
2019020666,20192020,2020-01-07,NYR,COL,5,3,29,32,REG
2019020667,20192020,2020-01-07,WSH,OTT,6,1,41,27,REG
2019020668,20192020,2020-01-07,CAR,PHI,5,4,33,21,OT
2019020669,20192020,2020-01-07,DET,MTL,4,3,30,26,REG
2019020670,20192020,2020-01-07,STL,SJS,3,2,27,29,REG
2019020671,20192020,2020-01-07,NSH,BOS,2,6,35,36,REG
2019020672,20192020,2020-01-07,CHI,CGY,1,2,32,28,REG
2019020673,20192020,2020-01-07,VGK,PIT,3,4,34,16,REG
2019020674,20192020,2020-01-07,ANA,CBJ,3,4,40,27,REG
2019020675,20192020,2020-01-08,TOR,WPG,3,4,28,28,SO
2019020676,20192020,2020-01-08,PHI,WSH,3,2,27,28,REG
2019020677,20192020,2020-01-08,LAK,DAL,1,2,31,32,REG
2019020678,20192020,2020-01-09,BOS,WPG,5,4,36,21,REG
2019020679,20192020,2020-01-09,MTL,EDM,2,4,37,26,REG
2019020680,20192020,2020-01-09,TBL,ARI,4,0,34,25,REG
2019020681,20192020,2020-01-09,FLA,VAN,5,2,49,32,REG
2019020682,20192020,2020-01-09,NYR,NJD,6,3,37,49,REG
2019020683,20192020,2020-01-09,STL,BUF,5,1,31,19,REG
2019020684,20192020,2020-01-09,CHI,NSH,2,5,31,30,REG
2019020685,20192020,2020-01-09,CGY,MIN,2,1,37,43,REG
2019020686,20192020,2020-01-09,VGK,LAK,2,5,46,23,REG
2019020687,20192020,2020-01-09,ANA,DAL,0,3,27,27,REG
2019020688,20192020,2020-01-09,SJS,CBJ,3,1,33,31,REG
2019020689,20192020,2020-01-10,DET,OTT,3,2,28,31,SO
2019020690,20192020,2020-01-10,CAR,ARI,3,0,29,32,REG
2019020691,20192020,2020-01-10,COL,PIT,3,4,31,30,OT
2019020692,20192020,2020-01-11,BUF,VAN,3,6,28,35,REG
2019020693,20192020,2020-01-11,OTT,MTL,1,2,42,25,OT
2019020694,20192020,2020-01-11,NYI,BOS,2,3,37,33,OT
2019020695,20192020,2020-01-11,PHI,TBL,0,1,23,28,REG
2019020696,20192020,2020-01-11,WSH,NJD,1,5,34,22,REG
2019020697,20192020,2020-01-11,CAR,LAK,2,0,30,41,REG
2019020698,20192020,2020-01-11,STL,NYR,5,2,29,23,REG
2019020699,20192020,2020-01-11,CHI,ANA,4,2,33,37,REG
2019020700,20192020,2020-01-11,CGY,EDM,4,3,33,32,REG
2019020701,20192020,2020-01-11,VGK,CBJ,0,3,27,22,REG
2019020702,20192020,2020-01-11,SJS,DAL,2,1,26,28,REG
2019020703,20192020,2020-01-12,WPG,NSH,0,1,28,32,REG
2019020704,20192020,2020-01-12,MIN,VAN,1,4,24,30,REG
2019020705,20192020,2020-01-12,DET,BUF,1,5,22,27,REG
2019020706,20192020,2020-01-12,ARI,PIT,3,4,27,34,SO
2019020707,20192020,2020-01-12,FLA,TOR,8,4,29,47,REG
2019020708,20192020,2020-01-12,NJD,TBL,3,1,20,27,REG
2019020709,20192020,2020-01-13,MTL,CGY,2,0,37,31,REG
2019020710,20192020,2020-01-13,NYR,NYI,6,2,36,34,REG
2019020711,20192020,2020-01-13,PHI,BOS,6,5,39,31,SO
2019020712,20192020,2020-01-13,WSH,CAR,2,0,30,23,REG
2019020713,20192020,2020-01-13,STL,ANA,4,1,34,21,REG
2019020714,20192020,2020-01-14,BUF,VGK,4,2,26,26,REG
2019020715,20192020,2020-01-14,TOR,NJD,7,4,34,29,REG
2019020716,20192020,2020-01-14,TBL,LAK,4,3,38,41,SO
2019020717,20192020,2020-01-14,NYI,DET,8,2,26,36,REG
2019020718,20192020,2020-01-14,PIT,MIN,7,3,29,29,REG
2019020719,20192020,2020-01-14,CBJ,BOS,3,0,27,34,REG
2019020720,20192020,2020-01-14,OTT,CHI,2,3,22,30,OT
2019020721,20192020,2020-01-14,WPG,VAN,4,0,25,41,REG
2019020722,20192020,2020-01-14,COL,DAL,2,3,43,30,OT
2019020723,20192020,2020-01-14,EDM,NSH,4,2,32,32,REG
2019020724,20192020,2020-01-14,ARI,SJS,6,3,40,28,REG
2019020725,20192020,2020-01-15,MTL,CHI,1,4,33,28,REG
2019020726,20192020,2020-01-15,STL,PHI,3,4,33,25,OT
2019020727,20192020,2020-01-16,BOS,PIT,4,1,30,30,REG
2019020728,20192020,2020-01-16,TOR,CGY,1,2,36,32,SO
2019020729,20192020,2020-01-16,FLA,LAK,4,3,26,30,REG
2019020730,20192020,2020-01-16,NYI,NYR,2,3,40,28,REG
2019020731,20192020,2020-01-16,PHI,MTL,1,4,41,40,REG
2019020732,20192020,2020-01-16,WSH,NJD,5,2,38,34,REG
2019020733,20192020,2020-01-16,CBJ,CAR,3,2,18,34,REG
2019020734,20192020,2020-01-16,OTT,VGK,2,4,35,43,REG
2019020735,20192020,2020-01-16,NSH,ANA,2,4,35,27,REG
2019020736,20192020,2020-01-16,MIN,TBL,3,2,23,20,REG
2019020737,20192020,2020-01-16,DAL,BUF,1,4,29,22,REG
2019020738,20192020,2020-01-16,COL,SJS,4,0,38,27,REG
2019020739,20192020,2020-01-16,VAN,ARI,3,1,25,35,REG
2019020740,20192020,2020-01-17,DET,PIT,1,2,29,37,OT
2019020741,20192020,2020-01-17,CAR,ANA,1,2,26,37,OT
2019020742,20192020,2020-01-17,WPG,TBL,1,7,31,26,REG
2019020743,20192020,2020-01-18,NYI,WSH,4,6,29,30,REG
2019020744,20192020,2020-01-18,COL,STL,5,3,18,24,REG
2019020745,20192020,2020-01-18,EDM,ARI,7,3,27,30,REG
2019020746,20192020,2020-01-18,OTT,CGY,5,2,21,42,REG
2019020747,20192020,2020-01-18,TOR,CHI,2,6,33,34,REG
2019020748,20192020,2020-01-18,MTL,VGK,5,4,32,34,SO
2019020749,20192020,2020-01-18,DET,FLA,1,4,28,38,REG
2019020750,20192020,2020-01-18,PHI,LAK,4,1,26,35,REG
2019020751,20192020,2020-01-18,CBJ,NJD,5,0,31,41,REG
2019020752,20192020,2020-01-18,NSH,BUF,2,1,37,31,REG
2019020753,20192020,2020-01-18,MIN,DAL,7,0,32,27,REG
2019020754,20192020,2020-01-18,VAN,SJS,4,1,39,18,REG
2019020755,20192020,2020-01-19,PIT,BOS,4,3,22,38,REG
2019020756,20192020,2020-01-19,CAR,NYI,2,1,32,27,SO
2019020757,20192020,2020-01-19,NYR,CBJ,1,2,32,31,REG
2019020758,20192020,2020-01-19,CHI,WPG,5,2,33,38,REG
2019020759,20192020,2020-01-20,COL,DET,6,3,46,25,REG
2019020760,20192020,2020-01-20,MIN,FLA,4,5,33,25,REG
2019020761,20192020,2020-01-21,BOS,VGK,3,2,37,29,REG
2019020762,20192020,2020-01-21,NYR,NYI,2,4,42,18,REG
2019020763,20192020,2020-01-21,PHI,PIT,3,0,30,19,REG
2019020764,20192020,2020-01-21,CAR,WPG,4,1,29,17,REG
2019020765,20192020,2020-01-21,CHI,FLA,3,4,35,26,REG
2019020766,20192020,2020-01-22,CBJ,WPG,4,3,29,30,REG
2019020767,20192020,2020-01-22,MIN,DET,4,2,33,27,REG
2019020768,20192020,2020-01-27,MTL,WSH,2,4,33,40,REG
2019020769,20192020,2020-01-27,OTT,NJD,3,4,38,53,SO
2019020770,20192020,2020-01-27,NSH,TOR,2,5,36,31,REG
2019020771,20192020,2020-01-27,DAL,TBL,3,2,35,25,OT
2019020772,20192020,2020-01-27,VAN,STL,3,1,26,37,REG
2019020773,20192020,2020-01-27,SJS,ANA,4,2,31,28,REG
2019020774,20192020,2020-01-28,BUF,OTT,2,5,30,39,REG
2019020775,20192020,2020-01-28,CGY,STL,4,5,31,34,SO
2019020776,20192020,2020-01-29,WSH,NSH,4,5,33,24,REG
2019020777,20192020,2020-01-29,DAL,TOR,3,5,34,34,REG
2019020778,20192020,2020-01-29,EDM,CGY,3,4,34,28,SO
2019020779,20192020,2020-01-29,ANA,ARI,4,2,32,27,REG
2019020780,20192020,2020-01-29,LAK,TBL,2,4,34,24,REG
2019020781,20192020,2020-01-29,SJS,VAN,2,5,40,25,REG
2019020782,20192020,2020-01-30,BUF,MTL,1,3,21,30,REG
2019020783,20192020,2020-01-30,NJD,NSH,5,6,32,30,SO
2019020784,20192020,2020-01-30,ARI,LAK,2,3,28,37,OT
2019020785,20192020,2020-01-31,NYR,DET,4,2,39,25,REG
2019020786,20192020,2020-01-31,PIT,PHI,4,3,20,30,OT
2019020787,20192020,2020-01-31,OTT,WSH,3,5,28,37,REG
2019020788,20192020,2020-01-31,CAR,VGK,3,4,25,37,REG
2019020789,20192020,2020-01-31,WPG,BOS,1,2,38,25,REG
2019020790,20192020,2020-01-31,EDM,STL,4,2,35,32,REG
2019020791,20192020,2020-01-31,ANA,TBL,3,4,26,22,REG
2019020792,20192020,2020-02-01,BUF,CBJ,2,1,24,23,OT
2019020793,20192020,2020-02-01,NYI,VAN,3,4,37,24,OT
2019020794,20192020,2020-02-01,MTL,FLA,4,0,35,29,REG
2019020795,20192020,2020-02-01,TOR,OTT,2,1,36,25,OT
2019020796,20192020,2020-02-01,DET,NYR,0,1,33,31,REG
2019020797,20192020,2020-02-01,NJD,DAL,2,3,31,31,OT
2019020798,20192020,2020-02-01,PHI,COL,6,3,28,31,REG
2019020799,20192020,2020-02-01,WPG,STL,5,2,33,40,REG
2019020800,20192020,2020-02-01,NSH,VGK,0,3,19,39,REG
2019020801,20192020,2020-02-01,MIN,BOS,1,6,26,34,REG
2019020802,20192020,2020-02-01,ARI,CHI,2,3,42,44,SO
2019020803,20192020,2020-02-01,CGY,EDM,3,8,26,49,REG
2019020804,20192020,2020-02-01,LAK,ANA,1,3,47,28,REG
2019020805,20192020,2020-02-01,SJS,TBL,0,3,30,35,REG
2019020806,20192020,2020-02-02,WSH,PIT,3,4,32,33,REG
2019020807,20192020,2020-02-02,MTL,CBJ,3,4,30,27,REG
2019020808,20192020,2020-02-02,CAR,VAN,4,3,32,35,SO
2019020809,20192020,2020-02-03,TOR,FLA,3,5,34,21,REG
2019020810,20192020,2020-02-03,NYR,DAL,3,5,36,21,REG
2019020811,20192020,2020-02-03,DET,PHI,0,3,16,31,REG
2019020812,20192020,2020-02-04,BOS,VAN,4,0,42,25,REG
2019020813,20192020,2020-02-04,BUF,COL,1,6,24,27,REG
2019020814,20192020,2020-02-04,TBL,VGK,4,2,18,29,REG
2019020815,20192020,2020-02-04,NJD,MTL,4,5,24,36,SO
2019020816,20192020,2020-02-04,NYI,DAL,4,3,41,31,OT
2019020817,20192020,2020-02-04,WSH,LAK,4,2,24,31,REG
2019020818,20192020,2020-02-04,CBJ,FLA,1,0,45,32,OT
2019020819,20192020,2020-02-04,OTT,ANA,2,3,32,28,SO
2019020820,20192020,2020-02-04,STL,CAR,6,3,26,28,REG
2019020821,20192020,2020-02-04,MIN,CHI,3,2,34,29,OT
2019020822,20192020,2020-02-04,WPG,NSH,1,2,34,36,OT
2019020823,20192020,2020-02-04,CGY,SJS,1,3,31,26,REG
2019020824,20192020,2020-02-04,ARI,EDM,3,0,27,30,REG
2019020825,20192020,2020-02-05,NYR,TOR,5,3,35,30,REG
2019020826,20192020,2020-02-05,CHI,BOS,1,2,22,40,OT
2019020827,20192020,2020-02-06,BUF,DET,3,4,32,21,SO
2019020828,20192020,2020-02-06,MTL,ANA,3,2,27,37,OT
2019020829,20192020,2020-02-06,TBL,PIT,4,2,29,31,REG
2019020830,20192020,2020-02-06,FLA,VGK,2,7,25,39,REG
2019020831,20192020,2020-02-06,NYI,LAK,5,3,33,25,REG
2019020832,20192020,2020-02-06,PHI,NJD,0,5,46,19,REG
2019020833,20192020,2020-02-06,OTT,COL,1,4,26,34,REG
2019020834,20192020,2020-02-06,STL,WPG,2,4,37,25,REG
2019020835,20192020,2020-02-06,MIN,VAN,4,2,37,26,REG
2019020836,20192020,2020-02-06,CGY,NSH,2,3,39,35,REG
2019020837,20192020,2020-02-06,EDM,SJS,3,6,31,31,REG
2019020838,20192020,2020-02-06,ARI,CAR,3,5,33,31,REG
2019020839,20192020,2020-02-07,TOR,ANA,5,4,35,30,OT
2019020840,20192020,2020-02-07,NYR,BUF,2,3,39,28,REG
2019020841,20192020,2020-02-07,CBJ,DET,2,0,44,16,REG
2019020842,20192020,2020-02-07,DAL,MIN,2,3,33,31,REG
2019020843,20192020,2020-02-08,WPG,OTT,5,2,34,27,REG
2019020844,20192020,2020-02-08,BOS,ARI,4,2,33,31,REG
2019020845,20192020,2020-02-08,MTL,TOR,2,1,30,23,OT
2019020846,20192020,2020-02-08,TBL,NYI,3,1,30,18,REG
2019020847,20192020,2020-02-08,FLA,PIT,2,3,35,22,REG
2019020848,20192020,2020-02-08,NJD,LAK,3,0,34,37,REG
2019020849,20192020,2020-02-08,WSH,PHI,2,7,27,26,REG
2019020850,20192020,2020-02-08,CBJ,COL,1,2,32,22,REG
2019020851,20192020,2020-02-08,EDM,NSH,3,2,36,29,REG
2019020852,20192020,2020-02-08,STL,DAL,2,3,25,34,OT
2019020853,20192020,2020-02-08,VAN,CGY,2,6,27,32,REG
2019020854,20192020,2020-02-08,VGK,CAR,5,6,38,34,SO
2019020855,20192020,2020-02-09,DET,BOS,3,1,20,40,REG
2019020856,20192020,2020-02-09,BUF,ANA,2,3,33,28,REG
2019020857,20192020,2020-02-09,NYR,LAK,4,1,41,43,REG
2019020858,20192020,2020-02-09,WPG,CHI,5,2,36,26,REG
2019020859,20192020,2020-02-09,MIN,COL,2,3,36,33,REG
2019020860,20192020,2020-02-10,MTL,ARI,2,3,28,34,REG
2019020861,20192020,2020-02-10,PHI,FLA,4,1,34,31,REG
2019020862,20192020,2020-02-10,WSH,NYI,3,5,29,32,REG
2019020863,20192020,2020-02-10,CBJ,TBL,1,2,32,30,OT
2019020864,20192020,2020-02-10,VAN,NSH,6,2,32,38,REG
2019020865,20192020,2020-02-10,SJS,CGY,2,6,36,37,REG
2019020866,20192020,2020-02-11,BUF,DET,3,2,25,29,REG
2019020867,20192020,2020-02-11,TOR,ARI,3,2,41,37,OT
2019020868,20192020,2020-02-11,NJD,FLA,3,5,28,33,REG
2019020869,20192020,2020-02-11,NYI,PHI,5,3,25,38,REG
2019020870,20192020,2020-02-11,PIT,TBL,1,2,36,38,OT
2019020871,20192020,2020-02-11,MIN,VGK,4,0,25,26,REG
2019020872,20192020,2020-02-11,WPG,NYR,1,4,44,32,REG
2019020873,20192020,2020-02-11,DAL,CAR,4,1,36,25,REG
2019020874,20192020,2020-02-11,COL,OTT,3,0,36,34,REG
2019020875,20192020,2020-02-11,EDM,CHI,5,3,31,41,REG
2019020877,20192020,2020-02-12,BOS,MTL,4,1,38,29,REG
2019020878,20192020,2020-02-12,LAK,CGY,5,3,33,38,REG
2019020879,20192020,2020-02-12,VAN,CHI,3,0,20,49,REG
2019020880,20192020,2020-02-13,BUF,CBJ,4,3,27,31,OT
2019020881,20192020,2020-02-13,TOR,DAL,2,3,31,19,REG
2019020882,20192020,2020-02-13,TBL,EDM,3,1,37,30,REG
2019020883,20192020,2020-02-13,FLA,PHI,2,6,28,28,REG
2019020884,20192020,2020-02-13,NJD,DET,4,1,26,26,REG
2019020885,20192020,2020-02-13,OTT,ARI,3,2,31,34,REG
2019020886,20192020,2020-02-13,NSH,NYI,5,0,26,31,REG
2019020887,20192020,2020-02-13,MIN,NYR,3,4,26,31,SO
2019020888,20192020,2020-02-13,COL,WSH,2,3,34,38,REG
2019020889,20192020,2020-02-13,VGK,STL,6,5,52,24,OT
2019020890,20192020,2020-02-13,ANA,CGY,0,6,44,32,REG
2019020891,20192020,2020-02-14,PIT,MTL,4,1,28,35,REG
2019020892,20192020,2020-02-14,CBJ,NYR,1,3,37,28,REG
2019020893,20192020,2020-02-14,WPG,SJS,2,3,32,35,REG
2019020894,20192020,2020-02-14,CAR,NJD,5,2,30,37,REG
2019020895,20192020,2020-02-15,BOS,DET,4,1,41,26,REG
2019020896,20192020,2020-02-15,STL,NSH,3,4,26,27,REG
2019020897,20192020,2020-02-15,TBL,PHI,5,3,24,33,REG
2019020898,20192020,2020-02-15,FLA,EDM,1,4,34,29,REG
2019020899,20192020,2020-02-15,MIN,SJS,0,2,39,21,REG
2019020900,20192020,2020-02-15,MTL,DAL,3,4,32,26,OT
2019020901,20192020,2020-02-15,OTT,TOR,2,4,27,31,REG
2019020902,20192020,2020-02-15,COL,LAK,1,3,33,23,REG
2019020903,20192020,2020-02-15,CGY,CHI,4,8,42,28,REG
2019020904,20192020,2020-02-15,ARI,WSH,3,1,30,37,REG
2019020905,20192020,2020-02-15,VGK,NYI,1,0,43,19,REG
2019020906,20192020,2020-02-16,PIT,DET,5,1,35,28,REG
2019020907,20192020,2020-02-16,NYR,BOS,1,3,26,34,REG
2019020908,20192020,2020-02-16,CAR,EDM,3,4,31,24,OT
2019020909,20192020,2020-02-16,VAN,ANA,1,5,38,28,REG
2019020910,20192020,2020-02-16,OTT,DAL,4,3,46,39,OT
2019020911,20192020,2020-02-16,NJD,CBJ,4,3,26,55,SO
2019020912,20192020,2020-02-16,NSH,STL,2,1,24,39,REG
2019020913,20192020,2020-02-16,BUF,TOR,5,2,36,22,REG
2019020914,20192020,2020-02-16,WPG,CHI,3,2,38,33,REG
2019020915,20192020,2020-02-17,CGY,ANA,6,4,43,30,REG
2019020916,20192020,2020-02-17,ARI,NYI,2,1,32,29,REG
2019020917,20192020,2020-02-17,SJS,FLA,3,5,32,28,REG
2019020918,20192020,2020-02-17,VGK,WSH,3,2,29,27,REG
2019020919,20192020,2020-02-17,COL,TBL,3,4,27,27,OT
2019020920,20192020,2020-02-18,PHI,CBJ,5,1,15,29,REG
2019020921,20192020,2020-02-18,PIT,TOR,5,2,24,36,REG
2019020922,20192020,2020-02-18,OTT,BUF,7,4,40,27,REG
2019020923,20192020,2020-02-18,DET,MTL,4,3,25,22,REG
2019020924,20192020,2020-02-18,STL,NJD,3,0,39,17,REG
2019020925,20192020,2020-02-18,NSH,CAR,1,4,29,30,REG
2019020926,20192020,2020-02-18,WPG,LAK,6,3,35,34,REG
2019020927,20192020,2020-02-19,CHI,NYR,3,6,40,41,REG
2019020928,20192020,2020-02-19,DAL,ARI,3,2,33,41,REG
2019020929,20192020,2020-02-19,EDM,BOS,1,2,29,34,OT
2019020930,20192020,2020-02-19,COL,NYI,3,1,29,28,REG
2019020931,20192020,2020-02-19,ANA,FLA,1,4,36,32,REG
2019020932,20192020,2020-02-19,VAN,MIN,3,4,34,28,SO
2019020933,20192020,2020-02-20,TOR,PIT,4,0,30,24,REG
2019020934,20192020,2020-02-20,NJD,SJS,2,1,25,37,REG
2019020935,20192020,2020-02-20,WSH,MTL,3,4,32,32,OT
2019020936,20192020,2020-02-20,CBJ,PHI,3,4,31,33,OT
2019020937,20192020,2020-02-20,OTT,WPG,1,5,30,34,REG
2019020938,20192020,2020-02-20,STL,ARI,1,0,46,14,REG
2019020939,20192020,2020-02-20,VGK,TBL,5,3,33,27,REG
2019020940,20192020,2020-02-20,LAK,FLA,5,4,40,29,REG
2019020941,20192020,2020-02-21,NYI,DET,4,1,40,22,REG
2019020942,20192020,2020-02-21,CAR,NYR,2,5,29,36,REG
2019020943,20192020,2020-02-21,CHI,NSH,2,1,38,43,OT
2019020944,20192020,2020-02-21,DAL,STL,1,5,19,23,REG
2019020945,20192020,2020-02-21,CGY,BOS,3,4,21,23,REG
2019020946,20192020,2020-02-21,EDM,MIN,3,5,26,39,REG
2019020947,20192020,2020-02-21,ANA,COL,0,1,26,29,REG
2019020948,20192020,2020-02-22,NJD,WSH,3,2,29,35,REG
2019020949,20192020,2020-02-22,PHI,WPG,4,2,30,29,REG
2019020950,20192020,2020-02-22,PIT,BUF,2,5,43,26,REG
2019020951,20192020,2020-02-22,TOR,CAR,3,6,26,47,REG
2019020952,20192020,2020-02-22,OTT,MTL,0,3,30,37,REG
2019020953,20192020,2020-02-22,NYR,SJS,3,2,33,46,REG
2019020954,20192020,2020-02-22,NSH,CBJ,4,3,36,43,SO
2019020955,20192020,2020-02-22,ARI,TBL,7,3,41,30,REG
2019020956,20192020,2020-02-22,VAN,BOS,9,3,35,37,REG
2019020957,20192020,2020-02-22,VGK,FLA,5,3,39,35,REG
2019020958,20192020,2020-02-22,LAK,COL,1,2,21,31,SO
2019020959,20192020,2020-02-23,WSH,PIT,5,3,23,35,REG
2019020960,20192020,2020-02-23,BUF,WPG,2,1,25,26,REG
2019020961,20192020,2020-02-23,DAL,CHI,2,1,33,32,REG
2019020962,20192020,2020-02-23,NYI,SJS,4,1,26,30,REG
2019020963,20192020,2020-02-23,DET,CGY,2,4,29,31,REG
2019020964,20192020,2020-02-23,MIN,STL,1,4,33,26,REG
2019020965,20192020,2020-02-23,ANA,VGK,5,6,30,28,OT
2019020966,20192020,2020-02-23,LAK,EDM,2,4,23,31,REG
2019020967,20192020,2020-02-24,CBJ,OTT,4,3,45,33,OT
2019020968,20192020,2020-02-25,BOS,CGY,2,5,28,31,REG
2019020969,20192020,2020-02-25,MTL,VAN,3,4,40,34,OT
2019020970,20192020,2020-02-25,TBL,TOR,3,4,29,23,REG
2019020971,20192020,2020-02-25,NYI,NYR,3,4,45,28,OT
2019020972,20192020,2020-02-25,PHI,SJS,4,2,27,28,REG
2019020973,20192020,2020-02-25,WSH,WPG,4,3,37,33,SO
2019020974,20192020,2020-02-25,CAR,DAL,1,4,41,16,REG
2019020975,20192020,2020-02-25,DET,NJD,1,4,28,31,REG
2019020976,20192020,2020-02-25,STL,CHI,6,5,37,30,REG
2019020977,20192020,2020-02-25,NSH,OTT,3,2,33,35,REG
2019020978,20192020,2020-02-25,MIN,CBJ,5,4,40,28,REG
2019020979,20192020,2020-02-25,ARI,FLA,1,2,38,26,REG
2019020980,20192020,2020-02-25,ANA,EDM,4,3,21,32,OT
2019020981,20192020,2020-02-26,COL,BUF,3,2,34,33,REG
2019020982,20192020,2020-02-26,VGK,EDM,3,0,33,29,REG
2019020983,20192020,2020-02-26,LAK,PIT,2,1,22,36,REG
2019020984,20192020,2020-02-27,BOS,DAL,4,3,28,34,REG
2019020985,20192020,2020-02-27,MTL,NYR,2,5,34,35,REG
2019020986,20192020,2020-02-27,TBL,CHI,2,5,38,27,REG
2019020987,20192020,2020-02-27,FLA,TOR,3,5,27,29,REG
2019020988,20192020,2020-02-27,OTT,VAN,5,2,25,34,REG
2019020989,20192020,2020-02-27,DET,MIN,1,7,26,26,REG
2019020990,20192020,2020-02-27,STL,NYI,3,2,32,17,OT
2019020991,20192020,2020-02-27,NSH,CGY,4,3,38,39,OT
2019020992,20192020,2020-02-27,WPG,WSH,3,0,32,34,REG
2019020993,20192020,2020-02-27,SJS,NJD,3,2,30,23,OT
2019020994,20192020,2020-02-28,PHI,NYR,5,2,40,28,REG
2019020995,20192020,2020-02-28,CBJ,MIN,0,5,24,26,REG
2019020996,20192020,2020-02-28,CAR,COL,2,3,47,32,REG
2019020997,20192020,2020-02-28,VGK,BUF,4,2,28,34,REG
2019020998,20192020,2020-02-28,ANA,PIT,3,2,21,30,REG
2019020999,20192020,2020-02-29,NYI,BOS,0,4,25,30,REG
2019021000,20192020,2020-02-29,TBL,CGY,4,3,33,21,REG
2019021001,20192020,2020-02-29,LAK,NJD,2,1,38,33,OT
2019021002,20192020,2020-02-29,FLA,CHI,2,3,40,29,SO
2019021003,20192020,2020-02-29,TOR,VAN,4,2,30,27,REG
2019021004,20192020,2020-02-29,MTL,CAR,4,3,39,30,OT
2019021005,20192020,2020-02-29,OTT,DET,4,3,39,28,SO
2019021006,20192020,2020-02-29,STL,DAL,4,3,29,31,SO
2019021007,20192020,2020-02-29,NSH,COL,2,3,32,31,REG
2019021008,20192020,2020-02-29,ARI,BUF,5,2,31,27,REG
2019021009,20192020,2020-02-29,EDM,WPG,3,2,22,41,REG
2019021010,20192020,2020-02-29,SJS,PIT,5,0,32,30,REG
2019021011,20192020,2020-03-01,NYR,PHI,3,5,26,26,REG
2019021012,20192020,2020-03-01,FLA,CGY,0,3,38,28,REG
2019021013,20192020,2020-03-01,CBJ,VAN,5,3,35,39,REG
2019021014,20192020,2020-03-01,MIN,WSH,3,4,40,30,REG
2019021015,20192020,2020-03-01,ANA,NJD,0,3,34,34,REG
2019021016,20192020,2020-03-01,VGK,LAK,1,4,43,17,REG
2019021017,20192020,2020-03-02,DET,COL,1,2,18,27,REG
2019021018,20192020,2020-03-02,NSH,EDM,3,8,30,35,REG
2019021019,20192020,2020-03-03,TBL,BOS,1,2,21,35,REG
2019021020,20192020,2020-03-03,NYI,MTL,2,6,22,27,REG
2019021021,20192020,2020-03-03,NYR,STL,1,3,26,22,REG
2019021022,20192020,2020-03-03,PIT,OTT,7,3,35,26,REG
2019021023,20192020,2020-03-03,MIN,NSH,3,1,33,38,REG
2019021024,20192020,2020-03-03,WPG,BUF,3,1,35,26,REG
2019021025,20192020,2020-03-03,CHI,ANA,6,2,40,39,REG
2019021026,20192020,2020-03-03,DAL,EDM,1,2,43,27,OT
2019021027,20192020,2020-03-03,VGK,NJD,3,0,32,27,REG
2019021028,20192020,2020-03-03,SJS,TOR,5,2,38,27,REG
2019021029,20192020,2020-03-04,WSH,PHI,2,5,27,29,REG
2019021030,20192020,2020-03-04,CGY,CBJ,3,2,37,22,OT
2019021031,20192020,2020-03-04,COL,ANA,3,4,35,30,OT
2019021032,20192020,2020-03-04,VAN,ARI,2,4,38,40,REG
2019021033,20192020,2020-03-05,BUF,PIT,2,4,30,32,REG
2019021034,20192020,2020-03-05,TBL,MTL,4,0,23,32,REG
2019021035,20192020,2020-03-05,FLA,BOS,1,2,33,28,OT
2019021036,20192020,2020-03-05,NYR,WSH,6,5,39,34,OT
2019021037,20192020,2020-03-05,PHI,CAR,4,1,32,29,REG
2019021038,20192020,2020-03-05,OTT,NYI,4,3,29,40,REG
2019021039,20192020,2020-03-05,NSH,DAL,2,0,32,33,REG
2019021040,20192020,2020-03-05,CHI,EDM,4,3,31,24,REG
2019021041,20192020,2020-03-05,LAK,TOR,1,0,30,36,SO
2019021042,20192020,2020-03-05,SJS,MIN,2,3,42,27,REG
2019021043,20192020,2020-03-06,NJD,STL,4,2,32,33,REG
2019021044,20192020,2020-03-06,DET,CHI,2,1,25,33,REG
2019021045,20192020,2020-03-06,WPG,VGK,4,0,24,29,REG
2019021046,20192020,2020-03-06,CGY,ARI,3,2,34,34,REG
2019021047,20192020,2020-03-06,VAN,COL,6,3,25,32,REG
2019021048,20192020,2020-03-06,ANA,TOR,2,1,28,31,REG
2019021049,20192020,2020-03-07,NYI,CAR,2,3,26,28,OT
2019021050,20192020,2020-03-07,PIT,WSH,2,5,28,28,REG
2019021051,20192020,2020-03-07,DAL,NSH,0,1,37,23,REG
2019021052,20192020,2020-03-07,LAK,MIN,7,3,35,28,REG
2019021053,20192020,2020-03-07,BOS,TBL,3,5,38,25,REG
2019021054,20192020,2020-03-07,FLA,MTL,4,1,32,34,REG
2019021055,20192020,2020-03-07,NYR,NJD,4,6,35,29,REG
2019021056,20192020,2020-03-07,PHI,BUF,3,1,24,39,REG
2019021057,20192020,2020-03-07,SJS,OTT,1,2,32,38,OT
2019021058,20192020,2020-03-07,EDM,CBJ,4,1,24,46,REG
2019021059,20192020,2020-03-08,PIT,CAR,2,6,30,36,REG
2019021060,20192020,2020-03-08,DET,TBL,5,4,28,37,SO
2019021061,20192020,2020-03-08,CHI,STL,0,2,29,26,REG
2019021062,20192020,2020-03-08,CGY,VGK,3,5,22,32,REG
2019021063,20192020,2020-03-08,ANA,MIN,4,5,26,30,OT
2019021064,20192020,2020-03-08,VAN,CBJ,1,2,27,22,REG
2019021065,20192020,2020-03-08,SJS,COL,3,4,25,24,REG
2019021066,20192020,2020-03-09,BUF,WSH,3,2,26,35,SO
2019021067,20192020,2020-03-09,WPG,ARI,4,2,34,38,REG
2019021068,20192020,2020-03-09,EDM,VGK,2,3,24,48,OT
2019021069,20192020,2020-03-09,LAK,COL,3,1,35,22,REG
2019021075,20192020,2020-03-09,STL,FLA,1,2,27,34,REG
2019021070,20192020,2020-03-10,TOR,TBL,2,1,36,33,REG
2019021071,20192020,2020-03-10,MTL,NSH,2,4,34,36,REG
2019021072,20192020,2020-03-10,NJD,PIT,2,5,22,33,REG
2019021073,20192020,2020-03-10,PHI,BOS,0,2,36,29,REG
2019021074,20192020,2020-03-10,DET,CAR,2,5,25,36,REG
2019021076,20192020,2020-03-10,DAL,NYR,2,4,33,27,REG
2019021077,20192020,2020-03-10,VAN,NYI,5,4,34,49,SO
2019021078,20192020,2020-03-10,ANA,OTT,5,2,15,42,REG
2019020876,20192020,2020-03-11,ANA,STL,2,4,27,37,REG
2019021079,20192020,2020-03-11,CHI,SJS,6,2,45,36,REG
2019021080,20192020,2020-03-11,EDM,WPG,2,4,38,25,REG
2019021081,20192020,2020-03-11,COL,NYR,3,2,28,32,OT
2019021082,20192020,2020-03-11,LAK,OTT,3,2,39,26,REG
2020020001,20202021,2021-01-13,PHI,PIT,6,3,27,34,REG
2020020002,20202021,2021-01-13,TBL,CHI,5,1,33,23,REG
2020020003,20202021,2021-01-13,TOR,MTL,5,4,34,32,OT
2020020004,20202021,2021-01-13,EDM,VAN,3,5,31,35,REG
2020020005,20202021,2021-01-13,COL,STL,1,4,27,32,REG
2020020006,20202021,2021-01-14,BUF,WSH,4,6,26,28,REG
2020020007,20202021,2021-01-14,NJD,BOS,2,3,22,37,SO
2020020008,20202021,2021-01-14,NYR,NYI,0,4,24,33,REG
2020020010,20202021,2021-01-14,DET,CAR,0,3,14,43,REG
2020020011,20202021,2021-01-14,NSH,CBJ,3,1,35,30,REG
2020020012,20202021,2021-01-14,WPG,CGY,4,3,34,26,OT
2020020013,20202021,2021-01-14,EDM,VAN,5,2,46,40,REG
2020020014,20202021,2021-01-14,ARI,SJS,3,4,37,35,SO
2020020015,20202021,2021-01-14,VGK,ANA,5,2,29,22,REG
2020020016,20202021,2021-01-14,LAK,MIN,3,4,34,27,OT
2020020017,20202021,2021-01-15,BUF,WSH,1,2,31,21,REG
2020020018,20202021,2021-01-15,PHI,PIT,5,2,20,33,REG
2020020019,20202021,2021-01-15,TBL,CHI,5,2,37,37,REG
2020020021,20202021,2021-01-15,OTT,TOR,5,3,24,23,REG
2020020022,20202021,2021-01-15,COL,STL,8,0,38,21,REG
2020020023,20202021,2021-01-16,NJD,BOS,2,1,31,28,OT
2020020024,20202021,2021-01-16,NYR,NYI,5,0,32,23,REG
2020020025,20202021,2021-01-16,DET,CAR,4,2,21,31,REG
2020020026,20202021,2021-01-16,NSH,CBJ,5,2,33,44,REG
2020020027,20202021,2021-01-16,OTT,TOR,2,3,19,40,REG
2020020028,20202021,2021-01-16,CGY,VAN,3,0,35,32,REG
2020020029,20202021,2021-01-16,EDM,MTL,1,5,35,36,REG
2020020030,20202021,2021-01-16,ARI,SJS,5,3,26,34,REG
2020020031,20202021,2021-01-16,VGK,ANA,2,1,33,22,OT
2020020032,20202021,2021-01-16,LAK,MIN,3,4,33,44,OT
2020020034,20202021,2021-01-17,FLA,CHI,5,2,36,30,REG
2020020035,20202021,2021-01-17,PIT,WSH,4,3,27,23,SO
2020020036,20202021,2021-01-18,NYI,BOS,1,0,17,27,REG
2020020037,20202021,2021-01-18,PHI,BUF,1,6,22,37,REG
2020020038,20202021,2021-01-18,DET,CBJ,2,3,37,29,REG
2020020039,20202021,2021-01-18,STL,SJS,5,4,33,26,REG
2020020040,20202021,2021-01-18,NSH,CAR,2,4,33,24,REG
2020020041,20202021,2021-01-18,TOR,WPG,3,1,38,28,REG
2020020042,20202021,2021-01-18,CGY,VAN,5,2,32,27,REG
2020020043,20202021,2021-01-18,EDM,MTL,1,3,26,34,REG
2020020044,20202021,2021-01-18,VGK,ARI,4,2,28,32,REG
2020020045,20202021,2021-01-18,ANA,MIN,1,0,27,34,REG
2020020046,20202021,2021-01-19,NYR,NJD,3,4,50,28,REG
2020020047,20202021,2021-01-19,PHI,BUF,3,0,30,40,REG
2020020049,20202021,2021-01-19,FLA,CHI,5,4,30,36,OT
2020020050,20202021,2021-01-19,PIT,WSH,5,4,30,26,OT
2020020051,20202021,2021-01-19,DET,CBJ,3,2,27,24,OT
2020020053,20202021,2021-01-19,OTT,WPG,3,4,41,28,OT
2020020054,20202021,2021-01-19,LAK,COL,2,3,25,24,REG
2020020055,20202021,2021-01-20,STL,SJS,1,2,23,38,SO
2020020056,20202021,2021-01-20,TOR,EDM,1,3,26,22,REG
2020020057,20202021,2021-01-20,VAN,MTL,6,5,28,36,SO
2020020058,20202021,2021-01-20,VGK,ARI,5,2,29,23,REG
2020020059,20202021,2021-01-20,ANA,MIN,2,3,24,32,REG
2020020060,20202021,2021-01-21,BOS,PHI,5,4,43,26,SO
2020020061,20202021,2021-01-21,NYI,NJD,4,1,35,31,REG
2020020063,20202021,2021-01-21,CBJ,TBL,2,3,25,37,OT
2020020064,20202021,2021-01-21,OTT,WPG,1,4,29,29,REG
2020020065,20202021,2021-01-21,VAN,MTL,3,7,17,42,REG
2020020066,20202021,2021-01-21,LAK,COL,4,2,27,26,REG
2020020067,20202021,2021-01-22,WSH,BUF,4,3,32,27,SO
2020020068,20202021,2021-01-22,PIT,NYR,4,3,28,34,SO
2020020069,20202021,2021-01-22,CHI,DET,4,1,28,31,REG
2020020070,20202021,2021-01-22,TOR,EDM,4,2,29,32,REG
2020020071,20202021,2021-01-22,MIN,SJS,4,1,29,29,REG
2020020072,20202021,2021-01-22,DAL,NSH,7,0,28,34,REG
2020020073,20202021,2021-01-22,ARI,VGK,5,2,26,31,REG
2020020074,20202021,2021-01-22,ANA,COL,2,3,38,32,OT
2020020075,20202021,2021-01-23,BOS,PHI,6,1,26,17,REG
2020020077,20202021,2021-01-23,CBJ,TBL,5,2,28,32,REG
2020020078,20202021,2021-01-23,STL,LAK,4,2,30,23,REG
2020020079,20202021,2021-01-23,WPG,OTT,6,3,38,21,REG
2020020080,20202021,2021-01-23,VAN,MTL,2,5,25,33,REG
2020020081,20202021,2021-01-24,NJD,NYI,2,0,24,28,REG
2020020082,20202021,2021-01-24,WSH,BUF,3,4,31,48,SO
2020020083,20202021,2021-01-24,PIT,NYR,3,2,19,26,REG
2020020084,20202021,2021-01-24,CHI,DET,6,2,35,27,REG
2020020085,20202021,2021-01-24,STL,LAK,3,6,31,35,REG
2020020086,20202021,2021-01-24,WPG,EDM,3,4,38,38,REG
2020020087,20202021,2021-01-24,CGY,TOR,2,3,33,32,REG
2020020088,20202021,2021-01-24,MIN,SJS,3,5,29,36,REG
2020020089,20202021,2021-01-24,DAL,NSH,3,2,22,17,REG
2020020090,20202021,2021-01-24,ARI,VGK,0,1,16,27,REG
2020020091,20202021,2021-01-24,ANA,COL,3,1,15,33,REG
2020020092,20202021,2021-01-25,VAN,OTT,7,1,35,36,REG
2020020093,20202021,2021-01-26,BOS,PIT,3,2,36,30,OT
2020020094,20202021,2021-01-26,BUF,NYR,3,2,24,30,REG
2020020095,20202021,2021-01-26,NJD,PHI,3,5,26,31,REG
2020020096,20202021,2021-01-26,WSH,NYI,3,2,37,34,REG
2020020098,20202021,2021-01-26,CBJ,FLA,3,4,22,31,SO
2020020099,20202021,2021-01-26,NSH,CHI,3,2,39,20,OT
2020020100,20202021,2021-01-26,WPG,EDM,6,4,33,26,REG
2020020101,20202021,2021-01-26,CGY,TOR,3,4,26,21,REG
2020020102,20202021,2021-01-26,MIN,LAK,1,2,33,21,REG
2020020103,20202021,2021-01-26,DAL,DET,2,1,22,21,OT
2020020104,20202021,2021-01-26,COL,SJS,7,3,42,30,REG
2020020105,20202021,2021-01-26,ARI,ANA,0,1,31,24,REG
2020020106,20202021,2021-01-26,VGK,STL,4,5,46,25,SO
2020020107,20202021,2021-01-27,NSH,CHI,2,1,42,30,SO
2020020108,20202021,2021-01-27,VAN,OTT,5,1,35,43,REG
2020020109,20202021,2021-01-28,BOS,PIT,4,1,20,17,REG
2020020110,20202021,2021-01-28,BUF,NYR,2,3,25,39,OT
2020020111,20202021,2021-01-28,NJD,PHI,1,3,34,17,REG
2020020112,20202021,2021-01-28,WSH,NYI,6,3,23,30,REG
2020020113,20202021,2021-01-28,CAR,TBL,1,0,35,32,OT
2020020114,20202021,2021-01-28,CBJ,FLA,3,2,31,35,SO
2020020115,20202021,2021-01-28,MTL,CGY,4,2,21,25,REG
2020020116,20202021,2021-01-28,EDM,TOR,3,4,29,27,REG
2020020117,20202021,2021-01-28,VAN,OTT,4,1,25,37,REG
2020020118,20202021,2021-01-28,MIN,LAK,5,3,28,35,REG
2020020119,20202021,2021-01-28,DAL,DET,7,3,29,23,REG
2020020120,20202021,2021-01-28,COL,SJS,3,0,38,21,REG
2020020121,20202021,2021-01-28,ARI,ANA,3,2,34,16,REG
2020020123,20202021,2021-01-29,CHI,CBJ,1,2,32,27,REG
2020020124,20202021,2021-01-30,BUF,NJD,4,3,31,34,SO
2020020125,20202021,2021-01-30,NYR,PIT,4,5,34,38,OT
2020020126,20202021,2021-01-30,PHI,NYI,3,2,17,28,OT
2020020127,20202021,2021-01-30,WSH,BOS,4,3,23,43,OT
2020020128,20202021,2021-01-30,CAR,DAL,4,1,26,11,REG
2020020129,20202021,2021-01-30,TBL,NSH,4,3,33,26,REG
2020020130,20202021,2021-01-30,DET,FLA,2,3,27,26,OT
2020020131,20202021,2021-01-30,MTL,CGY,0,2,37,33,REG
2020020132,20202021,2021-01-30,WPG,VAN,1,4,24,39,REG
2020020133,20202021,2021-01-30,EDM,TOR,4,3,31,29,OT
2020020134,20202021,2021-01-30,MIN,COL,1,5,20,33,REG
2020020135,20202021,2021-01-30,ANA,STL,1,6,24,30,REG
2020020136,20202021,2021-01-31,BUF,NJD,3,5,33,37,REG
2020020137,20202021,2021-01-31,PHI,NYI,4,3,29,36,OT
2020020138,20202021,2021-01-31,CAR,DAL,4,3,40,29,SO
2020020139,20202021,2021-01-31,DET,FLA,2,3,34,30,REG
2020020140,20202021,2021-01-31,CHI,CBJ,3,1,36,33,REG
2020020141,20202021,2021-01-31,EDM,OTT,8,5,31,38,REG
2020020142,20202021,2021-01-31,MIN,COL,4,3,33,25,OT
2020020143,20202021,2021-01-31,ANA,STL,1,4,26,23,REG
2020020144,20202021,2021-02-01,NYR,PIT,3,1,24,26,REG
2020020145,20202021,2021-02-01,WSH,BOS,3,5,26,33,REG
2020020146,20202021,2021-02-01,TBL,NSH,5,2,28,31,REG
2020020147,20202021,2021-02-01,MTL,VAN,6,2,40,29,REG
2020020148,20202021,2021-02-01,WPG,CGY,3,4,28,28,SO
2020020152,20202021,2021-02-02,CBJ,DAL,3,6,26,33,REG
2020020153,20202021,2021-02-02,CHI,CAR,3,4,33,41,SO
2020020154,20202021,2021-02-02,STL,ARI,4,3,29,35,REG
2020020155,20202021,2021-02-02,MTL,VAN,5,3,33,39,REG
2020020156,20202021,2021-02-02,WPG,CGY,3,2,28,31,REG
2020020157,20202021,2021-02-02,EDM,OTT,4,2,25,25,REG
2020020158,20202021,2021-02-02,COL,MIN,2,1,31,28,REG
2020020161,20202021,2021-02-02,LAK,ANA,1,3,21,43,REG
2020020159,20202021,2021-02-03,PHI,BOS,3,4,25,35,OT
2020020160,20202021,2021-02-03,TBL,DET,5,1,27,16,REG
2020020164,20202021,2021-02-04,NYR,WSH,4,2,31,33,REG
2020020165,20202021,2021-02-04,FLA,NSH,5,6,36,41,OT
2020020167,20202021,2021-02-04,CBJ,DAL,4,3,25,28,REG
2020020168,20202021,2021-02-04,CHI,CAR,6,4,35,34,REG
2020020169,20202021,2021-02-04,STL,ARI,3,4,43,30,REG
2020020170,20202021,2021-02-04,MTL,OTT,2,3,38,22,REG
2020020171,20202021,2021-02-04,TOR,VAN,7,3,37,19,REG
2020020172,20202021,2021-02-04,WPG,CGY,4,1,27,24,REG
2020020174,20202021,2021-02-05,PHI,BOS,1,2,24,23,REG
2020020175,20202021,2021-02-05,TBL,DET,3,1,32,28,REG
2020020176,20202021,2021-02-05,FLA,NSH,2,1,36,25,REG
2020020177,20202021,2021-02-05,VGK,LAK,5,2,36,29,REG
2020020178,20202021,2021-02-05,ANA,SJS,4,5,37,30,SO
2020020181,20202021,2021-02-06,NYI,PIT,4,3,26,31,REG
2020020183,20202021,2021-02-06,OTT,MTL,1,2,35,32,REG
2020020184,20202021,2021-02-06,TOR,VAN,5,1,31,28,REG
2020020185,20202021,2021-02-06,CGY,EDM,6,4,28,32,REG
2020020187,20202021,2021-02-06,ANA,SJS,2,1,33,27,SO
2020020550,20202021,2021-02-06,STL,ARI,1,3,25,19,REG
2020020188,20202021,2021-02-07,WSH,PHI,4,7,37,23,REG
2020020189,20202021,2021-02-07,FLA,DET,1,4,37,39,REG
2020020190,20202021,2021-02-07,CBJ,CAR,5,6,22,26,REG
2020020193,20202021,2021-02-07,DAL,CHI,1,2,31,35,OT
2020020194,20202021,2021-02-07,VGK,LAK,4,3,33,32,REG
2020020196,20202021,2021-02-08,NYR,NYI,0,2,30,30,REG
2020020197,20202021,2021-02-08,CBJ,CAR,3,2,22,24,REG
2020020198,20202021,2021-02-08,NSH,TBL,1,4,24,35,REG
2020020199,20202021,2021-02-08,OTT,EDM,1,3,28,35,REG
2020020200,20202021,2021-02-08,TOR,VAN,3,1,19,32,REG
2020020565,20202021,2021-02-08,STL,ARI,3,4,43,26,SO
2020020203,20202021,2021-02-09,FLA,DET,2,1,22,32,REG
2020020204,20202021,2021-02-09,NSH,TBL,1,6,33,30,REG
2020020205,20202021,2021-02-09,OTT,EDM,2,3,42,22,REG
2020020206,20202021,2021-02-09,CGY,WPG,3,2,29,27,REG
2020020208,20202021,2021-02-09,DAL,CHI,1,2,35,29,OT
2020020210,20202021,2021-02-09,VGK,ANA,5,4,31,23,REG
2020020211,20202021,2021-02-09,LAK,SJS,3,4,27,40,SO
2020020212,20202021,2021-02-10,NYR,BOS,2,3,35,32,OT
2020020213,20202021,2021-02-10,MTL,TOR,2,4,35,24,REG
2020020215,20202021,2021-02-11,NYI,PIT,3,4,29,35,SO
2020020217,20202021,2021-02-11,FLA,TBL,5,2,29,21,REG
2020020218,20202021,2021-02-11,CHI,CBJ,5,6,26,43,REG
2020020219,20202021,2021-02-11,NSH,DET,3,2,23,26,REG
2020020220,20202021,2021-02-11,MTL,EDM,0,3,38,31,REG
2020020221,20202021,2021-02-11,WPG,OTT,5,1,26,42,REG
2020020222,20202021,2021-02-11,VAN,CGY,1,3,34,26,REG
2020020224,20202021,2021-02-11,DAL,CAR,3,5,37,32,REG
2020020226,20202021,2021-02-11,VGK,ANA,0,1,21,28,REG
2020020227,20202021,2021-02-11,LAK,SJS,6,2,31,31,REG
2020020228,20202021,2021-02-12,NYR,BOS,0,1,21,30,REG
2020020684,20202021,2021-02-12,ARI,STL,1,4,25,27,REG
2020020149,20202021,2021-02-13,SJS,VGK,1,3,25,26,REG
2020020230,20202021,2021-02-13,NYI,BOS,4,2,42,30,REG
2020020232,20202021,2021-02-13,FLA,TBL,1,6,34,28,REG
2020020233,20202021,2021-02-13,CHI,CBJ,3,2,31,31,OT
2020020234,20202021,2021-02-13,NSH,DET,2,4,23,30,REG
2020020235,20202021,2021-02-13,TOR,MTL,1,2,22,25,REG
2020020236,20202021,2021-02-13,WPG,OTT,1,2,31,29,REG
2020020237,20202021,2021-02-13,VAN,CGY,3,1,46,19,REG
2020020238,20202021,2021-02-13,DAL,CAR,3,4,29,21,SO
2020020239,20202021,2021-02-13,ARI,STL,4,5,36,35,OT
2020020242,20202021,2021-02-14,PIT,WSH,6,3,38,31,REG
2020020243,20202021,2021-02-14,VGK,COL,1,0,24,30,REG
2020020245,20202021,2021-02-15,BUF,NYI,1,3,21,29,REG
2020020246,20202021,2021-02-15,DET,CHI,2,3,29,24,OT
2020020247,20202021,2021-02-15,TOR,OTT,5,6,38,31,OT
2020020248,20202021,2021-02-15,EDM,WPG,5,6,45,24,REG
2020020249,20202021,2021-02-15,VAN,CGY,3,4,33,27,OT
2020020251,20202021,2021-02-15,ARI,STL,1,0,19,24,REG
2020020252,20202021,2021-02-15,SJS,ANA,3,2,29,28,REG
2020020255,20202021,2021-02-15,CAR,CBJ,7,3,34,40,REG
2020020256,20202021,2021-02-15,TBL,FLA,4,6,31,21,REG
2020020253,20202021,2021-02-16,BUF,NYI,0,3,20,24,REG
2020020257,20202021,2021-02-16,PIT,WSH,1,3,27,42,REG
2020020259,20202021,2021-02-16,VGK,COL,2,3,29,25,REG
2020020260,20202021,2021-02-16,LAK,MIN,4,0,29,28,REG
2020020364,20202021,2021-02-16,NYR,NJD,2,5,39,37,REG
2020020062,20202021,2021-02-17,CAR,FLA,3,4,35,37,OT
2020020261,20202021,2021-02-17,DET,CHI,0,2,29,26,REG
2020020262,20202021,2021-02-17,TOR,OTT,2,1,28,28,REG
2020020263,20202021,2021-02-17,CGY,VAN,1,5,36,33,REG
2020020264,20202021,2021-02-17,EDM,WPG,3,2,30,35,REG
2020020265,20202021,2021-02-18,BOS,NJD,2,3,27,26,REG
2020020266,20202021,2021-02-18,PHI,NYR,2,3,22,33,SO
2020020267,20202021,2021-02-18,PIT,NYI,4,1,37,32,REG
2020020268,20202021,2021-02-18,CBJ,NSH,3,0,22,32,REG
2020020269,20202021,2021-02-18,STL,SJS,3,2,45,32,OT
2020020270,20202021,2021-02-18,TOR,OTT,7,3,31,37,REG
2020020272,20202021,2021-02-18,ARI,LAK,2,3,22,29,SO
2020020273,20202021,2021-02-18,ANA,MIN,1,3,17,27,REG
2020020667,20202021,2021-02-18,WSH,BUF,3,1,21,23,REG
2020020274,20202021,2021-02-19,CAR,CHI,5,3,38,29,REG
2020020275,20202021,2021-02-19,DET,FLA,2,7,32,39,REG
2020020276,20202021,2021-02-19,CGY,EDM,1,2,21,25,REG
2020020277,20202021,2021-02-19,VAN,WPG,0,2,29,31,REG
2020020278,20202021,2021-02-20,NJD,BUF,2,3,27,29,REG
2020020279,20202021,2021-02-20,WSH,NYR,1,4,27,24,REG
2020020281,20202021,2021-02-20,PIT,NYI,3,2,18,35,REG
2020020282,20202021,2021-02-20,CBJ,NSH,2,4,23,45,REG
2020020283,20202021,2021-02-20,STL,SJS,4,5,32,27,REG
2020020284,20202021,2021-02-20,MTL,TOR,3,5,33,27,REG
2020020285,20202021,2021-02-20,EDM,CGY,7,1,24,44,REG
2020020287,20202021,2021-02-20,COL,VGK,3,2,39,29,REG
2020020288,20202021,2021-02-20,ARI,LAK,2,4,24,23,REG
2020020289,20202021,2021-02-20,ANA,MIN,1,5,27,29,REG
2020020292,20202021,2021-02-20,DET,FLA,2,1,27,39,REG
2020020543,20202021,2021-02-20,CAR,TBL,4,0,28,24,REG
2020020290,20202021,2021-02-21,BOS,PHI,7,3,35,19,REG
2020020293,20202021,2021-02-21,OTT,MTL,3,2,39,32,OT
2020020294,20202021,2021-02-21,VAN,WPG,3,4,34,31,OT
2020020392,20202021,2021-02-21,WSH,NJD,4,3,41,26,REG
2020020009,20202021,2021-02-22,FLA,DAL,3,1,52,25,REG
2020020097,20202021,2021-02-22,CAR,TBL,2,4,36,32,REG
2020020150,20202021,2021-02-22,NYI,BUF,3,2,23,36,REG
2020020297,20202021,2021-02-22,STL,LAK,0,3,31,31,REG
2020020298,20202021,2021-02-22,TOR,CGY,0,3,34,33,REG
2020020299,20202021,2021-02-22,COL,VGK,0,3,34,28,REG
2020020300,20202021,2021-02-22,ARI,ANA,4,3,25,28,REG
2020020743,20202021,2021-02-22,SJS,MIN,2,6,33,34,REG
2020020295,20202021,2021-02-23,NJD,BUF,1,4,42,37,REG
2020020302,20202021,2021-02-23,WSH,PIT,2,3,22,37,OT
2020020304,20202021,2021-02-23,CBJ,CHI,5,6,30,34,SO
2020020305,20202021,2021-02-23,DET,NSH,0,2,24,33,REG
2020020306,20202021,2021-02-23,OTT,MTL,5,4,39,36,SO
2020020307,20202021,2021-02-23,VAN,EDM,3,4,33,29,REG
2020020173,20202021,2021-02-24,COL,MIN,2,6,32,25,REG
2020020296,20202021,2021-02-24,TBL,CAR,3,0,28,25,REG
2020020303,20202021,2021-02-24,FLA,DAL,0,3,43,26,REG
2020020308,20202021,2021-02-24,PHI,NYR,4,3,39,27,REG
2020020309,20202021,2021-02-24,STL,LAK,1,2,36,20,REG
2020020310,20202021,2021-02-24,TOR,CGY,2,1,39,22,OT
2020020311,20202021,2021-02-24,ARI,ANA,4,3,28,35,SO
2020020312,20202021,2021-02-25,NYI,BOS,7,2,37,36,REG
2020020313,20202021,2021-02-25,WSH,PIT,5,2,35,28,REG
2020020314,20202021,2021-02-25,TBL,CAR,3,1,22,32,REG
2020020315,20202021,2021-02-25,FLA,DAL,3,2,35,39,REG
2020020316,20202021,2021-02-25,CBJ,CHI,0,2,26,27,REG
2020020317,20202021,2021-02-25,DET,NSH,5,2,32,39,REG
2020020318,20202021,2021-02-25,OTT,CGY,6,1,31,30,REG
2020020319,20202021,2021-02-25,WPG,MTL,6,3,30,21,REG
2020020320,20202021,2021-02-25,VAN,EDM,0,3,32,34,REG
2020020635,20202021,2021-02-25,BUF,NJD,3,4,32,40,OT
2020020321,20202021,2021-02-26,ARI,COL,2,3,18,29,REG
2020020323,20202021,2021-02-26,NYR,BOS,6,2,34,33,REG
2020020324,20202021,2021-02-26,MIN,LAK,3,1,30,28,REG
2020020322,20202021,2021-02-27,BUF,PHI,0,3,23,39,REG
2020020327,20202021,2021-02-27,NJD,WSH,2,5,24,24,REG
2020020328,20202021,2021-02-27,NYI,PIT,3,4,27,31,OT
2020020329,20202021,2021-02-27,TBL,DAL,5,0,21,20,REG
2020020330,20202021,2021-02-27,FLA,CAR,3,4,31,33,SO
2020020331,20202021,2021-02-27,CHI,DET,3,5,36,32,REG
2020020332,20202021,2021-02-27,NSH,CBJ,2,1,33,30,REG
2020020333,20202021,2021-02-27,OTT,CGY,3,6,34,38,REG
2020020334,20202021,2021-02-27,WPG,MTL,2,1,21,41,OT
2020020335,20202021,2021-02-27,EDM,TOR,0,4,30,29,REG
2020020336,20202021,2021-02-27,MIN,LAK,4,3,42,28,OT
2020020337,20202021,2021-02-27,ARI,COL,2,6,25,41,REG
2020020338,20202021,2021-02-27,ANA,VGK,2,3,30,27,OT
2020020339,20202021,2021-02-27,SJS,STL,6,7,40,31,REG
2020020340,20202021,2021-02-28,BUF,PHI,0,3,28,38,REG
2020020341,20202021,2021-02-28,NYI,PIT,2,0,30,20,REG
2020020342,20202021,2021-02-28,NYR,BOS,1,4,21,36,REG
2020020343,20202021,2021-02-28,CHI,DET,7,2,32,46,REG
2020020344,20202021,2021-02-28,NSH,CBJ,3,1,29,29,REG
2020020346,20202021,2021-02-28,NJD,WSH,2,3,21,23,REG
2020020345,20202021,2021-03-01,WPG,VAN,0,4,27,19,REG
2020020348,20202021,2021-03-01,FLA,CAR,2,3,46,31,OT
2020020349,20202021,2021-03-01,OTT,CGY,5,1,36,28,REG
2020020350,20202021,2021-03-01,EDM,TOR,0,3,31,23,REG
2020020351,20202021,2021-03-01,VGK,MIN,5,4,39,30,OT
2020020352,20202021,2021-03-01,ANA,STL,4,5,33,35,REG
2020020353,20202021,2021-03-01,SJS,COL,6,2,27,35,REG
2020020052,20202021,2021-03-02,NSH,CAR,2,4,38,28,REG
2020020271,20202021,2021-03-02,DAL,TBL,0,2,28,19,REG
2020020301,20202021,2021-03-02,NJD,NYI,1,2,29,20,REG
2020020354,20202021,2021-03-02,NYR,BUF,3,2,19,24,REG
2020020355,20202021,2021-03-02,PIT,PHI,5,2,27,42,REG
2020020356,20202021,2021-03-02,CBJ,DET,4,1,36,20,REG
2020020357,20202021,2021-03-02,MTL,OTT,3,1,33,27,REG
2020020358,20202021,2021-03-02,WPG,VAN,5,2,39,33,REG
2020020359,20202021,2021-03-03,BOS,WSH,1,2,19,28,SO
2020020360,20202021,2021-03-03,EDM,TOR,1,6,27,32,REG
2020020361,20202021,2021-03-03,VGK,MIN,5,1,28,37,REG
2020020362,20202021,2021-03-03,ANA,STL,2,3,29,21,REG
2020020363,20202021,2021-03-03,SJS,COL,0,4,26,38,REG
2020020742,20202021,2021-03-03,LAK,ARI,2,3,42,23,REG
2020020163,20202021,2021-03-04,NYI,BUF,5,2,45,18,REG
2020020180,20202021,2021-03-04,NJD,NYR,1,6,36,19,REG
2020020365,20202021,2021-03-04,CAR,DET,5,2,32,35,REG
2020020366,20202021,2021-03-04,PIT,PHI,3,4,29,35,REG
2020020367,20202021,2021-03-04,CHI,TBL,2,3,37,34,OT
2020020368,20202021,2021-03-04,NSH,FLA,4,5,35,38,REG
2020020369,20202021,2021-03-04,MTL,WPG,3,4,36,27,OT
2020020370,20202021,2021-03-04,CGY,OTT,7,3,29,32,REG
2020020371,20202021,2021-03-04,VAN,TOR,3,1,28,32,REG
2020020372,20202021,2021-03-04,DAL,CBJ,2,3,24,22,REG
2020020373,20202021,2021-03-05,BOS,WSH,5,1,25,32,REG
2020020376,20202021,2021-03-05,CHI,TBL,4,3,27,42,SO
2020020377,20202021,2021-03-05,COL,ANA,3,2,34,28,OT
2020020378,20202021,2021-03-05,ARI,MIN,1,5,25,27,REG
2020020379,20202021,2021-03-05,LAK,STL,2,3,30,22,OT
2020020380,20202021,2021-03-05,SJS,VGK,4,5,29,27,OT
2020020374,20202021,2021-03-06,NJD,NYR,3,6,27,28,REG
2020020375,20202021,2021-03-06,NYI,BUF,5,2,29,22,REG
2020020381,20202021,2021-03-06,NSH,FLA,2,6,30,32,REG
2020020382,20202021,2021-03-06,MTL,WPG,7,1,28,29,REG
2020020383,20202021,2021-03-06,EDM,CGY,3,2,33,36,REG
2020020384,20202021,2021-03-06,VAN,TOR,4,2,31,39,REG
2020020385,20202021,2021-03-06,DAL,CBJ,5,0,26,21,REG
2020020386,20202021,2021-03-06,COL,ANA,4,5,33,27,OT
2020020387,20202021,2021-03-06,ARI,MIN,5,2,31,34,REG
2020020388,20202021,2021-03-06,LAK,STL,4,3,34,25,OT
2020020389,20202021,2021-03-06,SJS,VGK,0,4,24,32,REG
2020020668,20202021,2021-03-06,PIT,PHI,4,3,27,22,REG
2020020076,20202021,2021-03-07,CAR,FLA,4,2,26,23,REG
2020020244,20202021,2021-03-07,BOS,NJD,0,1,40,25,REG
2020020250,20202021,2021-03-07,DAL,NSH,3,4,38,20,SO
2020020391,20202021,2021-03-07,NYI,BUF,5,2,30,26,REG
2020020393,20202021,2021-03-07,PIT,NYR,5,1,24,24,REG
2020020394,20202021,2021-03-07,CHI,TBL,3,6,25,39,REG
2020020395,20202021,2021-03-07,CGY,OTT,3,4,34,22,SO
2020020769,20202021,2021-03-07,PHI,WSH,1,3,37,27,REG
2020020326,20202021,2021-03-08,SJS,STL,3,2,20,26,OT
2020020396,20202021,2021-03-08,EDM,OTT,3,2,37,28,REG
2020020397,20202021,2021-03-08,VAN,MTL,2,1,29,30,SO
2020020398,20202021,2021-03-08,MIN,VGK,2,0,21,26,REG
2020020399,20202021,2021-03-08,COL,ARI,2,3,35,14,REG
2020020400,20202021,2021-03-08,ANA,LAK,6,5,25,26,OT
2020020401,20202021,2021-03-09,NYI,BOS,2,1,27,33,SO
2020020402,20202021,2021-03-09,PHI,BUF,5,4,33,20,SO
2020020403,20202021,2021-03-09,WSH,NJD,5,4,30,31,OT
2020020404,20202021,2021-03-09,CAR,NSH,3,2,35,23,OT
2020020405,20202021,2021-03-09,PIT,NYR,4,2,27,35,REG
2020020406,20202021,2021-03-09,CBJ,FLA,2,4,40,33,REG
2020020407,20202021,2021-03-09,DET,TBL,3,4,23,29,OT
2020020408,20202021,2021-03-09,TOR,WPG,3,4,39,23,REG
2020020409,20202021,2021-03-09,DAL,CHI,6,1,37,22,REG
2020020410,20202021,2021-03-10,EDM,OTT,7,1,36,22,REG
2020020411,20202021,2021-03-10,VAN,MTL,1,5,24,45,REG
2020020412,20202021,2021-03-10,MIN,VGK,4,3,31,27,REG
2020020413,20202021,2021-03-10,COL,ARI,2,1,46,14,OT
2020020414,20202021,2021-03-10,ANA,LAK,1,5,34,37,REG
2020020415,20202021,2021-03-11,BOS,NYR,4,0,27,27,REG
2020020416,20202021,2021-03-11,BUF,PIT,2,5,23,27,REG
2020020417,20202021,2021-03-11,NYI,NJD,5,3,33,22,REG
2020020418,20202021,2021-03-11,PHI,WSH,3,5,33,22,REG
2020020419,20202021,2021-03-11,CAR,NSH,5,1,26,33,REG
2020020420,20202021,2021-03-11,CBJ,FLA,4,5,32,32,OT
2020020421,20202021,2021-03-11,DET,TBL,6,4,23,44,REG
2020020422,20202021,2021-03-11,TOR,WPG,4,3,38,27,OT
2020020423,20202021,2021-03-11,CGY,MTL,2,1,29,18,REG
2020020424,20202021,2021-03-11,DAL,CHI,2,4,30,16,REG
2020020425,20202021,2021-03-12,STL,VGK,4,5,23,40,OT
2020020426,20202021,2021-03-12,EDM,OTT,6,2,37,25,REG
2020020427,20202021,2021-03-12,MIN,ARI,4,0,32,25,REG
2020020428,20202021,2021-03-12,COL,LAK,2,0,46,18,REG
2020020429,20202021,2021-03-12,ANA,SJS,0,6,34,27,REG
2020020430,20202021,2021-03-13,BOS,NYR,0,4,18,33,REG
2020020431,20202021,2021-03-13,BUF,PIT,0,3,24,34,REG
2020020432,20202021,2021-03-13,NJD,NYI,2,3,28,29,REG
2020020433,20202021,2021-03-13,PHI,WSH,4,5,32,23,REG
2020020434,20202021,2021-03-13,TBL,NSH,6,3,28,31,REG
2020020435,20202021,2021-03-13,FLA,CHI,4,2,35,32,REG
2020020436,20202021,2021-03-13,CBJ,DAL,4,3,26,30,OT
2020020437,20202021,2021-03-13,STL,VGK,1,5,35,26,REG
2020020438,20202021,2021-03-13,TOR,WPG,2,5,22,32,REG
2020020439,20202021,2021-03-13,CGY,MTL,3,1,36,25,REG
2020020440,20202021,2021-03-13,VAN,EDM,2,1,28,35,REG
2020020441,20202021,2021-03-13,ANA,SJS,1,3,27,33,REG
2020020442,20202021,2021-03-14,DET,CAR,1,2,26,32,REG
2020020443,20202021,2021-03-14,OTT,TOR,4,3,31,36,REG
2020020444,20202021,2021-03-14,MIN,ARI,4,1,34,22,REG
2020020445,20202021,2021-03-14,COL,LAK,4,1,41,28,REG
2020020451,20202021,2021-03-14,CBJ,DAL,1,2,30,35,SO
2020020767,20202021,2021-03-14,NJD,NYI,2,3,31,34,SO
2020020214,20202021,2021-03-15,BUF,WSH,0,6,23,30,REG
2020020446,20202021,2021-03-15,NYR,PHI,4,5,24,30,OT
2020020448,20202021,2021-03-15,TBL,NSH,1,4,39,26,REG
2020020449,20202021,2021-03-15,FLA,CHI,6,3,36,29,REG
2020020450,20202021,2021-03-15,PIT,BOS,4,1,26,43,REG
2020020452,20202021,2021-03-15,OTT,VAN,2,3,46,28,OT
2020020453,20202021,2021-03-15,WPG,MTL,2,4,36,31,REG
2020020454,20202021,2021-03-15,CGY,EDM,4,3,27,31,REG
2020020455,20202021,2021-03-15,VGK,SJS,2,1,36,24,REG
2020020186,20202021,2021-03-16,MIN,ARI,3,0,26,31,REG
2020020286,20202021,2021-03-16,DAL,TBL,3,4,27,36,SO
2020020457,20202021,2021-03-16,NJD,BUF,3,2,27,35,REG
2020020458,20202021,2021-03-16,WSH,NYI,3,1,22,22,REG
2020020459,20202021,2021-03-16,PIT,BOS,1,2,35,33,REG
2020020460,20202021,2021-03-16,DET,CAR,4,2,28,37,REG
2020020568,20202021,2021-03-16,COL,ANA,8,4,36,22,REG
2020020462,20202021,2021-03-17,NYR,PHI,9,0,29,26,REG
2020020463,20202021,2021-03-17,OTT,VAN,2,3,32,29,SO
2020020464,20202021,2021-03-17,WPG,MTL,4,3,30,36,OT
2020020465,20202021,2021-03-17,CGY,EDM,3,7,33,30,REG
2020020466,20202021,2021-03-17,VGK,SJS,5,4,37,33,REG
2020020467,20202021,2021-03-17,LAK,STL,4,1,24,20,REG
2020020201,20202021,2021-03-18,NJD,PIT,3,2,35,42,REG
2020020468,20202021,2021-03-18,BUF,BOS,1,4,24,37,REG
2020020469,20202021,2021-03-18,NYI,PHI,3,4,25,31,REG
2020020470,20202021,2021-03-18,CAR,CBJ,2,3,27,28,OT
2020020471,20202021,2021-03-18,TBL,CHI,4,2,23,21,REG
2020020472,20202021,2021-03-18,FLA,NSH,1,2,41,27,REG
2020020473,20202021,2021-03-18,DET,DAL,3,2,21,40,REG
2020020474,20202021,2021-03-18,EDM,WPG,2,1,21,25,REG
2020020475,20202021,2021-03-18,COL,MIN,5,1,55,20,REG
2020020476,20202021,2021-03-18,ANA,ARI,3,2,31,25,OT
2020020478,20202021,2021-03-19,WSH,NYR,2,1,18,33,REG
2020020479,20202021,2021-03-19,MTL,VAN,2,3,31,28,OT
2020020480,20202021,2021-03-19,TOR,CGY,3,4,27,18,REG
2020020481,20202021,2021-03-19,LAK,VGK,2,4,25,33,REG
2020020482,20202021,2021-03-19,SJS,STL,1,2,31,34,SO
2020020291,20202021,2021-03-20,WSH,NYR,1,3,29,25,REG
2020020461,20202021,2021-03-20,ANA,ARI,1,5,28,28,REG
2020020477,20202021,2021-03-20,NJD,PIT,1,3,25,29,REG
2020020484,20202021,2021-03-20,NYI,PHI,6,1,28,24,REG
2020020485,20202021,2021-03-20,CAR,CBJ,2,3,37,31,SO
2020020486,20202021,2021-03-20,TBL,CHI,4,1,29,31,REG
2020020487,20202021,2021-03-20,FLA,NSH,2,0,49,21,REG
2020020488,20202021,2021-03-20,DET,DAL,0,3,21,33,REG
2020020489,20202021,2021-03-20,MTL,VAN,5,4,40,18,SO
2020020490,20202021,2021-03-20,TOR,CGY,2,0,33,31,REG
2020020491,20202021,2021-03-20,EDM,WPG,4,2,37,31,REG
2020020492,20202021,2021-03-20,COL,MIN,6,0,42,31,REG
2020020493,20202021,2021-03-20,SJS,STL,2,5,31,21,REG
2020020151,20202021,2021-03-21,PIT,NJD,1,2,36,35,OT
2020020258,20202021,2021-03-21,DAL,NSH,3,4,30,22,SO
2020020495,20202021,2021-03-21,LAK,VGK,3,1,31,42,REG
2020020828,20202021,2021-03-21,TBL,FLA,5,3,24,32,REG
2020020122,20202021,2021-03-22,VGK,STL,5,1,35,16,REG
2020020496,20202021,2021-03-22,NYR,BUF,5,3,40,19,REG
2020020497,20202021,2021-03-22,CBJ,CAR,0,3,19,28,REG
2020020499,20202021,2021-03-22,OTT,CGY,2,1,23,36,REG
2020020500,20202021,2021-03-22,VAN,WPG,0,4,22,29,REG
2020020501,20202021,2021-03-22,MIN,ANA,2,1,23,25,REG
2020020502,20202021,2021-03-22,ARI,COL,1,5,25,35,REG
2020020503,20202021,2021-03-22,SJS,LAK,2,1,23,42,REG
2020020755,20202021,2021-03-22,PHI,NYI,1,2,37,20,OT
2020020504,20202021,2021-03-23,PHI,NJD,3,4,33,32,REG
2020020505,20202021,2021-03-23,CHI,FLA,3,2,32,35,REG
2020020506,20202021,2021-03-23,NSH,DET,2,0,34,31,REG
2020020507,20202021,2021-03-23,DAL,TBL,1,2,17,26,REG
2020020508,20202021,2021-03-23,ARI,COL,5,4,32,39,SO
2020020509,20202021,2021-03-24,PIT,BUF,5,2,42,28,REG
2020020511,20202021,2021-03-24,OTT,CGY,3,1,31,29,REG
2020020512,20202021,2021-03-24,VAN,WPG,1,5,39,36,REG
2020020513,20202021,2021-03-24,MIN,ANA,3,2,26,30,REG
2020020514,20202021,2021-03-24,SJS,LAK,4,2,28,44,REG
2020020223,20202021,2021-03-25,MIN,STL,2,0,11,37,REG
2020020515,20202021,2021-03-25,BOS,NYI,3,4,32,27,OT
2020020516,20202021,2021-03-25,PHI,NYR,3,8,44,22,REG
2020020517,20202021,2021-03-25,WSH,NJD,4,3,22,24,REG
2020020518,20202021,2021-03-25,CBJ,CAR,3,4,36,33,OT
2020020519,20202021,2021-03-25,CHI,FLA,3,0,21,41,REG
2020020520,20202021,2021-03-25,NSH,DET,7,1,30,21,REG
2020020521,20202021,2021-03-25,OTT,TOR,2,3,31,41,OT
2020020522,20202021,2021-03-25,DAL,TBL,4,3,41,27,REG
2020020523,20202021,2021-03-25,COL,VGK,5,1,32,19,REG
2020020532,20202021,2021-03-25,PIT,BUF,4,0,31,36,REG
2020020524,20202021,2021-03-26,WSH,NJD,4,0,31,24,REG
2020020525,20202021,2021-03-26,STL,ANA,1,4,34,24,REG
2020020527,20202021,2021-03-26,CGY,WPG,2,3,27,29,REG
2020020528,20202021,2021-03-26,ARI,SJS,5,2,28,22,REG
2020020179,20202021,2021-03-27,BOS,BUF,3,2,36,27,REG
2020020530,20202021,2021-03-27,PHI,NYR,2,1,37,25,REG
2020020531,20202021,2021-03-27,CAR,TBL,4,3,40,22,REG
2020020533,20202021,2021-03-27,DET,CBJ,3,1,34,22,REG
2020020534,20202021,2021-03-27,CHI,NSH,1,3,30,34,REG
2020020536,20202021,2021-03-27,TOR,EDM,4,3,31,20,OT
2020020537,20202021,2021-03-27,CGY,WPG,4,2,33,24,REG
2020020538,20202021,2021-03-27,DAL,FLA,3,4,34,28,OT
2020020539,20202021,2021-03-27,COL,VGK,2,3,24,34,OT
2020020540,20202021,2021-03-27,ARI,SJS,4,0,27,34,REG
2020020561,20202021,2021-03-27,PIT,NYI,6,3,21,32,REG
2020020535,20202021,2021-03-28,STL,ANA,2,3,40,24,OT
2020020541,20202021,2021-03-28,BOS,NJD,0,1,40,29,REG
2020020542,20202021,2021-03-28,WSH,NYR,5,4,22,20,REG
2020020544,20202021,2021-03-28,DET,CBJ,4,1,29,17,REG
2020020545,20202021,2021-03-28,CHI,NSH,2,3,29,31,REG
2020020547,20202021,2021-03-28,DAL,FLA,1,4,34,23,REG
2020020548,20202021,2021-03-29,BUF,PHI,3,4,32,36,OT
2020020549,20202021,2021-03-29,PIT,NYI,2,1,22,25,REG
2020020551,20202021,2021-03-29,TOR,EDM,2,3,31,23,OT
2020020552,20202021,2021-03-29,CGY,WPG,1,5,30,29,REG
2020020553,20202021,2021-03-29,COL,ANA,5,2,48,15,REG
2020020554,20202021,2021-03-29,VGK,LAK,4,1,24,25,REG
2020020555,20202021,2021-03-29,SJS,MIN,4,3,39,25,SO
2020020498,20202021,2021-03-30,MTL,EDM,4,0,32,17,REG
2020020556,20202021,2021-03-30,BOS,NJD,5,4,48,35,SO
2020020558,20202021,2021-03-30,NYR,WSH,5,2,27,32,REG
2020020559,20202021,2021-03-30,TBL,CBJ,1,3,38,21,REG
2020020560,20202021,2021-03-30,FLA,DET,4,1,33,36,REG
2020020562,20202021,2021-03-30,CHI,CAR,2,1,16,32,REG
2020020563,20202021,2021-03-30,NSH,DAL,3,2,26,35,OT
2020020209,20202021,2021-03-31,COL,ARI,9,3,38,31,REG
2020020557,20202021,2021-03-31,BUF,PHI,6,1,27,32,REG
2020020566,20202021,2021-03-31,WPG,TOR,1,3,27,26,REG
2020020569,20202021,2021-03-31,VGK,LAK,2,4,42,30,REG
2020020570,20202021,2021-03-31,SJS,MIN,4,2,33,28,REG
2020020571,20202021,2021-04-01,BOS,PIT,1,4,31,23,REG
2020020572,20202021,2021-04-01,BUF,NYR,2,3,23,47,OT
2020020573,20202021,2021-04-01,NYI,WSH,8,4,33,22,REG
2020020574,20202021,2021-04-01,TBL,CBJ,3,2,34,38,REG
2020020575,20202021,2021-04-01,FLA,DET,3,2,36,27,OT
2020020576,20202021,2021-04-01,CHI,CAR,3,4,25,31,REG
2020020577,20202021,2021-04-01,NSH,DAL,1,4,22,31,REG
2020020578,20202021,2021-04-01,OTT,MTL,1,4,23,38,REG
2020020579,20202021,2021-04-01,VGK,MIN,2,3,37,37,SO
2020020580,20202021,2021-04-02,NJD,WSH,1,2,23,40,OT
2020020581,20202021,2021-04-02,WPG,TOR,1,2,32,38,SO
2020020582,20202021,2021-04-02,EDM,CGY,3,2,25,26,REG
2020020583,20202021,2021-04-02,ANA,ARI,2,4,29,31,REG
2020020584,20202021,2021-04-02,LAK,SJS,0,3,30,36,REG
2020020723,20202021,2021-04-02,COL,STL,3,2,39,27,REG
2020020585,20202021,2021-04-03,BOS,PIT,7,5,28,28,REG
2020020586,20202021,2021-04-03,BUF,NYR,3,2,29,30,SO
2020020587,20202021,2021-04-03,NYI,PHI,3,2,24,32,SO
2020020588,20202021,2021-04-03,CAR,DAL,2,3,43,25,REG
2020020589,20202021,2021-04-03,TBL,DET,2,1,29,26,REG
2020020590,20202021,2021-04-03,FLA,CBJ,5,2,39,46,REG
2020020591,20202021,2021-04-03,NSH,CHI,3,0,21,41,REG
2020020592,20202021,2021-04-03,MTL,OTT,3,6,38,32,REG
2020020594,20202021,2021-04-03,COL,STL,2,1,34,28,REG
2020020595,20202021,2021-04-03,VGK,MIN,1,2,28,27,REG
2020020596,20202021,2021-04-03,LAK,SJS,2,3,37,23,REG
2020020597,20202021,2021-04-04,NJD,WSH,4,5,39,19,REG
2020020598,20202021,2021-04-04,CAR,DAL,1,0,38,28,REG
2020020599,20202021,2021-04-04,TBL,DET,1,5,28,18,REG
2020020600,20202021,2021-04-04,FLA,CBJ,3,0,35,32,REG
2020020603,20202021,2021-04-04,CGY,TOR,2,4,34,30,REG
2020020604,20202021,2021-04-04,ANA,ARI,2,3,20,31,OT
2020020390,20202021,2021-04-05,BOS,PHI,2,3,29,32,OT
2020020606,20202021,2021-04-05,STL,VGK,1,6,32,33,REG
2020020607,20202021,2021-04-05,MTL,EDM,3,2,32,23,OT
2020020608,20202021,2021-04-05,CGY,TOR,3,5,29,30,REG
2020020609,20202021,2021-04-05,MIN,COL,4,5,25,36,REG
2020020610,20202021,2021-04-05,LAK,ARI,2,5,38,33,REG
2020020848,20202021,2021-04-05,WPG,OTT,4,3,46,23,REG
2020020241,20202021,2021-04-06,SJS,ANA,1,5,35,34,REG
2020020611,20202021,2021-04-06,NJD,BUF,3,5,30,18,REG
2020020612,20202021,2021-04-06,NYI,WSH,1,0,39,29,REG
2020020613,20202021,2021-04-06,NYR,PIT,8,4,25,45,REG
2020020614,20202021,2021-04-06,PHI,BOS,2,4,42,26,REG
2020020615,20202021,2021-04-06,CAR,FLA,5,2,36,36,REG
2020020616,20202021,2021-04-06,CBJ,TBL,4,2,30,38,REG
2020020617,20202021,2021-04-06,DET,NSH,2,3,27,31,SO
2020020618,20202021,2021-04-06,CHI,DAL,4,2,28,27,REG
2020020620,20202021,2021-04-07,STL,VGK,3,1,35,51,REG
2020020621,20202021,2021-04-07,OTT,EDM,2,4,30,35,REG
2020020622,20202021,2021-04-07,TOR,MTL,3,2,32,34,REG
2020020623,20202021,2021-04-07,MIN,COL,8,3,19,32,REG
2020020624,20202021,2021-04-07,LAK,ARI,4,3,30,27,REG
2020020625,20202021,2021-04-08,BUF,NJD,3,6,27,38,REG
2020020626,20202021,2021-04-08,NYI,PHI,3,2,23,27,SO
2020020627,20202021,2021-04-08,NYR,PIT,2,5,24,32,REG
2020020628,20202021,2021-04-08,WSH,BOS,2,4,33,32,REG
2020020629,20202021,2021-04-08,CAR,FLA,3,0,22,24,REG
2020020630,20202021,2021-04-08,CBJ,TBL,4,6,36,30,REG
2020020631,20202021,2021-04-08,DET,NSH,1,7,26,32,REG
2020020632,20202021,2021-04-08,CHI,DAL,1,5,39,34,REG
2020020633,20202021,2021-04-08,MTL,WPG,2,4,38,27,REG
2020020638,20202021,2021-04-08,OTT,EDM,1,3,40,23,REG
2020020229,20202021,2021-04-09,BUF,WSH,3,4,33,33,REG
2020020494,20202021,2021-04-09,NJD,PIT,4,6,30,27,REG
2020020636,20202021,2021-04-09,NYI,NYR,1,4,32,36,REG
2020020637,20202021,2021-04-09,STL,MIN,9,1,38,25,REG
2020020639,20202021,2021-04-09,VGK,ARI,7,4,37,26,REG
2020020640,20202021,2021-04-09,ANA,COL,0,2,28,35,REG
2020020641,20202021,2021-04-09,SJS,LAK,5,2,29,34,REG
2020020605,20202021,2021-04-10,PHI,BOS,3,2,23,32,REG
2020020642,20202021,2021-04-10,CAR,DET,4,5,34,28,SO
2020020643,20202021,2021-04-10,CBJ,CHI,3,4,26,28,REG
2020020644,20202021,2021-04-10,NSH,TBL,0,3,36,34,REG
2020020645,20202021,2021-04-10,MTL,WPG,0,5,19,25,REG
2020020646,20202021,2021-04-10,TOR,OTT,6,5,38,32,REG
2020020648,20202021,2021-04-10,DAL,FLA,4,1,20,21,REG
2020020649,20202021,2021-04-10,SJS,LAK,2,4,28,26,REG
2020020654,20202021,2021-04-10,STL,MIN,3,2,30,30,OT
2020020849,20202021,2021-04-10,CGY,EDM,5,0,32,17,REG
2020020650,20202021,2021-04-11,NJD,PIT,2,5,30,24,REG
2020020651,20202021,2021-04-11,NYI,NYR,3,2,32,26,OT
2020020652,20202021,2021-04-11,PHI,BUF,3,5,43,31,REG
2020020655,20202021,2021-04-11,VGK,ARI,1,0,29,14,REG
2020020656,20202021,2021-04-11,ANA,COL,1,4,25,37,REG
2020020714,20202021,2021-04-11,BOS,WSH,1,8,35,33,REG
2020020788,20202021,2021-04-11,NSH,DAL,3,2,20,26,SO
2020020225,20202021,2021-04-12,COL,ARI,4,2,20,37,REG
2020020657,20202021,2021-04-12,CAR,DET,1,3,38,30,REG
2020020658,20202021,2021-04-12,CBJ,CHI,3,4,33,34,OT
2020020660,20202021,2021-04-12,MTL,TOR,4,2,25,25,REG
2020020661,20202021,2021-04-12,OTT,WPG,4,2,24,26,REG
2020020663,20202021,2021-04-12,LAK,VGK,2,4,28,41,REG
2020020664,20202021,2021-04-12,SJS,ANA,0,4,46,21,REG
2020020195,20202021,2021-04-13,BOS,BUF,3,2,34,23,SO
2020020202,20202021,2021-04-13,WSH,PHI,6,1,32,30,REG
2020020659,20202021,2021-04-13,NSH,TBL,7,2,22,23,REG
2020020666,20202021,2021-04-13,NJD,NYR,0,3,27,20,REG
2020020669,20202021,2021-04-13,TOR,CGY,2,3,26,28,OT
2020020670,20202021,2021-04-13,DAL,FLA,2,3,26,31,OT
2020020182,20202021,2021-04-14,STL,COL,3,4,34,28,REG
2020020192,20202021,2021-04-14,MIN,ARI,5,2,22,30,REG
2020020671,20202021,2021-04-14,MTL,CGY,1,4,27,34,REG
2020020672,20202021,2021-04-14,OTT,WPG,2,3,29,35,REG
2020020674,20202021,2021-04-14,LAK,VGK,2,6,22,32,REG
2020020675,20202021,2021-04-14,SJS,ANA,1,4,28,27,REG
2020020665,20202021,2021-04-15,BOS,NYI,4,1,45,23,REG
2020020676,20202021,2021-04-15,NYR,NJD,4,0,33,16,REG
2020020677,20202021,2021-04-15,WSH,BUF,2,5,29,30,REG
2020020678,20202021,2021-04-15,CAR,NSH,4,1,29,20,REG
2020020679,20202021,2021-04-15,TBL,FLA,3,2,19,38,OT
2020020680,20202021,2021-04-15,PIT,PHI,1,2,32,27,SO
2020020681,20202021,2021-04-15,DET,CHI,4,1,28,25,REG
2020020682,20202021,2021-04-15,TOR,WPG,2,5,33,24,REG
2020020683,20202021,2021-04-15,DAL,CBJ,4,1,31,18,REG
2020020685,20202021,2021-04-16,BOS,NYI,3,0,28,25,REG
2020020686,20202021,2021-04-16,MTL,CGY,2,1,20,29,REG
2020020687,20202021,2021-04-16,MIN,SJS,3,2,18,22,REG
2020020689,20202021,2021-04-16,ANA,VGK,0,4,16,51,REG
2020020546,20202021,2021-04-17,MTL,OTT,0,4,23,15,REG
2020020690,20202021,2021-04-17,BUF,PIT,2,3,30,41,REG
2020020691,20202021,2021-04-17,NYR,NJD,6,3,30,33,REG
2020020692,20202021,2021-04-17,PHI,WSH,3,6,25,41,REG
2020020693,20202021,2021-04-17,CAR,NSH,3,1,48,28,REG
2020020694,20202021,2021-04-17,TBL,FLA,3,5,31,32,REG
2020020695,20202021,2021-04-17,DET,CHI,0,4,29,27,REG
2020020696,20202021,2021-04-17,WPG,EDM,0,3,26,25,REG
2020020698,20202021,2021-04-17,MIN,SJS,5,2,28,28,REG
2020020699,20202021,2021-04-17,DAL,CBJ,5,1,32,22,REG
2020020700,20202021,2021-04-17,ARI,STL,3,2,29,22,REG
2020020697,20202021,2021-04-18,VAN,TOR,3,2,24,39,OT
2020020701,20202021,2021-04-18,BOS,WSH,6,3,28,33,REG
2020020702,20202021,2021-04-18,NJD,NYR,3,5,30,25,REG
2020020703,20202021,2021-04-18,PHI,NYI,0,1,30,28,OT
2020020705,20202021,2021-04-18,ANA,VGK,2,5,35,29,REG
2020020715,20202021,2021-04-18,BUF,PIT,4,2,29,36,REG
2020020601,20202021,2021-04-19,NSH,CHI,5,2,30,32,REG
2020020706,20202021,2021-04-19,TBL,CAR,3,2,36,27,OT
2020020707,20202021,2021-04-19,FLA,CBJ,4,2,39,36,REG
2020020708,20202021,2021-04-19,CGY,OTT,2,4,28,20,REG
2020020709,20202021,2021-04-19,EDM,MTL,4,1,36,23,REG
2020020711,20202021,2021-04-19,DAL,DET,3,2,36,22,SO
2020020712,20202021,2021-04-19,ARI,MIN,2,5,24,24,REG
2020020713,20202021,2021-04-19,VGK,SJS,3,2,40,31,SO
2020020166,20202021,2021-04-20,PIT,NJD,7,6,32,30,REG
2020020483,20202021,2021-04-20,BUF,BOS,0,2,32,41,REG
2020020710,20202021,2021-04-20,VAN,TOR,6,3,29,40,REG
2020020717,20202021,2021-04-20,NYI,NYR,6,1,28,26,REG
2020020718,20202021,2021-04-20,TBL,CAR,1,4,27,36,REG
2020020719,20202021,2021-04-20,FLA,CBJ,5,1,33,34,REG
2020020722,20202021,2021-04-20,DAL,DET,5,2,24,26,REG
2020020724,20202021,2021-04-20,LAK,ANA,4,1,22,25,REG
2020020721,20202021,2021-04-21,EDM,MTL,3,4,25,31,REG
2020020725,20202021,2021-04-21,CHI,NSH,5,4,30,40,OT
2020020727,20202021,2021-04-21,ARI,MIN,1,4,40,23,REG
2020020728,20202021,2021-04-21,VGK,SJS,5,2,40,33,REG
2020020254,20202021,2021-04-22,NYR,PHI,2,3,35,36,REG
2020020726,20202021,2021-04-22,WPG,TOR,3,5,37,33,REG
2020020729,20202021,2021-04-22,BUF,BOS,1,5,30,38,REG
2020020730,20202021,2021-04-22,NYI,WSH,0,1,26,28,SO
2020020731,20202021,2021-04-22,TBL,CBJ,3,1,28,25,REG
2020020732,20202021,2021-04-22,FLA,CAR,2,4,34,29,REG
2020020733,20202021,2021-04-22,PIT,NJD,5,1,23,31,REG
2020020734,20202021,2021-04-22,DET,DAL,7,3,23,46,REG
2020020735,20202021,2021-04-22,STL,COL,2,4,27,29,REG
2020020737,20202021,2021-04-22,VAN,OTT,0,3,31,25,REG
2020020240,20202021,2021-04-23,LAK,MIN,2,4,42,24,REG
2020020736,20202021,2021-04-23,CGY,MTL,4,2,31,20,REG
2020020738,20202021,2021-04-23,BUF,BOS,6,4,34,40,REG
2020020739,20202021,2021-04-23,NYR,PHI,4,1,24,27,REG
2020020740,20202021,2021-04-23,CHI,NSH,1,3,30,28,REG
2020020325,20202021,2021-04-24,ANA,VGK,1,5,24,31,REG
2020020744,20202021,2021-04-24,NYI,WSH,3,6,24,30,REG
2020020745,20202021,2021-04-24,FLA,CAR,4,3,36,19,OT
2020020746,20202021,2021-04-24,PIT,NJD,4,2,37,36,REG
2020020747,20202021,2021-04-24,DET,DAL,1,2,17,52,OT
2020020748,20202021,2021-04-24,STL,COL,5,3,30,31,REG
2020020749,20202021,2021-04-24,WPG,TOR,1,4,26,37,REG
2020020750,20202021,2021-04-24,CGY,MTL,5,2,34,32,REG
2020020751,20202021,2021-04-24,VAN,OTT,4,2,34,28,REG
2020020752,20202021,2021-04-24,LAK,ARI,0,4,26,40,REG
2020020753,20202021,2021-04-24,SJS,MIN,3,6,30,26,REG
2020020216,20202021,2021-04-25,PHI,NJD,4,3,36,32,SO
2020020754,20202021,2021-04-25,NYR,BUF,6,3,29,34,REG
2020020756,20202021,2021-04-25,TBL,CBJ,4,3,34,22,OT
2020020757,20202021,2021-04-25,PIT,BOS,1,0,29,30,REG
2020020191,20202021,2021-04-26,STL,COL,4,1,20,32,REG
2020020758,20202021,2021-04-26,NSH,FLA,4,1,27,40,REG
2020020759,20202021,2021-04-26,OTT,VAN,2,1,27,26,REG
2020020760,20202021,2021-04-26,WPG,EDM,1,6,37,30,REG
2020020761,20202021,2021-04-26,CGY,MTL,1,2,22,24,REG
2020020763,20202021,2021-04-26,DAL,CAR,4,3,31,32,OT
2020020765,20202021,2021-04-26,LAK,ANA,4,1,25,22,REG
2020020766,20202021,2021-04-26,SJS,ARI,6,4,34,25,REG
2020020447,20202021,2021-04-27,WSH,NYI,1,0,33,18,REG
2020020716,20202021,2021-04-27,NJD,PHI,6,4,27,30,REG
2020020768,20202021,2021-04-27,NYR,BUF,3,1,41,37,REG
2020020770,20202021,2021-04-27,PIT,BOS,1,3,26,31,REG
2020020771,20202021,2021-04-27,CBJ,DET,1,0,33,41,SO
2020020772,20202021,2021-04-27,CHI,TBL,4,7,40,30,REG
2020020773,20202021,2021-04-27,NSH,FLA,4,7,30,55,REG
2020020774,20202021,2021-04-27,DAL,CAR,1,5,28,30,REG
2020020775,20202021,2021-04-28,MTL,TOR,1,4,33,29,REG
2020020776,20202021,2021-04-28,OTT,VAN,6,3,33,22,REG
2020020777,20202021,2021-04-28,WPG,EDM,1,3,30,27,REG
2020020778,20202021,2021-04-28,MIN,STL,3,4,29,32,REG
2020020779,20202021,2021-04-28,VGK,COL,5,2,26,37,REG
2020020780,20202021,2021-04-28,LAK,ANA,2,3,30,22,REG
2020020781,20202021,2021-04-28,SJS,ARI,4,2,31,30,REG
2020020347,20202021,2021-04-29,TBL,DAL,3,0,28,20,REG
2020020762,20202021,2021-04-29,MIN,STL,4,5,30,21,OT
2020020782,20202021,2021-04-29,BOS,BUF,5,2,40,31,REG
2020020783,20202021,2021-04-29,NJD,PHI,5,3,19,24,REG
2020020784,20202021,2021-04-29,NYR,NYI,0,4,25,27,REG
2020020785,20202021,2021-04-29,WSH,PIT,4,5,37,35,OT
2020020786,20202021,2021-04-29,CAR,DET,3,1,32,17,REG
2020020787,20202021,2021-04-29,CHI,FLA,3,4,27,39,OT
2020020789,20202021,2021-04-29,EDM,CGY,1,3,31,30,REG
2020020792,20202021,2021-04-29,TOR,VAN,4,1,24,16,REG
2020020791,20202021,2021-04-30,MTL,WPG,5,3,35,22,REG
2020020793,20202021,2021-04-30,COL,SJS,3,0,36,21,REG
2020020794,20202021,2021-04-30,ARI,VGK,3,0,32,25,REG
2020020795,20202021,2021-04-30,ANA,LAK,1,2,34,25,REG
2020020207,20202021,2021-05-01,MIN,STL,4,3,38,31,OT
2020020796,20202021,2021-05-01,BOS,BUF,6,2,43,19,REG
2020020797,20202021,2021-05-01,NYI,NYR,3,0,25,28,REG
2020020798,20202021,2021-05-01,PHI,NJD,1,4,32,21,REG
2020020799,20202021,2021-05-01,WSH,PIT,0,3,24,26,REG
2020020800,20202021,2021-05-01,CAR,CBJ,2,1,33,32,OT
2020020801,20202021,2021-05-01,DET,TBL,1,0,15,33,SO
2020020802,20202021,2021-05-01,CHI,FLA,4,5,35,42,REG
2020020804,20202021,2021-05-01,NSH,DAL,1,0,34,28,OT
2020020805,20202021,2021-05-01,MTL,OTT,3,2,39,23,OT
2020020806,20202021,2021-05-01,TOR,VAN,5,1,30,27,REG
2020020807,20202021,2021-05-01,EDM,CGY,4,1,29,30,REG
2020020808,20202021,2021-05-01,COL,SJS,4,3,44,25,REG
2020020809,20202021,2021-05-01,ARI,VGK,2,3,21,34,OT
2020020810,20202021,2021-05-01,ANA,LAK,6,2,33,25,REG
2020020811,20202021,2021-05-02,DET,TBL,1,2,23,42,REG
2020020020,20202021,2021-05-03,FLA,DAL,5,4,43,29,OT
2020020812,20202021,2021-05-03,BUF,NYI,4,2,40,36,REG
2020020813,20202021,2021-05-03,NJD,BOS,0,3,20,42,REG
2020020814,20202021,2021-05-03,NYR,WSH,3,6,26,40,REG
2020020815,20202021,2021-05-03,PHI,PIT,7,2,45,37,REG
2020020816,20202021,2021-05-03,CAR,CHI,5,2,38,17,REG
2020020817,20202021,2021-05-03,CBJ,NSH,3,4,32,38,OT
2020020818,20202021,2021-05-03,STL,ANA,3,1,32,20,REG
2020020819,20202021,2021-05-03,MTL,TOR,3,2,23,29,OT
2020020820,20202021,2021-05-03,OTT,WPG,2,1,18,29,REG
2020020821,20202021,2021-05-03,MIN,VGK,6,5,32,32,REG
2020020822,20202021,2021-05-03,ARI,LAK,2,3,34,26,REG
2020020823,20202021,2021-05-03,SJS,COL,4,5,27,31,OT
2020020829,20202021,2021-05-03,VAN,EDM,3,5,23,32,REG
2020020824,20202021,2021-05-04,BUF,NYI,4,3,31,48,SO
2020020825,20202021,2021-05-04,NJD,BOS,4,3,21,36,OT
2020020826,20202021,2021-05-04,PHI,PIT,3,7,33,31,REG
2020020827,20202021,2021-05-04,CAR,CHI,6,3,28,30,REG
2020020844,20202021,2021-05-04,VAN,EDM,1,4,29,27,REG
2020020033,20202021,2021-05-05,TBL,DAL,6,2,20,22,REG
2020020564,20202021,2021-05-05,OTT,MTL,5,1,34,31,REG
2020020830,20202021,2021-05-05,NYR,WSH,2,4,21,35,REG
2020020831,20202021,2021-05-05,CBJ,NSH,4,2,27,32,REG
2020020832,20202021,2021-05-05,STL,ANA,2,3,26,35,SO
2020020834,20202021,2021-05-05,CGY,WPG,0,4,32,19,REG
2020020835,20202021,2021-05-05,MIN,VGK,2,3,28,34,OT
2020020836,20202021,2021-05-05,ARI,LAK,2,4,30,22,REG
2020020837,20202021,2021-05-05,SJS,COL,3,2,33,32,REG
2020020280,20202021,2021-05-06,CAR,CHI,1,2,37,27,OT
2020020593,20202021,2021-05-06,EDM,VAN,3,6,42,27,REG
2020020838,20202021,2021-05-06,BOS,NYR,4,0,34,15,REG
2020020839,20202021,2021-05-06,NYI,NJD,1,2,33,25,REG
2020020842,20202021,2021-05-06,PIT,BUF,8,4,34,23,REG
2020020847,20202021,2021-05-06,TOR,MTL,5,2,35,21,REG
2020020048,20202021,2021-05-07,TBL,DAL,2,5,27,31,REG
2020020840,20202021,2021-05-07,WSH,PHI,2,4,30,29,REG
2020020845,20202021,2021-05-07,CBJ,DET,2,5,24,36,REG
2020020850,20202021,2021-05-07,MIN,ANA,4,3,36,25,OT
2020020851,20202021,2021-05-07,VGK,STL,4,3,35,25,OT
2020020852,20202021,2021-05-07,LAK,COL,2,3,17,37,REG
2020020853,20202021,2021-05-07,SJS,ARI,2,5,28,34,REG
2020020662,20202021,2021-05-08,EDM,VAN,4,3,34,25,REG
2020020854,20202021,2021-05-08,BOS,NYR,4,5,39,23,REG
2020020855,20202021,2021-05-08,NYI,NJD,5,1,27,24,REG
2020020856,20202021,2021-05-08,WSH,PHI,2,1,40,29,OT
2020020857,20202021,2021-05-08,FLA,TBL,5,1,35,29,REG
2020020858,20202021,2021-05-08,PIT,BUF,1,0,23,29,REG
2020020859,20202021,2021-05-08,CBJ,DET,5,4,36,37,OT
2020020861,20202021,2021-05-08,NSH,CAR,3,1,30,22,REG
2020020862,20202021,2021-05-08,TOR,MTL,3,2,26,23,REG
2020020863,20202021,2021-05-08,WPG,OTT,2,4,29,23,REG
2020020865,20202021,2021-05-08,MIN,ANA,4,3,25,22,OT
2020020866,20202021,2021-05-08,VGK,STL,4,1,29,21,REG
2020020867,20202021,2021-05-08,LAK,COL,2,3,18,30,REG
2020020868,20202021,2021-05-08,SJS,ARI,4,5,48,32,OT
2020020720,20202021,2021-05-09,CGY,OTT,6,1,36,20,REG
2020020843,20202021,2021-05-09,CHI,DAL,4,2,25,39,REG
2020020231,20202021,2021-05-10,PHI,NJD,4,2,31,25,REG
2020020456,20202021,2021-05-10,LAK,STL,1,2,27,19,OT
2020020510,20202021,2021-05-10,MTL,EDM,3,4,28,35,OT
2020020529,20202021,2021-05-10,BOS,NYI,3,2,38,18,OT
2020020602,20202021,2021-05-10,WPG,VAN,1,3,40,31,REG
2020020764,20202021,2021-05-10,VGK,COL,1,2,37,21,REG
2020020841,20202021,2021-05-10,FLA,TBL,4,0,30,30,REG
2020020846,20202021,2021-05-10,NSH,CAR,5,0,27,30,REG
2020020860,20202021,2021-05-10,CHI,DAL,4,5,23,50,OT
2020020619,20202021,2021-05-11,WPG,VAN,5,0,36,24,REG
2020020653,20202021,2021-05-11,WSH,BOS,2,1,32,25,REG
2020020162,20202021,2021-05-12,SJS,VGK,0,6,19,44,REG
2020020526,20202021,2021-05-12,MTL,EDM,3,4,29,22,OT
2020020688,20202021,2021-05-12,COL,LAK,6,0,37,18,REG
2020020790,20202021,2021-05-12,STL,MIN,4,0,27,31,REG
2020020833,20202021,2021-05-12,OTT,TOR,4,3,28,33,OT
2020020647,20202021,2021-05-13,CGY,VAN,4,1,28,25,REG
2020020704,20202021,2021-05-13,COL,LAK,5,1,43,22,REG
2020020803,20202021,2021-05-13,STL,MIN,7,3,27,20,REG
2020020741,20202021,2021-05-14,WPG,TOR,4,2,24,36,REG
2020020673,20202021,2021-05-15,EDM,VAN,1,4,32,41,REG
2020020567,20202021,2021-05-16,VAN,CGY,5,6,35,36,OT
2020020864,20202021,2021-05-18,VAN,CGY,4,2,24,40,REG
2020020634,20202021,2021-05-19,CGY,VAN,6,2,28,21,REG
2021020001,20212022,2021-10-12,TBL,PIT,2,6,28,35,REG
2021020002,20212022,2021-10-12,VGK,SEA,4,3,30,31,REG
2021020003,20212022,2021-10-13,TOR,MTL,2,1,30,32,REG
2021020004,20212022,2021-10-13,WSH,NYR,5,1,27,24,REG
2021020005,20212022,2021-10-13,COL,CHI,4,2,36,34,REG
2021020006,20212022,2021-10-13,EDM,VAN,3,2,34,38,SO
2021020015,20212022,2021-10-13,ANA,WPG,4,1,22,34,REG
2021020007,20212022,2021-10-14,BUF,MTL,5,1,36,31,REG
2021020008,20212022,2021-10-14,OTT,TOR,3,2,36,48,REG
2021020009,20212022,2021-10-14,DET,TBL,6,7,26,48,OT
2021020010,20212022,2021-10-14,FLA,PIT,5,4,39,47,OT
2021020011,20212022,2021-10-14,NYR,DAL,2,3,33,26,OT
2021020012,20212022,2021-10-14,CAR,NYI,6,3,41,28,REG
2021020013,20212022,2021-10-14,CBJ,ARI,8,2,26,38,REG
2021020014,20212022,2021-10-14,NSH,SEA,3,4,30,26,REG
2021020016,20212022,2021-10-14,LAK,VGK,6,2,47,25,REG
2021020017,20212022,2021-10-15,NJD,CHI,4,3,29,27,OT
2021020018,20212022,2021-10-15,PHI,VAN,4,5,35,39,SO
2021020019,20212022,2021-10-15,ANA,MIN,1,2,29,43,REG
2021020020,20212022,2021-10-16,BOS,DAL,3,1,40,28,REG
2021020021,20212022,2021-10-16,BUF,ARI,2,1,33,21,SO
2021020022,20212022,2021-10-16,TOR,OTT,3,1,29,21,REG
2021020023,20212022,2021-10-16,MTL,NYR,1,3,32,24,REG
2021020024,20212022,2021-10-16,DET,VAN,3,1,21,41,REG
2021020025,20212022,2021-10-16,FLA,NYI,5,1,29,30,REG
2021020026,20212022,2021-10-16,PIT,CHI,5,2,26,20,REG
2021020027,20212022,2021-10-16,WSH,TBL,1,2,33,24,OT
2021020028,20212022,2021-10-16,CBJ,SEA,2,1,25,20,OT
2021020029,20212022,2021-10-16,NSH,CAR,2,3,40,32,REG
2021020030,20212022,2021-10-16,COL,STL,3,5,32,28,REG
2021020031,20212022,2021-10-16,EDM,CGY,5,2,33,47,REG
2021020032,20212022,2021-10-16,LAK,MIN,2,3,31,30,REG
2021020033,20212022,2021-10-16,SJS,WPG,4,3,31,23,REG
2021020034,20212022,2021-10-17,OTT,DAL,3,2,27,34,REG
2021020035,20212022,2021-10-18,TOR,NYR,1,2,41,23,OT
2021020036,20212022,2021-10-18,PHI,SEA,6,1,27,24,REG
2021020037,20212022,2021-10-18,CGY,ANA,2,3,43,27,OT
2021020038,20212022,2021-10-18,ARI,STL,4,7,26,33,REG
2021020039,20212022,2021-10-19,BUF,VAN,5,2,43,34,REG
2021020040,20212022,2021-10-19,MTL,SJS,0,5,21,25,REG
2021020041,20212022,2021-10-19,DET,CBJ,4,1,45,23,REG
2021020042,20212022,2021-10-19,TBL,FLA,1,4,31,32,REG
2021020043,20212022,2021-10-19,NJD,SEA,4,2,33,29,REG
2021020044,20212022,2021-10-19,PIT,DAL,1,2,28,29,SO
2021020045,20212022,2021-10-19,WSH,COL,6,3,40,27,REG
2021020046,20212022,2021-10-19,CHI,NYI,1,4,40,29,REG
2021020047,20212022,2021-10-19,NSH,LAK,2,1,31,26,REG
2021020048,20212022,2021-10-19,MIN,WPG,6,5,44,30,OT
2021020049,20212022,2021-10-19,EDM,ANA,6,5,37,36,REG
2021020050,20212022,2021-10-20,PHI,BOS,6,3,25,40,REG
2021020051,20212022,2021-10-20,VGK,STL,1,3,43,38,REG
2021020052,20212022,2021-10-21,MTL,CAR,1,4,28,33,REG
2021020053,20212022,2021-10-21,OTT,SJS,1,2,31,24,REG
2021020054,20212022,2021-10-21,DET,CGY,0,3,33,29,REG
2021020055,20212022,2021-10-21,FLA,COL,4,1,38,31,REG
2021020056,20212022,2021-10-21,NJD,WSH,1,4,26,27,REG
2021020057,20212022,2021-10-21,CBJ,NYI,3,2,32,36,OT
2021020058,20212022,2021-10-21,CHI,VAN,1,4,30,25,REG
2021020059,20212022,2021-10-21,NSH,NYR,1,3,29,30,REG
2021020060,20212022,2021-10-21,WPG,ANA,5,1,27,39,REG
2021020061,20212022,2021-10-21,ARI,EDM,1,5,28,31,REG
2021020062,20212022,2021-10-22,BUF,BOS,1,4,36,26,REG
2021020063,20212022,2021-10-22,TOR,SJS,3,5,33,31,REG
2021020064,20212022,2021-10-22,DAL,LAK,3,2,23,45,OT
2021020065,20212022,2021-10-22,VGK,EDM,3,5,39,33,REG
2021020066,20212022,2021-10-23,MTL,DET,6,1,24,27,REG
2021020067,20212022,2021-10-23,OTT,NYR,2,3,28,26,REG
2021020068,20212022,2021-10-23,TBL,COL,3,4,32,27,SO
2021020069,20212022,2021-10-23,NJD,BUF,2,1,39,25,OT
2021020070,20212022,2021-10-23,PHI,FLA,2,4,29,31,REG
2021020071,20212022,2021-10-23,PIT,TOR,7,1,33,29,REG
2021020072,20212022,2021-10-23,WSH,CGY,3,4,25,27,OT
2021020073,20212022,2021-10-23,CBJ,CAR,1,5,28,33,REG
2021020074,20212022,2021-10-23,STL,LAK,7,3,40,35,REG
2021020075,20212022,2021-10-23,MIN,ANA,4,3,36,24,OT
2021020076,20212022,2021-10-23,WPG,NSH,6,4,29,30,REG
2021020077,20212022,2021-10-23,ARI,NYI,0,3,26,24,REG
2021020078,20212022,2021-10-23,SEA,VAN,2,4,31,26,REG
2021020079,20212022,2021-10-24,BOS,SJS,4,3,34,26,REG
2021020080,20212022,2021-10-24,CHI,DET,3,6,35,37,REG
2021020081,20212022,2021-10-24,MIN,NSH,2,5,35,29,REG
2021020082,20212022,2021-10-24,VGK,NYI,0,2,42,26,REG
2021020083,20212022,2021-10-25,BUF,TBL,5,1,25,36,REG
2021020084,20212022,2021-10-25,OTT,WSH,5,7,37,31,REG
2021020085,20212022,2021-10-25,FLA,ARI,5,3,41,21,REG
2021020086,20212022,2021-10-25,NYR,CGY,1,5,29,37,REG
2021020087,20212022,2021-10-25,CAR,TOR,4,1,36,25,REG
2021020088,20212022,2021-10-25,CBJ,DAL,4,1,26,32,REG
2021020089,20212022,2021-10-25,STL,LAK,3,0,35,34,REG
2021020090,20212022,2021-10-26,NJD,CGY,3,5,30,29,REG
2021020091,20212022,2021-10-26,PIT,TBL,1,5,29,31,REG
2021020092,20212022,2021-10-26,NSH,SJS,3,1,26,29,REG
2021020093,20212022,2021-10-26,COL,VGK,1,3,27,29,REG
2021020094,20212022,2021-10-26,VAN,MIN,2,3,24,30,REG
2021020095,20212022,2021-10-26,ANA,WPG,3,4,35,25,REG
2021020096,20212022,2021-10-26,SEA,MTL,5,1,26,24,REG
2021020097,20212022,2021-10-27,FLA,BOS,4,1,27,31,REG
2021020098,20212022,2021-10-27,WSH,DET,2,3,28,25,OT
2021020099,20212022,2021-10-27,CHI,TOR,2,3,29,40,OT
2021020100,20212022,2021-10-27,DAL,VGK,2,3,34,21,OT
2021020101,20212022,2021-10-27,EDM,PHI,3,5,37,34,REG
2021020102,20212022,2021-10-28,TBL,ARI,5,1,28,25,REG
2021020103,20212022,2021-10-28,PIT,CGY,0,4,45,35,REG
2021020104,20212022,2021-10-28,CAR,BOS,3,0,24,33,REG
2021020105,20212022,2021-10-28,STL,COL,3,4,18,42,REG
2021020106,20212022,2021-10-28,VAN,PHI,1,2,28,28,REG
2021020107,20212022,2021-10-28,ANA,BUF,3,4,37,29,OT
2021020108,20212022,2021-10-28,LAK,WPG,2,3,32,31,REG
2021020109,20212022,2021-10-28,SJS,MTL,0,4,45,32,REG
2021020110,20212022,2021-10-28,SEA,MIN,4,1,38,31,REG
2021020111,20212022,2021-10-29,DET,FLA,2,3,30,33,OT
2021020112,20212022,2021-10-29,NYR,CBJ,4,0,37,31,REG
2021020113,20212022,2021-10-29,WSH,ARI,2,0,32,16,REG
2021020114,20212022,2021-10-29,CAR,CHI,6,3,35,26,REG
2021020115,20212022,2021-10-29,DAL,OTT,1,4,39,24,REG
2021020116,20212022,2021-10-29,VGK,ANA,5,4,42,38,SO
2021020117,20212022,2021-10-30,BOS,FLA,3,2,33,35,SO
2021020118,20212022,2021-10-30,TOR,DET,5,4,38,31,REG
2021020119,20212022,2021-10-30,PIT,NJD,2,4,35,40,REG
2021020120,20212022,2021-10-30,STL,CHI,1,0,37,25,REG
2021020121,20212022,2021-10-30,NSH,NYI,3,2,23,36,SO
2021020122,20212022,2021-10-30,COL,MIN,4,1,31,30,REG
2021020123,20212022,2021-10-30,CGY,PHI,4,0,36,20,REG
2021020124,20212022,2021-10-30,VAN,EDM,1,2,30,34,REG
2021020125,20212022,2021-10-30,LAK,MTL,5,2,38,28,REG
2021020126,20212022,2021-10-30,SJS,WPG,2,1,36,35,OT
2021020127,20212022,2021-10-31,NJD,CBJ,3,4,39,26,SO
2021020128,20212022,2021-10-31,CAR,ARI,2,1,39,23,REG
2021020129,20212022,2021-10-31,ANA,MTL,4,2,26,18,REG
2021020130,20212022,2021-10-31,LAK,BUF,3,2,34,24,REG
2021020131,20212022,2021-10-31,SEA,NYR,1,3,32,18,REG
2021020132,20212022,2021-11-01,TBL,WSH,3,2,26,33,REG
2021020133,20212022,2021-11-01,CHI,OTT,5,1,31,30,REG
2021020134,20212022,2021-11-01,EDM,SEA,5,2,23,29,REG
2021020135,20212022,2021-11-02,TOR,VGK,4,0,33,26,REG
2021020136,20212022,2021-11-02,MTL,DET,3,0,41,22,REG
2021020137,20212022,2021-11-02,PHI,ARI,3,0,34,29,REG
2021020138,20212022,2021-11-02,MIN,OTT,5,4,43,28,OT
2021020139,20212022,2021-11-02,WPG,DAL,4,3,35,27,SO
2021020140,20212022,2021-11-02,CGY,NSH,2,3,40,22,OT
2021020141,20212022,2021-11-02,VAN,NYR,3,2,36,25,OT
2021020142,20212022,2021-11-02,ANA,NJD,4,0,27,28,REG
2021020143,20212022,2021-11-02,SJS,BUF,5,3,27,28,REG
2021020144,20212022,2021-11-03,CHI,CAR,3,4,30,32,REG
2021020145,20212022,2021-11-03,COL,CBJ,4,5,32,37,OT
2021020146,20212022,2021-11-03,EDM,NSH,5,2,30,33,REG
2021020147,20212022,2021-11-03,LAK,STL,3,2,35,35,SO
2021020148,20212022,2021-11-04,BOS,DET,5,1,37,15,REG
2021020149,20212022,2021-11-04,TOR,TBL,2,1,34,25,OT
2021020150,20212022,2021-11-04,MTL,NYI,2,6,38,36,REG
2021020151,20212022,2021-11-04,OTT,VGK,1,5,39,39,REG
2021020152,20212022,2021-11-04,FLA,WSH,5,4,33,42,OT
2021020153,20212022,2021-11-04,PIT,PHI,3,2,36,38,OT
2021020154,20212022,2021-11-04,CGY,DAL,3,4,33,28,OT
2021020155,20212022,2021-11-04,SJS,STL,3,5,26,28,REG
2021020156,20212022,2021-11-04,SEA,BUF,5,2,38,21,REG
2021020157,20212022,2021-11-05,WPG,CHI,5,1,33,18,REG
2021020158,20212022,2021-11-05,EDM,NYR,6,5,39,25,OT
2021020159,20212022,2021-11-05,VAN,NSH,2,3,28,28,REG
2021020160,20212022,2021-11-05,ANA,ARI,3,1,31,29,REG
2021020161,20212022,2021-11-05,LAK,NJD,3,2,29,23,OT
2021020162,20212022,2021-11-06,BUF,DET,3,4,32,33,OT
2021020163,20212022,2021-11-06,TOR,BOS,5,2,36,44,REG
2021020164,20212022,2021-11-06,MTL,VGK,2,5,38,18,REG
2021020165,20212022,2021-11-06,OTT,TBL,3,5,27,33,REG
2021020166,20212022,2021-11-06,FLA,CAR,5,2,32,32,REG
2021020167,20212022,2021-11-06,PIT,MIN,4,5,39,40,SO
2021020168,20212022,2021-11-06,WSH,PHI,1,2,32,32,REG
2021020169,20212022,2021-11-06,CBJ,COL,4,2,42,36,REG
2021020170,20212022,2021-11-06,WPG,NYI,0,2,24,31,REG
2021020171,20212022,2021-11-06,CGY,NYR,6,0,37,22,REG
2021020172,20212022,2021-11-06,ARI,SEA,5,4,22,31,REG
2021020173,20212022,2021-11-06,SJS,NJD,2,3,27,28,SO
2021020174,20212022,2021-11-07,DET,VGK,5,2,30,40,REG
2021020175,20212022,2021-11-07,CHI,NSH,2,1,32,21,OT
2021020176,20212022,2021-11-07,MIN,NYI,5,2,39,21,REG
2021020177,20212022,2021-11-07,VAN,DAL,6,3,36,28,REG
2021020178,20212022,2021-11-07,ANA,STL,4,1,27,35,REG
2021020179,20212022,2021-11-08,TOR,LAK,1,5,34,29,REG
2021020180,20212022,2021-11-08,NYR,FLA,4,3,18,45,REG
2021020181,20212022,2021-11-08,WSH,BUF,5,3,30,28,REG
2021020182,20212022,2021-11-09,BOS,OTT,3,2,36,27,REG
2021020183,20212022,2021-11-09,MTL,LAK,2,3,35,34,OT
2021020184,20212022,2021-11-09,DET,EDM,4,2,39,33,REG
2021020185,20212022,2021-11-09,TBL,CAR,1,2,18,31,OT
2021020186,20212022,2021-11-09,NJD,FLA,7,3,31,38,REG
2021020187,20212022,2021-11-09,CHI,PIT,3,2,32,44,SO
2021020188,20212022,2021-11-09,WPG,STL,2,3,41,33,SO
2021020189,20212022,2021-11-09,CGY,SJS,1,4,38,26,REG
2021020190,20212022,2021-11-09,VAN,ANA,2,3,43,30,OT
2021020191,20212022,2021-11-09,VGK,SEA,4,2,23,27,REG
2021020192,20212022,2021-11-10,PHI,TOR,0,3,36,33,REG
2021020193,20212022,2021-11-10,DAL,NSH,2,4,27,22,REG
2021020194,20212022,2021-11-10,ARI,MIN,2,5,26,30,REG
2021020195,20212022,2021-11-11,BOS,EDM,3,5,29,28,REG
2021020196,20212022,2021-11-11,MTL,CGY,4,2,28,26,REG
2021020197,20212022,2021-11-11,OTT,LAK,0,2,34,36,REG
2021020198,20212022,2021-11-11,DET,WSH,0,2,21,29,REG
2021020199,20212022,2021-11-11,NJD,NYI,4,0,34,42,REG
2021020200,20212022,2021-11-11,PIT,FLA,3,2,31,38,SO
2021020201,20212022,2021-11-11,STL,NSH,3,4,36,27,OT
2021020202,20212022,2021-11-11,WPG,SJS,4,1,34,27,REG
2021020203,20212022,2021-11-11,COL,VAN,7,1,35,22,REG
2021020204,20212022,2021-11-11,VGK,MIN,3,2,35,26,REG
2021020205,20212022,2021-11-11,SEA,ANA,4,7,25,36,REG
2021020206,20212022,2021-11-12,BUF,EDM,3,2,23,35,REG
2021020207,20212022,2021-11-12,TOR,CGY,2,1,37,31,OT
2021020208,20212022,2021-11-12,CAR,PHI,1,2,40,28,REG
2021020209,20212022,2021-11-12,CBJ,WSH,3,4,29,28,REG
2021020210,20212022,2021-11-12,CHI,ARI,2,1,29,23,REG
2021020211,20212022,2021-11-13,BUF,TOR,4,5,27,26,REG
2021020212,20212022,2021-11-13,OTT,PIT,6,3,24,31,REG
2021020213,20212022,2021-11-13,DET,MTL,3,2,33,37,OT
2021020214,20212022,2021-11-13,TBL,FLA,3,2,24,28,OT
2021020215,20212022,2021-11-13,NJD,BOS,2,5,29,36,REG
2021020216,20212022,2021-11-13,CAR,STL,3,2,24,29,REG
2021020217,20212022,2021-11-13,CBJ,NYR,3,5,36,41,REG
2021020218,20212022,2021-11-13,NSH,ARI,4,1,24,23,REG
2021020219,20212022,2021-11-13,DAL,PHI,5,2,31,33,REG
2021020220,20212022,2021-11-13,WPG,LAK,3,2,23,29,OT
2021020221,20212022,2021-11-13,COL,SJS,6,2,31,30,REG
2021020222,20212022,2021-11-13,VGK,VAN,7,4,39,43,REG
2021020223,20212022,2021-11-13,SEA,MIN,2,4,30,22,REG
2021020224,20212022,2021-11-14,BOS,MTL,5,2,41,29,REG
2021020225,20212022,2021-11-14,OTT,CGY,0,4,27,33,REG
2021020226,20212022,2021-11-14,NYR,NJD,4,3,41,27,SO
2021020227,20212022,2021-11-14,WSH,PIT,6,1,32,25,REG
2021020228,20212022,2021-11-14,STL,EDM,4,5,39,32,REG
2021020229,20212022,2021-11-14,ANA,VAN,5,1,38,27,REG
2021020230,20212022,2021-11-15,TBL,NYI,4,1,28,26,REG
2021020231,20212022,2021-11-15,CBJ,DET,5,3,38,27,REG
2021020232,20212022,2021-11-16,TOR,NSH,3,0,34,24,REG
2021020233,20212022,2021-11-16,FLA,NYI,6,1,36,28,REG
2021020235,20212022,2021-11-16,NYR,MTL,3,2,34,33,REG
2021020236,20212022,2021-11-16,PHI,CGY,2,1,43,34,OT
2021020237,20212022,2021-11-16,PIT,BUF,1,2,46,19,REG
2021020238,20212022,2021-11-16,STL,ARI,2,3,36,23,REG
2021020239,20212022,2021-11-16,DAL,DET,5,2,30,30,REG
2021020240,20212022,2021-11-16,MIN,SJS,1,4,27,21,REG
2021020241,20212022,2021-11-16,WPG,EDM,5,2,35,34,REG
2021020242,20212022,2021-11-16,VGK,CAR,2,4,23,42,REG
2021020243,20212022,2021-11-16,ANA,WSH,3,2,31,30,OT
2021020244,20212022,2021-11-17,VAN,COL,2,4,34,30,REG
2021020245,20212022,2021-11-17,LAK,WSH,0,2,34,38,REG
2021020246,20212022,2021-11-17,SEA,CHI,2,4,33,19,REG
2021020247,20212022,2021-11-18,BUF,CGY,0,5,27,33,REG
2021020248,20212022,2021-11-18,TOR,NYR,2,1,30,28,REG
2021020249,20212022,2021-11-18,MTL,PIT,0,6,24,43,REG
2021020251,20212022,2021-11-18,FLA,NJD,4,1,41,46,REG
2021020252,20212022,2021-11-18,PHI,TBL,3,4,30,32,SO
2021020253,20212022,2021-11-18,STL,SJS,4,1,48,27,REG
2021020254,20212022,2021-11-18,MIN,DAL,7,2,26,38,REG
2021020255,20212022,2021-11-18,EDM,WPG,2,1,32,47,SO
2021020256,20212022,2021-11-18,ARI,CBJ,4,5,29,46,SO
2021020257,20212022,2021-11-18,VGK,DET,5,2,32,28,REG
2021020258,20212022,2021-11-18,ANA,CAR,1,2,32,31,REG
2021020259,20212022,2021-11-19,VAN,WPG,3,2,29,39,REG
2021020260,20212022,2021-11-19,SEA,COL,3,7,28,30,REG
2021020261,20212022,2021-11-20,TOR,PIT,0,2,26,31,REG
2021020262,20212022,2021-11-20,MTL,NSH,6,3,29,36,REG
2021020264,20212022,2021-11-20,TBL,NJD,3,5,34,27,REG
2021020265,20212022,2021-11-20,FLA,MIN,5,4,37,39,REG
2021020266,20212022,2021-11-20,NYI,CGY,2,5,36,31,REG
2021020267,20212022,2021-11-20,PHI,BOS,2,5,31,44,REG
2021020268,20212022,2021-11-20,DAL,STL,4,1,33,36,REG
2021020269,20212022,2021-11-20,EDM,CHI,5,2,33,31,REG
2021020270,20212022,2021-11-20,ARI,DET,2,1,29,34,OT
2021020271,20212022,2021-11-20,VGK,CBJ,3,2,35,29,REG
2021020272,20212022,2021-11-20,LAK,CAR,4,5,43,20,REG
2021020273,20212022,2021-11-20,SJS,WSH,0,4,22,21,REG
2021020274,20212022,2021-11-21,BOS,CGY,0,4,28,32,REG
2021020275,20212022,2021-11-21,TBL,MIN,5,4,24,32,SO
2021020276,20212022,2021-11-21,NYI,TOR,0,3,20,40,REG
2021020277,20212022,2021-11-21,NYR,BUF,5,4,36,22,REG
2021020278,20212022,2021-11-21,VAN,CHI,0,1,40,24,REG
2021020279,20212022,2021-11-21,LAK,ARI,1,2,38,27,OT
2021020280,20212022,2021-11-21,SEA,WSH,5,2,31,39,REG
2021020281,20212022,2021-11-22,BUF,CBJ,4,7,33,29,REG
2021020282,20212022,2021-11-22,STL,VGK,5,2,31,34,REG
2021020283,20212022,2021-11-22,NSH,ANA,3,2,35,31,REG
2021020284,20212022,2021-11-22,WPG,PIT,1,3,31,36,REG
2021020285,20212022,2021-11-22,COL,OTT,7,5,40,21,REG
2021020286,20212022,2021-11-22,SJS,CAR,2,1,27,23,OT
2021020287,20212022,2021-11-23,TBL,PHI,4,0,35,34,REG
2021020288,20212022,2021-11-23,DAL,EDM,4,1,33,22,REG
2021020289,20212022,2021-11-23,CGY,CHI,5,2,39,21,REG
2021020290,20212022,2021-11-24,BUF,BOS,1,5,25,47,REG
2021020291,20212022,2021-11-24,DET,STL,4,2,23,37,REG
2021020292,20212022,2021-11-24,FLA,PHI,2,1,45,33,OT
2021020293,20212022,2021-11-24,NJD,MIN,2,3,42,27,SO
2021020294,20212022,2021-11-24,NYI,NYR,1,4,21,21,REG
2021020295,20212022,2021-11-24,PIT,VAN,4,1,37,37,REG
2021020296,20212022,2021-11-24,WSH,MTL,6,3,34,28,REG
2021020297,20212022,2021-11-24,CBJ,WPG,3,0,32,36,REG
2021020298,20212022,2021-11-24,NSH,VGK,2,5,28,35,REG
2021020299,20212022,2021-11-24,COL,ANA,5,2,36,26,REG
2021020300,20212022,2021-11-24,ARI,EDM,3,5,27,44,REG
2021020301,20212022,2021-11-24,LAK,TOR,2,6,32,38,REG
2021020302,20212022,2021-11-24,SJS,OTT,6,3,29,29,REG
2021020303,20212022,2021-11-24,SEA,CAR,2,1,22,36,REG
2021020304,20212022,2021-11-26,BOS,NYR,2,5,36,31,REG
2021020305,20212022,2021-11-26,BUF,MTL,4,1,39,26,REG
2021020306,20212022,2021-11-26,TBL,SEA,3,0,26,17,REG
2021020307,20212022,2021-11-26,NYI,PIT,0,1,25,30,REG
2021020308,20212022,2021-11-26,PHI,CAR,3,6,23,36,REG
2021020309,20212022,2021-11-26,WSH,FLA,4,3,29,22,REG
2021020310,20212022,2021-11-26,CBJ,VAN,4,2,21,41,REG
2021020311,20212022,2021-11-26,CHI,STL,3,2,27,25,OT
2021020312,20212022,2021-11-26,NSH,NJD,4,2,31,25,REG
2021020313,20212022,2021-11-26,DAL,COL,3,1,22,37,REG
2021020314,20212022,2021-11-26,MIN,WPG,7,1,38,31,REG
2021020315,20212022,2021-11-26,ANA,OTT,4,0,33,34,REG
2021020316,20212022,2021-11-26,SJS,TOR,1,4,35,33,REG
2021020317,20212022,2021-11-27,DET,BUF,3,2,41,28,OT
2021020318,20212022,2021-11-27,FLA,SEA,1,4,34,27,REG
2021020319,20212022,2021-11-27,PIT,MTL,3,6,50,33,REG
2021020320,20212022,2021-11-27,STL,CBJ,6,3,33,27,REG
2021020321,20212022,2021-11-27,COL,NSH,6,2,35,28,REG
2021020322,20212022,2021-11-27,CGY,WPG,2,4,36,28,REG
2021020323,20212022,2021-11-27,ARI,DAL,2,3,27,29,REG
2021020324,20212022,2021-11-27,VGK,EDM,2,3,38,30,REG
2021020325,20212022,2021-11-27,LAK,OTT,4,2,37,32,REG
2021020326,20212022,2021-11-28,BOS,VAN,3,2,42,38,REG
2021020327,20212022,2021-11-28,NJD,PHI,5,2,35,25,REG
2021020329,20212022,2021-11-28,CAR,WSH,2,4,32,25,REG
2021020330,20212022,2021-11-28,CHI,SJS,0,2,29,22,REG
2021020331,20212022,2021-11-28,MIN,TBL,4,2,37,30,REG
2021020332,20212022,2021-11-28,ANA,TOR,1,5,40,31,REG
2021020333,20212022,2021-11-29,BUF,SEA,4,7,36,32,REG
2021020334,20212022,2021-11-29,MTL,VAN,1,2,34,42,REG
2021020335,20212022,2021-11-29,WPG,ARI,0,1,46,15,REG
2021020336,20212022,2021-11-29,CGY,PIT,2,1,32,22,SO
2021020337,20212022,2021-11-30,BOS,DET,1,2,42,16,REG
2021020338,20212022,2021-11-30,FLA,WSH,5,4,51,27,REG
2021020339,20212022,2021-11-30,NJD,SJS,2,5,34,31,REG
2021020341,20212022,2021-11-30,STL,TBL,4,3,33,33,SO
2021020342,20212022,2021-11-30,NSH,CBJ,6,0,37,27,REG
2021020343,20212022,2021-11-30,DAL,CAR,4,1,17,40,REG
2021020344,20212022,2021-11-30,MIN,ARI,5,2,37,31,REG
2021020345,20212022,2021-11-30,LAK,ANA,4,5,34,36,SO
2021020346,20212022,2021-12-01,TOR,COL,8,3,41,31,REG
2021020347,20212022,2021-12-01,OTT,VAN,2,6,21,35,REG
2021020348,20212022,2021-12-01,DET,SEA,4,3,26,24,SO
2021020349,20212022,2021-12-01,NYR,PHI,4,1,28,34,REG
2021020350,20212022,2021-12-01,EDM,PIT,5,2,22,34,REG
2021020351,20212022,2021-12-01,ANA,VGK,6,5,34,39,REG
2021020352,20212022,2021-12-02,MTL,COL,1,4,20,34,REG
2021020353,20212022,2021-12-02,TBL,STL,4,2,35,28,REG
2021020354,20212022,2021-12-02,FLA,BUF,7,4,45,31,REG
2021020355,20212022,2021-12-02,NYI,SJS,1,2,25,35,OT
2021020356,20212022,2021-12-02,WSH,CHI,3,4,28,28,SO
2021020357,20212022,2021-12-02,CAR,OTT,2,3,49,20,REG
2021020358,20212022,2021-12-02,NSH,BOS,0,2,42,33,REG
2021020359,20212022,2021-12-02,DAL,CBJ,3,2,37,22,REG
2021020360,20212022,2021-12-02,MIN,NJD,5,2,38,31,REG
2021020361,20212022,2021-12-02,LAK,CGY,2,3,42,32,REG
2021020362,20212022,2021-12-03,NYR,SJS,1,0,27,28,REG
2021020363,20212022,2021-12-03,WPG,NJD,8,4,40,37,REG
2021020364,20212022,2021-12-03,ARI,VGK,1,7,30,32,REG
2021020365,20212022,2021-12-03,ANA,CGY,3,4,34,36,SO
2021020366,20212022,2021-12-03,SEA,EDM,4,3,34,32,REG
2021020367,20212022,2021-12-04,BOS,TBL,2,3,39,25,OT
2021020368,20212022,2021-12-04,OTT,COL,6,5,34,31,OT
2021020369,20212022,2021-12-04,DET,NYI,4,3,30,23,OT
2021020370,20212022,2021-12-04,FLA,STL,4,3,51,25,SO
2021020371,20212022,2021-12-04,NYR,CHI,3,2,31,27,REG
2021020372,20212022,2021-12-04,WSH,CBJ,3,1,32,18,REG
2021020373,20212022,2021-12-04,CAR,BUF,6,2,29,34,REG
2021020374,20212022,2021-12-04,NSH,MTL,4,3,44,23,OT
2021020375,20212022,2021-12-04,MIN,TOR,4,3,40,42,SO
2021020376,20212022,2021-12-04,VAN,PIT,1,4,23,44,REG
2021020377,20212022,2021-12-05,NYI,CHI,2,3,24,26,SO
2021020378,20212022,2021-12-05,PHI,TBL,1,7,39,27,REG
2021020379,20212022,2021-12-05,CBJ,SJS,6,4,30,34,REG
2021020380,20212022,2021-12-05,WPG,TOR,6,3,41,35,REG
2021020381,20212022,2021-12-05,EDM,LAK,1,5,22,40,REG
2021020382,20212022,2021-12-05,VGK,CGY,3,2,28,25,REG
2021020234,20212022,2021-12-06,NJD,OTT,2,3,24,23,SO
2021020383,20212022,2021-12-06,PHI,COL,5,7,32,50,REG
2021020384,20212022,2021-12-06,WSH,ANA,4,3,29,34,SO
2021020385,20212022,2021-12-06,DAL,ARI,4,1,27,19,REG
2021020386,20212022,2021-12-06,VAN,LAK,4,0,30,31,REG
2021020387,20212022,2021-12-06,SEA,PIT,1,6,29,31,REG
2021020388,20212022,2021-12-07,BUF,ANA,0,2,25,23,REG
2021020389,20212022,2021-12-07,TOR,CBJ,5,4,40,32,REG
2021020390,20212022,2021-12-07,MTL,TBL,2,3,23,27,REG
2021020391,20212022,2021-12-07,OTT,NYI,3,5,33,27,REG
2021020392,20212022,2021-12-07,DET,NSH,2,5,16,33,REG
2021020393,20212022,2021-12-07,CHI,NYR,2,6,26,30,REG
2021020394,20212022,2021-12-07,STL,FLA,4,3,30,40,OT
2021020395,20212022,2021-12-07,WPG,CAR,2,4,18,34,REG
2021020396,20212022,2021-12-07,EDM,MIN,1,4,39,26,REG
2021020397,20212022,2021-12-07,SJS,CGY,5,3,27,43,REG
2021020398,20212022,2021-12-08,NJD,PHI,3,0,27,25,REG
2021020399,20212022,2021-12-08,NYR,COL,3,7,30,39,REG
2021020400,20212022,2021-12-08,VAN,BOS,2,1,32,36,SO
2021020401,20212022,2021-12-08,VGK,DAL,5,4,45,23,REG
2021020402,20212022,2021-12-09,TOR,TBL,3,5,38,27,REG
2021020403,20212022,2021-12-09,MTL,CHI,0,2,30,25,REG
2021020404,20212022,2021-12-09,NYI,NSH,3,4,21,29,REG
2021020405,20212022,2021-12-09,CBJ,ANA,1,2,34,26,SO
2021020406,20212022,2021-12-09,STL,DET,6,2,26,31,REG
2021020407,20212022,2021-12-09,CGY,CAR,1,2,27,26,OT
2021020408,20212022,2021-12-09,EDM,BOS,2,3,43,30,REG
2021020409,20212022,2021-12-09,LAK,DAL,4,0,41,27,REG
2021020410,20212022,2021-12-09,SJS,MIN,2,5,35,27,REG
2021020411,20212022,2021-12-09,SEA,WPG,0,3,25,33,REG
2021020412,20212022,2021-12-10,BUF,NYR,1,2,37,31,REG
2021020413,20212022,2021-12-10,NJD,NSH,2,3,31,27,REG
2021020414,20212022,2021-12-10,WSH,PIT,2,4,31,33,REG
2021020415,20212022,2021-12-10,COL,DET,7,3,47,40,REG
2021020416,20212022,2021-12-10,ARI,FLA,1,3,23,23,REG
2021020417,20212022,2021-12-10,VAN,WPG,4,3,36,37,SO
2021020418,20212022,2021-12-10,VGK,PHI,3,4,44,25,REG
2021020419,20212022,2021-12-11,BUF,WSH,2,3,31,42,SO
2021020420,20212022,2021-12-11,TOR,CHI,5,4,26,35,REG
2021020421,20212022,2021-12-11,OTT,TBL,4,0,23,25,REG
2021020422,20212022,2021-12-11,NYI,NJD,4,2,29,32,REG
2021020423,20212022,2021-12-11,PIT,ANA,1,0,29,33,REG
2021020424,20212022,2021-12-11,STL,MTL,4,1,37,23,REG
2021020425,20212022,2021-12-11,CGY,BOS,2,4,42,27,REG
2021020426,20212022,2021-12-11,EDM,CAR,1,3,23,31,REG
2021020427,20212022,2021-12-11,ARI,PHI,3,5,32,34,REG
2021020428,20212022,2021-12-11,LAK,MIN,2,1,37,31,REG
2021020429,20212022,2021-12-11,SJS,DAL,2,1,25,35,REG
2021020430,20212022,2021-12-11,SEA,CBJ,4,5,32,28,OT
2021020431,20212022,2021-12-12,NYR,NSH,0,1,32,24,REG
2021020432,20212022,2021-12-12,STL,ANA,2,3,25,39,OT
2021020433,20212022,2021-12-12,COL,FLA,3,2,26,31,REG
2021020434,20212022,2021-12-12,VAN,CAR,2,1,26,29,REG
2021020435,20212022,2021-12-12,VGK,MIN,6,4,36,27,REG
2021020437,20212022,2021-12-14,BOS,VGK,1,4,24,25,REG
2021020438,20212022,2021-12-14,DET,NYI,2,1,39,34,REG
2021020439,20212022,2021-12-14,TBL,LAK,3,2,30,30,OT
2021020440,20212022,2021-12-14,FLA,OTT,2,8,35,38,REG
2021020441,20212022,2021-12-14,PHI,NJD,6,1,30,27,REG
2021020442,20212022,2021-12-14,PIT,MTL,5,2,31,30,REG
2021020444,20212022,2021-12-14,DAL,STL,1,4,34,29,REG
2021020446,20212022,2021-12-14,WPG,BUF,2,4,36,27,REG
2021020447,20212022,2021-12-14,COL,NYR,4,2,31,28,REG
2021020448,20212022,2021-12-14,EDM,TOR,1,5,36,25,REG
2021020449,20212022,2021-12-14,VAN,CBJ,4,3,39,23,REG
2021020450,20212022,2021-12-14,SJS,SEA,1,3,34,30,REG
2021020451,20212022,2021-12-15,CHI,WSH,5,4,28,46,OT
2021020452,20212022,2021-12-15,ARI,NYR,2,3,31,30,REG
2021020453,20212022,2021-12-15,ANA,SEA,4,1,24,20,REG
2021020454,20212022,2021-12-16,MTL,PHI,3,2,40,39,SO
2021020455,20212022,2021-12-16,TBL,OTT,2,1,27,26,REG
2021020456,20212022,2021-12-16,FLA,LAK,1,4,42,31,REG
2021020457,20212022,2021-12-16,NJD,VGK,3,5,26,30,REG
2021020458,20212022,2021-12-16,NYI,BOS,3,1,28,41,REG
2021020459,20212022,2021-12-16,CAR,DET,5,3,33,26,REG
2021020460,20212022,2021-12-16,NSH,COL,5,2,35,26,REG
2021020461,20212022,2021-12-16,MIN,BUF,2,3,32,40,SO
2021020463,20212022,2021-12-16,EDM,CBJ,5,2,45,38,REG
2021020464,20212022,2021-12-16,SJS,VAN,2,5,36,30,REG
2021020465,20212022,2021-12-17,NYR,VGK,2,3,29,30,SO
2021020466,20212022,2021-12-17,PIT,BUF,3,2,48,21,OT
2021020467,20212022,2021-12-17,CHI,NSH,2,3,19,31,OT
2021020468,20212022,2021-12-17,STL,DAL,4,1,34,27,REG
2021020469,20212022,2021-12-17,WPG,WSH,2,5,42,39,REG
2021020470,20212022,2021-12-17,ANA,ARI,5,6,37,27,OT
2021020472,20212022,2021-12-18,DET,NJD,5,2,30,33,REG
2021020473,20212022,2021-12-18,PHI,OTT,4,3,38,31,OT
2021020474,20212022,2021-12-18,CAR,LAK,5,1,33,33,REG
2021020475,20212022,2021-12-18,DAL,CHI,4,3,39,23,OT
2021020480,20212022,2021-12-18,SEA,EDM,3,5,17,41,REG
2021020482,20212022,2021-12-19,NJD,PIT,2,3,19,22,REG
2021020483,20212022,2021-12-19,NYI,VGK,3,4,32,34,SO
2021020484,20212022,2021-12-19,WSH,LAK,2,3,35,24,REG
2021020486,20212022,2021-12-19,WPG,STL,4,2,34,28,REG
2021020492,20212022,2021-12-20,DAL,MIN,7,4,29,23,REG
2021020501,20212022,2021-12-21,VGK,TBL,3,4,41,19,REG
2021020537,20212022,2021-12-28,TBL,MTL,5,4,37,31,OT
2021020539,20212022,2021-12-28,LAK,VGK,3,6,27,27,REG
2021020540,20212022,2021-12-28,SJS,ARI,8,7,27,46,SO
2021020541,20212022,2021-12-29,BUF,NJD,3,4,22,42,REG
2021020544,20212022,2021-12-29,FLA,NYR,4,3,32,33,REG
2021020546,20212022,2021-12-29,WSH,NSH,5,3,37,20,REG
2021020547,20212022,2021-12-29,STL,EDM,4,2,33,28,REG
2021020550,20212022,2021-12-29,ANA,VAN,1,2,23,37,OT
2021020551,20212022,2021-12-29,SEA,PHI,2,3,36,22,OT
2021020552,20212022,2021-12-30,FLA,TBL,9,3,37,42,REG
2021020553,20212022,2021-12-30,NYI,BUF,4,1,32,37,REG
2021020554,20212022,2021-12-30,CAR,MTL,4,0,38,26,REG
2021020555,20212022,2021-12-30,CBJ,NSH,4,3,29,34,SO
2021020556,20212022,2021-12-30,LAK,VAN,2,1,35,18,SO
2021020557,20212022,2021-12-30,SJS,PHI,3,2,46,25,OT
2021020558,20212022,2021-12-30,SEA,CGY,4,6,22,40,REG
2021020560,20212022,2021-12-31,DET,WSH,1,3,20,27,REG
2021020561,20212022,2021-12-31,TBL,NYR,3,4,28,23,SO
2021020562,20212022,2021-12-31,NJD,EDM,6,5,41,37,OT
2021020565,20212022,2021-12-31,VGK,ANA,3,1,45,16,REG
2021020566,20212022,2022-01-01,BOS,BUF,4,3,41,22,OT
2021020567,20212022,2022-01-01,TOR,OTT,6,0,40,23,REG
2021020568,20212022,2022-01-01,FLA,MTL,5,2,48,31,REG
2021020569,20212022,2022-01-01,NYI,EDM,3,2,29,19,OT
2021020570,20212022,2022-01-01,CBJ,CAR,4,7,18,49,REG
2021020571,20212022,2022-01-01,NSH,CHI,6,1,25,38,REG
2021020572,20212022,2022-01-01,MIN,STL,4,6,33,32,REG
2021020573,20212022,2022-01-01,LAK,PHI,6,3,34,37,REG
2021020574,20212022,2022-01-01,SEA,VAN,2,5,32,35,REG
2021020575,20212022,2022-01-02,DET,BOS,1,5,24,37,REG
2021020576,20212022,2022-01-02,NYR,TBL,4,0,21,38,REG
2021020577,20212022,2022-01-02,PIT,SJS,8,5,39,27,REG
2021020578,20212022,2022-01-02,WSH,NJD,3,4,30,37,OT
2021020579,20212022,2022-01-02,CHI,CGY,1,5,31,42,REG
2021020580,20212022,2022-01-02,COL,ANA,4,2,36,31,REG
2021020582,20212022,2022-01-02,VGK,WPG,4,5,46,37,OT
2021020585,20212022,2022-01-03,NYR,EDM,4,1,28,34,REG
2021020586,20212022,2022-01-04,BOS,NJD,5,3,34,26,REG
2021020588,20212022,2022-01-04,DET,SJS,6,2,31,26,REG
2021020589,20212022,2022-01-04,FLA,CGY,6,2,45,49,REG
2021020590,20212022,2022-01-04,CBJ,TBL,2,7,22,36,REG
2021020591,20212022,2022-01-04,CHI,COL,3,4,31,33,OT
2021020592,20212022,2022-01-04,ARI,WPG,1,3,27,49,REG
2021020593,20212022,2022-01-04,VGK,NSH,2,3,43,26,REG
2021020594,20212022,2022-01-04,ANA,PHI,4,1,30,29,REG
2021020596,20212022,2022-01-05,TOR,EDM,4,2,33,30,REG
2021020597,20212022,2022-01-05,PIT,STL,5,3,41,29,REG
2021020599,20212022,2022-01-06,BOS,MIN,2,3,38,30,REG
2021020600,20212022,2022-01-06,BUF,SJS,2,3,39,21,REG
2021020602,20212022,2022-01-06,TBL,CGY,4,1,33,27,REG
2021020603,20212022,2022-01-06,NJD,CBJ,3,1,28,32,REG
2021020604,20212022,2022-01-06,PHI,PIT,2,6,20,32,REG
2021020605,20212022,2022-01-06,DAL,FLA,6,5,36,42,SO
2021020606,20212022,2022-01-06,COL,WPG,7,1,42,35,REG
2021020607,20212022,2022-01-06,ARI,CHI,6,4,26,36,REG
2021020608,20212022,2022-01-06,VGK,NYR,5,1,35,20,REG
2021020610,20212022,2022-01-06,LAK,NSH,2,4,48,20,REG
2021020612,20212022,2022-01-07,CAR,CGY,6,3,37,39,REG
2021020613,20212022,2022-01-07,STL,WSH,5,1,24,27,REG
2021020615,20212022,2022-01-08,TBL,BOS,2,5,29,30,REG
2021020616,20212022,2022-01-08,PHI,SJS,2,3,31,47,OT
2021020617,20212022,2022-01-08,CAR,FLA,3,4,27,36,OT
2021020618,20212022,2022-01-08,CBJ,NJD,4,3,34,30,REG
2021020619,20212022,2022-01-08,DAL,PIT,3,2,32,29,REG
2021020620,20212022,2022-01-08,MIN,WSH,3,2,22,31,SO
2021020622,20212022,2022-01-08,COL,TOR,5,4,49,27,OT
2021020624,20212022,2022-01-08,ARI,NSH,2,4,40,29,REG
2021020626,20212022,2022-01-08,VGK,CHI,1,2,31,21,REG
2021020627,20212022,2022-01-08,ANA,NYR,1,4,14,40,REG
2021020628,20212022,2022-01-08,LAK,DET,4,0,42,21,REG
2021020609,20212022,2022-01-09,ANA,DET,4,3,27,36,SO
2021020629,20212022,2022-01-09,STL,DAL,2,1,31,27,REG
2021020632,20212022,2022-01-10,WSH,BOS,3,7,30,31,REG
2021020634,20212022,2022-01-10,COL,SEA,4,3,35,26,REG
2021020636,20212022,2022-01-10,LAK,NYR,3,1,39,23,REG
2021020637,20212022,2022-01-11,BUF,TBL,1,6,18,36,REG
2021020638,20212022,2022-01-11,FLA,VAN,5,2,26,44,REG
2021020640,20212022,2022-01-11,CBJ,CHI,2,4,26,20,REG
2021020641,20212022,2022-01-11,NSH,COL,5,4,32,44,OT
2021020643,20212022,2022-01-11,VGK,TOR,3,4,34,18,SO
2021020644,20212022,2022-01-11,ANA,PIT,1,4,26,34,REG
2021020645,20212022,2022-01-11,SJS,DET,3,2,40,19,OT
2021020647,20212022,2022-01-12,DAL,SEA,5,2,25,25,REG
2021020649,20212022,2022-01-12,ARI,TOR,2,1,18,46,REG
2021021000,20212022,2022-01-12,BOS,MTL,5,1,41,25,REG
2021020650,20212022,2022-01-13,BOS,PHI,3,2,36,27,REG
2021020651,20212022,2022-01-13,DET,WPG,0,3,33,32,REG
2021020652,20212022,2022-01-13,TBL,VAN,4,2,21,26,REG
2021020653,20212022,2022-01-13,NYI,NJD,3,2,25,32,REG
2021020654,20212022,2022-01-13,CAR,CBJ,0,6,31,35,REG
2021020655,20212022,2022-01-13,CHI,MTL,3,2,31,29,OT
2021020656,20212022,2022-01-13,STL,SEA,2,1,27,32,REG
2021020657,20212022,2022-01-13,NSH,BUF,1,4,30,21,REG
2021020658,20212022,2022-01-13,CGY,OTT,1,4,28,34,REG
2021020659,20212022,2022-01-13,LAK,PIT,6,2,45,29,REG
2021020660,20212022,2022-01-13,SJS,NYR,0,3,37,31,REG
2021020661,20212022,2022-01-14,FLA,DAL,7,1,39,30,REG
2021020662,20212022,2022-01-14,MIN,ANA,7,3,42,42,REG
2021020663,20212022,2022-01-14,COL,ARI,4,3,47,26,SO
2021020635,20212022,2022-01-15,EDM,OTT,4,6,37,26,REG
2021020665,20212022,2022-01-15,BOS,NSH,4,3,44,29,OT
2021020667,20212022,2022-01-15,DET,BUF,4,0,39,22,REG
2021020668,20212022,2022-01-15,TBL,DAL,3,1,29,20,REG
2021020669,20212022,2022-01-15,FLA,CBJ,9,2,51,30,REG
2021020670,20212022,2022-01-15,NYI,WSH,0,2,23,36,REG
2021020671,20212022,2022-01-15,PHI,NYR,2,3,28,27,REG
2021020672,20212022,2022-01-15,CAR,VAN,4,1,33,31,REG
2021020673,20212022,2022-01-15,CHI,ANA,3,0,36,37,REG
2021020674,20212022,2022-01-15,STL,TOR,5,6,25,40,REG
2021020677,20212022,2022-01-15,ARI,COL,0,5,20,32,REG
2021020678,20212022,2022-01-15,SJS,PIT,1,2,41,27,OT
2021020679,20212022,2022-01-15,SEA,LAK,1,3,18,22,REG
2021020680,20212022,2022-01-16,WSH,VAN,2,4,33,32,REG
2021020682,20212022,2022-01-17,BUF,DET,2,3,28,35,OT
2021020684,20212022,2022-01-17,NYI,PHI,4,1,31,27,REG
2021020685,20212022,2022-01-17,STL,NSH,5,3,29,35,REG
2021020686,20212022,2022-01-17,COL,MIN,4,3,38,40,SO
2021020687,20212022,2022-01-17,ARI,MTL,5,2,23,26,REG
2021020688,20212022,2022-01-17,VGK,PIT,3,5,26,37,REG
2021020689,20212022,2022-01-17,SJS,LAK,6,2,17,41,REG
2021020690,20212022,2022-01-17,SEA,CHI,3,2,37,27,SO
2021020340,20212022,2022-01-18,PHI,NYI,3,4,34,31,SO
2021020691,20212022,2022-01-18,BOS,CAR,1,7,32,34,REG
2021020692,20212022,2022-01-18,OTT,BUF,1,3,44,32,REG
2021020695,20212022,2022-01-18,WSH,WPG,4,3,31,33,OT
2021020696,20212022,2022-01-18,NSH,VAN,1,3,32,24,REG
2021020697,20212022,2022-01-18,DAL,MTL,3,5,51,22,REG
2021020698,20212022,2022-01-18,CGY,FLA,5,1,31,29,REG
2021020700,20212022,2022-01-18,LAK,TBL,4,6,36,25,REG
2021020701,20212022,2022-01-19,NJD,ARI,1,4,36,17,REG
2021020702,20212022,2022-01-19,NYR,TOR,6,3,27,38,REG
2021020703,20212022,2022-01-19,ANA,COL,0,2,34,28,REG
2021020704,20212022,2022-01-20,BOS,WSH,4,3,33,17,REG
2021020705,20212022,2022-01-20,BUF,DAL,4,5,24,47,REG
2021020706,20212022,2022-01-20,PHI,CBJ,1,2,34,29,REG
2021020707,20212022,2022-01-20,PIT,OTT,6,4,34,43,REG
2021020708,20212022,2022-01-20,NSH,WPG,5,2,23,38,REG
2021020709,20212022,2022-01-20,EDM,FLA,0,6,40,28,REG
2021020710,20212022,2022-01-20,VGK,MTL,4,3,53,27,OT
2021020711,20212022,2022-01-20,LAK,COL,1,4,41,27,REG
2021020712,20212022,2022-01-20,SEA,SJS,3,2,17,25,REG
2021020713,20212022,2022-01-21,DET,DAL,4,5,28,32,OT
2021020714,20212022,2022-01-21,NYI,ARI,4,0,35,17,REG
2021020715,20212022,2022-01-21,CAR,NYR,6,3,35,23,REG
2021020716,20212022,2022-01-21,CBJ,PIT,2,5,27,31,REG
2021020717,20212022,2022-01-21,CHI,MIN,1,5,36,30,REG
2021020718,20212022,2022-01-21,VAN,FLA,1,2,28,34,SO
2021020719,20212022,2022-01-21,ANA,TBL,5,1,35,33,REG
2021020720,20212022,2022-01-21,SEA,STL,0,5,27,31,REG
2021020721,20212022,2022-01-22,BOS,WPG,3,2,32,24,REG
2021020722,20212022,2022-01-22,BUF,PHI,6,3,24,33,REG
2021020724,20212022,2022-01-22,NJD,CAR,7,4,38,32,REG
2021020725,20212022,2022-01-22,NYR,ARI,7,3,27,29,REG
2021020726,20212022,2022-01-22,WSH,OTT,3,2,33,22,OT
2021020727,20212022,2022-01-22,NSH,DET,4,1,25,29,REG
2021020728,20212022,2022-01-22,MIN,CHI,4,3,44,36,OT
2021020729,20212022,2022-01-22,COL,MTL,3,2,46,30,OT
2021020730,20212022,2022-01-22,EDM,CGY,5,3,31,47,REG
2021020731,20212022,2022-01-22,SJS,TBL,1,7,28,31,REG
2021021211,20212022,2022-01-22,NYI,TOR,1,3,28,23,REG
2021020732,20212022,2022-01-23,NJD,LAK,2,3,25,37,REG
2021020733,20212022,2022-01-23,PIT,WPG,3,2,38,29,SO
2021020734,20212022,2022-01-23,CBJ,OTT,1,2,36,33,REG
2021020735,20212022,2022-01-23,VAN,STL,1,3,39,17,REG
2021020736,20212022,2022-01-23,SEA,FLA,5,3,29,31,REG
2021020737,20212022,2022-01-24,BOS,ANA,3,5,26,27,REG
2021020738,20212022,2022-01-24,NYR,LAK,3,2,30,36,SO
2021020739,20212022,2022-01-24,PHI,DAL,1,3,28,36,REG
2021020740,20212022,2022-01-24,WSH,VGK,0,1,34,29,REG
2021020741,20212022,2022-01-24,MIN,MTL,8,2,39,21,REG
2021020742,20212022,2022-01-24,COL,CHI,2,0,29,24,REG
2021020743,20212022,2022-01-24,CGY,STL,7,1,48,21,REG
2021020744,20212022,2022-01-25,OTT,BUF,5,0,47,32,REG
2021020745,20212022,2022-01-25,NJD,DAL,1,5,37,32,REG
2021020746,20212022,2022-01-25,NYI,PHI,4,3,33,17,REG
2021020747,20212022,2022-01-25,PIT,ARI,6,3,36,16,REG
2021020748,20212022,2022-01-25,CAR,VGK,4,3,30,29,OT
2021020749,20212022,2022-01-25,WPG,FLA,3,5,35,32,REG
2021020750,20212022,2022-01-25,VAN,EDM,2,3,27,50,OT
2021020751,20212022,2022-01-25,SEA,NSH,2,4,35,27,REG
2021020752,20212022,2022-01-26,TOR,ANA,4,3,44,20,SO
2021020753,20212022,2022-01-26,DET,CHI,5,8,33,38,REG
2021020754,20212022,2022-01-26,WSH,SJS,1,4,33,30,REG
2021020755,20212022,2022-01-26,CBJ,CGY,0,6,23,62,REG
2021020756,20212022,2022-01-26,COL,BOS,4,3,41,32,OT
2021020757,20212022,2022-01-27,MTL,ANA,4,5,40,24,REG
2021020758,20212022,2022-01-27,OTT,CAR,2,3,39,29,SO
2021020759,20212022,2022-01-27,TBL,NJD,3,2,35,33,REG
2021020760,20212022,2022-01-27,FLA,VGK,4,1,32,25,REG
2021020761,20212022,2022-01-27,NYI,LAK,2,3,25,30,REG
2021020762,20212022,2022-01-27,PIT,SEA,1,2,24,29,OT
2021020763,20212022,2022-01-27,CBJ,NYR,5,3,19,36,REG
2021020764,20212022,2022-01-27,STL,CGY,5,1,28,29,REG
2021020765,20212022,2022-01-27,WPG,VAN,1,5,34,33,REG
2021020766,20212022,2022-01-27,EDM,NSH,3,2,46,30,SO
2021020767,20212022,2022-01-28,NYR,MIN,2,3,27,34,REG
2021020768,20212022,2022-01-28,PIT,DET,2,3,38,32,SO
2021020769,20212022,2022-01-28,CHI,COL,4,6,43,27,REG
2021020770,20212022,2022-01-28,DAL,WSH,0,5,29,29,REG
2021020771,20212022,2022-01-28,ARI,BOS,1,2,31,37,REG
2021020772,20212022,2022-01-29,MTL,EDM,2,7,23,24,REG
2021020773,20212022,2022-01-29,OTT,ANA,1,2,45,20,REG
2021020774,20212022,2022-01-29,DET,TOR,4,7,35,37,REG
2021020775,20212022,2022-01-29,TBL,VGK,2,3,29,27,SO
2021020776,20212022,2022-01-29,FLA,SJS,5,4,50,34,OT
2021020778,20212022,2022-01-29,PHI,LAK,4,3,36,40,OT
2021020779,20212022,2022-01-29,CAR,NJD,2,1,23,25,REG
2021020780,20212022,2022-01-29,STL,WPG,1,4,29,24,REG
2021020781,20212022,2022-01-29,CGY,VAN,1,0,32,15,OT
2021020782,20212022,2022-01-29,ARI,BUF,1,3,28,35,REG
2021020783,20212022,2022-01-30,MTL,CBJ,3,6,35,36,REG
2021020784,20212022,2022-01-30,NYI,MIN,3,4,43,21,REG
2021020785,20212022,2022-01-30,NYR,SEA,3,2,24,42,REG
2021020786,20212022,2022-01-30,PIT,LAK,3,4,26,38,REG
2021020787,20212022,2022-01-30,CAR,SJS,2,1,29,28,REG
2021020789,20212022,2022-01-30,DAL,BOS,6,1,29,26,REG
2021020790,20212022,2022-01-30,COL,BUF,4,1,36,31,REG
2021020683,20212022,2022-01-31,TOR,NJD,6,4,33,29,REG
2021020791,20212022,2022-01-31,OTT,EDM,3,2,31,39,OT
2021020792,20212022,2022-01-31,DET,ANA,2,1,28,15,OT
2021020793,20212022,2022-01-31,CBJ,FLA,4,8,36,40,REG
2021020794,20212022,2022-01-31,CHI,VAN,1,3,21,32,REG
2021020795,20212022,2022-02-01,BOS,SEA,3,2,26,27,REG
2021020797,20212022,2022-02-01,TBL,SJS,3,2,32,21,OT
2021020798,20212022,2022-02-01,NJD,TOR,1,7,32,36,REG
2021020799,20212022,2022-02-01,NYI,OTT,4,1,30,27,REG
2021020800,20212022,2022-02-01,NYR,FLA,5,2,35,36,REG
2021020801,20212022,2022-02-01,PHI,WPG,3,1,36,33,REG
2021020802,20212022,2022-02-01,PIT,WSH,3,4,47,32,OT
2021020803,20212022,2022-02-01,NSH,VAN,4,2,28,32,REG
2021020804,20212022,2022-02-01,DAL,CGY,3,4,28,40,REG
2021020805,20212022,2022-02-01,COL,ARI,2,3,40,24,SO
2021020806,20212022,2022-02-01,VGK,BUF,5,2,35,32,REG
2021020777,20212022,2022-02-02,NYI,SEA,0,3,19,31,REG
2021020807,20212022,2022-02-02,DET,LAK,3,5,25,45,REG
2021020808,20212022,2022-02-02,WSH,EDM,3,5,27,27,REG
2021020809,20212022,2022-02-02,CHI,MIN,0,5,30,35,REG
2021020810,20212022,2022-02-02,ARI,CGY,2,4,28,50,REG
2021020583,20212022,2022-02-07,TOR,CAR,4,3,32,31,OT
2021021128,20212022,2022-02-07,OTT,NJD,4,1,24,33,REG
2021020487,20212022,2022-02-08,VAN,ARI,5,1,29,36,REG
2021020510,20212022,2022-02-08,OTT,CAR,4,3,31,45,REG
2021020523,20212022,2022-02-08,BOS,PIT,2,4,45,25,REG
2021020531,20212022,2022-02-08,WPG,MIN,2,0,29,27,REG
2021020664,20212022,2022-02-08,EDM,VGK,0,4,28,28,REG
2021020666,20212022,2022-02-08,MTL,NJD,1,7,31,34,REG
2021021293,20212022,2022-02-08,WSH,CBJ,4,5,33,26,REG
2021020503,20212022,2022-02-09,SEA,ARI,2,5,36,27,REG
2021020530,20212022,2022-02-09,DAL,NSH,4,3,27,23,REG
2021020598,20212022,2022-02-09,VAN,NYI,3,6,37,27,REG
2021020676,20212022,2022-02-09,CGY,VGK,6,0,33,28,REG
2021020694,20212022,2022-02-09,PHI,DET,3,6,24,34,REG
2021020699,20212022,2022-02-09,EDM,CHI,1,4,41,30,REG
2021020462,20212022,2022-02-10,CGY,TOR,5,2,26,48,REG
2021020477,20212022,2022-02-10,COL,TBL,3,2,47,38,REG
2021020489,20212022,2022-02-10,BUF,CBJ,3,4,27,34,OT
2021020494,20212022,2022-02-10,BOS,CAR,0,6,34,43,REG
2021020529,20212022,2022-02-10,STL,NJD,4,7,31,29,REG
2021020559,20212022,2022-02-10,OTT,PIT,0,2,26,44,REG
2021020587,20212022,2022-02-10,MTL,WSH,2,5,44,23,REG
2021020506,20212022,2022-02-11,DAL,WPG,4,3,35,34,OT
2021020519,20212022,2022-02-11,ARI,TBL,3,4,19,32,REG
2021020623,20212022,2022-02-11,EDM,NYI,3,1,36,38,REG
2021021033,20212022,2022-02-11,ANA,SEA,3,4,27,27,REG
2021020445,20212022,2022-02-12,MIN,CAR,3,2,27,39,REG
2021020479,20212022,2022-02-12,VAN,TOR,3,2,24,53,REG
2021020499,20212022,2022-02-12,NSH,WPG,2,5,36,43,REG
2021020543,20212022,2022-02-12,OTT,BOS,0,2,30,37,REG
2021020630,20212022,2022-02-12,MTL,CBJ,1,2,31,42,REG
2021020642,20212022,2022-02-12,CGY,NYI,5,2,29,21,REG
2021020788,20212022,2022-02-12,STL,CHI,5,1,31,16,REG
2021020811,20212022,2022-02-12,DET,PHI,4,2,23,34,REG
2021020526,20212022,2022-02-13,WSH,OTT,1,4,34,26,REG
2021020563,20212022,2022-02-13,DAL,COL,0,4,23,30,REG
2021020614,20212022,2022-02-13,MTL,BUF,3,5,32,32,REG
2021020817,20212022,2022-02-13,NJD,PIT,2,4,30,35,REG
2021020488,20212022,2022-02-14,SEA,TOR,2,6,25,25,REG
2021020517,20212022,2022-02-14,MIN,DET,7,4,25,34,REG
2021020522,20212022,2022-02-14,SJS,EDM,0,3,20,41,REG
2021020548,20212022,2022-02-14,WPG,CHI,1,3,32,24,REG
2021020478,20212022,2022-02-15,CGY,CBJ,6,2,41,20,REG
2021020495,20212022,2022-02-15,OTT,STL,2,5,20,36,REG
2021020507,20212022,2022-02-15,LAK,EDM,2,5,32,29,REG
2021020514,20212022,2022-02-15,PIT,PHI,5,4,34,27,OT
2021020524,20212022,2022-02-15,BUF,NYI,6,3,41,33,REG
2021020549,20212022,2022-02-15,COL,DAL,1,4,47,20,REG
2021020631,20212022,2022-02-15,NJD,TBL,3,6,25,32,REG
2021021095,20212022,2022-02-15,NSH,WSH,1,4,34,28,REG
2021021263,20212022,2022-02-15,NYR,BOS,2,1,34,32,SO
2021020500,20212022,2022-02-16,CGY,ANA,6,2,43,28,REG
2021020527,20212022,2022-02-16,CAR,FLA,2,3,18,31,OT
2021020535,20212022,2022-02-16,VGK,COL,0,2,29,25,REG
2021020633,20212022,2022-02-16,WPG,MIN,6,3,31,36,REG
2021020493,20212022,2022-02-17,EDM,ANA,7,3,41,30,REG
2021020496,20212022,2022-02-17,PHI,WSH,3,5,33,25,REG
2021020502,20212022,2022-02-17,SJS,VAN,4,5,28,27,OT
2021020525,20212022,2022-02-17,NYR,DET,2,3,39,33,SO
2021020538,20212022,2022-02-17,CHI,CBJ,4,7,32,37,REG
2021020542,20212022,2022-02-17,TOR,PIT,4,1,29,46,REG
2021020621,20212022,2022-02-17,WPG,SEA,5,3,29,23,REG
2021020796,20212022,2022-02-17,MTL,STL,3,2,30,27,OT
2021021006,20212022,2022-02-17,NYI,BOS,4,1,29,27,REG
2021021228,20212022,2022-02-17,BUF,OTT,1,3,24,28,REG
2021020476,20212022,2022-02-18,MIN,FLA,2,6,26,36,REG
2021020485,20212022,2022-02-18,CAR,NSH,5,3,30,31,REG
2021020516,20212022,2022-02-18,CHI,DAL,0,1,34,29,SO
2021020521,20212022,2022-02-18,VGK,LAK,3,4,24,31,OT
2021020481,20212022,2022-02-19,OTT,BOS,2,3,31,33,OT
2021020504,20212022,2022-02-19,BUF,COL,3,5,32,36,REG
2021020509,20212022,2022-02-19,TOR,STL,3,6,37,34,REG
2021020518,20212022,2022-02-19,CGY,SEA,2,1,37,23,REG
2021020520,20212022,2022-02-19,VAN,ANA,4,7,20,25,REG
2021020533,20212022,2022-02-19,ARI,LAK,3,5,23,39,REG
2021020681,20212022,2022-02-19,WPG,EDM,2,4,24,40,REG
2021020263,20212022,2022-02-20,OTT,NYR,1,2,30,33,REG
2021020491,20212022,2022-02-20,NYI,MTL,2,3,32,27,SO
2021020498,20212022,2022-02-20,CHI,FLA,2,5,24,25,REG
2021020515,20212022,2022-02-20,CBJ,BUF,7,3,39,36,REG
2021020581,20212022,2022-02-20,ARI,DAL,3,1,27,33,REG
2021020648,20212022,2022-02-20,EDM,MIN,3,7,33,22,REG
2021021161,20212022,2022-02-20,SJS,VGK,1,4,36,35,REG
2021021304,20212022,2022-02-20,PIT,CAR,3,4,34,30,REG
2021020508,20212022,2022-02-21,BOS,COL,5,1,45,29,REG
2021020534,20212022,2022-02-21,VAN,SEA,5,2,46,27,REG
2021020564,20212022,2022-02-21,CGY,WPG,3,1,31,23,REG
2021020601,20212022,2022-02-21,MTL,TOR,5,2,24,37,REG
2021020639,20212022,2022-02-21,PHI,CAR,3,4,41,31,OT
2021020511,20212022,2022-02-22,FLA,NSH,4,6,48,33,REG
2021020528,20212022,2022-02-22,CBJ,TOR,4,3,30,42,OT
2021020536,20212022,2022-02-22,ANA,SJS,4,3,29,43,SO
2021020584,20212022,2022-02-22,OTT,MIN,4,3,34,43,REG
2021020595,20212022,2022-02-22,SEA,NYI,2,5,25,36,REG
2021020848,20212022,2022-02-22,PHI,STL,1,4,26,26,REG
2021020490,20212022,2022-02-23,DET,COL,2,5,34,31,REG
2021020812,20212022,2022-02-23,TBL,EDM,5,3,23,30,REG
2021020813,20212022,2022-02-23,DAL,WPG,3,2,39,22,OT
2021020814,20212022,2022-02-23,ARI,LAK,2,3,19,35,REG
2021021273,20212022,2022-02-23,MTL,BUF,4,0,29,32,REG
2021020497,20212022,2022-02-24,PIT,NJD,1,6,38,36,REG
2021020815,20212022,2022-02-24,TOR,MIN,3,1,25,30,REG
2021020816,20212022,2022-02-24,FLA,CBJ,3,6,42,28,REG
2021020818,20212022,2022-02-24,NYR,WSH,4,1,21,37,REG
2021020819,20212022,2022-02-24,NSH,DAL,2,1,20,28,SO
2021020820,20212022,2022-02-24,VAN,CGY,7,1,38,30,REG
2021020821,20212022,2022-02-24,SJS,NYI,4,3,28,47,SO
2021020822,20212022,2022-02-24,SEA,BOS,2,3,27,39,OT
2021020823,20212022,2022-02-25,CAR,CBJ,4,0,50,19,REG
2021020824,20212022,2022-02-25,CHI,NJD,8,5,37,36,REG
2021020825,20212022,2022-02-25,STL,BUF,5,3,23,38,REG
2021020826,20212022,2022-02-25,COL,WPG,6,3,42,29,REG
2021020827,20212022,2022-02-25,ARI,VGK,3,1,32,44,REG
2021020828,20212022,2022-02-25,ANA,LAK,1,4,25,32,REG
2021020830,20212022,2022-02-26,OTT,MTL,1,2,27,32,REG
2021020831,20212022,2022-02-26,FLA,EDM,3,4,47,22,REG
2021020832,20212022,2022-02-26,PHI,WSH,2,1,22,28,REG
2021020833,20212022,2022-02-26,PIT,NYR,1,0,26,27,REG
2021020834,20212022,2022-02-26,NSH,TBL,2,3,28,33,REG
2021020835,20212022,2022-02-26,CGY,MIN,7,3,35,25,REG
2021020836,20212022,2022-02-26,VGK,COL,2,3,36,21,REG
2021020837,20212022,2022-02-26,LAK,NYI,5,2,35,28,REG
2021020838,20212022,2022-02-26,SJS,BOS,1,3,16,37,REG
2021021275,20212022,2022-02-26,DET,TOR,7,10,33,39,REG
2021020839,20212022,2022-02-27,NYR,VAN,2,5,33,34,REG
2021020840,20212022,2022-02-27,CAR,EDM,2,1,29,30,REG
2021020841,20212022,2022-02-27,CBJ,PIT,2,3,34,40,REG
2021020842,20212022,2022-02-27,CHI,STL,0,4,30,35,REG
2021020843,20212022,2022-02-27,DAL,BUF,4,2,31,40,REG
2021020844,20212022,2022-02-27,ARI,WPG,3,5,29,38,REG
2021020845,20212022,2022-02-27,ANA,NYI,0,4,34,22,REG
2021020846,20212022,2022-02-27,SJS,SEA,3,1,24,40,REG
2021020847,20212022,2022-02-28,NJD,VAN,7,2,33,38,REG
2021020849,20212022,2022-02-28,WSH,TOR,3,5,33,28,REG
2021020850,20212022,2022-02-28,LAK,BOS,0,7,34,32,REG
2021020851,20212022,2022-03-01,DET,CAR,4,3,41,30,OT
2021020852,20212022,2022-03-01,TBL,OTT,5,2,22,27,REG
2021020853,20212022,2022-03-01,PHI,EDM,0,3,39,32,REG
2021020854,20212022,2022-03-01,CBJ,NJD,4,3,31,33,REG
2021020855,20212022,2022-03-01,MIN,CGY,1,5,33,27,REG
2021020856,20212022,2022-03-01,WPG,MTL,8,4,30,35,REG
2021020857,20212022,2022-03-01,COL,NYI,5,3,43,31,REG
2021020858,20212022,2022-03-01,VGK,SJS,3,1,31,17,REG
2021020859,20212022,2022-03-01,ANA,BOS,4,3,28,34,REG
2021020860,20212022,2022-03-02,TOR,BUF,1,5,30,31,REG
2021020861,20212022,2022-03-02,NYR,STL,5,3,29,32,REG
2021020862,20212022,2022-03-02,DAL,LAK,4,3,43,31,REG
2021020863,20212022,2022-03-02,SEA,NSH,4,3,31,22,REG
2021020864,20212022,2022-03-03,TBL,PIT,1,5,21,40,REG
2021020865,20212022,2022-03-03,FLA,OTT,3,0,48,18,REG
2021020866,20212022,2022-03-03,NYI,VAN,3,4,27,38,REG
2021020867,20212022,2022-03-03,PHI,MIN,4,5,30,38,REG
2021020868,20212022,2022-03-03,WSH,CAR,4,0,33,36,REG
2021020869,20212022,2022-03-03,CHI,EDM,4,3,32,32,OT
2021020870,20212022,2022-03-03,CGY,MTL,4,5,34,35,OT
2021020871,20212022,2022-03-03,ARI,COL,2,1,29,43,REG
2021020872,20212022,2022-03-03,VGK,BOS,2,5,36,36,REG
2021020873,20212022,2022-03-04,BUF,MIN,5,4,38,33,REG
2021020874,20212022,2022-03-04,TBL,DET,3,1,38,23,REG
2021020875,20212022,2022-03-04,NYR,NJD,3,1,32,33,REG
2021020876,20212022,2022-03-04,CAR,PIT,3,2,42,24,OT
2021020877,20212022,2022-03-04,CBJ,LAK,3,4,29,43,OT
2021020878,20212022,2022-03-04,WPG,DAL,3,4,42,34,OT
2021020879,20212022,2022-03-04,ANA,VGK,4,5,24,35,REG
2021020880,20212022,2022-03-05,TOR,VAN,4,6,38,29,REG
2021020881,20212022,2022-03-05,FLA,DET,6,2,39,25,REG
2021020882,20212022,2022-03-05,NYI,STL,2,1,20,31,REG
2021020883,20212022,2022-03-05,PHI,CHI,4,3,27,29,REG
2021020884,20212022,2022-03-05,WSH,SEA,5,2,25,31,REG
2021020885,20212022,2022-03-05,CBJ,BOS,4,5,24,32,SO
2021020886,20212022,2022-03-05,COL,CGY,3,4,36,37,OT
2021020887,20212022,2022-03-05,EDM,MTL,2,5,30,29,REG
2021020888,20212022,2022-03-05,ARI,OTT,8,5,31,46,REG
2021020889,20212022,2022-03-05,SJS,NSH,0,8,20,36,REG
2021020890,20212022,2022-03-06,BUF,LAK,0,3,19,32,REG
2021020891,20212022,2022-03-06,NJD,STL,3,2,33,21,OT
2021020892,20212022,2022-03-06,CAR,SEA,3,2,33,30,REG
2021020893,20212022,2022-03-06,CHI,TBL,3,6,27,32,REG
2021020894,20212022,2022-03-06,MIN,DAL,3,6,35,26,REG
2021020895,20212022,2022-03-06,WPG,NYR,1,4,46,22,REG
2021020896,20212022,2022-03-06,VGK,OTT,2,1,42,40,REG
2021020897,20212022,2022-03-06,ANA,SJS,3,2,36,22,OT
2021020532,20212022,2022-03-07,CGY,EDM,3,1,29,28,REG
2021020898,20212022,2022-03-07,BOS,LAK,2,3,32,28,OT
2021020899,20212022,2022-03-07,BUF,FLA,1,6,30,31,REG
2021020900,20212022,2022-03-07,NYI,COL,4,5,36,49,REG
2021020901,20212022,2022-03-07,CBJ,TOR,4,5,35,33,REG
2021020902,20212022,2022-03-08,TOR,SEA,6,4,32,30,REG
2021020903,20212022,2022-03-08,DET,ARI,2,9,28,30,REG
2021020904,20212022,2022-03-08,NJD,COL,5,3,43,26,REG
2021020905,20212022,2022-03-08,PHI,VGK,2,1,21,48,REG
2021020906,20212022,2022-03-08,PIT,FLA,3,4,35,29,REG
2021020907,20212022,2022-03-08,CHI,ANA,8,3,32,32,REG
2021020908,20212022,2022-03-08,STL,OTT,1,4,23,28,REG
2021020909,20212022,2022-03-08,NSH,DAL,2,1,31,23,REG
2021020910,20212022,2022-03-08,MIN,NYR,5,2,28,25,REG
2021020911,20212022,2022-03-08,WPG,TBL,7,4,33,24,REG
2021020912,20212022,2022-03-08,CGY,WSH,4,5,35,27,REG
2021020913,20212022,2022-03-09,EDM,WSH,4,3,40,32,OT
2021020914,20212022,2022-03-09,VAN,MTL,5,3,33,25,REG
2021020693,20212022,2022-03-10,NYI,CBJ,6,0,33,25,REG
2021020915,20212022,2022-03-10,BOS,CHI,4,3,36,25,REG
2021020916,20212022,2022-03-10,BUF,VGK,3,1,24,31,REG
2021020917,20212022,2022-03-10,TOR,ARI,4,5,38,23,OT
2021020918,20212022,2022-03-10,OTT,SEA,4,3,27,33,OT
2021020919,20212022,2022-03-10,DET,MIN,5,6,34,40,SO
2021020920,20212022,2022-03-10,FLA,PHI,6,3,37,37,REG
2021020921,20212022,2022-03-10,NJD,WPG,1,2,34,30,REG
2021020923,20212022,2022-03-10,CAR,COL,2,0,37,36,REG
2021020924,20212022,2022-03-10,STL,NYR,6,2,35,29,REG
2021020925,20212022,2022-03-10,NSH,ANA,4,1,30,28,REG
2021020926,20212022,2022-03-10,CGY,TBL,4,1,32,31,REG
2021020927,20212022,2022-03-10,LAK,SJS,3,4,36,30,OT
2021020928,20212022,2022-03-11,NYI,WPG,5,2,38,29,REG
2021020929,20212022,2022-03-11,PIT,VGK,5,2,33,42,REG
2021020930,20212022,2022-03-11,CBJ,MIN,3,2,28,38,SO
2021020931,20212022,2022-03-11,VAN,WSH,3,4,26,34,OT
2021020932,20212022,2022-03-12,BOS,ARI,3,2,40,29,REG
2021020933,20212022,2022-03-12,MTL,SEA,3,4,33,34,SO
2021020934,20212022,2022-03-12,OTT,CHI,3,6,23,28,REG
2021020935,20212022,2022-03-12,NJD,ANA,2,1,40,34,SO
2021020936,20212022,2022-03-12,CAR,PHI,3,1,36,29,REG
2021020937,20212022,2022-03-12,NSH,STL,4,7,35,35,REG
2021020938,20212022,2022-03-12,DAL,NYR,4,7,33,29,REG
2021020939,20212022,2022-03-12,CGY,DET,3,0,43,19,REG
2021020940,20212022,2022-03-12,EDM,TBL,4,1,49,32,REG
2021020941,20212022,2022-03-12,SJS,LAK,5,0,27,29,REG
2021020942,20212022,2022-03-13,BUF,TOR,5,2,38,36,REG
2021020943,20212022,2022-03-13,NYI,ANA,4,3,29,42,REG
2021020944,20212022,2022-03-13,PHI,MTL,3,4,30,35,OT
2021020945,20212022,2022-03-13,PIT,CAR,4,2,22,43,REG
2021020946,20212022,2022-03-13,CBJ,VGK,6,4,38,27,REG
2021020947,20212022,2022-03-13,STL,WPG,3,4,31,37,OT
2021020948,20212022,2022-03-13,MIN,NSH,2,6,28,25,REG
2021020949,20212022,2022-03-13,COL,CGY,3,0,32,46,REG
2021020950,20212022,2022-03-13,VAN,TBL,1,2,36,31,REG
2021020951,20212022,2022-03-13,LAK,FLA,3,2,37,32,SO
2021020952,20212022,2022-03-14,OTT,ARI,3,5,43,15,REG
2021020953,20212022,2022-03-15,TOR,DAL,4,0,40,35,REG
2021020954,20212022,2022-03-15,MTL,ARI,3,6,39,19,REG
2021020955,20212022,2022-03-15,NYR,ANA,4,3,38,23,OT
2021020956,20212022,2022-03-15,WSH,NYI,4,3,32,32,SO
2021020957,20212022,2022-03-15,CHI,BOS,1,2,20,48,OT
2021020958,20212022,2022-03-15,NSH,PIT,4,1,25,36,REG
2021020959,20212022,2022-03-15,WPG,VGK,7,3,23,38,REG
2021020960,20212022,2022-03-15,EDM,DET,7,5,32,35,REG
2021020961,20212022,2022-03-15,VAN,NJD,6,3,31,35,REG
2021020962,20212022,2022-03-15,LAK,COL,0,3,23,27,REG
2021020963,20212022,2022-03-15,SJS,FLA,2,3,26,34,OT
2021020964,20212022,2022-03-16,OTT,CBJ,1,4,31,39,REG
2021020965,20212022,2022-03-16,MIN,BOS,4,2,34,26,REG
2021020966,20212022,2022-03-16,CGY,NJD,6,3,40,33,REG
2021020967,20212022,2022-03-16,SEA,TBL,1,4,25,42,REG
2021020328,20212022,2022-03-17,NYR,NYI,1,2,30,28,REG
2021020968,20212022,2022-03-17,TOR,CAR,3,2,21,36,REG
2021020969,20212022,2022-03-17,MTL,DAL,3,4,31,35,OT
2021020970,20212022,2022-03-17,PHI,NSH,5,4,33,34,REG
2021020971,20212022,2022-03-17,CBJ,WSH,2,7,41,33,REG
2021020972,20212022,2022-03-17,STL,PIT,2,3,25,45,SO
2021020973,20212022,2022-03-17,EDM,BUF,6,1,36,28,REG
2021020974,20212022,2022-03-17,VAN,DET,0,1,43,35,REG
2021020975,20212022,2022-03-17,VGK,FLA,5,3,33,36,REG
2021020976,20212022,2022-03-17,LAK,SJS,3,0,27,29,REG
2021020977,20212022,2022-03-18,OTT,PHI,3,1,36,29,REG
2021020978,20212022,2022-03-18,CAR,WSH,3,4,20,40,SO
2021020979,20212022,2022-03-18,WPG,BOS,2,4,29,45,REG
2021020980,20212022,2022-03-18,CGY,BUF,0,1,24,34,OT
2021020981,20212022,2022-03-18,ANA,FLA,0,3,17,42,REG
2021020982,20212022,2022-03-18,SJS,COL,3,5,28,29,REG
2021020983,20212022,2022-03-19,MTL,OTT,5,1,27,30,REG
2021020984,20212022,2022-03-19,TBL,NYR,1,2,29,27,REG
2021020985,20212022,2022-03-19,NYI,DAL,4,2,25,39,REG
2021020986,20212022,2022-03-19,CBJ,STL,5,4,27,28,REG
2021020987,20212022,2022-03-19,NSH,TOR,6,3,34,41,REG
2021020988,20212022,2022-03-19,MIN,CHI,3,1,34,22,REG
2021020989,20212022,2022-03-19,EDM,NJD,6,3,40,28,REG
2021020990,20212022,2022-03-19,VAN,CGY,2,5,25,44,REG
2021020991,20212022,2022-03-19,ARI,PIT,1,4,21,49,REG
2021020992,20212022,2022-03-19,VGK,LAK,5,1,24,39,REG
2021020993,20212022,2022-03-19,SEA,DET,4,2,42,23,REG
2021020994,20212022,2022-03-20,PHI,NYI,2,1,37,27,REG
2021020995,20212022,2022-03-20,WSH,DAL,2,3,38,23,REG
2021020996,20212022,2022-03-20,CAR,NYR,0,2,44,18,REG
2021020997,20212022,2022-03-20,CHI,WPG,4,6,36,32,REG
2021020998,20212022,2022-03-20,VAN,BUF,2,3,32,29,OT
2021020999,20212022,2022-03-20,SJS,ARI,4,2,29,25,REG
2021020646,20212022,2022-03-21,MTL,BOS,2,3,28,46,OT
2021021001,20212022,2022-03-21,MIN,VGK,3,0,36,28,REG
2021021002,20212022,2022-03-21,COL,EDM,3,2,31,25,OT
2021021003,20212022,2022-03-21,ANA,NSH,3,6,29,31,REG
2021021004,20212022,2022-03-22,DET,PHI,6,3,31,33,REG
2021021005,20212022,2022-03-22,NJD,NYR,7,4,31,35,REG
2021021007,20212022,2022-03-22,PIT,CBJ,5,1,37,27,REG
2021021008,20212022,2022-03-22,WSH,STL,2,5,21,38,REG
2021021009,20212022,2022-03-22,CAR,TBL,3,2,41,29,REG
2021021010,20212022,2022-03-22,DAL,EDM,5,3,28,25,REG
2021021011,20212022,2022-03-22,WPG,VGK,4,0,26,42,REG
2021021012,20212022,2022-03-22,CGY,SJS,3,4,31,38,REG
2021021013,20212022,2022-03-22,LAK,NSH,6,1,35,25,REG
2021021017,20212022,2022-03-22,ARI,SEA,2,4,26,39,REG
2021021021,20212022,2022-03-22,NYI,OTT,3,0,27,24,REG
2021021014,20212022,2022-03-23,BUF,PIT,4,3,33,26,SO
2021021015,20212022,2022-03-23,TOR,NJD,3,2,31,22,REG
2021021016,20212022,2022-03-23,COL,VAN,1,3,33,27,REG
2021021018,20212022,2022-03-23,ANA,CHI,2,4,29,28,REG
2021020545,20212022,2022-03-24,NYI,DET,5,2,26,39,REG
2021020675,20212022,2022-03-24,WPG,OTT,2,5,24,33,REG
2021021019,20212022,2022-03-24,BOS,TBL,3,2,39,24,REG
2021021020,20212022,2022-03-24,MTL,FLA,3,4,31,42,REG
2021021022,20212022,2022-03-24,CAR,DAL,3,4,47,15,SO
2021021023,20212022,2022-03-24,STL,PHI,2,5,28,27,REG
2021021024,20212022,2022-03-24,MIN,VAN,3,2,36,28,OT
2021021025,20212022,2022-03-24,EDM,SJS,5,2,41,30,REG
2021021026,20212022,2022-03-24,VGK,NSH,6,1,50,36,REG
2021021027,20212022,2022-03-24,LAK,CHI,3,4,46,31,SO
2021021028,20212022,2022-03-25,BUF,WSH,3,4,23,40,SO
2021021029,20212022,2022-03-25,NYR,PIT,5,1,33,21,REG
2021021030,20212022,2022-03-25,WPG,CBJ,4,3,33,36,OT
2021021031,20212022,2022-03-25,COL,PHI,6,3,51,31,REG
2021021032,20212022,2022-03-25,CGY,ARI,4,2,33,18,REG
2021021034,20212022,2022-03-26,BOS,NYI,6,3,44,27,REG
2021021035,20212022,2022-03-26,MTL,TOR,4,2,18,51,REG
2021021036,20212022,2022-03-26,OTT,FLA,3,4,22,49,SO
2021021037,20212022,2022-03-26,DET,TBL,1,2,27,36,OT
2021021038,20212022,2022-03-26,WSH,NJD,4,3,22,38,REG
2021021039,20212022,2022-03-26,STL,CAR,2,7,32,28,REG
2021021040,20212022,2022-03-26,DAL,VAN,1,4,36,31,REG
2021021041,20212022,2022-03-26,MIN,CBJ,3,2,38,25,OT
2021021042,20212022,2022-03-26,CGY,EDM,9,5,38,31,REG
2021021043,20212022,2022-03-26,VGK,CHI,5,4,34,34,OT
2021021044,20212022,2022-03-26,LAK,SEA,4,2,27,25,REG
2021021045,20212022,2022-03-26,SJS,ANA,4,1,24,28,REG
2021021046,20212022,2022-03-27,TOR,FLA,5,2,25,36,REG
2021021047,20212022,2022-03-27,NJD,MTL,3,2,32,33,SO
2021021048,20212022,2022-03-27,NYI,TBL,1,4,24,34,REG
2021021049,20212022,2022-03-27,NYR,BUF,5,4,31,17,OT
2021021050,20212022,2022-03-27,PIT,DET,11,2,35,35,REG
2021021051,20212022,2022-03-27,NSH,PHI,5,4,35,23,REG
2021021052,20212022,2022-03-27,MIN,COL,3,2,29,42,OT
2021021053,20212022,2022-03-27,WPG,ARI,2,1,40,29,OT
2021021054,20212022,2022-03-28,WSH,CAR,1,6,26,29,REG
2021021055,20212022,2022-03-28,CHI,BUF,5,6,21,37,REG
2021021056,20212022,2022-03-28,STL,VAN,4,1,29,36,REG
2021021057,20212022,2022-03-28,EDM,ARI,6,1,42,32,REG
2021021058,20212022,2022-03-28,LAK,SEA,1,6,37,38,REG
2021021059,20212022,2022-03-29,BOS,TOR,4,6,30,32,REG
2021021060,20212022,2022-03-29,TBL,CAR,4,3,32,19,OT
2021021061,20212022,2022-03-29,FLA,MTL,7,4,46,24,REG
2021021062,20212022,2022-03-29,PIT,NYR,2,3,24,26,REG
2021021063,20212022,2022-03-29,CBJ,NYI,3,4,45,29,REG
2021021064,20212022,2022-03-29,NSH,OTT,4,1,32,37,REG
2021021065,20212022,2022-03-29,MIN,PHI,4,1,37,33,REG
2021021066,20212022,2022-03-29,CGY,COL,1,2,45,30,REG
2021021067,20212022,2022-03-29,ANA,DAL,2,3,28,32,REG
2021021068,20212022,2022-03-30,BUF,WPG,2,3,37,27,SO
2021021069,20212022,2022-03-30,DET,NYR,4,5,26,34,OT
2021021070,20212022,2022-03-30,EDM,LAK,4,3,33,41,SO
2021021071,20212022,2022-03-30,VAN,STL,3,4,25,24,REG
2021021072,20212022,2022-03-30,ARI,SJS,5,2,24,41,REG
2021021073,20212022,2022-03-30,SEA,VGK,0,3,22,30,REG
2021021074,20212022,2022-03-31,BOS,NJD,8,1,40,26,REG
2021021075,20212022,2022-03-31,TOR,WPG,7,3,38,23,REG
2021021076,20212022,2022-03-31,FLA,CHI,4,0,44,37,REG
2021021077,20212022,2022-03-31,NYI,CBJ,5,2,36,32,REG
2021021078,20212022,2022-03-31,CAR,MTL,4,0,44,32,REG
2021021079,20212022,2022-03-31,MIN,PIT,3,4,31,39,OT
2021021080,20212022,2022-03-31,COL,SJS,4,2,46,27,REG
2021021081,20212022,2022-03-31,CGY,LAK,2,3,28,32,SO
2021021082,20212022,2022-03-31,ANA,DAL,2,3,23,35,OT
2021021083,20212022,2022-04-01,BUF,NSH,4,3,35,25,REG
2021021084,20212022,2022-04-01,DET,OTT,2,5,29,32,REG
2021021085,20212022,2022-04-01,TBL,CHI,5,2,43,23,REG
2021021086,20212022,2022-04-01,NYR,NYI,0,3,27,18,REG
2021021087,20212022,2022-04-01,EDM,STL,6,5,40,36,OT
2021021088,20212022,2022-04-01,ARI,ANA,0,5,22,37,REG
2021021089,20212022,2022-04-01,SEA,VGK,2,5,28,26,REG
2021021090,20212022,2022-04-02,BOS,CBJ,5,2,42,24,REG
2021021091,20212022,2022-04-02,TBL,MTL,4,5,41,31,SO
2021021092,20212022,2022-04-02,NJD,FLA,6,7,31,41,OT
2021021093,20212022,2022-04-02,PHI,TOR,3,6,32,28,REG
2021021094,20212022,2022-04-02,CAR,MIN,1,3,38,19,REG
2021021096,20212022,2022-04-02,WPG,LAK,2,3,27,38,REG
2021021097,20212022,2022-04-02,COL,PIT,3,2,38,40,REG
2021021098,20212022,2022-04-02,CGY,STL,4,6,43,25,REG
2021021099,20212022,2022-04-02,SJS,DAL,4,5,28,29,REG
2021021100,20212022,2022-04-03,BUF,FLA,3,5,29,40,REG
2021021101,20212022,2022-04-03,OTT,DET,5,2,36,32,REG
2021021102,20212022,2022-04-03,NJD,NYI,3,4,30,29,REG
2021021103,20212022,2022-04-03,NYR,PHI,3,4,46,26,SO
2021021104,20212022,2022-04-03,WSH,MIN,1,5,26,19,REG
2021021105,20212022,2022-04-03,CHI,ARI,2,3,31,35,OT
2021021106,20212022,2022-04-03,VAN,VGK,2,3,28,30,OT
2021021107,20212022,2022-04-03,ANA,EDM,1,6,32,46,REG
2021021108,20212022,2022-04-03,SEA,DAL,4,1,29,30,REG
2021021109,20212022,2022-04-04,TBL,TOR,2,6,34,39,REG
2021021110,20212022,2022-04-04,CBJ,BOS,2,3,22,37,OT
2021021111,20212022,2022-04-04,STL,ARI,5,1,29,22,REG
2021021112,20212022,2022-04-04,LAK,CGY,2,3,29,33,REG
2021021113,20212022,2022-04-05,BUF,CAR,4,2,22,34,REG
2021021114,20212022,2022-04-05,MTL,OTT,3,6,30,32,REG
2021021115,20212022,2022-04-05,DET,BOS,5,3,29,50,REG
2021021116,20212022,2022-04-05,FLA,TOR,7,6,49,35,OT
2021021117,20212022,2022-04-05,NJD,NYR,1,3,21,17,REG
2021021118,20212022,2022-04-05,PHI,CBJ,2,4,49,30,REG
2021021119,20212022,2022-04-05,PIT,COL,4,6,45,32,REG
2021021120,20212022,2022-04-05,NSH,MIN,6,2,33,49,REG
2021021121,20212022,2022-04-05,DAL,NYI,3,2,40,21,REG
2021021122,20212022,2022-04-05,SJS,EDM,1,2,32,24,OT
2021021123,20212022,2022-04-06,WSH,TBL,4,3,28,28,REG
2021021124,20212022,2022-04-06,STL,SEA,4,1,36,29,REG
2021021125,20212022,2022-04-06,WPG,DET,1,3,33,35,REG
2021021126,20212022,2022-04-06,VGK,VAN,1,5,34,31,REG
2021021127,20212022,2022-04-06,ANA,CGY,2,4,28,28,REG
2021020250,20212022,2022-04-07,OTT,NSH,2,3,29,34,REG
2021020512,20212022,2022-04-07,NJD,MTL,4,7,37,26,REG
2021021129,20212022,2022-04-07,NYR,PIT,3,0,24,30,REG
2021021130,20212022,2022-04-07,CAR,BUF,5,3,32,21,REG
2021021131,20212022,2022-04-07,CBJ,PHI,1,4,27,31,REG
2021021132,20212022,2022-04-07,CHI,SEA,0,2,29,31,REG
2021021133,20212022,2022-04-07,DAL,TOR,3,4,18,41,OT
2021021134,20212022,2022-04-07,ARI,VAN,1,5,28,32,REG
2021021135,20212022,2022-04-07,LAK,EDM,2,3,33,30,REG
2021021136,20212022,2022-04-07,SJS,CGY,2,4,33,41,REG
2021021137,20212022,2022-04-08,TBL,BOS,1,2,29,37,OT
2021021138,20212022,2022-04-08,FLA,BUF,4,3,43,22,REG
2021021139,20212022,2022-04-08,CAR,NYI,1,2,21,21,REG
2021021140,20212022,2022-04-08,STL,MIN,4,3,28,38,OT
2021021141,20212022,2022-04-08,WPG,COL,4,5,43,37,OT
2021021142,20212022,2022-04-09,TOR,MTL,3,2,40,26,REG
2021021143,20212022,2022-04-09,DET,CBJ,4,5,38,33,OT
2021021144,20212022,2022-04-09,NYR,OTT,5,1,33,22,REG
2021021145,20212022,2022-04-09,PHI,ANA,3,5,33,34,REG
2021021146,20212022,2022-04-09,PIT,WSH,3,6,32,45,REG
2021021147,20212022,2022-04-09,STL,NYI,6,1,31,31,REG
2021021148,20212022,2022-04-09,NSH,FLA,1,4,25,25,REG
2021021149,20212022,2022-04-09,DAL,NJD,1,3,28,23,REG
2021021151,20212022,2022-04-09,EDM,COL,1,2,50,34,SO
2021021152,20212022,2022-04-09,VAN,SJS,4,2,39,37,REG
2021021153,20212022,2022-04-09,VGK,ARI,6,1,39,30,REG
2021021154,20212022,2022-04-09,SEA,CGY,1,4,28,29,REG
2021021150,20212022,2022-04-10,MIN,LAK,6,3,33,34,REG
2021021155,20212022,2022-04-10,OTT,WPG,3,4,34,25,REG
2021021156,20212022,2022-04-10,TBL,BUF,5,0,28,28,REG
2021021157,20212022,2022-04-10,PIT,NSH,3,2,30,35,OT
2021021158,20212022,2022-04-10,WSH,BOS,4,2,33,30,REG
2021021159,20212022,2022-04-10,CAR,ANA,5,2,43,25,REG
2021021160,20212022,2022-04-10,CHI,DAL,4,6,40,30,REG
2021021162,20212022,2022-04-11,MTL,WPG,2,4,25,35,REG
2021020922,20212022,2022-04-12,NYI,PIT,5,4,37,47,SO
2021021163,20212022,2022-04-12,MIN,EDM,5,1,23,28,REG
2021021164,20212022,2022-04-12,BOS,STL,2,4,41,30,REG
2021021165,20212022,2022-04-12,TOR,BUF,2,5,26,28,REG
2021021166,20212022,2022-04-12,DET,OTT,1,4,25,32,REG
2021021167,20212022,2022-04-12,FLA,ANA,3,2,55,24,OT
2021021168,20212022,2022-04-12,NYR,CAR,2,4,30,25,REG
2021021170,20212022,2022-04-12,WSH,PHI,9,2,37,21,REG
2021021173,20212022,2022-04-12,DAL,TBL,1,0,29,25,REG
2021021174,20212022,2022-04-12,CGY,SEA,5,3,31,22,REG
2021021175,20212022,2022-04-12,VAN,VGK,5,4,27,45,OT
2021021176,20212022,2022-04-12,ARI,NJD,2,6,21,38,REG
2021021187,20212022,2022-04-12,CHI,LAK,2,5,20,36,REG
2021021188,20212022,2022-04-12,NSH,SJS,1,0,41,25,OT
2021021177,20212022,2022-04-13,PHI,NYR,0,4,28,34,REG
2021021178,20212022,2022-04-13,CBJ,MTL,5,1,31,21,REG
2021021180,20212022,2022-04-13,COL,LAK,9,3,35,32,REG
2021021171,20212022,2022-04-14,CHI,SJS,5,4,32,37,SO
2021021172,20212022,2022-04-14,NSH,EDM,0,4,30,32,REG
2021021181,20212022,2022-04-14,BOS,OTT,2,3,42,32,REG
2021021182,20212022,2022-04-14,BUF,STL,2,6,37,28,REG
2021021183,20212022,2022-04-14,TOR,WSH,7,3,32,25,REG
2021021184,20212022,2022-04-14,TBL,ANA,4,3,31,26,OT
2021021185,20212022,2022-04-14,PIT,NYI,6,3,28,39,REG
2021021186,20212022,2022-04-14,CAR,DET,0,3,46,22,REG
2021021189,20212022,2022-04-14,DAL,MIN,2,3,36,27,OT
2021021190,20212022,2022-04-14,COL,NJD,3,1,30,27,REG
2021021191,20212022,2022-04-14,CGY,VGK,1,6,36,25,REG
2021021192,20212022,2022-04-14,VAN,ARI,7,1,27,22,REG
2021021193,20212022,2022-04-15,MTL,NYI,0,3,44,20,REG
2021021194,20212022,2022-04-15,FLA,WPG,6,1,43,31,REG
2021021195,20212022,2022-04-16,EDM,VGK,4,0,36,39,REG
2021021196,20212022,2022-04-16,BOS,PIT,2,1,29,24,REG
2021021197,20212022,2022-04-16,BUF,PHI,4,3,29,21,REG
2021021198,20212022,2022-04-16,MTL,WSH,4,8,32,41,REG
2021021199,20212022,2022-04-16,OTT,TOR,4,5,29,41,OT
2021021200,20212022,2022-04-16,TBL,WPG,7,4,37,18,REG
2021021201,20212022,2022-04-16,NYR,DET,4,0,37,20,REG
2021021202,20212022,2022-04-16,STL,MIN,6,5,30,36,OT
2021021203,20212022,2022-04-16,NSH,CHI,4,3,34,31,REG
2021021204,20212022,2022-04-16,DAL,SJS,2,1,26,24,REG
2021021205,20212022,2022-04-16,COL,CAR,7,4,37,33,REG
2021021206,20212022,2022-04-16,CGY,ARI,9,1,41,26,REG
2021021208,20212022,2022-04-16,LAK,CBJ,2,1,38,22,REG
2021021209,20212022,2022-04-16,SEA,NJD,4,3,26,26,SO
2021020723,20212022,2022-04-17,TOR,NYI,4,2,37,29,REG
2021021210,20212022,2022-04-17,DET,FLA,1,6,34,39,REG
2021021212,20212022,2022-04-17,PHI,BUF,3,5,35,40,REG
2021021213,20212022,2022-04-17,NSH,STL,3,8,36,33,REG
2021021214,20212022,2022-04-17,MIN,SJS,5,4,28,30,OT
2021021215,20212022,2022-04-17,ANA,CBJ,6,4,32,35,REG
2021020436,20212022,2022-04-18,CHI,CGY,2,5,24,35,REG
2021020611,20212022,2022-04-18,SEA,OTT,4,2,29,14,REG
2021021216,20212022,2022-04-18,COL,WSH,2,3,26,27,REG
2021021217,20212022,2022-04-18,VAN,DAL,6,2,31,30,REG
2021021218,20212022,2022-04-18,ARI,CAR,3,5,26,51,REG
2021021219,20212022,2022-04-18,VGK,NJD,2,3,44,28,REG
2021020443,20212022,2022-04-19,NSH,CGY,3,2,27,21,SO
2021020625,20212022,2022-04-19,VAN,OTT,3,4,37,31,SO
2021021220,20212022,2022-04-19,TOR,PHI,5,2,29,39,REG
2021021221,20212022,2022-04-19,MTL,MIN,0,2,26,30,REG
2021021222,20212022,2022-04-19,TBL,DET,3,4,41,31,REG
2021021223,20212022,2022-04-19,NYI,FLA,2,3,26,42,OT
2021021224,20212022,2022-04-19,NYR,WPG,3,0,34,31,REG
2021021225,20212022,2022-04-19,STL,BOS,2,3,22,35,OT
2021021226,20212022,2022-04-19,ANA,LAK,1,2,30,28,REG
2021021227,20212022,2022-04-19,SJS,CBJ,3,2,28,24,REG
2021021229,20212022,2022-04-20,EDM,DAL,5,2,50,36,REG
2021021230,20212022,2022-04-20,ARI,CHI,3,4,35,40,OT
2021021231,20212022,2022-04-20,VGK,WSH,4,3,30,28,OT
2021021232,20212022,2022-04-20,SEA,COL,3,2,29,27,REG
2021021233,20212022,2022-04-21,MTL,PHI,3,6,34,34,REG
2021021234,20212022,2022-04-21,TBL,TOR,8,1,36,37,REG
2021021235,20212022,2022-04-21,FLA,DET,5,2,27,30,REG
2021021236,20212022,2022-04-21,NJD,BUF,2,5,31,28,REG
2021021237,20212022,2022-04-21,NYI,NYR,3,6,29,23,REG
2021021238,20212022,2022-04-21,PIT,BOS,4,0,32,52,REG
2021021239,20212022,2022-04-21,CAR,WPG,4,2,46,22,REG
2021021240,20212022,2022-04-21,MIN,VAN,6,3,32,24,REG
2021021241,20212022,2022-04-21,CGY,DAL,4,2,37,23,REG
2021021242,20212022,2022-04-21,LAK,CHI,4,1,36,16,REG
2021021243,20212022,2022-04-21,SJS,STL,1,3,21,28,REG
2021021244,20212022,2022-04-22,CBJ,OTT,1,2,34,26,SO
2021021245,20212022,2022-04-22,MIN,SEA,6,3,35,28,REG
2021021246,20212022,2022-04-22,EDM,COL,6,3,27,37,REG
2021021247,20212022,2022-04-22,ARI,WSH,0,2,19,29,REG
2021021248,20212022,2022-04-23,BOS,NYR,3,1,35,31,REG
2021021249,20212022,2022-04-23,BUF,NYI,5,3,35,22,REG
2021021250,20212022,2022-04-23,OTT,MTL,6,4,26,48,REG
2021021251,20212022,2022-04-23,DET,PIT,2,7,25,38,REG
2021021252,20212022,2022-04-23,TBL,NSH,6,2,39,21,REG
2021021253,20212022,2022-04-23,FLA,TOR,3,2,35,36,OT
2021021254,20212022,2022-04-23,NJD,CAR,2,3,19,29,OT
2021021255,20212022,2022-04-23,DAL,SEA,3,2,31,32,REG
2021021256,20212022,2022-04-23,CGY,VAN,6,3,31,31,REG
2021021257,20212022,2022-04-23,ARI,STL,4,5,20,33,OT
2021021258,20212022,2022-04-23,LAK,ANA,4,2,40,21,REG
2021021259,20212022,2022-04-23,SJS,CHI,4,1,19,28,REG
2021020471,20212022,2022-04-24,MTL,BOS,3,5,26,42,REG
2021021260,20212022,2022-04-24,FLA,TBL,4,8,39,33,REG
2021021261,20212022,2022-04-24,NJD,DET,0,3,17,24,REG
2021021262,20212022,2022-04-24,NYI,CAR,2,5,26,34,REG
2021021264,20212022,2022-04-24,PHI,PIT,4,1,43,38,REG
2021021265,20212022,2022-04-24,WSH,TOR,3,4,37,30,SO
2021021266,20212022,2022-04-24,CBJ,EDM,5,2,31,35,REG
2021021267,20212022,2022-04-24,NSH,MIN,4,5,25,47,OT
2021021268,20212022,2022-04-24,WPG,COL,4,1,44,31,REG
2021021269,20212022,2022-04-24,VGK,SJS,4,5,46,29,SO
2021021270,20212022,2022-04-24,ANA,STL,3,6,17,37,REG
2021021271,20212022,2022-04-25,CHI,PHI,3,1,33,34,REG
2021020829,20212022,2022-04-26,TOR,DET,3,0,36,20,REG
2021021272,20212022,2022-04-26,BOS,FLA,4,2,38,21,REG
2021021274,20212022,2022-04-26,OTT,NJD,5,4,34,41,OT
2021021276,20212022,2022-04-26,TBL,CBJ,4,1,32,21,REG
2021021277,20212022,2022-04-26,NYR,CAR,3,4,34,36,REG
2021021278,20212022,2022-04-26,PIT,EDM,1,5,34,42,REG
2021021279,20212022,2022-04-26,WSH,NYI,1,4,33,26,REG
2021021280,20212022,2022-04-26,NSH,CGY,4,5,23,38,OT
2021021281,20212022,2022-04-26,DAL,VGK,3,2,30,35,SO
2021021282,20212022,2022-04-26,MIN,ARI,3,5,38,26,REG
2021021283,20212022,2022-04-26,COL,STL,5,3,34,32,REG
2021021284,20212022,2022-04-26,VAN,SEA,5,2,27,32,REG
2021021285,20212022,2022-04-26,SJS,ANA,2,5,33,31,REG
2021020505,20212022,2022-04-27,NYR,MTL,3,4,27,23,REG
2021021286,20212022,2022-04-27,CHI,VGK,4,3,40,40,SO
2021021287,20212022,2022-04-27,DAL,ARI,3,4,29,37,OT
2021021288,20212022,2022-04-27,WPG,PHI,4,0,27,35,REG
2021021289,20212022,2022-04-27,SEA,LAK,3,5,40,28,REG
2021020513,20212022,2022-04-28,NYI,WSH,5,1,26,27,REG
2021021290,20212022,2022-04-28,BOS,BUF,5,0,32,37,REG
2021021291,20212022,2022-04-28,OTT,FLA,0,4,27,30,REG
2021021294,20212022,2022-04-28,CAR,NJD,6,3,36,30,REG
2021021295,20212022,2022-04-28,MIN,CGY,3,2,25,33,OT
2021021296,20212022,2022-04-28,COL,NSH,4,5,46,37,SO
2021021297,20212022,2022-04-28,EDM,SJS,5,4,31,44,OT
2021021305,20212022,2022-04-28,CBJ,TBL,5,2,35,27,REG
2021021310,20212022,2022-04-28,VAN,LAK,3,2,29,35,OT
2021021169,20212022,2022-04-29,PIT,CBJ,5,3,50,36,REG
2021021207,20212022,2022-04-29,EDM,VAN,3,2,33,41,SO
2021021292,20212022,2022-04-29,NYI,TBL,4,6,37,34,REG
2021021298,20212022,2022-04-29,BUF,CHI,3,2,36,21,OT
2021021299,20212022,2022-04-29,TOR,BOS,5,2,27,26,REG
2021021300,20212022,2022-04-29,MTL,FLA,10,2,37,39,REG
2021021301,20212022,2022-04-29,NJD,DET,3,5,23,35,REG
2021021302,20212022,2022-04-29,NYR,WSH,3,2,33,36,REG
2021021303,20212022,2022-04-29,PHI,OTT,2,4,34,36,REG
2021021306,20212022,2022-04-29,STL,VGK,4,7,18,45,REG
2021021307,20212022,2022-04-29,DAL,ANA,4,2,19,21,REG
2021021308,20212022,2022-04-29,MIN,COL,4,1,22,28,REG
2021021309,20212022,2022-04-29,WPG,CGY,3,1,43,33,REG
2021021311,20212022,2022-04-29,ARI,NSH,5,4,27,33,REG
2021021312,20212022,2022-04-29,SEA,SJS,3,0,31,24,REG
2021021179,20212022,2022-05-01,WPG,SEA,4,3,27,30,REG
2022020001,20222023,2022-10-07,NSH,SJS,4,1,32,31,REG
2022020002,20222023,2022-10-08,SJS,NSH,2,3,33,18,REG
2022020003,20222023,2022-10-11,NYR,TBL,3,1,39,26,REG
2022020004,20222023,2022-10-11,LAK,VGK,3,4,30,51,REG
2022020005,20222023,2022-10-12,WSH,BOS,2,5,35,30,REG
2022020006,20222023,2022-10-12,CAR,CBJ,4,1,43,32,REG
2022020007,20222023,2022-10-12,MTL,TOR,4,3,23,32,REG
2022020008,20222023,2022-10-12,COL,CHI,5,2,35,17,REG
2022020009,20222023,2022-10-12,ANA,SEA,5,4,27,48,OT
2022020010,20222023,2022-10-12,EDM,VAN,5,3,25,36,REG
2022020011,20222023,2022-10-13,PIT,ARI,6,2,53,28,REG
2022020012,20222023,2022-10-13,PHI,NJD,5,2,25,37,REG
2022020013,20222023,2022-10-13,BUF,OTT,4,1,36,36,REG
2022020014,20222023,2022-10-13,NYI,FLA,1,3,33,29,REG
2022020015,20222023,2022-10-13,TOR,WSH,3,2,39,26,REG
2022020016,20222023,2022-10-13,NSH,DAL,1,4,32,29,REG
2022020017,20222023,2022-10-13,MIN,NYR,3,7,36,35,REG
2022020018,20222023,2022-10-13,CGY,COL,5,3,27,25,REG
2022020019,20222023,2022-10-13,VGK,CHI,1,0,37,27,REG
2022020020,20222023,2022-10-13,LAK,SEA,1,4,27,22,REG
2022020021,20222023,2022-10-14,CBJ,TBL,2,5,28,39,REG
2022020022,20222023,2022-10-14,DET,MTL,3,0,40,29,REG
2022020023,20222023,2022-10-14,WPG,NYR,4,1,34,41,REG
2022020024,20222023,2022-10-14,SJS,CAR,1,2,19,35,REG
2022020025,20222023,2022-10-15,BUF,FLA,3,4,27,37,REG
2022020026,20222023,2022-10-15,PHI,VAN,3,2,31,30,REG
2022020027,20222023,2022-10-15,BOS,ARI,6,3,43,24,REG
2022020028,20222023,2022-10-15,NJD,DET,2,5,39,22,REG
2022020029,20222023,2022-10-15,WSH,MTL,3,1,29,22,REG
2022020030,20222023,2022-10-15,TOR,OTT,3,2,32,28,REG
2022020031,20222023,2022-10-15,PIT,TBL,6,2,45,36,REG
2022020032,20222023,2022-10-15,NYI,ANA,7,1,38,23,REG
2022020033,20222023,2022-10-15,STL,CBJ,5,2,25,25,REG
2022020034,20222023,2022-10-15,MIN,LAK,6,7,35,34,REG
2022020035,20222023,2022-10-15,DAL,NSH,5,1,22,30,REG
2022020036,20222023,2022-10-15,EDM,CGY,3,4,29,42,REG
2022020037,20222023,2022-10-15,SEA,VGK,2,5,33,30,REG
2022020038,20222023,2022-10-15,SJS,CHI,2,5,26,25,REG
2022020039,20222023,2022-10-17,NYR,ANA,6,4,43,22,REG
2022020040,20222023,2022-10-17,TOR,ARI,2,4,28,19,REG
2022020041,20222023,2022-10-17,BOS,FLA,5,3,34,41,REG
2022020042,20222023,2022-10-17,MTL,PIT,3,2,39,28,OT
2022020043,20222023,2022-10-17,WSH,VAN,6,4,30,30,REG
2022020044,20222023,2022-10-17,DET,LAK,4,5,33,36,OT
2022020045,20222023,2022-10-17,MIN,COL,3,6,39,38,REG
2022020046,20222023,2022-10-17,DAL,WPG,4,1,29,25,REG
2022020047,20222023,2022-10-17,SEA,CAR,1,5,23,34,REG
2022020048,20222023,2022-10-18,NJD,ANA,4,2,41,20,REG
2022020049,20222023,2022-10-18,OTT,BOS,7,5,31,34,REG
2022020050,20222023,2022-10-18,CBJ,VAN,4,3,33,35,OT
2022020051,20222023,2022-10-18,NYI,SJS,5,2,46,28,REG
2022020052,20222023,2022-10-18,NSH,LAK,3,4,32,35,SO
2022020053,20222023,2022-10-18,TBL,PHI,2,3,38,24,REG
2022020054,20222023,2022-10-18,EDM,BUF,2,4,48,24,REG
2022020055,20222023,2022-10-18,CGY,VGK,3,2,40,21,REG
2022020056,20222023,2022-10-19,FLA,PHI,4,3,36,33,REG
2022020057,20222023,2022-10-19,COL,WPG,3,4,33,28,OT
2022020058,20222023,2022-10-19,SEA,STL,3,4,35,28,OT
2022020059,20222023,2022-10-20,BOS,ANA,2,1,36,31,SO
2022020060,20222023,2022-10-20,MTL,ARI,6,2,30,27,REG
2022020061,20222023,2022-10-20,TOR,DAL,3,2,43,28,OT
2022020062,20222023,2022-10-20,PIT,LAK,6,1,34,40,REG
2022020063,20222023,2022-10-20,CBJ,NSH,5,3,42,26,REG
2022020064,20222023,2022-10-20,NYR,SJS,2,3,23,27,OT
2022020065,20222023,2022-10-20,OTT,WSH,5,2,44,24,REG
2022020066,20222023,2022-10-20,NYI,NJD,1,4,17,43,REG
2022020067,20222023,2022-10-20,MIN,VAN,4,3,37,26,OT
2022020068,20222023,2022-10-20,CGY,BUF,3,6,43,32,REG
2022020069,20222023,2022-10-20,EDM,CAR,6,4,33,40,REG
2022020070,20222023,2022-10-20,VGK,WPG,5,2,32,28,REG
2022020071,20222023,2022-10-21,FLA,TBL,2,3,38,32,OT
2022020072,20222023,2022-10-21,CHI,DET,4,3,29,28,OT
2022020073,20222023,2022-10-21,COL,SEA,2,3,20,38,REG
2022020074,20222023,2022-10-22,BOS,MIN,4,3,43,27,OT
2022020075,20222023,2022-10-22,NJD,SJS,2,1,36,22,REG
2022020076,20222023,2022-10-22,OTT,ARI,6,2,32,22,REG
2022020077,20222023,2022-10-22,EDM,STL,0,2,23,22,REG
2022020078,20222023,2022-10-22,MTL,DAL,2,5,34,30,REG
2022020079,20222023,2022-10-22,WSH,LAK,4,3,32,26,REG
2022020080,20222023,2022-10-22,TBL,NYI,5,3,26,35,REG
2022020081,20222023,2022-10-22,CBJ,PIT,3,6,32,39,REG
2022020082,20222023,2022-10-22,WPG,TOR,1,4,31,28,REG
2022020083,20222023,2022-10-22,NSH,PHI,1,3,32,25,REG
2022020084,20222023,2022-10-22,VAN,BUF,1,5,30,27,REG
2022020085,20222023,2022-10-22,CGY,CAR,3,2,32,27,OT
2022020086,20222023,2022-10-22,VGK,COL,2,3,35,25,REG
2022020087,20222023,2022-10-23,CHI,SEA,5,4,27,34,REG
2022020088,20222023,2022-10-23,DET,ANA,5,1,41,33,REG
2022020089,20222023,2022-10-23,NYR,CBJ,1,5,31,21,REG
2022020090,20222023,2022-10-23,FLA,NYI,3,2,32,26,REG
2022020091,20222023,2022-10-23,PHI,SJS,0,3,30,25,REG
2022020092,20222023,2022-10-24,OTT,DAL,4,2,32,31,REG
2022020093,20222023,2022-10-24,NJD,WSH,3,6,41,22,REG
2022020094,20222023,2022-10-24,EDM,PIT,6,3,47,35,REG
2022020095,20222023,2022-10-24,WPG,STL,4,0,43,25,REG
2022020096,20222023,2022-10-24,VGK,TOR,3,1,33,23,REG
2022020097,20222023,2022-10-24,VAN,CAR,2,3,16,39,REG
2022020098,20222023,2022-10-25,CBJ,ARI,3,6,33,19,REG
2022020099,20222023,2022-10-25,NYR,COL,2,3,46,44,SO
2022020100,20222023,2022-10-25,BOS,DAL,3,1,29,31,REG
2022020101,20222023,2022-10-25,MTL,MIN,1,3,27,31,REG
2022020102,20222023,2022-10-25,DET,NJD,2,6,22,41,REG
2022020103,20222023,2022-10-25,CHI,FLA,4,2,22,31,REG
2022020104,20222023,2022-10-25,CGY,PIT,4,1,36,33,REG
2022020105,20222023,2022-10-25,SEA,BUF,5,1,24,16,REG
2022020106,20222023,2022-10-25,LAK,TBL,4,2,33,25,REG
2022020107,20222023,2022-10-25,SJS,VGK,2,4,31,31,REG
2022020108,20222023,2022-10-26,NYI,NYR,3,0,29,41,REG
2022020109,20222023,2022-10-26,STL,EDM,1,3,38,28,REG
2022020110,20222023,2022-10-26,ANA,TBL,2,4,21,30,REG
2022020111,20222023,2022-10-27,BOS,DET,5,1,33,29,REG
2022020112,20222023,2022-10-27,PHI,FLA,4,3,22,51,REG
2022020113,20222023,2022-10-27,OTT,MIN,2,4,29,40,REG
2022020114,20222023,2022-10-27,BUF,MTL,2,3,45,34,REG
2022020115,20222023,2022-10-27,NSH,STL,6,2,42,35,REG
2022020116,20222023,2022-10-27,CHI,EDM,5,6,36,38,REG
2022020117,20222023,2022-10-27,DAL,WSH,2,0,27,27,REG
2022020118,20222023,2022-10-27,SEA,VAN,4,5,36,19,REG
2022020119,20222023,2022-10-27,SJS,TOR,4,3,31,25,OT
2022020120,20222023,2022-10-27,LAK,WPG,4,6,44,19,REG
2022020121,20222023,2022-10-28,VGK,ANA,4,0,22,29,REG
2022020122,20222023,2022-10-28,CBJ,BOS,0,4,30,35,REG
2022020123,20222023,2022-10-28,NJD,COL,1,0,23,24,REG
2022020124,20222023,2022-10-28,CAR,NYI,2,6,35,32,REG
2022020125,20222023,2022-10-28,VAN,PIT,5,1,29,35,REG
2022020126,20222023,2022-10-28,ARI,WPG,2,3,21,35,OT
2022020127,20222023,2022-10-29,DAL,NYR,3,6,33,27,REG
2022020128,20222023,2022-10-29,FLA,OTT,5,3,58,26,REG
2022020129,20222023,2022-10-29,SJS,TBL,3,4,27,26,REG
2022020130,20222023,2022-10-29,PHI,CAR,3,4,29,38,OT
2022020131,20222023,2022-10-29,BUF,CHI,4,3,45,26,OT
2022020132,20222023,2022-10-29,DET,MIN,2,1,25,31,REG
2022020133,20222023,2022-10-29,STL,MTL,4,7,30,25,REG
2022020134,20222023,2022-10-29,LAK,TOR,4,2,29,28,REG
2022020135,20222023,2022-10-29,NYI,COL,5,4,44,37,REG
2022020136,20222023,2022-10-29,NSH,WSH,0,3,34,35,REG
2022020137,20222023,2022-10-29,CGY,EDM,2,3,42,26,REG
2022020138,20222023,2022-10-29,SEA,PIT,3,1,30,33,REG
2022020139,20222023,2022-10-30,NJD,CBJ,7,1,53,21,REG
2022020140,20222023,2022-10-30,CHI,MIN,3,4,26,35,SO
2022020141,20222023,2022-10-30,ARI,NYR,2,3,20,39,REG
2022020142,20222023,2022-10-30,ANA,TOR,4,3,39,36,OT
2022020143,20222023,2022-10-30,VGK,WPG,2,1,48,24,OT
2022020144,20222023,2022-10-31,BUF,DET,8,3,46,18,REG
2022020145,20222023,2022-10-31,CAR,WSH,3,2,35,20,SO
2022020146,20222023,2022-10-31,STL,LAK,1,5,28,30,REG
2022020147,20222023,2022-11-01,PIT,BOS,5,6,38,40,OT
2022020148,20222023,2022-11-01,TBL,OTT,4,3,34,15,REG
2022020149,20222023,2022-11-01,NYR,PHI,1,0,36,19,OT
2022020150,20222023,2022-11-01,WSH,VGK,2,3,21,31,OT
2022020151,20222023,2022-11-01,MIN,MTL,4,1,31,35,REG
2022020152,20222023,2022-11-01,CHI,NYI,1,3,22,33,REG
2022020153,20222023,2022-11-01,DAL,LAK,5,2,40,32,REG
2022020154,20222023,2022-11-01,EDM,NSH,7,4,37,23,REG
2022020155,20222023,2022-11-01,CGY,SEA,4,5,40,26,REG
2022020156,20222023,2022-11-01,ARI,FLA,3,1,21,42,REG
2022020157,20222023,2022-11-01,VAN,NJD,2,5,23,37,REG
2022020158,20222023,2022-11-01,SJS,ANA,5,6,44,44,SO
2022020159,20222023,2022-11-02,TOR,PHI,5,2,44,25,REG
2022020160,20222023,2022-11-02,BUF,PIT,6,3,33,21,REG
2022020161,20222023,2022-11-03,NYR,BOS,2,5,20,37,REG
2022020162,20222023,2022-11-03,TBL,CAR,3,4,26,55,SO
2022020163,20222023,2022-11-03,OTT,VGK,4,5,46,32,REG
2022020164,20222023,2022-11-03,DET,WSH,3,1,26,34,REG
2022020165,20222023,2022-11-03,WPG,MTL,3,2,36,22,OT
2022020166,20222023,2022-11-03,STL,NYI,2,5,34,30,REG
2022020167,20222023,2022-11-03,MIN,SEA,0,4,22,23,REG
2022020168,20222023,2022-11-03,CHI,LAK,2,1,19,33,OT
2022020169,20222023,2022-11-03,CGY,NSH,1,4,30,32,REG
2022020170,20222023,2022-11-03,EDM,NJD,3,4,37,43,REG
2022020171,20222023,2022-11-03,VAN,ANA,8,5,47,31,REG
2022020172,20222023,2022-11-03,ARI,DAL,2,7,30,36,REG
2022020173,20222023,2022-11-03,SJS,FLA,3,4,39,44,SO
2022020174,20222023,2022-11-04,CAR,BUF,5,3,33,25,REG
2022020175,20222023,2022-11-04,COL,CBJ,6,3,36,39,REG
2022020176,20222023,2022-11-05,WPG,CHI,4,0,37,30,REG
2022020177,20222023,2022-11-05,EDM,DAL,2,6,30,36,REG
2022020178,20222023,2022-11-05,WSH,ARI,2,3,36,26,REG
2022020179,20222023,2022-11-05,TOR,BOS,2,1,28,21,REG
2022020180,20222023,2022-11-05,TBL,BUF,5,3,30,24,REG
2022020181,20222023,2022-11-05,DET,NYI,3,0,26,24,REG
2022020182,20222023,2022-11-05,OTT,PHI,1,2,34,28,REG
2022020183,20222023,2022-11-05,PIT,SEA,2,3,37,28,REG
2022020184,20222023,2022-11-05,MTL,VGK,4,6,31,42,REG
2022020185,20222023,2022-11-05,CBJ,COL,1,5,32,45,REG
2022020186,20222023,2022-11-05,VAN,NSH,3,4,45,30,SO
2022020187,20222023,2022-11-05,CGY,NJD,3,4,30,35,OT
2022020188,20222023,2022-11-05,SJS,ANA,4,5,52,25,SO
2022020189,20222023,2022-11-05,LAK,FLA,5,4,39,38,REG
2022020190,20222023,2022-11-06,NYR,DET,2,3,29,36,OT
2022020191,20222023,2022-11-06,CAR,TOR,1,3,30,21,REG
2022020192,20222023,2022-11-06,ANA,FLA,3,5,35,48,REG
2022020193,20222023,2022-11-07,NYI,CGY,4,3,32,46,OT
2022020194,20222023,2022-11-07,BOS,STL,3,1,37,27,REG
2022020195,20222023,2022-11-07,WSH,EDM,5,4,31,29,REG
2022020196,20222023,2022-11-08,BUF,ARI,1,4,33,24,REG
2022020197,20222023,2022-11-08,NJD,CGY,3,2,20,35,REG
2022020198,20222023,2022-11-08,NYR,NYI,3,4,40,26,REG
2022020199,20222023,2022-11-08,PHI,STL,5,1,35,28,REG
2022020200,20222023,2022-11-08,OTT,VAN,4,6,41,28,REG
2022020201,20222023,2022-11-08,TOR,VGK,3,4,31,20,OT
2022020202,20222023,2022-11-08,TBL,EDM,2,3,37,29,REG
2022020203,20222023,2022-11-08,DET,MTL,2,3,43,33,SO
2022020204,20222023,2022-11-08,WPG,DAL,5,1,33,22,REG
2022020205,20222023,2022-11-08,SEA,NSH,5,1,20,25,REG
2022020206,20222023,2022-11-08,LAK,MIN,1,0,30,21,REG
2022020207,20222023,2022-11-09,FLA,CAR,3,0,37,40,REG
2022020208,20222023,2022-11-09,WSH,PIT,1,4,25,28,REG
2022020209,20222023,2022-11-09,MTL,VAN,5,2,29,33,REG
2022020210,20222023,2022-11-09,ANA,MIN,1,4,32,39,REG
2022020211,20222023,2022-11-10,BOS,CGY,3,1,28,32,REG
2022020212,20222023,2022-11-10,CAR,EDM,7,2,32,22,REG
2022020213,20222023,2022-11-10,NJD,OTT,4,3,41,28,OT
2022020214,20222023,2022-11-10,CBJ,PHI,5,2,29,34,REG
2022020215,20222023,2022-11-10,BUF,VGK,4,7,35,36,REG
2022020216,20222023,2022-11-10,NYI,ARI,0,2,24,28,REG
2022020217,20222023,2022-11-10,DET,NYR,2,8,20,33,REG
2022020218,20222023,2022-11-10,STL,SJS,5,3,33,30,REG
2022020219,20222023,2022-11-10,COL,NSH,5,3,35,35,REG
2022020220,20222023,2022-11-10,LAK,CHI,2,1,35,32,OT
2022020221,20222023,2022-11-11,TOR,PIT,2,4,30,23,REG
2022020222,20222023,2022-11-11,WSH,TBL,5,1,24,29,REG
2022020223,20222023,2022-11-11,DAL,SJS,4,5,29,18,REG
2022020224,20222023,2022-11-11,SEA,MIN,0,1,28,21,REG
2022020225,20222023,2022-11-12,PHI,OTT,1,4,38,27,REG
2022020226,20222023,2022-11-12,FLA,EDM,2,4,42,32,REG
2022020227,20222023,2022-11-12,NJD,ARI,4,2,26,18,REG
2022020228,20222023,2022-11-12,BUF,BOS,1,3,31,30,REG
2022020229,20222023,2022-11-12,MTL,PIT,5,4,42,24,OT
2022020230,20222023,2022-11-12,TOR,VAN,3,2,34,29,REG
2022020231,20222023,2022-11-12,NYI,CBJ,4,3,46,29,OT
2022020232,20222023,2022-11-12,NSH,NYR,2,1,18,35,REG
2022020233,20222023,2022-11-12,COL,CAR,4,1,28,25,REG
2022020234,20222023,2022-11-12,ANA,CHI,2,3,41,22,REG
2022020235,20222023,2022-11-12,VGK,STL,2,3,36,28,REG
2022020236,20222023,2022-11-12,CGY,WPG,3,2,35,23,REG
2022020237,20222023,2022-11-12,LAK,DET,4,3,21,21,REG
2022020238,20222023,2022-11-13,PHI,DAL,1,5,38,31,REG
2022020239,20222023,2022-11-13,NYR,ARI,4,1,27,32,REG
2022020240,20222023,2022-11-13,MIN,SJS,2,3,30,37,SO
2022020241,20222023,2022-11-13,BOS,VAN,5,2,33,31,REG
2022020242,20222023,2022-11-13,TBL,WSH,6,3,35,22,REG
2022020243,20222023,2022-11-13,SEA,WPG,2,3,21,30,OT
2022020244,20222023,2022-11-14,OTT,NYI,2,4,38,35,REG
2022020245,20222023,2022-11-14,CHI,CAR,0,3,27,32,REG
2022020246,20222023,2022-11-14,CGY,LAK,6,5,30,29,REG
2022020247,20222023,2022-11-14,COL,STL,2,3,47,39,REG
2022020248,20222023,2022-11-15,TBL,DAL,5,4,38,32,OT
2022020249,20222023,2022-11-15,MTL,NJD,1,5,26,39,REG
2022020250,20222023,2022-11-15,CBJ,PHI,5,4,33,37,OT
2022020251,20222023,2022-11-15,PIT,TOR,2,5,37,33,REG
2022020252,20222023,2022-11-15,BUF,VAN,4,5,32,32,REG
2022020253,20222023,2022-11-15,FLA,WSH,5,2,43,43,REG
2022020254,20222023,2022-11-15,NSH,MIN,2,1,25,33,REG
2022020255,20222023,2022-11-15,ANA,DET,3,2,30,33,OT
2022020256,20222023,2022-11-15,VGK,SJS,2,5,26,29,REG
2022020257,20222023,2022-11-16,OTT,BUF,4,1,40,30,REG
2022020258,20222023,2022-11-16,CHI,STL,2,5,27,35,REG
2022020259,20222023,2022-11-16,EDM,LAK,1,3,23,32,REG
2022020260,20222023,2022-11-17,TBL,CGY,4,1,24,40,REG
2022020261,20222023,2022-11-17,CAR,COL,2,3,48,15,OT
2022020262,20222023,2022-11-17,FLA,DAL,4,6,44,29,REG
2022020263,20222023,2022-11-17,CBJ,MTL,6,4,29,42,REG
2022020264,20222023,2022-11-17,TOR,NJD,2,3,27,33,OT
2022020265,20222023,2022-11-17,BOS,PHI,4,1,32,23,REG
2022020266,20222023,2022-11-17,WPG,ANA,3,2,32,31,REG
2022020267,20222023,2022-11-17,NSH,NYI,5,4,31,33,REG
2022020268,20222023,2022-11-17,MIN,PIT,4,6,23,32,REG
2022020269,20222023,2022-11-17,STL,WSH,5,4,24,51,SO
2022020270,20222023,2022-11-17,VGK,ARI,4,1,39,26,REG
2022020271,20222023,2022-11-17,SEA,NYR,3,2,32,30,OT
2022020272,20222023,2022-11-17,SJS,DET,4,7,25,21,REG
2022020273,20222023,2022-11-18,VAN,LAK,4,1,25,38,REG
2022020274,20222023,2022-11-19,OTT,NJD,1,5,26,36,REG
2022020275,20222023,2022-11-19,FLA,CGY,4,5,35,35,SO
2022020276,20222023,2022-11-19,TOR,BUF,5,2,23,34,REG
2022020277,20222023,2022-11-19,BOS,CHI,6,1,43,18,REG
2022020278,20222023,2022-11-19,WSH,COL,0,4,32,29,REG
2022020279,20222023,2022-11-19,CBJ,DET,1,6,28,37,REG
2022020280,20222023,2022-11-19,MTL,PHI,5,4,32,29,SO
2022020281,20222023,2022-11-19,WPG,PIT,0,3,32,32,REG
2022020282,20222023,2022-11-19,STL,ANA,6,2,34,32,REG
2022020283,20222023,2022-11-19,MIN,CAR,2,1,21,21,OT
2022020284,20222023,2022-11-19,DAL,NYI,5,2,35,29,REG
2022020285,20222023,2022-11-19,NSH,TBL,2,3,32,39,OT
2022020286,20222023,2022-11-19,SEA,LAK,3,2,29,29,OT
2022020287,20222023,2022-11-19,EDM,VGK,4,3,23,34,OT
2022020288,20222023,2022-11-19,SJS,NYR,1,2,23,43,REG
2022020289,20222023,2022-11-20,CBJ,FLA,5,3,23,50,REG
2022020290,20222023,2022-11-20,CHI,PIT,3,5,32,25,REG
2022020291,20222023,2022-11-21,TBL,BOS,3,5,35,29,REG
2022020292,20222023,2022-11-21,PHI,CGY,2,5,25,30,REG
2022020293,20222023,2022-11-21,NJD,EDM,5,2,28,30,REG
2022020294,20222023,2022-11-21,WPG,CAR,4,3,23,27,OT
2022020295,20222023,2022-11-21,TOR,NYI,2,3,32,24,OT
2022020296,20222023,2022-11-21,STL,ANA,3,1,27,28,REG
2022020297,20222023,2022-11-21,NSH,ARI,4,3,45,27,SO
2022020298,20222023,2022-11-21,DAL,COL,2,3,24,35,SO
2022020299,20222023,2022-11-21,SJS,OTT,5,1,31,38,REG
2022020300,20222023,2022-11-21,VAN,VGK,4,5,29,38,REG
2022020301,20222023,2022-11-22,MTL,BUF,2,7,31,38,REG
2022020302,20222023,2022-11-22,LAK,NYR,3,5,38,25,REG
2022020303,20222023,2022-11-23,CAR,ARI,0,4,36,27,REG
2022020304,20222023,2022-11-23,FLA,BOS,5,2,31,39,REG
2022020305,20222023,2022-11-23,PIT,CGY,2,1,39,34,SO
2022020306,20222023,2022-11-23,CBJ,MTL,1,3,31,29,REG
2022020307,20222023,2022-11-23,BUF,STL,6,2,32,36,REG
2022020308,20222023,2022-11-23,NJD,TOR,1,2,35,20,REG
2022020309,20222023,2022-11-23,MIN,WPG,6,1,39,29,REG
2022020310,20222023,2022-11-23,NYI,EDM,3,0,31,49,REG
2022020311,20222023,2022-11-23,DET,NSH,3,0,29,26,REG
2022020312,20222023,2022-11-23,WSH,PHI,3,2,32,23,OT
2022020313,20222023,2022-11-23,DAL,CHI,6,4,39,31,REG
2022020314,20222023,2022-11-23,ANA,NYR,3,2,22,43,REG
2022020315,20222023,2022-11-23,VGK,OTT,4,1,36,40,REG
2022020316,20222023,2022-11-23,SEA,SJS,8,5,27,26,REG
2022020317,20222023,2022-11-23,COL,VAN,3,4,36,25,REG
2022020318,20222023,2022-11-25,BOS,CAR,3,2,41,36,OT
2022020319,20222023,2022-11-25,WSH,CGY,3,0,25,32,REG
2022020321,20222023,2022-11-25,CHI,MTL,2,3,32,23,SO
2022020322,20222023,2022-11-25,MIN,TOR,3,4,28,28,REG
2022020323,20222023,2022-11-25,ANA,OTT,1,5,32,33,REG
2022020324,20222023,2022-11-25,PHI,PIT,1,4,30,29,REG
2022020325,20222023,2022-11-25,DET,ARI,4,3,36,24,SO
2022020326,20222023,2022-11-25,CBJ,NYI,2,3,26,24,REG
2022020327,20222023,2022-11-25,BUF,NJD,1,3,34,44,REG
2022020328,20222023,2022-11-25,TBL,STL,5,2,27,27,REG
2022020329,20222023,2022-11-25,VGK,SEA,2,4,22,28,REG
2022020330,20222023,2022-11-25,DAL,WPG,4,5,41,28,OT
2022020331,20222023,2022-11-25,SJS,LAK,2,5,31,29,REG
2022020332,20222023,2022-11-26,NYR,EDM,3,4,23,32,REG
2022020333,20222023,2022-11-26,CAR,CGY,3,2,33,20,REG
2022020334,20222023,2022-11-26,FLA,STL,4,5,37,37,OT
2022020335,20222023,2022-11-26,PIT,TOR,1,4,26,41,REG
2022020336,20222023,2022-11-26,NJD,WSH,5,1,29,38,REG
2022020337,20222023,2022-11-26,NYI,PHI,5,2,23,28,REG
2022020339,20222023,2022-11-26,COL,DAL,4,1,36,42,REG
2022020340,20222023,2022-11-26,VGK,VAN,1,5,27,36,REG
2022020341,20222023,2022-11-27,MIN,ARI,4,3,29,23,REG
2022020342,20222023,2022-11-27,CHI,WPG,2,7,25,44,REG
2022020343,20222023,2022-11-27,ANA,SEA,4,5,29,25,REG
2022020344,20222023,2022-11-27,SJS,VAN,3,4,35,20,OT
2022020345,20222023,2022-11-27,LAK,OTT,2,3,27,39,OT
2022020346,20222023,2022-11-28,NYR,NJD,3,5,38,38,REG
2022020347,20222023,2022-11-28,BUF,TBL,5,6,37,25,OT
2022020348,20222023,2022-11-28,DET,TOR,2,4,44,25,REG
2022020349,20222023,2022-11-28,CBJ,VGK,2,3,28,36,SO
2022020350,20222023,2022-11-28,STL,DAL,1,4,24,24,REG
2022020351,20222023,2022-11-28,EDM,FLA,4,3,40,28,OT
2022020352,20222023,2022-11-29,PIT,CAR,2,3,32,39,OT
2022020353,20222023,2022-11-29,PHI,NYI,3,1,33,24,REG
2022020354,20222023,2022-11-29,MTL,SJS,0,4,28,24,REG
2022020355,20222023,2022-11-29,BOS,TBL,3,1,26,28,REG
2022020356,20222023,2022-11-29,NSH,ANA,2,1,41,35,OT
2022020357,20222023,2022-11-29,WPG,COL,5,0,23,40,REG
2022020358,20222023,2022-11-29,CGY,FLA,6,2,23,33,REG
2022020359,20222023,2022-11-29,VAN,WSH,1,5,32,28,REG
2022020360,20222023,2022-11-29,LAK,SEA,8,9,35,30,OT
2022020361,20222023,2022-11-30,DET,BUF,4,5,45,34,SO
2022020362,20222023,2022-11-30,OTT,NYR,1,3,35,36,REG
2022020363,20222023,2022-11-30,TOR,SJS,3,1,32,24,REG
2022020364,20222023,2022-11-30,CHI,EDM,4,5,25,41,REG
2022020365,20222023,2022-12-01,BUF,COL,4,6,28,34,REG
2022020366,20222023,2022-12-01,NJD,NSH,3,4,28,24,OT
2022020367,20222023,2022-12-01,PHI,TBL,1,4,22,27,REG
2022020368,20222023,2022-12-01,PIT,VGK,4,3,47,37,REG
2022020369,20222023,2022-12-01,STL,CAR,4,6,26,36,REG
2022020370,20222023,2022-12-01,MIN,EDM,5,3,30,21,REG
2022020371,20222023,2022-12-01,DAL,ANA,5,0,41,31,REG
2022020372,20222023,2022-12-01,CGY,MTL,1,2,46,19,REG
2022020373,20222023,2022-12-01,VAN,FLA,1,5,33,32,REG
2022020374,20222023,2022-12-01,SEA,WSH,3,2,25,23,OT
2022020375,20222023,2022-12-01,LAK,ARI,5,3,32,21,REG
2022020376,20222023,2022-12-02,NYR,OTT,2,3,27,37,OT
2022020377,20222023,2022-12-02,NYI,NSH,1,4,49,23,REG
2022020378,20222023,2022-12-02,WPG,CBJ,1,4,38,26,REG
2022020379,20222023,2022-12-03,MIN,ANA,5,4,49,33,SO
2022020380,20222023,2022-12-03,BOS,COL,5,1,40,25,REG
2022020381,20222023,2022-12-03,EDM,MTL,5,3,22,33,REG
2022020382,20222023,2022-12-03,PHI,NJD,2,3,33,18,REG
2022020383,20222023,2022-12-03,OTT,SJS,5,2,39,37,REG
2022020384,20222023,2022-12-03,PIT,STL,6,2,38,28,REG
2022020385,20222023,2022-12-03,TBL,TOR,4,3,33,39,OT
2022020386,20222023,2022-12-03,DET,VGK,1,4,25,25,REG
2022020387,20222023,2022-12-03,NYR,CHI,2,5,28,21,REG
2022020388,20222023,2022-12-03,VAN,ARI,3,2,32,23,OT
2022020389,20222023,2022-12-03,SEA,FLA,1,5,36,28,REG
2022020390,20222023,2022-12-03,CGY,WSH,5,2,36,29,REG
2022020391,20222023,2022-12-03,LAK,CAR,2,4,33,31,REG
2022020392,20222023,2022-12-04,WPG,ANA,5,2,40,30,REG
2022020393,20222023,2022-12-04,DAL,MIN,5,6,35,31,SO
2022020394,20222023,2022-12-04,CBJ,DET,2,4,34,35,REG
2022020395,20222023,2022-12-04,BUF,SJS,6,3,38,29,REG
2022020396,20222023,2022-12-04,NYI,CHI,3,0,40,21,REG
2022020397,20222023,2022-12-05,PHI,COL,5,3,34,32,REG
2022020398,20222023,2022-12-05,NYR,STL,6,4,24,29,REG
2022020399,20222023,2022-12-05,BOS,VGK,3,4,43,24,SO
2022020400,20222023,2022-12-05,EDM,WSH,2,3,30,50,REG
2022020401,20222023,2022-12-05,CGY,ARI,3,2,27,20,REG
2022020402,20222023,2022-12-05,VAN,MTL,7,6,32,26,OT
2022020403,20222023,2022-12-06,NJD,CHI,3,0,29,24,REG
2022020404,20222023,2022-12-06,PIT,CBJ,4,1,34,39,REG
2022020405,20222023,2022-12-06,TBL,DET,2,4,46,26,REG
2022020406,20222023,2022-12-06,OTT,LAK,2,5,33,28,REG
2022020407,20222023,2022-12-06,NYI,STL,4,7,40,28,REG
2022020408,20222023,2022-12-06,WPG,FLA,5,2,31,41,REG
2022020409,20222023,2022-12-06,DAL,TOR,0,4,44,29,REG
2022020410,20222023,2022-12-06,ANA,CAR,4,3,30,37,OT
2022020411,20222023,2022-12-06,SEA,MTL,2,4,33,16,REG
2022020412,20222023,2022-12-07,CBJ,BUF,4,9,24,30,REG
2022020413,20222023,2022-12-07,PHI,WSH,1,4,30,27,REG
2022020414,20222023,2022-12-07,CGY,MIN,5,3,27,28,REG
2022020415,20222023,2022-12-07,COL,BOS,0,4,23,37,REG
2022020416,20222023,2022-12-07,EDM,ARI,8,2,35,18,REG
2022020417,20222023,2022-12-07,VGK,NYR,1,5,26,37,REG
2022020418,20222023,2022-12-07,SJS,VAN,5,6,39,27,OT
2022020419,20222023,2022-12-08,FLA,DET,5,1,41,20,REG
2022020420,20222023,2022-12-08,TOR,LAK,5,0,41,29,REG
2022020421,20222023,2022-12-08,TBL,NSH,5,2,33,36,REG
2022020422,20222023,2022-12-08,STL,WPG,2,5,31,20,REG
2022020423,20222023,2022-12-08,DAL,OTT,4,3,32,31,OT
2022020424,20222023,2022-12-09,CBJ,CGY,3,1,27,32,REG
2022020425,20222023,2022-12-09,NJD,NYI,4,6,29,32,REG
2022020426,20222023,2022-12-09,BUF,PIT,3,4,31,33,OT
2022020427,20222023,2022-12-09,WSH,SEA,4,1,38,26,REG
2022020428,20222023,2022-12-09,CHI,WPG,1,3,23,32,REG
2022020429,20222023,2022-12-09,EDM,MIN,5,2,38,44,REG
2022020430,20222023,2022-12-09,COL,NYR,1,2,42,29,SO
2022020431,20222023,2022-12-09,ARI,BOS,4,3,16,46,REG
2022020432,20222023,2022-12-09,VGK,PHI,2,1,34,28,OT
2022020433,20222023,2022-12-09,ANA,SJS,1,6,24,28,REG
2022020434,20222023,2022-12-10,NSH,OTT,2,3,29,33,REG
2022020435,20222023,2022-12-10,DAL,DET,3,2,33,26,OT
2022020436,20222023,2022-12-10,TBL,FLA,4,1,38,25,REG
2022020437,20222023,2022-12-10,PIT,BUF,3,1,31,38,REG
2022020438,20222023,2022-12-10,TOR,CGY,5,4,34,26,OT
2022020439,20222023,2022-12-10,MTL,LAK,2,4,22,35,REG
2022020440,20222023,2022-12-10,NYI,CAR,0,3,16,29,REG
2022020441,20222023,2022-12-10,VAN,MIN,0,3,35,33,REG
2022020442,20222023,2022-12-11,STL,COL,2,3,32,31,OT
2022020443,20222023,2022-12-11,CBJ,LAK,6,5,26,38,OT
2022020444,20222023,2022-12-11,FLA,SEA,2,5,25,32,REG
2022020445,20222023,2022-12-11,ARI,PHI,5,4,29,41,OT
2022020446,20222023,2022-12-11,WPG,WSH,2,5,31,36,REG
2022020447,20222023,2022-12-11,VGK,BOS,1,3,31,27,REG
2022020448,20222023,2022-12-12,MTL,CGY,2,1,38,35,SO
2022020449,20222023,2022-12-12,PIT,DAL,2,1,25,27,REG
2022020450,20222023,2022-12-12,NYR,NJD,4,3,23,29,OT
2022020451,20222023,2022-12-12,OTT,ANA,3,0,38,32,REG
2022020452,20222023,2022-12-12,MIN,EDM,2,1,30,21,REG
2022020453,20222023,2022-12-12,STL,NSH,1,0,24,25,OT
2022020454,20222023,2022-12-13,TOR,ANA,7,0,42,28,REG
2022020455,20222023,2022-12-13,FLA,CBJ,4,0,26,22,REG
2022020456,20222023,2022-12-13,NJD,DAL,1,4,36,32,REG
2022020457,20222023,2022-12-13,BUF,LAK,6,0,31,40,REG
2022020458,20222023,2022-12-13,BOS,NYI,4,3,33,26,SO
2022020459,20222023,2022-12-13,TBL,SEA,6,2,30,38,REG
2022020460,20222023,2022-12-13,DET,CAR,0,1,27,27,REG
2022020461,20222023,2022-12-13,NSH,EDM,3,6,32,37,REG
2022020462,20222023,2022-12-13,WPG,VGK,5,6,34,33,REG
2022020463,20222023,2022-12-13,CHI,WSH,3,7,29,30,REG
2022020464,20222023,2022-12-13,COL,PHI,3,2,25,28,REG
2022020465,20222023,2022-12-13,SJS,ARI,3,2,33,22,REG
2022020466,20222023,2022-12-14,OTT,MTL,3,2,31,25,REG
2022020467,20222023,2022-12-14,MIN,DET,4,1,22,17,REG
2022020468,20222023,2022-12-14,CGY,VAN,3,4,38,27,SO
2022020469,20222023,2022-12-15,MTL,ANA,2,5,25,32,REG
2022020470,20222023,2022-12-15,TBL,CBJ,4,1,29,25,REG
2022020471,20222023,2022-12-15,WSH,DAL,1,2,46,26,REG
2022020472,20222023,2022-12-15,BOS,LAK,2,3,35,30,SO
2022020473,20222023,2022-12-15,NJD,PHI,1,2,49,24,REG
2022020474,20222023,2022-12-15,FLA,PIT,2,4,34,39,REG
2022020475,20222023,2022-12-15,CAR,SEA,3,2,39,17,REG
2022020476,20222023,2022-12-15,NYR,TOR,3,1,20,23,REG
2022020477,20222023,2022-12-15,WPG,NSH,2,1,41,26,OT
2022020478,20222023,2022-12-15,CHI,VGK,1,4,25,25,REG
2022020479,20222023,2022-12-15,COL,BUF,2,4,41,21,REG
2022020480,20222023,2022-12-15,EDM,STL,3,4,27,32,SO
2022020481,20222023,2022-12-16,MIN,CHI,4,1,22,30,REG
2022020482,20222023,2022-12-16,CGY,STL,2,5,43,24,REG
2022020483,20222023,2022-12-16,ARI,NYI,5,4,29,34,REG
2022020484,20222023,2022-12-17,BOS,CBJ,4,2,39,33,REG
2022020485,20222023,2022-12-17,DET,OTT,3,6,32,28,REG
2022020486,20222023,2022-12-17,EDM,ANA,3,4,49,17,REG
2022020487,20222023,2022-12-17,CAR,DAL,5,4,38,30,OT
2022020488,20222023,2022-12-17,NJD,FLA,2,4,32,29,REG
2022020489,20222023,2022-12-17,PHI,NYR,3,6,32,34,REG
2022020490,20222023,2022-12-17,MTL,TBL,1,5,23,27,REG
2022020491,20222023,2022-12-17,WSH,TOR,5,2,28,36,REG
2022020492,20222023,2022-12-17,ARI,BUF,2,5,31,43,REG
2022020493,20222023,2022-12-17,COL,NSH,3,1,30,26,REG
2022020494,20222023,2022-12-17,VGK,NYI,2,5,38,26,REG
2022020495,20222023,2022-12-17,VAN,WPG,1,5,23,27,REG
2022020496,20222023,2022-12-17,LAK,SJS,3,2,41,25,SO
2022020497,20222023,2022-12-18,MIN,OTT,4,2,23,28,REG
2022020498,20222023,2022-12-18,CAR,PIT,3,2,29,25,REG
2022020499,20222023,2022-12-18,CHI,NYR,1,7,30,26,REG
2022020500,20222023,2022-12-18,SEA,WPG,3,2,34,17,REG
2022020501,20222023,2022-12-18,SJS,CGY,2,5,26,25,REG
2022020502,20222023,2022-12-19,CBJ,DAL,1,2,28,34,REG
2022020503,20222023,2022-12-19,WSH,DET,4,3,42,19,OT
2022020504,20222023,2022-12-19,BOS,FLA,7,3,26,39,REG
2022020505,20222023,2022-12-19,NSH,EDM,4,3,35,33,OT
2022020506,20222023,2022-12-19,COL,NYI,1,0,46,26,SO
2022020507,20222023,2022-12-19,VGK,BUF,2,3,43,18,REG
2022020508,20222023,2022-12-19,ARI,MTL,2,3,39,26,OT
2022020509,20222023,2022-12-19,VAN,STL,1,5,34,27,REG
2022020510,20222023,2022-12-20,PHI,CBJ,5,3,39,33,REG
2022020511,20222023,2022-12-20,PIT,NYR,3,2,24,28,REG
2022020512,20222023,2022-12-20,CAR,NJD,4,1,20,38,REG
2022020513,20222023,2022-12-20,TOR,TBL,4,1,40,19,REG
2022020514,20222023,2022-12-20,WPG,OTT,5,1,24,36,REG
2022020515,20222023,2022-12-20,SEA,STL,5,2,33,24,REG
2022020516,20222023,2022-12-20,LAK,ANA,4,1,41,25,REG
2022020517,20222023,2022-12-20,SJS,CGY,3,7,27,39,REG
2022020518,20222023,2022-12-21,FLA,NJD,2,4,36,33,REG
2022020519,20222023,2022-12-21,DET,TBL,7,4,31,38,REG
2022020520,20222023,2022-12-21,COL,MTL,2,1,36,20,OT
2022020521,20222023,2022-12-21,CHI,NSH,2,4,39,37,REG
2022020522,20222023,2022-12-21,DAL,EDM,3,6,27,34,REG
2022020523,20222023,2022-12-21,VGK,ARI,5,2,34,23,REG
2022020524,20222023,2022-12-21,ANA,MIN,1,4,22,42,REG
2022020525,20222023,2022-12-22,TOR,PHI,4,3,34,19,REG
2022020526,20222023,2022-12-22,PIT,CAR,3,4,27,36,OT
2022020527,20222023,2022-12-22,NYR,NYI,5,3,34,18,REG
2022020528,20222023,2022-12-22,OTT,WSH,2,3,25,40,OT
2022020529,20222023,2022-12-22,BOS,WPG,3,2,39,27,REG
2022020530,20222023,2022-12-22,VAN,SEA,6,5,37,36,SO
2022020531,20222023,2022-12-22,LAK,CGY,4,3,32,30,OT
2022020532,20222023,2022-12-22,SJS,MIN,5,2,25,26,REG
2022020533,20222023,2022-12-23,NJD,BOS,3,4,40,23,REG
2022020535,20222023,2022-12-23,CAR,PHI,6,5,37,31,REG
2022020537,20222023,2022-12-23,WSH,WPG,4,1,27,26,REG
2022020538,20222023,2022-12-23,NYI,FLA,5,1,43,23,REG
2022020539,20222023,2022-12-23,NSH,COL,2,3,39,46,OT
2022020540,20222023,2022-12-23,CHI,CBJ,5,2,38,29,REG
2022020541,20222023,2022-12-23,DAL,MTL,4,2,36,24,REG
2022020542,20222023,2022-12-23,EDM,VAN,2,5,33,30,REG
2022020543,20222023,2022-12-23,ARI,LAK,2,1,24,27,SO
2022020544,20222023,2022-12-23,ANA,CGY,2,3,23,45,OT
2022020545,20222023,2022-12-23,VGK,STL,5,4,32,29,SO
2022020546,20222023,2022-12-27,OTT,BOS,3,2,32,51,SO
2022020548,20222023,2022-12-27,CAR,CHI,3,0,49,24,REG
2022020549,20222023,2022-12-27,NYR,WSH,0,4,32,30,REG
2022020550,20222023,2022-12-27,NYI,PIT,5,1,42,21,REG
2022020551,20222023,2022-12-27,NSH,DAL,2,3,28,33,REG
2022020552,20222023,2022-12-27,WPG,MIN,1,4,32,28,REG
2022020553,20222023,2022-12-27,STL,TOR,4,5,34,37,OT
2022020554,20222023,2022-12-27,ARI,COL,6,3,33,31,REG
2022020555,20222023,2022-12-27,CGY,EDM,1,2,47,22,REG
2022020556,20222023,2022-12-27,VAN,SJS,6,2,25,26,REG
2022020557,20222023,2022-12-27,LAK,VGK,4,2,25,25,REG
2022020558,20222023,2022-12-28,NJD,BOS,1,3,31,27,REG
2022020559,20222023,2022-12-28,TBL,MTL,4,1,38,26,REG
2022020560,20222023,2022-12-28,PIT,DET,4,5,31,46,OT
2022020561,20222023,2022-12-28,SEA,CGY,2,3,31,44,REG
2022020562,20222023,2022-12-28,ANA,VGK,3,2,27,51,SO
2022020563,20222023,2022-12-29,BUF,DET,6,3,35,31,REG
2022020564,20222023,2022-12-29,FLA,MTL,7,2,41,27,REG
2022020565,20222023,2022-12-29,TBL,NYR,2,1,40,46,SO
2022020566,20222023,2022-12-29,WSH,OTT,3,4,23,45,OT
2022020567,20222023,2022-12-29,NYI,CBJ,2,1,36,21,REG
2022020568,20222023,2022-12-29,STL,CHI,3,1,29,22,REG
2022020569,20222023,2022-12-29,MIN,DAL,1,4,24,43,REG
2022020570,20222023,2022-12-29,WPG,VAN,4,2,39,22,REG
2022020571,20222023,2022-12-29,COL,LAK,4,5,27,27,SO
2022020572,20222023,2022-12-29,ARI,TOR,6,3,23,32,REG
2022020573,20222023,2022-12-29,SJS,PHI,3,4,28,26,OT
2022020574,20222023,2022-12-30,ANA,NSH,1,6,27,43,REG
2022020575,20222023,2022-12-30,CAR,FLA,4,0,34,19,REG
2022020576,20222023,2022-12-30,PIT,NJD,2,4,27,28,REG
2022020577,20222023,2022-12-30,SEA,EDM,2,7,38,32,REG
2022020578,20222023,2022-12-31,BOS,BUF,3,4,40,25,OT
2022020579,20222023,2022-12-31,VGK,NSH,5,4,32,37,OT
2022020580,20222023,2022-12-31,WSH,MTL,9,2,40,33,REG
2022020581,20222023,2022-12-31,LAK,PHI,2,4,29,23,REG
2022020582,20222023,2022-12-31,TBL,ARI,5,3,35,31,REG
2022020583,20222023,2022-12-31,CBJ,CHI,4,1,38,28,REG
2022020584,20222023,2022-12-31,DET,OTT,4,2,25,23,REG
2022020585,20222023,2022-12-31,COL,TOR,2,6,28,32,REG
2022020586,20222023,2022-12-31,DAL,SJS,5,2,31,31,REG
2022020587,20222023,2022-12-31,CGY,VAN,3,2,30,24,REG
2022020588,20222023,2022-12-31,EDM,WPG,1,2,32,17,REG
2022020589,20222023,2022-12-31,STL,MIN,2,5,31,32,REG
2022020590,20222023,2023-01-01,NJD,CAR,4,5,28,47,SO
2022020591,20222023,2023-01-01,FLA,NYR,3,5,35,28,REG
2022020592,20222023,2023-01-01,OTT,BUF,3,1,33,34,REG
2022020593,20222023,2023-01-01,CHI,SJS,2,5,22,28,REG
2022020594,20222023,2023-01-01,SEA,NYI,4,1,35,19,REG
2022020595,20222023,2023-01-02,BOS,PIT,2,1,29,27,REG
2022020596,20222023,2023-01-02,COL,VGK,2,3,29,28,REG
2022020597,20222023,2023-01-02,ANA,PHI,1,4,29,33,REG
2022020598,20222023,2023-01-03,FLA,ARI,5,3,37,36,REG
2022020599,20222023,2023-01-03,WSH,BUF,4,5,32,29,OT
2022020600,20222023,2023-01-03,NYR,CAR,5,3,31,23,REG
2022020601,20222023,2023-01-03,OTT,CBJ,4,0,34,22,REG
2022020602,20222023,2023-01-03,TOR,STL,5,6,25,32,SO
2022020603,20222023,2023-01-03,WPG,CGY,3,2,25,35,REG
2022020604,20222023,2023-01-03,NSH,MTL,6,3,34,27,REG
2022020605,20222023,2023-01-03,CHI,TBL,1,4,26,29,REG
2022020606,20222023,2023-01-03,EDM,SEA,2,5,32,24,REG
2022020607,20222023,2023-01-03,VAN,NYI,2,6,26,29,REG
2022020608,20222023,2023-01-03,LAK,DAL,3,2,35,30,REG
2022020609,20222023,2023-01-04,DET,NJD,1,5,33,27,REG
2022020610,20222023,2023-01-04,MIN,TBL,5,1,33,35,REG
2022020611,20222023,2023-01-04,ANA,DAL,2,0,27,35,REG
2022020612,20222023,2023-01-05,PHI,ARI,6,2,34,23,REG
2022020613,20222023,2023-01-05,MTL,NYR,1,4,18,31,REG
2022020614,20222023,2023-01-05,CAR,NSH,3,5,67,25,REG
2022020615,20222023,2023-01-05,TOR,SEA,1,5,27,26,REG
2022020616,20222023,2023-01-05,NJD,STL,3,5,39,19,REG
2022020617,20222023,2023-01-05,CBJ,WSH,2,6,27,37,REG
2022020618,20222023,2023-01-05,EDM,NYI,4,2,38,22,REG
2022020619,20222023,2023-01-05,VAN,COL,4,2,43,32,REG
2022020620,20222023,2023-01-05,VGK,PIT,5,2,31,40,REG
2022020621,20222023,2023-01-05,LAK,BOS,2,5,29,22,REG
2022020622,20222023,2023-01-06,WSH,NSH,2,3,32,21,REG
2022020623,20222023,2023-01-06,DET,FLA,2,3,31,20,REG
2022020624,20222023,2023-01-06,WPG,TBL,4,2,20,28,REG
2022020625,20222023,2023-01-06,CHI,ARI,2,0,32,22,REG
2022020626,20222023,2023-01-06,CGY,NYI,4,1,21,25,REG
2022020627,20222023,2023-01-06,ANA,SJS,5,4,29,41,OT
2022020628,20222023,2023-01-07,NJD,NYR,4,3,43,34,OT
2022020629,20222023,2023-01-07,CBJ,CAR,4,3,18,42,SO
2022020630,20222023,2023-01-07,TOR,DET,4,1,29,23,REG
2022020631,20222023,2023-01-07,BUF,MIN,6,5,37,44,OT
2022020632,20222023,2023-01-07,OTT,SEA,4,8,23,24,REG
2022020633,20222023,2023-01-07,MTL,STL,5,4,27,22,REG
2022020634,20222023,2023-01-07,EDM,COL,2,3,30,46,OT
2022020635,20222023,2023-01-07,VGK,LAK,1,5,20,23,REG
2022020636,20222023,2023-01-07,SJS,BOS,2,4,30,29,REG
2022020637,20222023,2023-01-08,DAL,FLA,5,1,34,28,REG
2022020638,20222023,2023-01-08,WPG,VAN,7,4,27,38,REG
2022020639,20222023,2023-01-08,WSH,CBJ,1,0,19,38,REG
2022020640,20222023,2023-01-08,CHI,CGY,4,3,25,47,OT
2022020641,20222023,2023-01-08,ARI,PIT,1,4,24,28,REG
2022020642,20222023,2023-01-08,MIN,STL,0,3,35,24,REG
2022020643,20222023,2023-01-08,PHI,TOR,2,6,36,35,REG
2022020644,20222023,2023-01-08,ANA,BOS,1,7,29,42,REG
2022020645,20222023,2023-01-09,OTT,NSH,0,3,38,36,REG
2022020646,20222023,2023-01-09,MTL,SEA,0,4,21,41,REG
2022020647,20222023,2023-01-09,LAK,EDM,6,3,38,31,REG
2022020990,20222023,2023-01-09,BUF,PHI,0,4,28,38,REG
2022020648,20222023,2023-01-10,TBL,CBJ,6,3,46,24,REG
2022020649,20222023,2023-01-10,NYR,MIN,4,3,43,32,SO
2022020650,20222023,2023-01-10,CAR,NJD,3,5,28,22,REG
2022020651,20222023,2023-01-10,BUF,SEA,3,4,35,22,REG
2022020652,20222023,2023-01-10,PIT,VAN,5,4,36,24,REG
2022020653,20222023,2023-01-10,NYI,DAL,1,2,28,26,SO
2022020654,20222023,2023-01-10,DET,WPG,7,5,23,37,REG
2022020655,20222023,2023-01-10,STL,CGY,4,3,27,31,OT
2022020656,20222023,2023-01-10,COL,FLA,4,5,31,37,REG
2022020657,20222023,2023-01-10,ARI,SJS,2,4,29,33,REG
2022020658,20222023,2023-01-11,TOR,NSH,2,1,35,33,REG
2022020659,20222023,2023-01-11,PHI,WSH,5,3,36,29,REG
2022020660,20222023,2023-01-11,ANA,EDM,2,6,23,53,REG
2022020661,20222023,2023-01-11,LAK,SJS,4,3,37,30,REG
2022020662,20222023,2023-01-12,CBJ,CAR,2,6,23,41,REG
2022020663,20222023,2023-01-12,NYR,DAL,2,1,31,25,OT
2022020664,20222023,2023-01-12,MTL,NSH,4,3,35,42,REG
2022020665,20222023,2023-01-12,BOS,SEA,0,3,27,31,REG
2022020666,20222023,2023-01-12,DET,TOR,4,1,23,33,REG
2022020667,20222023,2023-01-12,TBL,VAN,5,4,35,40,REG
2022020668,20222023,2023-01-12,BUF,WPG,2,4,41,27,REG
2022020669,20222023,2023-01-12,NYI,MIN,1,3,20,36,REG
2022020670,20222023,2023-01-12,STL,CGY,1,4,26,40,REG
2022020671,20222023,2023-01-12,CHI,COL,3,2,30,33,REG
2022020672,20222023,2023-01-12,ARI,OTT,3,5,29,47,REG
2022020673,20222023,2023-01-12,VGK,FLA,4,2,33,39,REG
2022020674,20222023,2023-01-13,PIT,WPG,1,4,23,40,REG
2022020675,20222023,2023-01-13,ANA,NJD,2,6,33,39,REG
2022020676,20222023,2023-01-13,SJS,EDM,1,7,26,41,REG
2022020677,20222023,2023-01-14,DAL,CGY,5,6,33,36,REG
2022020678,20222023,2023-01-14,DET,CBJ,3,4,28,25,REG
2022020679,20222023,2023-01-14,NYI,MTL,2,1,38,23,REG
2022020680,20222023,2023-01-14,COL,OTT,7,0,33,29,REG
2022020681,20222023,2023-01-14,WSH,PHI,1,3,40,25,REG
2022020682,20222023,2023-01-14,CAR,PIT,2,1,36,35,REG
2022020683,20222023,2023-01-14,BOS,TOR,4,3,34,21,REG
2022020684,20222023,2023-01-14,FLA,VAN,4,3,35,38,REG
2022020685,20222023,2023-01-14,MIN,ARI,2,1,27,28,REG
2022020686,20222023,2023-01-14,NSH,BUF,3,5,41,33,REG
2022020687,20222023,2023-01-14,CHI,SEA,5,8,27,30,REG
2022020688,20222023,2023-01-14,STL,TBL,2,4,25,30,REG
2022020689,20222023,2023-01-14,VGK,EDM,3,4,30,37,REG
2022020690,20222023,2023-01-14,LAK,NJD,2,5,37,28,REG
2022020691,20222023,2023-01-15,NYR,MTL,1,2,39,31,REG
2022020692,20222023,2023-01-15,CAR,VAN,3,4,32,32,SO
2022020693,20222023,2023-01-15,WPG,ARI,2,1,24,21,REG
2022020694,20222023,2023-01-16,BUF,FLA,1,4,29,34,REG
2022020695,20222023,2023-01-16,BOS,PHI,6,0,29,29,REG
2022020696,20222023,2023-01-16,COL,DET,6,3,27,29,REG
2022020697,20222023,2023-01-16,SJS,NJD,3,4,32,41,SO
2022020698,20222023,2023-01-16,SEA,TBL,1,4,23,31,REG
2022020699,20222023,2023-01-16,VGK,DAL,0,4,27,36,REG
2022020700,20222023,2023-01-16,PIT,ANA,4,3,45,29,OT
2022020701,20222023,2023-01-16,CBJ,NYR,1,3,25,33,REG
2022020702,20222023,2023-01-16,NYI,WSH,3,4,30,35,OT
2022020703,20222023,2023-01-16,NSH,CGY,2,1,29,39,REG
2022020704,20222023,2023-01-16,STL,OTT,2,1,20,33,REG
2022020338,20222023,2023-01-17,NSH,CBJ,2,1,28,40,REG
2022020705,20222023,2023-01-17,PHI,ANA,5,2,39,27,REG
2022020706,20222023,2023-01-17,TOR,FLA,5,4,37,19,OT
2022020707,20222023,2023-01-17,WSH,MIN,2,4,36,22,REG
2022020708,20222023,2023-01-17,MTL,WPG,4,1,28,26,REG
2022020709,20222023,2023-01-17,CHI,BUF,4,3,26,33,OT
2022020710,20222023,2023-01-17,ARI,DET,4,3,23,40,SO
2022020711,20222023,2023-01-17,EDM,SEA,5,2,33,31,REG
2022020712,20222023,2023-01-18,OTT,PIT,5,4,40,19,OT
2022020713,20222023,2023-01-18,NYI,BOS,1,4,26,24,REG
2022020714,20222023,2023-01-18,CGY,COL,1,4,35,30,REG
2022020715,20222023,2023-01-18,VAN,TBL,2,5,39,25,REG
2022020716,20222023,2023-01-18,SJS,DAL,5,3,28,36,REG
2022020717,20222023,2023-01-19,CBJ,ANA,3,5,33,33,REG
2022020718,20222023,2023-01-19,NYR,BOS,1,3,32,27,REG
2022020719,20222023,2023-01-19,PHI,CHI,1,4,38,29,REG
2022020720,20222023,2023-01-19,MTL,FLA,2,6,25,40,REG
2022020721,20222023,2023-01-19,CAR,MIN,5,2,29,31,REG
2022020722,20222023,2023-01-19,BUF,NYI,3,2,45,26,OT
2022020723,20222023,2023-01-19,TOR,WPG,4,1,27,38,REG
2022020724,20222023,2023-01-19,STL,NSH,5,2,33,26,REG
2022020725,20222023,2023-01-19,EDM,TBL,5,3,34,31,REG
2022020726,20222023,2023-01-19,ARI,WSH,0,4,26,33,REG
2022020727,20222023,2023-01-19,VGK,DET,2,3,35,25,REG
2022020728,20222023,2023-01-19,SEA,NJD,4,3,40,30,OT
2022020729,20222023,2023-01-19,LAK,DAL,0,4,34,24,REG
2022020730,20222023,2023-01-20,PIT,OTT,4,1,44,45,REG
2022020731,20222023,2023-01-20,VAN,COL,1,4,29,29,REG
2022020732,20222023,2023-01-21,BUF,ANA,6,3,39,37,REG
2022020733,20222023,2023-01-21,CGY,TBL,6,3,41,24,REG
2022020734,20222023,2023-01-21,FLA,MIN,5,3,27,32,REG
2022020735,20222023,2023-01-21,DET,PHI,1,2,31,25,REG
2022020736,20222023,2023-01-21,CBJ,SJS,5,3,29,25,REG
2022020737,20222023,2023-01-21,MTL,TOR,3,2,31,38,OT
2022020738,20222023,2023-01-21,OTT,WPG,1,5,26,30,REG
2022020739,20222023,2023-01-21,NYI,CAR,2,5,31,26,REG
2022020740,20222023,2023-01-21,DAL,ARI,4,0,39,33,REG
2022020741,20222023,2023-01-21,STL,CHI,3,5,32,18,REG
2022020742,20222023,2023-01-21,NSH,LAK,5,3,28,34,REG
2022020743,20222023,2023-01-21,SEA,COL,1,2,27,27,SO
2022020744,20222023,2023-01-21,VAN,EDM,2,4,29,29,REG
2022020745,20222023,2023-01-21,VGK,WSH,6,2,27,22,REG
2022020746,20222023,2023-01-22,NJD,PIT,2,1,25,26,OT
2022020747,20222023,2023-01-22,CHI,LAK,1,2,19,27,REG
2022020748,20222023,2023-01-22,BOS,SJS,4,0,22,18,REG
2022020749,20222023,2023-01-22,PHI,WPG,3,5,31,30,REG
2022020750,20222023,2023-01-22,ARI,VGK,4,1,23,36,REG
2022020751,20222023,2023-01-23,NYR,FLA,6,2,26,35,REG
2022020752,20222023,2023-01-23,TOR,NYI,5,2,39,33,REG
2022020753,20222023,2023-01-23,DAL,BUF,2,3,31,25,OT
2022020754,20222023,2023-01-23,CGY,CBJ,4,3,49,25,OT
2022020755,20222023,2023-01-24,MTL,BOS,2,4,22,29,REG
2022020756,20222023,2023-01-24,PIT,FLA,7,6,49,39,OT
2022020757,20222023,2023-01-24,PHI,LAK,3,4,31,38,OT
2022020758,20222023,2023-01-24,TBL,MIN,4,2,39,35,REG
2022020759,20222023,2023-01-24,NJD,VGK,3,2,36,30,OT
2022020760,20222023,2023-01-24,DET,SJS,3,2,35,30,OT
2022020761,20222023,2023-01-24,STL,BUF,3,5,28,31,REG
2022020762,20222023,2023-01-24,NSH,WPG,2,1,41,33,REG
2022020763,20222023,2023-01-24,ARI,ANA,2,5,39,43,REG
2022020764,20222023,2023-01-24,COL,WSH,3,2,26,39,REG
2022020765,20222023,2023-01-24,VAN,CHI,5,2,48,14,REG
2022020766,20222023,2023-01-25,OTT,NYI,2,1,38,36,REG
2022020767,20222023,2023-01-25,TOR,NYR,3,2,35,29,OT
2022020768,20222023,2023-01-25,DAL,CAR,2,3,21,24,OT
2022020769,20222023,2023-01-25,EDM,CBJ,2,3,36,27,OT
2022020770,20222023,2023-01-25,SEA,VAN,6,1,35,20,REG
2022020771,20222023,2023-01-26,TBL,BOS,3,2,35,39,REG
2022020772,20222023,2023-01-26,MTL,DET,3,4,23,42,OT
2022020773,20222023,2023-01-26,WSH,PIT,3,2,45,37,SO
2022020774,20222023,2023-01-26,WPG,BUF,2,3,21,36,REG
2022020775,20222023,2023-01-26,NSH,NJD,6,4,41,39,REG
2022020776,20222023,2023-01-26,COL,ANA,3,5,44,32,REG
2022020777,20222023,2023-01-26,CGY,CHI,1,5,35,29,REG
2022020778,20222023,2023-01-26,MIN,PHI,3,2,23,30,OT
2022020779,20222023,2023-01-26,ARI,STL,5,0,25,33,REG
2022020780,20222023,2023-01-27,NYI,DET,2,0,29,23,REG
2022020781,20222023,2023-01-27,FLA,LAK,3,4,48,33,REG
2022020782,20222023,2023-01-27,TOR,OTT,2,6,33,34,REG
2022020783,20222023,2023-01-27,CAR,SJS,5,4,36,30,OT
2022020784,20222023,2023-01-27,NYR,VGK,4,1,40,34,REG
2022020785,20222023,2023-01-27,DAL,NJD,2,3,35,29,OT
2022020786,20222023,2023-01-27,SEA,CGY,2,5,30,38,REG
2022020787,20222023,2023-01-27,VAN,CBJ,5,2,34,26,REG
2022020788,20222023,2023-01-28,COL,STL,4,2,31,28,REG
2022020789,20222023,2023-01-28,FLA,BOS,4,3,37,40,OT
2022020790,20222023,2023-01-28,TBL,LAK,5,2,25,28,REG
2022020791,20222023,2023-01-28,OTT,MTL,5,0,36,28,REG
2022020792,20222023,2023-01-28,WPG,PHI,0,4,40,33,REG
2022020793,20222023,2023-01-28,PIT,SJS,4,6,41,32,REG
2022020794,20222023,2023-01-28,NYI,VGK,2,1,38,46,OT
2022020795,20222023,2023-01-28,MIN,BUF,3,2,35,31,SO
2022020796,20222023,2023-01-28,ANA,ARI,2,1,45,34,OT
2022020797,20222023,2023-01-28,EDM,CHI,7,3,43,29,REG
2022020798,20222023,2023-01-28,SEA,CBJ,3,1,31,25,REG
2022020799,20222023,2023-01-29,CAR,BOS,4,1,36,25,REG
2022020800,20222023,2023-01-29,TOR,WSH,5,1,27,24,REG
2022020801,20222023,2023-01-30,WPG,STL,4,2,39,26,REG
2022020802,20222023,2023-01-31,CAR,LAK,5,4,30,21,OT
2022020803,20222023,2023-01-31,MTL,OTT,4,5,32,29,REG
2022020804,20222023,2023-01-31,CBJ,WSH,3,4,34,34,OT
2022020805,20222023,2023-02-01,BUF,CAR,1,5,30,34,REG
2022020806,20222023,2023-02-01,TOR,BOS,2,5,35,29,REG
2022020807,20222023,2023-02-06,PHI,NYI,1,2,26,30,REG
2022020808,20222023,2023-02-06,FLA,TBL,7,1,49,33,REG
2022020809,20222023,2023-02-06,NYR,CGY,5,4,33,32,OT
2022020810,20222023,2023-02-06,NJD,VAN,5,4,34,30,OT
2022020811,20222023,2023-02-06,DAL,ANA,3,2,41,34,SO
2022020812,20222023,2023-02-06,ARI,MIN,3,2,36,35,REG
2022020813,20222023,2023-02-07,PIT,COL,2,1,38,42,OT
2022020814,20222023,2023-02-07,TBL,SJS,3,4,37,22,OT
2022020815,20222023,2023-02-07,DET,EDM,2,5,32,27,REG
2022020816,20222023,2023-02-07,NYI,SEA,4,0,28,32,REG
2022020817,20222023,2023-02-07,NSH,VGK,1,5,17,30,REG
2022020818,20222023,2023-02-07,CHI,ANA,2,3,29,26,OT
2022020819,20222023,2023-02-08,NYR,VAN,4,3,21,25,REG
2022020820,20222023,2023-02-08,DAL,MIN,4,1,37,39,REG
2022020821,20222023,2023-02-09,TBL,COL,5,0,32,30,REG
2022020822,20222023,2023-02-09,PHI,EDM,2,1,36,35,SO
2022020823,20222023,2023-02-09,FLA,SJS,4,1,42,34,REG
2022020824,20222023,2023-02-09,NJD,SEA,3,1,27,34,REG
2022020825,20222023,2023-02-09,DET,CGY,2,1,17,36,REG
2022020826,20222023,2023-02-09,NYI,VAN,5,6,29,34,REG
2022020827,20222023,2023-02-09,MIN,VGK,1,5,28,31,REG
2022020828,20222023,2023-02-10,NYR,SEA,6,3,28,29,REG
2022020829,20222023,2023-02-10,CBJ,TOR,0,3,30,41,REG
2022020830,20222023,2023-02-10,CHI,ARI,4,3,44,26,OT
2022020831,20222023,2023-02-10,ANA,PIT,3,6,31,59,REG
2022020832,20222023,2023-02-11,DET,VAN,5,2,25,34,REG
2022020833,20222023,2023-02-11,BUF,CGY,2,7,23,40,REG
2022020834,20222023,2023-02-11,OTT,EDM,3,6,29,40,REG
2022020835,20222023,2023-02-11,MTL,NYI,4,3,31,30,OT
2022020836,20222023,2023-02-11,PHI,NSH,1,2,24,25,OT
2022020837,20222023,2023-02-11,DAL,TBL,1,3,29,31,REG
2022020838,20222023,2023-02-11,BOS,WSH,1,2,28,23,REG
2022020839,20222023,2023-02-11,FLA,COL,3,5,45,50,REG
2022020840,20222023,2023-02-11,TOR,CBJ,3,4,29,40,REG
2022020841,20222023,2023-02-11,CAR,NYR,2,6,29,19,REG
2022020842,20222023,2023-02-11,STL,ARI,6,5,37,28,OT
2022020843,20222023,2023-02-11,MIN,NJD,3,2,24,29,SO
2022020844,20222023,2023-02-11,WPG,CHI,4,1,28,32,REG
2022020845,20222023,2023-02-11,LAK,PIT,6,0,31,25,REG
2022020846,20222023,2023-02-12,MTL,EDM,6,2,30,31,REG
2022020847,20222023,2023-02-12,WSH,SJS,1,4,21,33,REG
2022020848,20222023,2023-02-12,PHI,SEA,3,4,18,21,REG
2022020849,20222023,2023-02-12,VGK,ANA,7,2,39,25,REG
2022020850,20222023,2023-02-13,OTT,CGY,4,3,25,37,OT
2022020851,20222023,2023-02-13,NSH,ARI,2,4,31,19,REG
2022020852,20222023,2023-02-13,MIN,FLA,1,2,28,34,SO
2022020853,20222023,2023-02-13,VAN,DET,1,6,30,23,REG
2022020854,20222023,2023-02-13,LAK,BUF,5,2,28,29,REG
2022020855,20222023,2023-02-14,WSH,CAR,2,3,36,30,REG
2022020856,20222023,2023-02-14,MTL,CHI,4,0,31,22,REG
2022020857,20222023,2023-02-14,CBJ,NJD,2,3,33,32,REG
2022020858,20222023,2023-02-14,NYI,OTT,2,3,48,34,SO
2022020859,20222023,2023-02-14,STL,FLA,6,2,28,36,REG
2022020860,20222023,2023-02-14,WPG,SEA,3,2,40,29,SO
2022020861,20222023,2023-02-14,DAL,BOS,2,3,31,37,OT
2022020862,20222023,2023-02-14,COL,TBL,3,4,46,35,SO
2022020863,20222023,2023-02-14,SJS,PIT,1,3,39,28,REG
2022020864,20222023,2023-02-15,TOR,CHI,5,2,42,29,REG
2022020865,20222023,2023-02-15,ARI,TBL,1,0,26,47,SO
2022020866,20222023,2023-02-15,MIN,COL,2,3,43,19,REG
2022020867,20222023,2023-02-15,EDM,DET,4,5,45,23,SO
2022020868,20222023,2023-02-15,ANA,BUF,3,7,22,44,REG
2022020869,20222023,2023-02-15,VAN,NYR,4,6,29,28,REG
2022020870,20222023,2023-02-16,WSH,FLA,3,6,32,36,REG
2022020871,20222023,2023-02-16,CAR,MTL,6,2,41,22,REG
2022020872,20222023,2023-02-16,CBJ,WPG,3,1,24,38,REG
2022020873,20222023,2023-02-16,NSH,BOS,0,5,28,30,REG
2022020874,20222023,2023-02-16,STL,NJD,4,2,35,36,REG
2022020875,20222023,2023-02-16,CGY,DET,2,5,35,24,REG
2022020876,20222023,2023-02-16,SEA,PHI,6,2,30,19,REG
2022020877,20222023,2023-02-16,VGK,SJS,2,1,38,26,REG
2022020878,20222023,2023-02-17,OTT,CHI,3,4,31,32,OT
2022020879,20222023,2023-02-17,NYI,PIT,5,4,28,44,REG
2022020880,20222023,2023-02-17,MIN,DAL,2,1,32,30,SO
2022020881,20222023,2023-02-17,EDM,NYR,4,5,29,38,SO
2022020882,20222023,2023-02-17,ANA,LAK,3,6,27,41,REG
2022020883,20222023,2023-02-18,STL,COL,1,4,20,33,REG
2022020884,20222023,2023-02-18,NSH,FLA,7,3,26,33,REG
2022020885,20222023,2023-02-18,BOS,NYI,6,2,27,28,REG
2022020886,20222023,2023-02-18,PIT,NJD,2,5,31,43,REG
2022020887,20222023,2023-02-18,DAL,CBJ,1,4,29,36,REG
2022020888,20222023,2023-02-18,TOR,MTL,5,1,41,30,REG
2022020889,20222023,2023-02-18,CAR,WSH,4,1,35,25,REG
2022020890,20222023,2023-02-18,CGY,NYR,3,2,32,20,OT
2022020891,20222023,2023-02-18,VAN,PHI,6,2,23,37,REG
2022020892,20222023,2023-02-18,LAK,ARI,6,5,37,32,SO
2022020893,20222023,2023-02-18,SJS,BUF,2,4,35,31,REG
2022020894,20222023,2023-02-18,SEA,DET,4,2,26,23,REG
2022020895,20222023,2023-02-18,VGK,TBL,5,4,26,24,REG
2022020896,20222023,2023-02-19,MIN,NSH,4,3,35,26,REG
2022020897,20222023,2023-02-19,OTT,STL,7,2,34,32,REG
2022020898,20222023,2023-02-19,COL,EDM,6,5,42,40,OT
2022020899,20222023,2023-02-19,CHI,TOR,5,3,28,35,REG
2022020900,20222023,2023-02-19,NJD,WPG,4,2,29,25,REG
2022020901,20222023,2023-02-19,ARI,CBJ,3,2,25,36,OT
2022020902,20222023,2023-02-20,FLA,ANA,4,3,55,32,OT
2022020903,20222023,2023-02-20,BOS,OTT,3,1,32,31,REG
2022020904,20222023,2023-02-20,CGY,PHI,3,4,35,22,REG
2022020905,20222023,2023-02-20,SJS,SEA,4,0,23,26,REG
2022020906,20222023,2023-02-20,PIT,NYI,2,4,46,32,REG
2022020907,20222023,2023-02-20,NYR,WPG,1,4,51,21,REG
2022020908,20222023,2023-02-21,TBL,ANA,6,1,44,25,REG
2022020909,20222023,2023-02-21,WSH,DET,1,3,27,25,REG
2022020910,20222023,2023-02-21,NJD,MTL,2,5,40,18,REG
2022020911,20222023,2023-02-21,CAR,STL,4,1,36,36,REG
2022020912,20222023,2023-02-21,BUF,TOR,3,6,32,29,REG
2022020913,20222023,2023-02-21,MIN,LAK,2,1,20,34,REG
2022020914,20222023,2023-02-21,NSH,VAN,5,4,26,39,SO
2022020915,20222023,2023-02-21,CHI,VGK,3,2,39,36,SO
2022020916,20222023,2023-02-21,EDM,PHI,4,2,27,26,REG
2022020917,20222023,2023-02-22,NYI,WPG,2,1,22,26,REG
2022020918,20222023,2023-02-22,DAL,CHI,3,4,32,23,REG
2022020919,20222023,2023-02-22,ARI,CGY,3,6,14,51,REG
2022020920,20222023,2023-02-23,WSH,ANA,2,4,43,21,REG
2022020921,20222023,2023-02-23,TBL,BUF,5,6,41,23,OT
2022020922,20222023,2023-02-23,PIT,EDM,2,7,24,44,REG
2022020923,20222023,2023-02-23,NJD,LAK,4,3,32,22,OT
2022020924,20222023,2023-02-23,CBJ,MIN,0,2,30,25,REG
2022020925,20222023,2023-02-23,DET,NYR,4,1,23,31,REG
2022020926,20222023,2023-02-23,STL,VAN,2,3,22,41,OT
2022020927,20222023,2023-02-23,SEA,BOS,5,6,41,33,REG
2022020928,20222023,2023-02-23,VGK,CGY,4,3,29,28,OT
2022020929,20222023,2023-02-23,SJS,NSH,2,6,24,31,REG
2022020930,20222023,2023-02-24,FLA,BUF,1,3,50,33,REG
2022020931,20222023,2023-02-24,TOR,MIN,2,1,24,25,OT
2022020932,20222023,2023-02-24,PHI,MTL,2,5,26,31,REG
2022020933,20222023,2023-02-24,CAR,OTT,4,0,30,32,REG
2022020934,20222023,2023-02-24,NYI,LAK,2,3,18,28,REG
2022020935,20222023,2023-02-24,WPG,COL,1,5,27,36,REG
2022020936,20222023,2023-02-25,CBJ,EDM,6,5,26,47,REG
2022020937,20222023,2023-02-25,WSH,NYR,6,3,27,26,REG
2022020938,20222023,2023-02-25,CAR,ANA,2,3,53,16,REG
2022020939,20222023,2023-02-25,VAN,BOS,1,3,27,35,REG
2022020940,20222023,2023-02-25,MTL,OTT,2,5,32,22,REG
2022020941,20222023,2023-02-25,NJD,PHI,7,0,36,23,REG
2022020942,20222023,2023-02-25,DET,TBL,0,3,45,18,REG
2022020943,20222023,2023-02-25,STL,PIT,2,3,27,48,OT
2022020944,20222023,2023-02-25,COL,CGY,4,1,22,29,REG
2022020945,20222023,2023-02-25,VGK,DAL,2,3,43,43,SO
2022020946,20222023,2023-02-25,SJS,CHI,3,4,48,35,SO
2022020947,20222023,2023-02-26,BUF,WSH,7,4,37,30,REG
2022020948,20222023,2023-02-26,MIN,CBJ,3,2,44,24,OT
2022020949,20222023,2023-02-26,WPG,NYI,0,4,23,24,REG
2022020950,20222023,2023-02-26,NYR,LAK,5,2,21,28,REG
2022020951,20222023,2023-02-26,PIT,TBL,7,3,36,29,REG
2022020952,20222023,2023-02-26,ARI,NSH,2,6,27,34,REG
2022020953,20222023,2023-02-26,SEA,TOR,1,5,27,33,REG
2022020534,20222023,2023-02-27,OTT,DET,6,2,42,24,REG
2022020954,20222023,2023-02-27,EDM,BOS,2,3,24,28,REG
2022020955,20222023,2023-02-27,DAL,VAN,4,5,38,21,OT
2022020956,20222023,2023-02-27,COL,VGK,3,0,34,31,REG
2022020957,20222023,2023-02-27,ANA,CHI,4,2,33,26,REG
2022020958,20222023,2023-02-28,BUF,CBJ,3,5,41,36,REG
2022020959,20222023,2023-02-28,OTT,DET,6,1,27,17,REG
2022020960,20222023,2023-02-28,TBL,FLA,1,4,29,41,REG
2022020961,20222023,2023-02-28,WPG,LAK,5,6,31,37,SO
2022020962,20222023,2023-02-28,MIN,NYI,2,1,31,40,SO
2022020963,20222023,2023-02-28,NSH,PIT,1,3,25,34,REG
2022020964,20222023,2023-02-28,STL,SEA,3,5,25,26,REG
2022020965,20222023,2023-02-28,CGY,BOS,3,4,57,20,OT
2022020966,20222023,2023-02-28,ARI,CHI,4,1,33,24,REG
2022020967,20222023,2023-02-28,SJS,MTL,1,3,39,32,REG
2022020968,20222023,2023-03-01,PHI,NYR,2,3,28,25,OT
2022020969,20222023,2023-03-01,EDM,TOR,5,2,32,28,REG
2022020970,20222023,2023-03-01,DAL,ARI,4,2,41,20,REG
2022020971,20222023,2023-03-01,COL,NJD,5,7,31,29,REG
2022020972,20222023,2023-03-01,VGK,CAR,3,2,20,26,REG
2022020973,20222023,2023-03-01,ANA,WSH,2,3,23,39,OT
2022020974,20222023,2023-03-02,BOS,BUF,7,1,42,27,REG
2022020975,20222023,2023-03-02,FLA,NSH,1,2,31,23,REG
2022020976,20222023,2023-03-02,NYR,OTT,3,5,32,34,REG
2022020977,20222023,2023-03-02,TBL,PIT,4,5,31,32,OT
2022020978,20222023,2023-03-02,DET,SEA,4,5,29,37,OT
2022020979,20222023,2023-03-02,CHI,DAL,2,5,21,36,REG
2022020980,20222023,2023-03-02,CGY,TOR,1,2,26,34,REG
2022020981,20222023,2023-03-02,VAN,MIN,1,2,22,36,REG
2022020982,20222023,2023-03-02,LAK,MTL,3,2,33,21,REG
2022020983,20222023,2023-03-02,SJS,STL,3,6,25,23,REG
2022020984,20222023,2023-03-03,CBJ,SEA,2,4,23,35,REG
2022020985,20222023,2023-03-03,EDM,WPG,6,3,33,28,REG
2022020986,20222023,2023-03-03,ARI,CAR,1,6,18,42,REG
2022020987,20222023,2023-03-03,ANA,MTL,3,2,33,28,REG
2022020988,20222023,2023-03-03,VGK,NJD,4,3,27,50,SO
2022020536,20222023,2023-03-04,BUF,TBL,5,3,34,36,REG
2022020989,20222023,2023-03-04,NYI,DET,4,1,36,23,REG
2022020991,20222023,2023-03-04,BOS,NYR,4,2,24,26,REG
2022020992,20222023,2023-03-04,FLA,PIT,4,1,42,32,REG
2022020993,20222023,2023-03-04,SJS,WSH,3,8,41,30,REG
2022020994,20222023,2023-03-04,OTT,CBJ,5,2,39,21,REG
2022020995,20222023,2023-03-04,WPG,EDM,7,5,39,35,REG
2022020996,20222023,2023-03-04,VAN,TOR,4,1,24,37,REG
2022020997,20222023,2023-03-04,DAL,COL,7,3,29,35,REG
2022020998,20222023,2023-03-04,CHI,NSH,1,3,28,25,REG
2022020999,20222023,2023-03-04,CGY,MIN,0,3,31,33,REG
2022021000,20222023,2023-03-04,LAK,STL,4,2,38,26,REG
2022021001,20222023,2023-03-05,CAR,TBL,6,0,38,14,REG
2022021002,20222023,2023-03-05,PHI,DET,3,1,37,26,REG
2022021003,20222023,2023-03-05,VGK,MTL,4,3,28,28,REG
2022021004,20222023,2023-03-05,ARI,NJD,4,5,29,40,OT
2022021005,20222023,2023-03-05,COL,SEA,2,3,23,35,OT
2022021006,20222023,2023-03-06,BUF,EDM,2,3,39,37,REG
2022021007,20222023,2023-03-06,WPG,SJS,2,3,38,24,OT
2022021008,20222023,2023-03-06,DAL,CGY,4,5,33,37,REG
2022021009,20222023,2023-03-06,CHI,OTT,5,0,21,35,REG
2022021010,20222023,2023-03-06,VAN,NSH,4,3,29,32,SO
2022021011,20222023,2023-03-06,LAK,WSH,4,2,41,22,REG
2022021012,20222023,2023-03-07,MTL,CAR,3,4,24,39,SO
2022021013,20222023,2023-03-07,PIT,CBJ,5,4,47,27,OT
2022021014,20222023,2023-03-07,TBL,PHI,5,2,39,35,REG
2022021015,20222023,2023-03-07,NJD,TOR,3,4,33,25,REG
2022021016,20222023,2023-03-07,FLA,VGK,2,1,34,23,REG
2022021017,20222023,2023-03-07,NYI,BUF,3,2,39,24,REG
2022021018,20222023,2023-03-07,MIN,CGY,0,1,40,26,SO
2022021019,20222023,2023-03-07,COL,SJS,6,0,43,13,REG
2022021020,20222023,2023-03-07,ARI,STL,6,2,27,42,REG
2022021021,20222023,2023-03-07,SEA,ANA,5,2,31,22,REG
2022021022,20222023,2023-03-08,DET,CHI,4,3,41,20,REG
2022021023,20222023,2023-03-08,WPG,MIN,2,4,48,23,REG
2022021024,20222023,2023-03-08,VAN,ANA,3,2,34,22,OT
2022021025,20222023,2023-03-09,BUF,DAL,4,10,29,49,REG
2022021026,20222023,2023-03-09,BOS,EDM,2,3,28,22,REG
2022021027,20222023,2023-03-09,PIT,NYI,3,4,36,28,OT
2022021028,20222023,2023-03-09,MTL,NYR,3,4,26,33,SO
2022021029,20222023,2023-03-09,WSH,NJD,2,3,22,40,SO
2022021030,20222023,2023-03-09,CAR,PHI,1,0,29,19,REG
2022021031,20222023,2023-03-09,TBL,VGK,3,4,37,21,OT
2022021032,20222023,2023-03-09,STL,SJS,4,2,30,34,REG
2022021033,20222023,2023-03-09,COL,LAK,2,5,30,31,REG
2022021034,20222023,2023-03-09,ARI,NSH,4,1,43,40,REG
2022021035,20222023,2023-03-09,SEA,OTT,4,5,33,31,REG
2022021036,20222023,2023-03-10,FLA,CHI,4,3,43,24,OT
2022021037,20222023,2023-03-10,CGY,ANA,1,3,37,18,REG
2022021038,20222023,2023-03-11,BOS,DET,3,2,38,31,REG
2022021039,20222023,2023-03-11,PIT,PHI,5,1,32,32,REG
2022021040,20222023,2023-03-11,BUF,NYR,1,2,33,26,OT
2022021041,20222023,2023-03-11,COL,ARI,3,2,44,20,OT
2022021042,20222023,2023-03-11,TBL,CHI,3,1,37,23,REG
2022021043,20222023,2023-03-11,TOR,EDM,7,4,38,26,REG
2022021044,20222023,2023-03-11,MTL,NJD,1,3,24,37,REG
2022021045,20222023,2023-03-11,CBJ,STL,2,5,39,24,REG
2022021046,20222023,2023-03-11,CAR,VGK,0,4,33,24,REG
2022021047,20222023,2023-03-11,FLA,WPG,4,5,48,27,OT
2022021048,20222023,2023-03-11,NYI,WSH,1,5,18,27,REG
2022021049,20222023,2023-03-11,SEA,DAL,3,4,31,25,OT
2022021050,20222023,2023-03-11,VAN,OTT,5,2,30,20,REG
2022021051,20222023,2023-03-11,SJS,MIN,2,5,37,29,REG
2022021052,20222023,2023-03-11,LAK,NSH,1,2,27,30,SO
2022021053,20222023,2023-03-12,DET,BOS,5,3,26,33,REG
2022021054,20222023,2023-03-12,PIT,NYR,3,2,35,29,OT
2022021055,20222023,2023-03-12,NJD,CAR,3,0,23,32,REG
2022021056,20222023,2023-03-12,STL,VGK,3,5,33,31,REG
2022021057,20222023,2023-03-12,TBL,WPG,2,3,35,22,REG
2022021058,20222023,2023-03-12,ARI,MIN,5,4,23,34,OT
2022021059,20222023,2023-03-12,CGY,OTT,5,1,39,31,REG
2022021060,20222023,2023-03-12,ANA,NSH,4,5,37,36,OT
2022021061,20222023,2023-03-13,TOR,BUF,3,4,28,29,REG
2022021062,20222023,2023-03-13,MTL,COL,4,8,19,33,REG
2022021063,20222023,2023-03-13,SEA,DAL,2,5,28,32,REG
2022021064,20222023,2023-03-14,PIT,MTL,4,6,43,22,REG
2022021065,20222023,2023-03-14,NJD,TBL,1,4,23,30,REG
2022021066,20222023,2023-03-14,PHI,VGK,3,5,30,33,REG
2022021067,20222023,2023-03-14,NYR,WSH,5,3,36,31,REG
2022021068,20222023,2023-03-14,CAR,WPG,5,3,25,24,REG
2022021069,20222023,2023-03-14,NSH,DET,2,1,16,29,REG
2022021070,20222023,2023-03-14,CHI,BOS,6,3,29,42,REG
2022021071,20222023,2023-03-14,EDM,OTT,6,3,33,32,REG
2022021072,20222023,2023-03-14,ARI,CGY,4,3,25,45,OT
2022021073,20222023,2023-03-14,VAN,DAL,5,2,19,27,REG
2022021074,20222023,2023-03-14,SJS,CBJ,5,6,32,48,OT
2022021075,20222023,2023-03-14,LAK,NYI,5,2,37,28,REG
2022021076,20222023,2023-03-15,WSH,BUF,5,4,39,27,SO
2022021077,20222023,2023-03-15,TOR,COL,1,2,18,29,SO
2022021078,20222023,2023-03-15,STL,MIN,5,8,36,35,REG
2022021079,20222023,2023-03-15,ANA,NYI,3,6,23,33,REG
2022021080,20222023,2023-03-16,OTT,COL,4,5,36,30,REG
2022021081,20222023,2023-03-16,FLA,MTL,9,5,42,30,REG
2022021082,20222023,2023-03-16,NYR,PIT,4,2,35,32,REG
2022021083,20222023,2023-03-16,NJD,TBL,3,4,35,24,SO
2022021084,20222023,2023-03-16,WPG,BOS,0,3,36,24,REG
2022021085,20222023,2023-03-16,NSH,CHI,1,2,36,21,REG
2022021086,20222023,2023-03-16,EDM,DAL,4,1,30,26,REG
2022021087,20222023,2023-03-16,VGK,CGY,2,7,19,30,REG
2022021088,20222023,2023-03-16,ARI,VAN,3,2,27,31,REG
2022021089,20222023,2023-03-16,LAK,CBJ,4,1,36,30,REG
2022021090,20222023,2023-03-16,SJS,SEA,1,2,32,32,OT
2022021091,20222023,2023-03-17,PHI,BUF,5,2,22,38,REG
2022021092,20222023,2023-03-17,TOR,CAR,5,2,24,34,REG
2022021093,20222023,2023-03-17,WSH,STL,2,5,34,22,REG
2022021094,20222023,2023-03-17,ANA,CBJ,7,4,38,42,REG
2022021095,20222023,2023-03-18,DET,COL,1,5,34,23,REG
2022021096,20222023,2023-03-18,MIN,BOS,2,5,31,38,REG
2022021097,20222023,2023-03-18,NSH,WPG,2,3,20,34,OT
2022021098,20222023,2023-03-18,SEA,EDM,4,6,37,23,REG
2022021099,20222023,2023-03-18,PHI,CAR,4,5,33,34,OT
2022021100,20222023,2023-03-18,FLA,NJD,4,2,41,35,REG
2022021101,20222023,2023-03-18,TBL,MTL,5,3,41,21,REG
2022021102,20222023,2023-03-18,OTT,TOR,4,5,52,29,SO
2022021103,20222023,2023-03-18,NYR,PIT,6,0,24,33,REG
2022021104,20222023,2023-03-18,CGY,DAL,5,6,38,26,OT
2022021105,20222023,2023-03-18,LAK,VAN,2,3,40,17,SO
2022021106,20222023,2023-03-18,ARI,CHI,4,2,21,34,REG
2022021107,20222023,2023-03-18,SJS,NYI,1,4,30,33,REG
2022021108,20222023,2023-03-19,BUF,BOS,0,7,26,25,REG
2022021109,20222023,2023-03-19,MIN,WSH,5,3,40,36,REG
2022021110,20222023,2023-03-19,VGK,CBJ,7,2,41,37,REG
2022021111,20222023,2023-03-19,NYR,NSH,7,0,34,22,REG
2022021112,20222023,2023-03-19,TBL,NJD,2,5,24,39,REG
2022021113,20222023,2023-03-19,STL,WPG,3,0,17,34,REG
2022021114,20222023,2023-03-19,ANA,VAN,1,2,18,40,REG
2022021115,20222023,2023-03-20,PIT,OTT,1,2,49,21,REG
2022021116,20222023,2023-03-20,DET,FLA,2,5,22,25,REG
2022021117,20222023,2023-03-20,COL,CHI,5,0,32,27,REG
2022021118,20222023,2023-03-20,EDM,SJS,5,4,52,32,OT
2022021119,20222023,2023-03-20,LAK,CGY,8,2,39,18,REG
2022021120,20222023,2023-03-21,NYR,CAR,2,3,31,39,REG
2022021121,20222023,2023-03-21,WSH,CBJ,6,7,37,39,OT
2022021122,20222023,2023-03-21,PHI,FLA,6,3,24,44,REG
2022021123,20222023,2023-03-21,NJD,MIN,1,2,48,29,OT
2022021124,20222023,2023-03-21,BUF,NSH,3,7,31,27,REG
2022021125,20222023,2023-03-21,BOS,OTT,2,1,35,41,REG
2022021126,20222023,2023-03-21,MTL,TBL,3,2,20,33,REG
2022021127,20222023,2023-03-21,NYI,TOR,7,2,29,27,REG
2022021128,20222023,2023-03-21,WPG,ARI,2,1,25,30,REG
2022021129,20222023,2023-03-21,STL,DET,2,3,22,30,SO
2022021130,20222023,2023-03-21,DAL,SEA,4,5,29,27,OT
2022021131,20222023,2023-03-21,ANA,CGY,1,5,20,43,REG
2022021132,20222023,2023-03-21,VAN,VGK,3,4,34,27,REG
2022021133,20222023,2023-03-22,COL,PIT,2,5,30,45,REG
2022021134,20222023,2023-03-22,EDM,ARI,4,3,31,17,OT
2022021135,20222023,2023-03-23,WSH,CHI,6,1,28,28,REG
2022021136,20222023,2023-03-23,PHI,MIN,5,4,34,24,SO
2022021137,20222023,2023-03-23,BOS,MTL,4,2,21,31,REG
2022021138,20222023,2023-03-23,CAR,NYR,1,2,30,16,REG
2022021139,20222023,2023-03-23,OTT,TBL,7,2,35,29,REG
2022021140,20222023,2023-03-23,FLA,TOR,2,6,35,27,REG
2022021141,20222023,2023-03-23,DET,STL,3,4,28,22,REG
2022021142,20222023,2023-03-23,NSH,SEA,2,1,24,28,SO
2022021143,20222023,2023-03-23,DAL,PIT,3,2,33,42,REG
2022021144,20222023,2023-03-23,CGY,VGK,2,3,44,32,REG
2022021145,20222023,2023-03-23,VAN,SJS,7,2,21,19,REG
2022021146,20222023,2023-03-23,ANA,WPG,2,3,20,33,REG
2022021147,20222023,2023-03-24,CBJ,NYI,5,4,27,38,OT
2022021148,20222023,2023-03-24,BUF,NJD,5,4,26,31,REG
2022021149,20222023,2023-03-24,COL,ARI,3,1,30,18,REG
2022021150,20222023,2023-03-25,PHI,DET,3,0,22,29,REG
2022021151,20222023,2023-03-25,BOS,TBL,2,1,34,27,REG
2022021152,20222023,2023-03-25,NSH,SEA,2,7,16,39,REG
2022021153,20222023,2023-03-25,CGY,SJS,5,3,30,31,REG
2022021154,20222023,2023-03-25,LAK,WPG,4,1,29,26,REG
2022021155,20222023,2023-03-25,MIN,CHI,3,1,25,23,REG
2022021156,20222023,2023-03-25,FLA,NYR,3,4,34,42,REG
2022021157,20222023,2023-03-25,NYI,BUF,0,2,26,35,REG
2022021158,20222023,2023-03-25,MTL,CBJ,8,2,32,23,REG
2022021159,20222023,2023-03-25,NJD,OTT,5,3,35,28,REG
2022021160,20222023,2023-03-25,CAR,TOR,5,3,28,44,REG
2022021161,20222023,2023-03-25,DAL,VAN,1,3,26,24,REG
2022021162,20222023,2023-03-25,PIT,WSH,4,3,40,34,REG
2022021163,20222023,2023-03-25,EDM,VGK,3,4,30,34,OT
2022021164,20222023,2023-03-25,ANA,STL,3,6,25,36,REG
2022021165,20222023,2023-03-26,ARI,COL,3,4,30,32,SO
2022021166,20222023,2023-03-26,CAR,BOS,3,4,37,38,SO
2022021167,20222023,2023-03-26,NSH,TOR,2,3,25,34,REG
2022021168,20222023,2023-03-26,CHI,VAN,2,4,31,31,REG
2022021169,20222023,2023-03-26,LAK,STL,7,6,31,22,REG
2022021170,20222023,2023-03-27,OTT,FLA,5,2,27,34,REG
2022021171,20222023,2023-03-27,BUF,MTL,3,4,33,41,SO
2022021172,20222023,2023-03-27,NYI,NJD,5,1,36,31,REG
2022021173,20222023,2023-03-27,MIN,SEA,5,1,20,36,REG
2022021174,20222023,2023-03-27,ANA,COL,1,5,30,44,REG
2022021175,20222023,2023-03-27,ARI,EDM,4,5,33,29,REG
2022021176,20222023,2023-03-28,NYR,CBJ,6,2,36,30,REG
2022021177,20222023,2023-03-28,PHI,MTL,3,2,27,29,REG
2022021178,20222023,2023-03-28,BOS,NSH,1,2,36,23,REG
2022021179,20222023,2023-03-28,CAR,TBL,0,4,31,21,REG
2022021180,20222023,2023-03-28,DET,PIT,7,4,25,39,REG
2022021181,20222023,2023-03-28,STL,VAN,6,5,31,37,OT
2022021182,20222023,2023-03-28,CHI,DAL,1,4,18,33,REG
2022021183,20222023,2023-03-28,CGY,LAK,2,1,32,33,REG
2022021184,20222023,2023-03-28,VGK,EDM,4,7,22,39,REG
2022021185,20222023,2023-03-28,SJS,WPG,3,0,30,41,REG
2022021186,20222023,2023-03-29,TOR,FLA,2,3,40,29,OT
2022021187,20222023,2023-03-29,WSH,NYI,1,2,26,29,SO
2022021188,20222023,2023-03-29,COL,MIN,2,4,44,29,REG
2022021189,20222023,2023-03-30,BOS,CBJ,2,1,31,26,OT
2022021190,20222023,2023-03-30,MTL,FLA,2,5,20,30,REG
2022021191,20222023,2023-03-30,NJD,NYR,2,1,31,25,REG
2022021192,20222023,2023-03-30,PIT,NSH,2,0,45,28,REG
2022021193,20222023,2023-03-30,OTT,PHI,5,4,46,11,OT
2022021194,20222023,2023-03-30,TBL,WSH,5,1,34,31,REG
2022021195,20222023,2023-03-30,DET,CAR,3,2,22,33,REG
2022021196,20222023,2023-03-30,CHI,STL,3,5,33,29,REG
2022021197,20222023,2023-03-30,EDM,LAK,2,0,37,43,REG
2022021198,20222023,2023-03-30,SEA,ANA,4,1,39,19,REG
2022021199,20222023,2023-03-30,SJS,VGK,4,3,25,26,OT
2022021200,20222023,2023-03-31,BUF,NYR,3,2,34,33,OT
2022021201,20222023,2023-03-31,WPG,DET,6,2,29,25,REG
2022021202,20222023,2023-03-31,VAN,CGY,4,5,20,41,OT
2022021203,20222023,2023-03-31,ARI,DAL,2,5,18,31,REG
2022021204,20222023,2023-04-01,NSH,STL,6,1,35,22,REG
2022021205,20222023,2023-04-01,PIT,BOS,3,4,24,35,REG
2022021206,20222023,2023-04-01,PHI,BUF,3,6,42,29,REG
2022021207,20222023,2023-04-01,MTL,CAR,0,3,14,50,REG
2022021208,20222023,2023-04-01,CBJ,FLA,0,7,21,49,REG
2022021209,20222023,2023-04-01,TBL,NYI,5,0,32,38,REG
2022021210,20222023,2023-04-01,OTT,TOR,0,3,31,20,REG
2022021211,20222023,2023-04-01,CHI,NJD,3,6,17,40,REG
2022021212,20222023,2023-04-01,COL,DAL,5,2,32,28,REG
2022021213,20222023,2023-04-01,EDM,ANA,6,0,45,36,REG
2022021214,20222023,2023-04-01,SEA,LAK,1,3,26,19,REG
2022021215,20222023,2023-04-01,VGK,MIN,4,1,43,30,REG
2022021216,20222023,2023-04-01,ARI,SJS,2,7,31,31,REG
2022021217,20222023,2023-04-02,WSH,NYR,2,5,28,34,REG
2022021218,20222023,2023-04-02,STL,BOS,3,4,38,31,SO
2022021219,20222023,2023-04-02,CAR,NYI,2,1,35,22,REG
2022021220,20222023,2023-04-02,CBJ,OTT,4,3,22,27,OT
2022021221,20222023,2023-04-02,PIT,PHI,4,2,31,33,REG
2022021222,20222023,2023-04-02,TOR,DET,2,5,45,24,REG
2022021223,20222023,2023-04-02,WPG,NJD,6,1,27,32,REG
2022021224,20222023,2023-04-02,CGY,ANA,5,4,41,22,REG
2022021225,20222023,2023-04-02,VAN,LAK,1,4,25,25,REG
2022021226,20222023,2023-04-03,MIN,VGK,3,4,33,26,SO
2022021227,20222023,2023-04-03,DAL,NSH,5,1,26,27,REG
2022021228,20222023,2023-04-03,SEA,ARI,8,1,32,21,REG
2022021229,20222023,2023-04-04,FLA,BUF,2,1,36,40,REG
2022021230,20222023,2023-04-04,TOR,CBJ,4,2,50,26,REG
2022021231,20222023,2023-04-04,MTL,DET,0,5,24,21,REG
2022021232,20222023,2023-04-04,CAR,OTT,3,2,37,28,OT
2022021233,20222023,2023-04-04,NJD,PIT,5,1,37,23,REG
2022021234,20222023,2023-04-04,STL,PHI,4,2,32,34,REG
2022021235,20222023,2023-04-04,NSH,VGK,3,2,27,32,OT
2022021236,20222023,2023-04-04,CGY,CHI,3,4,36,23,REG
2022021237,20222023,2023-04-04,LAK,EDM,1,3,21,33,REG
2022021238,20222023,2023-04-04,VAN,SEA,2,5,18,28,REG
2022021239,20222023,2023-04-04,SJS,COL,3,4,31,42,OT
2022021240,20222023,2023-04-05,WPG,CGY,1,3,35,35,REG
2022021241,20222023,2023-04-05,NYR,TBL,6,3,37,31,REG
2022021242,20222023,2023-04-05,ANA,EDM,1,3,28,33,REG
2022021243,20222023,2023-04-06,NJD,CBJ,8,1,36,17,REG
2022021244,20222023,2023-04-06,PIT,MIN,4,1,31,28,REG
2022021245,20222023,2023-04-06,FLA,OTT,7,2,30,58,REG
2022021246,20222023,2023-04-06,BOS,TOR,2,1,33,32,OT
2022021247,20222023,2023-04-06,MTL,WSH,6,2,32,26,REG
2022021248,20222023,2023-04-06,DET,BUF,6,7,32,36,SO
2022021249,20222023,2023-04-06,NYI,TBL,6,1,42,31,REG
2022021250,20222023,2023-04-06,NSH,CAR,3,0,23,33,REG
2022021251,20222023,2023-04-06,STL,NYR,3,2,22,24,OT
2022021252,20222023,2023-04-06,DAL,PHI,4,1,30,25,REG
2022021253,20222023,2023-04-06,SEA,ARI,4,2,33,29,REG
2022021254,20222023,2023-04-06,VAN,CHI,3,0,29,33,REG
2022021255,20222023,2023-04-06,VGK,LAK,5,2,37,32,REG
2022021256,20222023,2023-04-06,SJS,COL,2,6,23,31,REG
2022021257,20222023,2023-04-08,BUF,CAR,4,3,30,34,REG
2022021258,20222023,2023-04-08,MIN,STL,5,3,30,40,REG
2022021259,20222023,2023-04-08,SJS,EDM,1,6,23,35,REG
2022021260,20222023,2023-04-08,ARI,ANA,5,4,39,29,OT
2022021261,20222023,2023-04-08,WSH,FLA,2,4,24,37,REG
2022021262,20222023,2023-04-08,TOR,MTL,7,1,46,21,REG
2022021263,20222023,2023-04-08,CBJ,NYR,0,4,20,28,REG
2022021264,20222023,2023-04-08,WPG,NSH,2,0,38,28,REG
2022021265,20222023,2023-04-08,BOS,NJD,2,1,40,30,REG
2022021266,20222023,2023-04-08,DET,PIT,1,5,20,28,REG
2022021267,20222023,2023-04-08,OTT,TBL,7,4,40,24,REG
2022021268,20222023,2023-04-08,NYI,PHI,4,0,21,27,REG
2022021269,20222023,2023-04-08,DAL,VGK,2,1,25,20,SO
2022021270,20222023,2023-04-08,VAN,CGY,3,2,33,43,SO
2022021271,20222023,2023-04-08,SEA,CHI,7,3,31,29,REG
2022021272,20222023,2023-04-08,LAK,COL,3,4,41,23,REG
2022021273,20222023,2023-04-09,PHI,BOS,3,5,37,34,REG
2022021274,20222023,2023-04-09,ANA,COL,4,5,23,46,OT
2022021275,20222023,2023-04-10,NYR,BUF,2,3,28,39,SO
2022021276,20222023,2023-04-10,OTT,CAR,3,2,32,29,REG
2022021277,20222023,2023-04-10,WSH,NYI,5,2,25,40,REG
2022021278,20222023,2023-04-10,WPG,SJS,6,2,33,21,REG
2022021279,20222023,2023-04-10,FLA,TOR,1,2,46,25,OT
2022021280,20222023,2023-04-10,DET,DAL,1,6,20,22,REG
2022021281,20222023,2023-04-10,CHI,MIN,2,4,42,22,REG
2022021282,20222023,2023-04-10,CGY,NSH,2,3,44,29,SO
2022021283,20222023,2023-04-10,ARI,SEA,1,4,23,37,REG
2022021284,20222023,2023-04-10,LAK,VAN,3,0,28,20,REG
2022021285,20222023,2023-04-11,NJD,BUF,6,2,30,38,REG
2022021286,20222023,2023-04-11,PIT,CHI,2,5,40,27,REG
2022021287,20222023,2023-04-11,PHI,CBJ,4,3,39,31,OT
2022021288,20222023,2023-04-11,CAR,DET,4,1,28,21,REG
2022021289,20222023,2023-04-11,TBL,TOR,3,4,48,24,REG
2022021290,20222023,2023-04-11,BOS,WSH,5,2,44,27,REG
2022021291,20222023,2023-04-11,MIN,WPG,1,3,34,20,REG
2022021292,20222023,2023-04-11,COL,EDM,1,2,29,40,OT
2022021293,20222023,2023-04-11,VGK,SEA,4,1,37,21,REG
2022021294,20222023,2023-04-11,ANA,VAN,2,3,35,36,REG
2022021295,20222023,2023-04-12,NYI,MTL,4,2,35,19,REG
2022021296,20222023,2023-04-12,STL,DAL,2,5,18,37,REG
2022021297,20222023,2023-04-12,CGY,SJS,3,1,49,24,REG
2022021298,20222023,2023-04-13,MTL,BOS,4,5,34,21,REG
2022021299,20222023,2023-04-13,FLA,CAR,4,6,34,36,REG
2022021300,20222023,2023-04-13,TBL,DET,5,0,32,32,REG
2022021301,20222023,2023-04-13,WSH,NJD,4,5,31,34,OT
2022021302,20222023,2023-04-13,BUF,OTT,4,3,36,33,OT
2022021303,20222023,2023-04-13,CBJ,PIT,3,2,34,36,OT
2022021304,20222023,2023-04-13,NYR,TOR,2,3,24,21,REG
2022021305,20222023,2023-04-13,NSH,MIN,4,3,31,24,OT
2022021306,20222023,2023-04-13,CHI,PHI,4,5,38,36,OT
2022021307,20222023,2023-04-13,DAL,STL,1,0,34,25,REG
2022021308,20222023,2023-04-13,EDM,SJS,5,2,36,29,REG
2022021309,20222023,2023-04-13,COL,WPG,4,2,25,20,REG
2022021310,20222023,2023-04-13,ANA,LAK,3,5,24,36,REG
2022021311,20222023,2023-04-13,ARI,VAN,4,5,28,24,OT
2022021312,20222023,2023-04-13,SEA,VGK,1,3,31,19,REG
2022020320,20222023,2023-04-14,NSH,COL,3,4,21,34,REG
2022020547,20222023,2023-04-14,CBJ,BUF,2,5,31,35,REG
2023020001,20232024,2023-10-10,TBL,NSH,5,3,34,31,REG
2023020002,20232024,2023-10-10,PIT,CHI,2,4,41,36,REG
2023020003,20232024,2023-10-10,VGK,SEA,4,1,28,33,REG
2023020004,20232024,2023-10-11,CAR,OTT,5,3,42,30,REG
2023020005,20232024,2023-10-11,TOR,MTL,6,5,42,24,SO
2023020006,20232024,2023-10-11,BOS,CHI,3,1,33,21,REG
2023020007,20232024,2023-10-11,CGY,WPG,5,3,22,37,REG
2023020008,20232024,2023-10-11,LAK,COL,2,5,36,37,REG
2023020009,20232024,2023-10-11,VAN,EDM,8,1,32,27,REG
2023020010,20232024,2023-10-12,BUF,NYR,1,5,25,31,REG
2023020011,20232024,2023-10-12,CBJ,PHI,2,4,33,37,REG
2023020012,20232024,2023-10-12,NJD,DET,4,3,27,35,REG
2023020013,20232024,2023-10-12,DAL,STL,2,1,34,24,SO
2023020014,20232024,2023-10-12,MIN,FLA,2,0,21,41,REG
2023020015,20232024,2023-10-12,NSH,SEA,3,0,35,23,REG
2023020016,20232024,2023-10-12,SJS,VGK,1,4,23,32,REG
2023020017,20232024,2023-10-13,NJD,ARI,3,4,36,33,SO
2023020018,20232024,2023-10-13,WSH,PIT,0,4,19,35,REG
2023020019,20232024,2023-10-14,OTT,PHI,5,2,31,21,REG
2023020020,20232024,2023-10-14,WPG,FLA,6,4,35,33,REG
2023020021,20232024,2023-10-14,BOS,NSH,3,2,30,36,REG
2023020022,20232024,2023-10-14,CBJ,NYR,5,3,21,42,REG
2023020023,20232024,2023-10-14,DET,TBL,6,4,42,25,REG
2023020024,20232024,2023-10-14,MTL,CHI,3,2,36,30,REG
2023020025,20232024,2023-10-14,PIT,CGY,5,2,29,36,REG
2023020026,20232024,2023-10-14,TOR,MIN,7,4,33,32,REG
2023020027,20232024,2023-10-14,NYI,BUF,3,2,29,28,REG
2023020028,20232024,2023-10-14,STL,SEA,2,1,25,31,SO
2023020029,20232024,2023-10-14,EDM,VAN,3,4,40,16,REG
2023020030,20232024,2023-10-14,SJS,COL,1,2,21,52,SO
2023020031,20232024,2023-10-14,VGK,ANA,4,1,38,23,REG
2023020032,20232024,2023-10-14,LAK,CAR,5,6,30,19,SO
2023020033,20232024,2023-10-15,OTT,TBL,5,2,38,24,REG
2023020034,20232024,2023-10-15,ANA,CAR,6,3,25,35,REG
2023020035,20232024,2023-10-16,CBJ,DET,0,4,23,28,REG
2023020036,20232024,2023-10-16,NJD,FLA,3,4,34,30,REG
2023020037,20232024,2023-10-16,NYR,ARI,2,1,28,27,REG
2023020038,20232024,2023-10-16,TOR,CHI,1,4,36,31,REG
2023020039,20232024,2023-10-16,WSH,CGY,3,2,23,40,SO
2023020040,20232024,2023-10-17,BUF,TBL,3,2,31,25,OT
2023020041,20232024,2023-10-17,MTL,MIN,2,5,28,35,REG
2023020042,20232024,2023-10-17,PHI,VAN,2,0,42,26,REG
2023020043,20232024,2023-10-17,NYI,ARI,1,0,34,14,REG
2023020044,20232024,2023-10-17,NSH,EDM,1,6,44,30,REG
2023020045,20232024,2023-10-17,WPG,LAK,1,5,27,29,REG
2023020046,20232024,2023-10-17,SEA,COL,1,4,38,28,REG
2023020047,20232024,2023-10-17,SJS,CAR,3,6,16,42,REG
2023020048,20232024,2023-10-17,VGK,DAL,3,2,34,26,SO
2023020049,20232024,2023-10-18,OTT,WSH,6,1,29,24,REG
2023020050,20232024,2023-10-18,DET,PIT,6,3,29,33,REG
2023020051,20232024,2023-10-19,BUF,CGY,3,4,27,36,REG
2023020052,20232024,2023-10-19,FLA,TOR,3,1,24,30,REG
2023020053,20232024,2023-10-19,NYR,NSH,1,4,24,27,REG
2023020054,20232024,2023-10-19,PHI,EDM,4,1,32,23,REG
2023020055,20232024,2023-10-19,TBL,VAN,4,3,36,29,REG
2023020056,20232024,2023-10-19,MIN,LAK,3,7,32,27,REG
2023020057,20232024,2023-10-19,STL,ARI,2,6,26,42,REG
2023020058,20232024,2023-10-19,WPG,VGK,3,5,39,27,REG
2023020059,20232024,2023-10-19,ANA,DAL,2,3,29,24,REG
2023020060,20232024,2023-10-19,SEA,CAR,7,4,36,36,REG
2023020061,20232024,2023-10-19,COL,CHI,4,0,41,18,REG
2023020062,20232024,2023-10-19,SJS,BOS,1,3,27,36,REG
2023020063,20232024,2023-10-20,CBJ,CGY,3,1,29,37,REG
2023020064,20232024,2023-10-20,NYI,NJD,4,5,32,39,OT
2023020065,20232024,2023-10-21,OTT,DET,2,5,37,23,REG
2023020066,20232024,2023-10-21,ARI,ANA,2,1,27,33,REG
2023020067,20232024,2023-10-21,BUF,NYI,3,1,42,25,REG
2023020068,20232024,2023-10-21,FLA,VAN,3,5,36,31,REG
2023020069,20232024,2023-10-21,MTL,WSH,3,2,28,33,OT
2023020070,20232024,2023-10-21,TBL,TOR,3,4,31,52,OT
2023020071,20232024,2023-10-21,CHI,VGK,3,5,24,24,REG
2023020072,20232024,2023-10-21,DAL,PHI,5,4,25,40,OT
2023020073,20232024,2023-10-21,MIN,CBJ,4,5,28,54,OT
2023020074,20232024,2023-10-21,NSH,SJS,5,1,34,32,REG
2023020075,20232024,2023-10-21,STL,PIT,4,2,21,33,REG
2023020076,20232024,2023-10-21,COL,CAR,6,4,27,27,REG
2023020077,20232024,2023-10-21,EDM,WPG,2,3,40,27,OT
2023020078,20232024,2023-10-21,SEA,NYR,1,4,19,27,REG
2023020079,20232024,2023-10-21,LAK,BOS,2,4,34,25,REG
2023020080,20232024,2023-10-22,DET,CGY,6,2,30,31,REG
2023020081,20232024,2023-10-22,ANA,BOS,1,3,31,26,REG
2023020082,20232024,2023-10-23,BUF,MTL,1,3,37,27,REG
2023020083,20232024,2023-10-24,WSH,TOR,1,4,38,17,REG
2023020084,20232024,2023-10-24,CBJ,ANA,2,3,37,27,OT
2023020085,20232024,2023-10-24,OTT,BUF,4,6,38,24,REG
2023020086,20232024,2023-10-24,TBL,CAR,3,0,23,32,REG
2023020087,20232024,2023-10-24,MTL,NJD,2,5,29,34,REG
2023020088,20232024,2023-10-24,PIT,DAL,1,4,39,34,REG
2023020089,20232024,2023-10-24,FLA,SJS,3,1,36,28,REG
2023020090,20232024,2023-10-24,NYI,COL,4,7,32,38,REG
2023020091,20232024,2023-10-24,DET,SEA,4,5,27,38,OT
2023020092,20232024,2023-10-24,CHI,BOS,0,3,23,43,REG
2023020093,20232024,2023-10-24,WPG,STL,4,2,30,20,REG
2023020094,20232024,2023-10-24,MIN,EDM,7,4,32,28,REG
2023020095,20232024,2023-10-24,NSH,VAN,2,3,18,24,REG
2023020096,20232024,2023-10-24,CGY,NYR,1,3,26,20,REG
2023020097,20232024,2023-10-24,LAK,ARI,6,3,28,27,REG
2023020098,20232024,2023-10-24,VGK,PHI,3,2,29,28,REG
2023020099,20232024,2023-10-25,NJD,WSH,4,6,22,25,REG
2023020100,20232024,2023-10-26,BOS,ANA,3,4,30,32,OT
2023020101,20232024,2023-10-26,CAR,SEA,3,2,45,26,OT
2023020102,20232024,2023-10-26,DET,WPG,1,4,36,29,REG
2023020103,20232024,2023-10-26,MTL,CBJ,4,3,29,36,OT
2023020104,20232024,2023-10-26,PHI,MIN,6,2,35,28,REG
2023020105,20232024,2023-10-26,PIT,COL,4,0,29,31,REG
2023020106,20232024,2023-10-26,TBL,SJS,6,0,31,23,REG
2023020107,20232024,2023-10-26,NYI,OTT,3,2,38,47,REG
2023020108,20232024,2023-10-26,DAL,TOR,1,4,32,24,REG
2023020109,20232024,2023-10-26,CGY,STL,0,3,27,35,REG
2023020110,20232024,2023-10-26,EDM,NYR,0,3,29,32,REG
2023020111,20232024,2023-10-27,VGK,CHI,3,4,21,24,OT
2023020112,20232024,2023-10-27,CAR,SJS,3,0,40,20,REG
2023020113,20232024,2023-10-27,NJD,BUF,5,4,39,27,REG
2023020114,20232024,2023-10-27,WSH,MIN,3,2,33,41,SO
2023020115,20232024,2023-10-27,ARI,LAK,4,5,24,41,REG
2023020116,20232024,2023-10-27,VAN,STL,5,0,35,22,REG
2023020117,20232024,2023-10-28,PHI,ANA,4,7,30,25,REG
2023020118,20232024,2023-10-28,FLA,SEA,3,2,37,33,REG
2023020119,20232024,2023-10-28,BOS,DET,4,1,31,24,REG
2023020120,20232024,2023-10-28,CBJ,NYI,0,2,34,34,REG
2023020121,20232024,2023-10-28,MTL,WPG,4,3,29,45,SO
2023020122,20232024,2023-10-28,NSH,TOR,3,2,24,35,OT
2023020123,20232024,2023-10-28,PIT,OTT,2,5,43,26,REG
2023020124,20232024,2023-10-28,VAN,NYR,3,4,33,24,OT
2023020125,20232024,2023-10-28,LAK,VGK,3,4,40,30,SO
2023020126,20232024,2023-10-29,BUF,COL,4,0,29,23,REG
2023020127,20232024,2023-10-29,NJD,MIN,4,3,30,34,REG
2023020128,20232024,2023-10-29,WSH,SJS,3,1,42,31,REG
2023020129,20232024,2023-10-29,EDM,CGY,5,2,33,26,REG
2023020130,20232024,2023-10-30,BOS,FLA,3,2,26,37,OT
2023020131,20232024,2023-10-30,PHI,CAR,2,3,28,32,REG
2023020132,20232024,2023-10-30,PIT,ANA,3,4,42,27,REG
2023020133,20232024,2023-10-30,TBL,SEA,3,4,37,43,OT
2023020134,20232024,2023-10-30,NYI,DET,3,4,40,36,OT
2023020135,20232024,2023-10-30,WPG,NYR,2,3,29,26,OT
2023020136,20232024,2023-10-30,DAL,CBJ,5,3,33,25,REG
2023020137,20232024,2023-10-30,ARI,CHI,8,1,33,30,REG
2023020138,20232024,2023-10-30,VGK,MTL,3,2,25,39,SO
2023020139,20232024,2023-10-31,TOR,LAK,1,4,30,27,REG
2023020140,20232024,2023-10-31,VAN,NSH,5,2,27,29,REG
2023020141,20232024,2023-11-01,PHI,BUF,2,5,40,15,REG
2023020142,20232024,2023-11-01,CGY,DAL,3,4,47,30,REG
2023020143,20232024,2023-11-01,COL,STL,4,1,28,28,REG
2023020144,20232024,2023-11-01,ANA,ARI,4,3,29,35,OT
2023020145,20232024,2023-11-02,BOS,TOR,3,2,40,35,SO
2023020146,20232024,2023-11-02,CBJ,TBL,4,2,28,29,REG
2023020147,20232024,2023-11-02,DET,FLA,0,2,22,27,REG
2023020148,20232024,2023-11-02,NYR,CAR,2,1,26,27,REG
2023020149,20232024,2023-11-02,OTT,LAK,2,3,26,38,REG
2023020150,20232024,2023-11-02,WSH,NYI,0,3,32,21,REG
2023020151,20232024,2023-11-02,MIN,NJD,3,5,25,38,REG
2023020152,20232024,2023-11-02,EDM,DAL,3,4,49,27,REG
2023020153,20232024,2023-11-02,ARI,MTL,3,2,35,30,REG
2023020154,20232024,2023-11-02,SEA,NSH,4,2,31,34,REG
2023020155,20232024,2023-11-02,VGK,WPG,5,2,26,31,REG
2023020156,20232024,2023-11-02,SJS,VAN,1,10,31,33,REG
2023020157,20232024,2023-11-03,BUF,PHI,1,5,22,19,REG
2023020158,20232024,2023-11-03,STL,NJD,4,1,35,34,REG
2023020159,20232024,2023-11-04,EDM,NSH,2,5,35,34,REG
2023020160,20232024,2023-11-04,ARI,WPG,3,5,25,27,REG
2023020161,20232024,2023-11-04,DET,BOS,5,4,40,30,REG
2023020162,20232024,2023-11-04,OTT,TBL,4,6,28,38,REG
2023020163,20232024,2023-11-04,PHI,LAK,0,5,24,30,REG
2023020164,20232024,2023-11-04,STL,MTL,6,3,35,33,REG
2023020165,20232024,2023-11-04,TOR,BUF,4,6,28,41,REG
2023020166,20232024,2023-11-04,WSH,CBJ,2,1,27,35,REG
2023020167,20232024,2023-11-04,NYI,CAR,3,4,25,46,OT
2023020168,20232024,2023-11-04,CHI,FLA,5,2,25,40,REG
2023020169,20232024,2023-11-04,MIN,NYR,5,4,39,18,SO
2023020170,20232024,2023-11-04,SEA,CGY,3,6,20,31,REG
2023020171,20232024,2023-11-04,SJS,PIT,2,10,26,35,REG
2023020172,20232024,2023-11-04,VAN,DAL,2,0,28,27,REG
2023020173,20232024,2023-11-04,VGK,COL,7,0,34,41,REG
2023020174,20232024,2023-11-05,CHI,NJD,2,4,34,41,REG
2023020175,20232024,2023-11-05,ANA,VGK,4,2,23,32,REG
2023020176,20232024,2023-11-06,FLA,CBJ,5,4,46,23,OT
2023020177,20232024,2023-11-06,TOR,TBL,6,5,34,31,OT
2023020178,20232024,2023-11-06,DAL,BOS,2,3,37,29,REG
2023020179,20232024,2023-11-06,VAN,EDM,6,2,36,43,REG
2023020180,20232024,2023-11-07,CAR,BUF,3,2,27,21,OT
2023020181,20232024,2023-11-07,MTL,TBL,3,5,26,32,REG
2023020182,20232024,2023-11-07,NYI,MIN,2,4,29,31,REG
2023020183,20232024,2023-11-07,NYR,DET,5,3,32,28,REG
2023020184,20232024,2023-11-07,STL,WPG,2,5,22,37,REG
2023020185,20232024,2023-11-07,ARI,SEA,4,3,27,38,SO
2023020186,20232024,2023-11-07,CGY,NSH,4,2,39,18,REG
2023020187,20232024,2023-11-07,ANA,PIT,0,2,31,36,REG
2023020188,20232024,2023-11-07,COL,NJD,6,3,32,23,REG
2023020189,20232024,2023-11-07,SJS,PHI,2,1,19,39,REG
2023020190,20232024,2023-11-08,TOR,OTT,3,6,30,31,REG
2023020191,20232024,2023-11-08,WSH,FLA,3,4,28,25,OT
2023020192,20232024,2023-11-08,VGK,LAK,1,4,38,33,REG
2023020193,20232024,2023-11-09,BOS,NYI,5,2,35,29,REG
2023020194,20232024,2023-11-09,CBJ,DAL,2,5,29,31,REG
2023020195,20232024,2023-11-09,DET,MTL,2,3,29,27,OT
2023020196,20232024,2023-11-09,NYR,MIN,4,1,28,26,REG
2023020197,20232024,2023-11-09,OTT,VAN,2,5,30,16,REG
2023020198,20232024,2023-11-09,TBL,CHI,3,5,33,29,REG
2023020199,20232024,2023-11-09,STL,ARI,2,1,33,20,REG
2023020200,20232024,2023-11-09,WPG,NSH,6,3,37,23,REG
2023020201,20232024,2023-11-09,COL,SEA,3,4,26,22,REG
2023020202,20232024,2023-11-09,LAK,PIT,3,4,36,20,OT
2023020203,20232024,2023-11-09,SJS,EDM,3,2,18,41,REG
2023020204,20232024,2023-11-10,BUF,MIN,3,2,25,35,REG
2023020205,20232024,2023-11-10,FLA,CAR,5,2,35,30,REG
2023020206,20232024,2023-11-10,NJD,WSH,2,4,26,27,REG
2023020207,20232024,2023-11-10,TOR,CGY,5,4,36,28,SO
2023020208,20232024,2023-11-10,ANA,PHI,3,6,38,36,REG
2023020209,20232024,2023-11-10,VGK,SJS,5,0,39,20,REG
2023020210,20232024,2023-11-11,DET,CBJ,5,4,28,22,REG
2023020211,20232024,2023-11-11,WPG,DAL,2,3,33,29,REG
2023020212,20232024,2023-11-11,MTL,BOS,3,2,27,28,OT
2023020213,20232024,2023-11-11,OTT,CGY,4,1,38,25,REG
2023020214,20232024,2023-11-11,TBL,CAR,0,4,22,32,REG
2023020215,20232024,2023-11-11,TOR,VAN,5,2,22,33,REG
2023020216,20232024,2023-11-11,NYI,WSH,1,4,37,28,REG
2023020217,20232024,2023-11-11,PIT,BUF,4,0,39,35,REG
2023020218,20232024,2023-11-11,NSH,ARI,5,7,42,25,REG
2023020219,20232024,2023-11-11,COL,STL,2,8,38,42,REG
2023020220,20232024,2023-11-11,SEA,EDM,1,4,18,26,REG
2023020221,20232024,2023-11-11,LAK,PHI,2,4,37,26,REG
2023020222,20232024,2023-11-12,FLA,CHI,4,3,31,26,REG
2023020223,20232024,2023-11-12,MIN,DAL,3,8,26,37,REG
2023020224,20232024,2023-11-12,MTL,VAN,2,5,32,37,REG
2023020225,20232024,2023-11-12,NYR,CBJ,4,3,40,28,SO
2023020226,20232024,2023-11-12,ANA,SJS,4,1,44,26,REG
2023020227,20232024,2023-11-13,EDM,NYI,4,1,32,33,REG
2023020228,20232024,2023-11-13,SEA,COL,1,5,19,31,REG
2023020229,20232024,2023-11-14,BUF,BOS,2,5,34,32,REG
2023020230,20232024,2023-11-14,CBJ,PIT,3,5,30,41,REG
2023020231,20232024,2023-11-14,MTL,CGY,1,2,35,29,REG
2023020232,20232024,2023-11-14,WSH,VGK,3,0,31,35,REG
2023020233,20232024,2023-11-14,DAL,ARI,4,3,36,26,OT
2023020234,20232024,2023-11-14,NSH,ANA,2,3,30,20,REG
2023020235,20232024,2023-11-14,STL,TBL,5,0,29,30,REG
2023020236,20232024,2023-11-14,WPG,NJD,6,3,31,34,REG
2023020237,20232024,2023-11-14,SJS,FLA,3,5,22,31,REG
2023020238,20232024,2023-11-15,CAR,PHI,1,3,32,24,REG
2023020239,20232024,2023-11-15,EDM,SEA,4,3,31,35,OT
2023020240,20232024,2023-11-15,COL,ANA,8,2,38,17,REG
2023020241,20232024,2023-11-15,VAN,NYI,4,3,43,33,OT
2023020242,20232024,2023-11-16,OTT,DET,5,4,34,41,OT
2023020243,20232024,2023-11-16,CBJ,ARI,2,3,41,32,REG
2023020244,20232024,2023-11-16,MTL,VGK,5,6,28,42,REG
2023020245,20232024,2023-11-16,PIT,NJD,2,5,23,31,REG
2023020246,20232024,2023-11-16,CHI,TBL,2,4,14,32,REG
2023020247,20232024,2023-11-16,CGY,VAN,5,2,39,22,REG
2023020248,20232024,2023-11-16,SEA,NYI,4,3,32,23,SO
2023020249,20232024,2023-11-16,LAK,FLA,2,1,27,31,REG
2023020250,20232024,2023-11-16,SJS,STL,5,1,35,45,REG
2023020251,20232024,2023-11-17,DET,TOR,2,3,29,29,REG
2023020252,20232024,2023-11-17,WPG,BUF,3,2,18,28,REG
2023020253,20232024,2023-11-17,ANA,FLA,1,2,35,35,REG
2023020254,20232024,2023-11-18,OTT,MIN,2,1,31,25,SO
2023020255,20232024,2023-11-18,PHI,VGK,4,3,38,31,OT
2023020256,20232024,2023-11-18,NSH,CHI,4,2,31,31,REG
2023020257,20232024,2023-11-18,TBL,EDM,6,4,24,42,REG
2023020258,20232024,2023-11-18,BOS,MTL,5,2,44,22,REG
2023020259,20232024,2023-11-18,CAR,PIT,4,2,34,28,REG
2023020260,20232024,2023-11-18,CGY,NYI,4,5,39,33,SO
2023020261,20232024,2023-11-18,NJD,NYR,3,5,33,35,REG
2023020262,20232024,2023-11-18,WPG,ARI,5,2,26,18,REG
2023020263,20232024,2023-11-18,WSH,CBJ,4,3,26,36,REG
2023020264,20232024,2023-11-18,DAL,COL,3,6,28,38,REG
2023020265,20232024,2023-11-18,VAN,SEA,3,4,24,26,REG
2023020266,20232024,2023-11-18,LAK,STL,5,1,31,30,REG
2023020267,20232024,2023-11-19,MIN,TOR,3,4,36,25,OT
2023020268,20232024,2023-11-19,PHI,CBJ,5,2,27,22,REG
2023020269,20232024,2023-11-19,PIT,VGK,3,0,32,38,REG
2023020270,20232024,2023-11-19,CHI,BUF,2,3,26,20,REG
2023020271,20232024,2023-11-19,ANA,STL,1,3,31,32,REG
2023020272,20232024,2023-11-20,FLA,EDM,5,3,33,29,REG
2023020273,20232024,2023-11-20,TBL,BOS,5,4,47,27,OT
2023020274,20232024,2023-11-20,DAL,NYR,6,3,36,33,REG
2023020275,20232024,2023-11-20,NSH,COL,4,3,30,29,REG
2023020276,20232024,2023-11-20,ARI,LAK,1,4,31,25,REG
2023020277,20232024,2023-11-20,SEA,CGY,3,4,31,31,OT
2023020278,20232024,2023-11-20,VAN,SJS,3,1,37,28,REG
2023020279,20232024,2023-11-22,CAR,EDM,6,3,27,23,REG
2023020280,20232024,2023-11-22,CBJ,CHI,7,3,26,36,REG
2023020281,20232024,2023-11-22,DET,NJD,4,0,28,16,REG
2023020282,20232024,2023-11-22,FLA,BOS,1,3,28,25,REG
2023020283,20232024,2023-11-22,PIT,NYR,0,1,32,36,REG
2023020284,20232024,2023-11-22,TBL,WPG,2,3,33,32,OT
2023020285,20232024,2023-11-22,WSH,BUF,4,3,30,27,OT
2023020286,20232024,2023-11-22,NYI,PHI,3,2,25,36,REG
2023020287,20232024,2023-11-22,ARI,STL,5,6,25,31,REG
2023020288,20232024,2023-11-22,NSH,CGY,4,2,45,26,REG
2023020289,20232024,2023-11-22,DAL,VGK,1,2,32,26,OT
2023020290,20232024,2023-11-22,ANA,MTL,3,4,33,28,REG
2023020291,20232024,2023-11-22,COL,VAN,5,2,25,29,REG
2023020292,20232024,2023-11-22,SEA,SJS,7,1,30,14,REG
2023020293,20232024,2023-11-24,BOS,DET,2,5,27,28,REG
2023020294,20232024,2023-11-24,PHI,NYR,1,3,37,19,REG
2023020295,20232024,2023-11-24,CHI,TOR,4,3,34,37,OT
2023020296,20232024,2023-11-24,NJD,CBJ,1,2,38,28,REG
2023020297,20232024,2023-11-24,STL,NSH,3,8,39,35,REG
2023020298,20232024,2023-11-24,WSH,EDM,0,5,25,35,REG
2023020299,20232024,2023-11-24,ANA,LAK,2,5,31,31,REG
2023020300,20232024,2023-11-24,SJS,MTL,2,3,33,24,SO
2023020301,20232024,2023-11-24,BUF,PIT,3,2,34,33,REG
2023020302,20232024,2023-11-24,OTT,NYI,3,5,31,26,REG
2023020303,20232024,2023-11-24,CAR,TBL,2,8,24,14,REG
2023020304,20232024,2023-11-24,FLA,WPG,0,3,33,31,REG
2023020305,20232024,2023-11-24,DAL,CGY,4,7,28,27,REG
2023020306,20232024,2023-11-24,MIN,COL,2,3,21,25,REG
2023020307,20232024,2023-11-24,SEA,VAN,1,5,24,27,REG
2023020308,20232024,2023-11-25,NYR,BOS,7,4,40,31,REG
2023020309,20232024,2023-11-25,LAK,MTL,4,0,30,18,REG
2023020310,20232024,2023-11-25,NJD,BUF,7,2,37,12,REG
2023020311,20232024,2023-11-25,PIT,TOR,3,2,35,33,REG
2023020312,20232024,2023-11-25,NYI,PHI,0,1,25,40,SO
2023020313,20232024,2023-11-25,COL,CGY,3,1,24,30,REG
2023020314,20232024,2023-11-25,SJS,VAN,4,3,22,33,REG
2023020315,20232024,2023-11-25,VGK,ARI,0,2,34,18,REG
2023020316,20232024,2023-11-26,DET,MIN,4,1,23,38,REG
2023020317,20232024,2023-11-26,CHI,STL,2,4,33,28,REG
2023020318,20232024,2023-11-26,CAR,CBJ,3,2,43,23,REG
2023020319,20232024,2023-11-26,NSH,WPG,3,2,26,34,REG
2023020320,20232024,2023-11-26,EDM,ANA,8,2,26,23,REG
2023020321,20232024,2023-11-27,CBJ,BOS,5,2,40,33,REG
2023020322,20232024,2023-11-27,NYR,BUF,1,5,26,39,REG
2023020323,20232024,2023-11-27,OTT,FLA,0,5,20,37,REG
2023020324,20232024,2023-11-27,COL,TBL,4,1,23,39,REG
2023020325,20232024,2023-11-27,CGY,VGK,2,1,34,28,OT
2023020326,20232024,2023-11-27,SJS,WSH,2,1,23,34,REG
2023020327,20232024,2023-11-28,NJD,NYI,5,4,33,26,REG
2023020328,20232024,2023-11-28,PHI,CAR,1,4,29,36,REG
2023020329,20232024,2023-11-28,TOR,FLA,2,1,32,39,SO
2023020330,20232024,2023-11-28,MIN,STL,3,1,37,24,REG
2023020331,20232024,2023-11-28,NSH,PIT,3,2,25,31,OT
2023020332,20232024,2023-11-28,WPG,DAL,0,2,27,21,REG
2023020333,20232024,2023-11-28,CHI,SEA,4,3,23,36,REG
2023020334,20232024,2023-11-28,ARI,TBL,3,1,27,31,REG
2023020335,20232024,2023-11-28,EDM,VGK,5,4,34,27,SO
2023020336,20232024,2023-11-28,VAN,ANA,3,1,27,31,REG
2023020337,20232024,2023-11-29,CBJ,MTL,2,4,28,31,REG
2023020338,20232024,2023-11-29,NYR,DET,3,2,41,27,REG
2023020339,20232024,2023-11-29,LAK,WSH,1,2,39,15,REG
2023020340,20232024,2023-11-30,BOS,SJS,3,0,37,26,REG
2023020341,20232024,2023-11-30,CAR,NYI,4,5,43,16,OT
2023020342,20232024,2023-11-30,DET,CHI,5,1,29,35,REG
2023020343,20232024,2023-11-30,MTL,FLA,1,5,22,29,REG
2023020344,20232024,2023-11-30,PHI,NJD,3,4,47,35,OT
2023020345,20232024,2023-11-30,TBL,PIT,2,4,41,29,REG
2023020346,20232024,2023-11-30,TOR,SEA,4,3,28,40,SO
2023020347,20232024,2023-11-30,NSH,MIN,1,6,27,31,REG
2023020348,20232024,2023-11-30,STL,BUF,6,4,20,46,REG
2023020349,20232024,2023-11-30,WPG,EDM,1,3,26,39,REG
2023020350,20232024,2023-11-30,ARI,COL,4,3,32,31,OT
2023020351,20232024,2023-11-30,CGY,DAL,4,3,36,16,OT
2023020352,20232024,2023-11-30,ANA,WSH,4,5,32,26,REG
2023020353,20232024,2023-11-30,VAN,VGK,1,4,22,44,REG
2023020354,20232024,2023-12-01,CBJ,OTT,4,2,23,43,REG
2023020355,20232024,2023-12-01,NJD,SJS,3,6,47,18,REG
2023020356,20232024,2023-12-02,DAL,TBL,8,1,34,33,REG
2023020357,20232024,2023-12-02,WPG,CHI,3,1,28,21,REG
2023020358,20232024,2023-12-02,NSH,NYR,3,4,40,25,REG
2023020359,20232024,2023-12-02,FLA,NYI,3,4,45,27,REG
2023020360,20232024,2023-12-02,CAR,BUF,6,2,37,22,REG
2023020361,20232024,2023-12-02,MTL,DET,4,5,30,33,OT
2023020362,20232024,2023-12-02,OTT,SEA,2,0,28,39,REG
2023020363,20232024,2023-12-02,PIT,PHI,3,4,32,33,SO
2023020364,20232024,2023-12-02,TOR,BOS,3,4,40,37,OT
2023020365,20232024,2023-12-02,ARI,STL,4,1,22,32,REG
2023020366,20232024,2023-12-02,ANA,COL,4,3,37,37,SO
2023020367,20232024,2023-12-02,CGY,VAN,3,4,24,22,REG
2023020368,20232024,2023-12-02,VGK,WSH,4,1,36,22,REG
2023020369,20232024,2023-12-03,MIN,CHI,4,1,34,29,REG
2023020370,20232024,2023-12-03,NYR,SJS,6,5,36,28,REG
2023020371,20232024,2023-12-03,BOS,CBJ,3,1,28,25,REG
2023020372,20232024,2023-12-03,BUF,NSH,1,2,35,29,REG
2023020373,20232024,2023-12-03,LAK,COL,4,1,38,21,REG
2023020374,20232024,2023-12-04,PHI,PIT,2,1,33,32,OT
2023020375,20232024,2023-12-04,TBL,DAL,4,0,23,25,REG
2023020376,20232024,2023-12-04,MTL,SEA,4,2,30,33,REG
2023020377,20232024,2023-12-04,WPG,CAR,2,1,22,43,REG
2023020378,20232024,2023-12-04,ARI,WSH,6,0,27,26,REG
2023020379,20232024,2023-12-04,VGK,STL,1,2,34,27,OT
2023020380,20232024,2023-12-05,BUF,DET,3,5,32,27,REG
2023020381,20232024,2023-12-05,CBJ,LAK,3,4,29,39,OT
2023020382,20232024,2023-12-05,OTT,NYR,6,2,36,35,REG
2023020383,20232024,2023-12-05,NYI,SJS,4,5,39,37,OT
2023020384,20232024,2023-12-05,CHI,NSH,3,4,28,30,SO
2023020385,20232024,2023-12-05,CGY,MIN,2,5,30,29,REG
2023020386,20232024,2023-12-05,COL,ANA,3,2,30,33,REG
2023020387,20232024,2023-12-05,VAN,NJD,5,6,33,32,REG
2023020388,20232024,2023-12-06,FLA,DAL,5,4,31,33,REG
2023020389,20232024,2023-12-06,TBL,PIT,3,1,27,25,REG
2023020390,20232024,2023-12-06,STL,VGK,3,6,29,49,REG
2023020391,20232024,2023-12-06,EDM,CAR,6,1,34,39,REG
2023020392,20232024,2023-12-07,BOS,BUF,1,3,32,35,REG
2023020393,20232024,2023-12-07,DET,SJS,5,6,31,36,OT
2023020394,20232024,2023-12-07,MTL,LAK,0,4,24,42,REG
2023020395,20232024,2023-12-07,OTT,TOR,3,4,41,22,REG
2023020396,20232024,2023-12-07,WSH,DAL,4,5,27,38,SO
2023020397,20232024,2023-12-07,NYI,CBJ,7,3,36,35,REG
2023020398,20232024,2023-12-07,NSH,TBL,5,1,30,33,REG
2023020399,20232024,2023-12-07,CHI,ANA,1,0,25,37,REG
2023020400,20232024,2023-12-07,ARI,PHI,1,4,26,26,REG
2023020401,20232024,2023-12-07,CGY,CAR,3,2,27,30,REG
2023020402,20232024,2023-12-07,COL,WPG,2,4,34,28,REG
2023020403,20232024,2023-12-07,SEA,NJD,1,2,38,17,REG
2023020404,20232024,2023-12-07,VAN,MIN,2,0,17,26,REG
2023020405,20232024,2023-12-08,CBJ,STL,5,2,22,43,REG
2023020406,20232024,2023-12-08,FLA,PIT,3,1,33,26,REG
2023020407,20232024,2023-12-08,EDM,MIN,4,3,40,20,REG
2023020408,20232024,2023-12-09,BOS,ARI,5,3,29,33,REG
2023020409,20232024,2023-12-09,CGY,NJD,2,4,25,30,REG
2023020410,20232024,2023-12-09,DAL,VGK,1,6,20,27,REG
2023020411,20232024,2023-12-09,BUF,MTL,2,3,48,31,SO
2023020412,20232024,2023-12-09,DET,OTT,1,5,31,37,REG
2023020413,20232024,2023-12-09,TOR,NSH,4,0,37,18,REG
2023020414,20232024,2023-12-09,WSH,NYR,4,0,29,31,REG
2023020415,20232024,2023-12-09,NYI,LAK,3,2,30,35,OT
2023020416,20232024,2023-12-09,CHI,STL,3,1,24,39,REG
2023020417,20232024,2023-12-09,COL,PHI,2,5,38,34,REG
2023020418,20232024,2023-12-09,SEA,TBL,3,4,29,30,OT
2023020419,20232024,2023-12-09,VAN,CAR,4,3,24,24,REG
2023020420,20232024,2023-12-10,CBJ,FLA,2,5,19,35,REG
2023020421,20232024,2023-12-10,EDM,NJD,4,1,30,26,REG
2023020422,20232024,2023-12-10,CHI,WSH,2,4,34,27,REG
2023020423,20232024,2023-12-10,MTL,NSH,1,2,37,32,REG
2023020424,20232024,2023-12-10,NYR,LAK,4,1,27,26,REG
2023020425,20232024,2023-12-10,ANA,WPG,2,4,26,31,REG
2023020426,20232024,2023-12-10,SEA,MIN,0,3,24,26,REG
2023020427,20232024,2023-12-10,VGK,SJS,5,4,27,38,SO
2023020428,20232024,2023-12-11,BUF,ARI,5,2,38,23,REG
2023020429,20232024,2023-12-11,NYI,TOR,4,3,29,40,OT
2023020430,20232024,2023-12-11,DAL,DET,6,3,35,30,REG
2023020431,20232024,2023-12-11,COL,CGY,6,5,38,32,REG
2023020432,20232024,2023-12-12,NYR,TOR,3,7,31,30,REG
2023020433,20232024,2023-12-12,OTT,CAR,1,4,32,28,REG
2023020434,20232024,2023-12-12,PIT,ARI,4,2,43,21,REG
2023020435,20232024,2023-12-12,NSH,PHI,3,2,22,39,OT
2023020436,20232024,2023-12-12,STL,DET,4,6,37,32,REG
2023020437,20232024,2023-12-12,EDM,CHI,4,1,29,23,REG
2023020438,20232024,2023-12-12,SEA,FLA,4,0,23,24,REG
2023020439,20232024,2023-12-12,VAN,TBL,4,1,22,29,REG
2023020440,20232024,2023-12-12,VGK,CGY,5,4,39,31,OT
2023020441,20232024,2023-12-12,SJS,WPG,2,1,32,37,REG
2023020442,20232024,2023-12-13,MTL,PIT,3,4,42,30,SO
2023020443,20232024,2023-12-13,NJD,BOS,2,1,35,24,OT
2023020444,20232024,2023-12-13,NYI,ANA,4,3,35,24,REG
2023020445,20232024,2023-12-13,COL,BUF,5,1,29,30,REG
2023020446,20232024,2023-12-13,LAK,WPG,2,5,34,29,REG
2023020447,20232024,2023-12-14,DET,CAR,1,2,26,39,REG
2023020448,20232024,2023-12-14,PHI,WSH,4,3,32,30,SO
2023020449,20232024,2023-12-14,TOR,CBJ,5,6,48,35,OT
2023020450,20232024,2023-12-14,MIN,CGY,3,2,32,37,SO
2023020451,20232024,2023-12-14,STL,OTT,4,2,30,34,REG
2023020452,20232024,2023-12-14,EDM,TBL,4,7,57,24,REG
2023020453,20232024,2023-12-14,SEA,CHI,7,1,29,22,REG
2023020454,20232024,2023-12-14,VAN,FLA,4,0,18,36,REG
2023020455,20232024,2023-12-15,CAR,NSH,5,6,31,30,OT
2023020456,20232024,2023-12-15,NYR,ANA,5,1,39,30,REG
2023020457,20232024,2023-12-15,NYI,BOS,4,5,37,34,SO
2023020458,20232024,2023-12-15,DAL,OTT,5,4,24,29,REG
2023020459,20232024,2023-12-15,ARI,SJS,1,0,24,21,REG
2023020460,20232024,2023-12-15,VGK,BUF,2,5,35,27,REG
2023020461,20232024,2023-12-16,MIN,VAN,2,1,31,36,SO
2023020462,20232024,2023-12-16,BOS,NYR,1,2,22,34,OT
2023020463,20232024,2023-12-16,CBJ,NJD,3,6,26,30,REG
2023020464,20232024,2023-12-16,MTL,NYI,5,3,41,33,REG
2023020465,20232024,2023-12-16,PHI,DET,1,0,34,32,REG
2023020466,20232024,2023-12-16,TOR,PIT,7,0,35,38,REG
2023020467,20232024,2023-12-16,WPG,COL,6,2,25,32,REG
2023020468,20232024,2023-12-16,NSH,WSH,3,1,23,22,REG
2023020469,20232024,2023-12-16,STL,DAL,4,3,34,23,OT
2023020470,20232024,2023-12-16,ARI,BUF,2,0,22,28,REG
2023020471,20232024,2023-12-16,CGY,TBL,4,2,26,33,REG
2023020472,20232024,2023-12-16,EDM,FLA,1,5,39,39,REG
2023020473,20232024,2023-12-16,SEA,LAK,2,3,19,38,SO
2023020474,20232024,2023-12-17,CHI,VAN,3,4,28,27,REG
2023020475,20232024,2023-12-17,CAR,WSH,1,2,29,21,SO
2023020476,20232024,2023-12-17,NJD,ANA,1,5,29,28,REG
2023020477,20232024,2023-12-17,COL,SJS,6,2,29,27,REG
2023020478,20232024,2023-12-17,VGK,OTT,6,3,31,25,REG
2023020479,20232024,2023-12-18,DET,ANA,3,4,32,22,REG
2023020480,20232024,2023-12-18,PIT,MIN,4,3,30,27,REG
2023020481,20232024,2023-12-18,WPG,MTL,2,3,32,26,OT
2023020482,20232024,2023-12-18,DAL,SEA,4,3,28,38,OT
2023020483,20232024,2023-12-18,CGY,FLA,3,1,24,34,REG
2023020484,20232024,2023-12-19,BOS,MIN,3,4,43,30,OT
2023020485,20232024,2023-12-19,BUF,CBJ,4,9,29,34,REG
2023020486,20232024,2023-12-19,CAR,VGK,6,3,39,33,REG
2023020487,20232024,2023-12-19,NJD,PHI,2,3,26,26,OT
2023020488,20232024,2023-12-19,TBL,STL,6,1,33,29,REG
2023020489,20232024,2023-12-19,TOR,NYR,2,5,33,36,REG
2023020490,20232024,2023-12-19,NYI,EDM,3,1,21,31,REG
2023020491,20232024,2023-12-19,NSH,VAN,2,5,28,35,REG
2023020492,20232024,2023-12-19,CHI,COL,3,2,22,37,REG
2023020493,20232024,2023-12-19,ARI,OTT,4,3,38,22,REG
2023020494,20232024,2023-12-19,SJS,LAK,1,4,16,39,REG
2023020495,20232024,2023-12-20,WPG,DET,5,2,41,28,REG
2023020496,20232024,2023-12-20,WSH,NYI,3,2,36,32,OT
2023020497,20232024,2023-12-20,LAK,SEA,1,2,43,30,REG
2023020498,20232024,2023-12-21,BUF,TOR,9,3,34,27,REG
2023020499,20232024,2023-12-21,CBJ,WSH,2,3,36,32,OT
2023020500,20232024,2023-12-21,FLA,STL,1,4,38,24,REG
2023020501,20232024,2023-12-21,NJD,EDM,3,6,26,38,REG
2023020502,20232024,2023-12-21,PHI,NSH,2,4,31,31,REG
2023020503,20232024,2023-12-21,PIT,CAR,2,1,25,24,SO
2023020504,20232024,2023-12-21,TBL,VGK,5,4,36,34,REG
2023020505,20232024,2023-12-21,DAL,VAN,4,3,36,20,OT
2023020506,20232024,2023-12-21,MIN,MTL,4,3,24,25,OT
2023020507,20232024,2023-12-21,COL,OTT,6,4,39,45,REG
2023020508,20232024,2023-12-21,ANA,CGY,0,3,25,44,REG
2023020509,20232024,2023-12-21,SJS,ARI,2,5,31,30,REG
2023020510,20232024,2023-12-22,DET,PHI,7,6,37,43,SO
2023020511,20232024,2023-12-22,NYR,EDM,3,4,34,28,REG
2023020512,20232024,2023-12-22,WPG,BOS,5,1,33,25,REG
2023020513,20232024,2023-12-22,CHI,MTL,2,5,21,28,REG
2023020514,20232024,2023-12-23,FLA,VGK,4,2,42,25,REG
2023020515,20232024,2023-12-23,NSH,DAL,2,3,21,34,REG
2023020516,20232024,2023-12-23,CAR,NYI,4,5,40,28,REG
2023020517,20232024,2023-12-23,CBJ,TOR,1,4,28,30,REG
2023020518,20232024,2023-12-23,MIN,BOS,3,2,35,21,REG
2023020519,20232024,2023-12-23,NJD,DET,3,2,36,24,REG
2023020520,20232024,2023-12-23,OTT,PIT,5,4,26,34,OT
2023020521,20232024,2023-12-23,WSH,TBL,1,2,34,20,SO
2023020522,20232024,2023-12-23,NYR,BUF,4,3,33,30,OT
2023020523,20232024,2023-12-23,ANA,SEA,2,3,34,22,REG
2023020524,20232024,2023-12-23,STL,CHI,7,5,42,20,REG
2023020525,20232024,2023-12-23,COL,ARI,4,1,26,25,REG
2023020526,20232024,2023-12-23,LAK,CGY,5,3,34,32,REG
2023020527,20232024,2023-12-23,VAN,SJS,7,4,26,25,REG
2023020528,20232024,2023-12-27,NJD,CBJ,4,3,35,29,OT
2023020529,20232024,2023-12-27,NYR,WSH,5,1,31,27,REG
2023020530,20232024,2023-12-27,TBL,FLA,2,3,29,31,REG
2023020531,20232024,2023-12-27,TOR,OTT,2,4,36,30,REG
2023020532,20232024,2023-12-27,BUF,BOS,1,4,26,25,REG
2023020533,20232024,2023-12-27,NYI,PIT,0,7,22,32,REG
2023020534,20232024,2023-12-27,MIN,DET,6,3,31,28,REG
2023020535,20232024,2023-12-27,NSH,CAR,2,5,37,25,REG
2023020536,20232024,2023-12-27,STL,DAL,2,1,30,40,REG
2023020537,20232024,2023-12-27,ARI,COL,5,4,27,24,OT
2023020538,20232024,2023-12-27,CHI,WPG,2,1,25,38,OT
2023020539,20232024,2023-12-27,CGY,SEA,1,2,38,21,REG
2023020540,20232024,2023-12-27,ANA,VGK,5,2,26,32,REG
2023020541,20232024,2023-12-27,LAK,SJS,5,1,43,25,REG
2023020542,20232024,2023-12-28,CAR,MTL,5,3,31,21,REG
2023020543,20232024,2023-12-28,VAN,PHI,1,4,27,25,REG
2023020544,20232024,2023-12-28,VGK,LAK,3,2,32,34,REG
2023020545,20232024,2023-12-28,SJS,EDM,0,5,25,30,REG
2023020546,20232024,2023-12-29,CBJ,TOR,6,5,21,33,OT
2023020547,20232024,2023-12-29,DET,NSH,5,4,23,37,OT
2023020548,20232024,2023-12-29,FLA,NYR,4,3,33,34,REG
2023020549,20232024,2023-12-29,OTT,NJD,2,6,27,30,REG
2023020550,20232024,2023-12-29,NYI,WSH,5,1,32,27,REG
2023020551,20232024,2023-12-29,DAL,CHI,5,4,35,29,OT
2023020552,20232024,2023-12-29,STL,COL,1,2,29,23,REG
2023020553,20232024,2023-12-29,ANA,ARI,0,2,28,32,REG
2023020554,20232024,2023-12-29,SEA,PHI,2,1,29,28,OT
2023020555,20232024,2023-12-30,WPG,MIN,4,2,32,36,REG
2023020556,20232024,2023-12-30,BUF,CBJ,3,2,42,20,OT
2023020557,20232024,2023-12-30,BOS,NJD,5,2,31,33,REG
2023020558,20232024,2023-12-30,FLA,MTL,4,1,26,19,REG
2023020559,20232024,2023-12-30,PIT,STL,4,2,30,27,REG
2023020560,20232024,2023-12-30,TBL,NYR,1,5,35,21,REG
2023020561,20232024,2023-12-30,TOR,CAR,2,3,27,28,REG
2023020562,20232024,2023-12-30,WSH,NSH,2,3,29,36,SO
2023020563,20232024,2023-12-30,LAK,EDM,2,3,28,26,SO
2023020564,20232024,2023-12-31,MIN,WPG,2,3,26,29,REG
2023020565,20232024,2023-12-31,DET,BOS,3,5,30,24,REG
2023020566,20232024,2023-12-31,OTT,BUF,5,1,31,46,REG
2023020567,20232024,2023-12-31,PIT,NYI,3,1,38,38,REG
2023020568,20232024,2023-12-31,TBL,MTL,4,3,20,29,REG
2023020569,20232024,2023-12-31,ANA,EDM,2,7,30,39,REG
2023020570,20232024,2023-12-31,CGY,PHI,4,3,33,31,REG
2023020571,20232024,2023-12-31,COL,SJS,3,1,33,11,REG
2023020572,20232024,2023-12-31,DAL,CHI,8,1,41,24,REG
2023020573,20232024,2024-01-01,SEA,VGK,3,0,27,35,REG
2023020574,20232024,2024-01-02,CBJ,BOS,1,4,27,27,REG
2023020575,20232024,2024-01-02,NYR,CAR,1,6,29,27,REG
2023020576,20232024,2024-01-02,PIT,WSH,3,4,35,22,REG
2023020577,20232024,2024-01-02,DAL,MTL,3,4,33,18,REG
2023020578,20232024,2024-01-02,MIN,CGY,1,3,29,33,REG
2023020579,20232024,2024-01-02,NSH,CHI,3,0,36,21,REG
2023020580,20232024,2024-01-02,WPG,TBL,4,2,28,34,REG
2023020581,20232024,2024-01-02,ARI,FLA,1,4,22,38,REG
2023020582,20232024,2024-01-02,COL,NYI,5,4,39,22,OT
2023020583,20232024,2024-01-02,EDM,PHI,5,2,36,37,REG
2023020584,20232024,2024-01-02,VAN,OTT,6,3,26,38,REG
2023020585,20232024,2024-01-02,LAK,TOR,0,3,31,29,REG
2023020586,20232024,2024-01-02,SJS,DET,3,5,27,31,REG
2023020587,20232024,2024-01-03,WSH,NJD,3,6,26,28,REG
2023020588,20232024,2024-01-03,ANA,TOR,1,2,28,57,OT
2023020589,20232024,2024-01-04,BOS,PIT,5,6,29,35,REG
2023020590,20232024,2024-01-04,MTL,BUF,1,6,33,38,REG
2023020591,20232024,2024-01-04,NYR,CHI,4,1,32,23,REG
2023020592,20232024,2024-01-04,PHI,CBJ,2,3,41,28,SO
2023020593,20232024,2024-01-04,DAL,COL,4,5,32,34,OT
2023020594,20232024,2024-01-04,MIN,TBL,1,4,23,30,REG
2023020595,20232024,2024-01-04,NSH,CGY,3,6,32,39,REG
2023020596,20232024,2024-01-04,STL,VAN,2,1,32,26,REG
2023020597,20232024,2024-01-04,ARI,NYI,1,5,27,31,REG
2023020598,20232024,2024-01-04,SEA,OTT,4,1,28,33,REG
2023020599,20232024,2024-01-04,VGK,FLA,1,4,27,36,REG
2023020600,20232024,2024-01-04,LAK,DET,3,4,43,27,SO
2023020601,20232024,2024-01-04,SJS,WPG,1,2,28,30,REG
2023020602,20232024,2024-01-05,NJD,CHI,4,2,32,25,REG
2023020603,20232024,2024-01-05,WSH,CAR,2,6,17,34,REG
2023020604,20232024,2024-01-05,ANA,WPG,1,3,38,27,REG
2023020605,20232024,2024-01-06,PHI,CGY,3,2,42,24,REG
2023020606,20232024,2024-01-06,COL,FLA,4,8,26,29,REG
2023020607,20232024,2024-01-06,BOS,TBL,7,3,26,26,REG
2023020608,20232024,2024-01-06,CAR,STL,1,2,30,22,SO
2023020609,20232024,2024-01-06,CBJ,MIN,3,4,29,36,OT
2023020610,20232024,2024-01-06,MTL,NYR,4,3,30,48,SO
2023020611,20232024,2024-01-06,NJD,VAN,4,6,25,43,REG
2023020612,20232024,2024-01-06,PIT,BUF,1,3,41,32,REG
2023020613,20232024,2024-01-06,SJS,TOR,1,4,24,32,REG
2023020614,20232024,2024-01-06,DAL,NSH,3,4,29,22,REG
2023020615,20232024,2024-01-06,EDM,OTT,3,1,46,30,REG
2023020616,20232024,2024-01-06,VGK,NYI,5,2,30,29,REG
2023020617,20232024,2024-01-07,CHI,CGY,4,3,20,30,REG
2023020618,20232024,2024-01-07,WSH,LAK,4,3,34,41,REG
2023020619,20232024,2024-01-07,ARI,WPG,2,6,17,36,REG
2023020620,20232024,2024-01-07,ANA,DET,2,3,31,28,REG
2023020621,20232024,2024-01-08,NYR,VAN,3,6,42,26,REG
2023020622,20232024,2024-01-08,PHI,PIT,1,4,37,39,REG
2023020623,20232024,2024-01-08,MIN,DAL,0,4,23,20,REG
2023020624,20232024,2024-01-08,COL,BOS,4,3,36,26,SO
2023020625,20232024,2024-01-09,BUF,SEA,2,5,38,26,REG
2023020626,20232024,2024-01-09,TBL,LAK,3,2,29,22,OT
2023020627,20232024,2024-01-09,TOR,SJS,7,1,46,23,REG
2023020628,20232024,2024-01-09,NYI,VAN,2,5,20,34,REG
2023020629,20232024,2024-01-09,NSH,ANA,3,5,42,33,REG
2023020630,20232024,2024-01-09,STL,FLA,1,5,30,31,REG
2023020631,20232024,2024-01-09,WPG,CBJ,5,0,23,29,REG
2023020632,20232024,2024-01-09,CHI,EDM,1,2,26,15,REG
2023020633,20232024,2024-01-09,ARI,BOS,4,3,36,33,OT
2023020634,20232024,2024-01-09,CGY,OTT,6,3,36,33,REG
2023020635,20232024,2024-01-10,PHI,MTL,3,2,39,19,SO
2023020636,20232024,2024-01-10,DAL,MIN,7,2,34,23,REG
2023020637,20232024,2024-01-10,COL,VGK,3,0,35,25,REG
2023020638,20232024,2024-01-11,BUF,OTT,5,3,32,28,REG
2023020639,20232024,2024-01-11,CAR,ANA,6,3,34,16,REG
2023020640,20232024,2024-01-11,DET,EDM,2,3,18,47,OT
2023020641,20232024,2024-01-11,FLA,LAK,3,2,41,33,OT
2023020642,20232024,2024-01-11,MTL,SJS,2,3,35,35,REG
2023020643,20232024,2024-01-11,PIT,VAN,3,4,35,29,OT
2023020644,20232024,2024-01-11,TBL,NJD,4,3,20,30,OT
2023020645,20232024,2024-01-11,WSH,SEA,1,4,26,23,REG
2023020646,20232024,2024-01-11,NYI,TOR,4,3,30,35,OT
2023020647,20232024,2024-01-11,STL,NYR,5,2,20,43,REG
2023020648,20232024,2024-01-11,WPG,CHI,2,1,28,21,REG
2023020649,20232024,2024-01-11,ARI,CGY,2,6,34,30,REG
2023020650,20232024,2024-01-11,VGK,BOS,2,1,25,33,OT
2023020651,20232024,2024-01-12,DAL,NSH,3,6,22,38,REG
2023020652,20232024,2024-01-12,MIN,PHI,3,4,29,35,OT
2023020653,20232024,2024-01-13,WSH,NYR,3,2,21,27,REG
2023020654,20232024,2024-01-13,BUF,VAN,0,1,26,23,REG
2023020655,20232024,2024-01-13,OTT,SJS,5,4,41,18,REG
2023020656,20232024,2024-01-13,FLA,NJD,1,4,36,22,REG
2023020657,20232024,2024-01-13,CAR,PIT,3,2,35,40,OT
2023020658,20232024,2024-01-13,CBJ,SEA,4,7,34,36,REG
2023020659,20232024,2024-01-13,DET,LAK,5,3,30,36,REG
2023020660,20232024,2024-01-13,MTL,EDM,1,2,24,41,OT
2023020661,20232024,2024-01-13,TBL,ANA,5,1,41,20,REG
2023020662,20232024,2024-01-13,TOR,COL,3,5,29,33,REG
2023020663,20232024,2024-01-13,WPG,PHI,0,2,35,36,REG
2023020664,20232024,2024-01-13,CHI,DAL,1,3,35,30,REG
2023020665,20232024,2024-01-13,MIN,ARI,0,6,38,33,REG
2023020666,20232024,2024-01-13,NSH,NYI,3,1,28,25,REG
2023020667,20232024,2024-01-13,STL,BOS,3,4,23,35,OT
2023020668,20232024,2024-01-13,VGK,CGY,1,3,32,26,REG
2023020669,20232024,2024-01-14,NYR,WSH,2,1,31,25,REG
2023020670,20232024,2024-01-14,TOR,DET,2,4,30,24,REG
2023020671,20232024,2024-01-15,BOS,NJD,3,0,36,31,REG
2023020672,20232024,2024-01-15,BUF,SJS,3,0,35,28,REG
2023020673,20232024,2024-01-15,CBJ,VAN,4,3,43,30,SO
2023020674,20232024,2024-01-15,FLA,ANA,4,5,33,26,OT
2023020675,20232024,2024-01-15,CAR,LAK,2,5,32,26,REG
2023020676,20232024,2024-01-15,MIN,NYI,5,0,40,21,REG
2023020677,20232024,2024-01-15,PIT,SEA,3,0,33,22,REG
2023020678,20232024,2024-01-15,MTL,COL,4,3,34,35,REG
2023020679,20232024,2024-01-15,STL,PHI,2,4,30,42,REG
2023020680,20232024,2024-01-15,VGK,NSH,4,1,29,35,REG
2023020681,20232024,2024-01-16,NYR,SEA,5,2,23,31,REG
2023020682,20232024,2024-01-16,OTT,COL,4,7,40,34,REG
2023020683,20232024,2024-01-16,WSH,ANA,2,0,28,24,REG
2023020684,20232024,2024-01-16,DAL,LAK,5,1,28,32,REG
2023020685,20232024,2024-01-16,WPG,NYI,4,2,44,37,REG
2023020686,20232024,2024-01-16,CHI,SJS,2,1,25,38,SO
2023020687,20232024,2024-01-16,CGY,ARI,3,2,30,25,OT
2023020688,20232024,2024-01-16,EDM,TOR,4,2,32,27,REG
2023020689,20232024,2024-01-17,FLA,DET,2,3,34,29,OT
2023020690,20232024,2024-01-17,NJD,MTL,2,3,30,25,REG
2023020691,20232024,2024-01-18,BUF,CHI,3,0,31,19,REG
2023020692,20232024,2024-01-18,BOS,COL,5,2,31,32,REG
2023020693,20232024,2024-01-18,OTT,MTL,6,2,37,23,REG
2023020694,20232024,2024-01-18,PHI,DAL,5,1,43,15,REG
2023020695,20232024,2024-01-18,TBL,MIN,7,3,38,33,REG
2023020696,20232024,2024-01-18,WSH,STL,5,2,26,20,REG
2023020697,20232024,2024-01-18,CGY,TOR,3,4,26,32,REG
2023020698,20232024,2024-01-18,EDM,SEA,4,2,36,27,REG
2023020699,20232024,2024-01-18,LAK,NSH,1,2,34,33,REG
2023020700,20232024,2024-01-18,VAN,ARI,2,1,26,21,REG
2023020701,20232024,2024-01-18,VGK,NYR,5,1,26,30,REG
2023020702,20232024,2024-01-19,CAR,DET,4,2,30,12,REG
2023020703,20232024,2024-01-19,CBJ,NJD,1,4,30,33,REG
2023020704,20232024,2024-01-19,FLA,MIN,4,6,35,26,REG
2023020705,20232024,2024-01-19,CHI,NYI,4,3,24,30,OT
2023020706,20232024,2024-01-20,BUF,TBL,1,3,27,16,REG
2023020707,20232024,2024-01-20,PHI,COL,4,7,40,25,REG
2023020708,20232024,2024-01-20,ARI,NSH,3,2,24,32,REG
2023020709,20232024,2024-01-20,OTT,WPG,1,2,35,29,OT
2023020710,20232024,2024-01-20,BOS,MTL,9,4,36,21,REG
2023020711,20232024,2024-01-20,NJD,DAL,2,6,31,36,REG
2023020712,20232024,2024-01-20,VAN,TOR,6,4,21,46,REG
2023020713,20232024,2024-01-20,STL,WSH,3,0,29,18,REG
2023020714,20232024,2024-01-20,CGY,EDM,1,3,27,32,REG
2023020715,20232024,2024-01-20,SJS,ANA,5,3,19,34,REG
2023020716,20232024,2024-01-20,VGK,PIT,3,2,29,25,REG
2023020717,20232024,2024-01-20,LAK,NYR,2,1,26,23,REG
2023020718,20232024,2024-01-21,PHI,OTT,3,5,25,34,REG
2023020719,20232024,2024-01-21,CAR,MIN,2,5,42,19,REG
2023020720,20232024,2024-01-21,DET,TBL,2,1,35,28,REG
2023020721,20232024,2024-01-21,NYI,DAL,3,2,28,43,OT
2023020722,20232024,2024-01-21,ANA,NYR,2,5,18,33,REG
2023020723,20232024,2024-01-21,SEA,TOR,1,3,17,26,REG
2023020724,20232024,2024-01-22,BOS,WPG,4,1,21,21,REG
2023020725,20232024,2024-01-22,NJD,VGK,6,5,38,32,OT
2023020726,20232024,2024-01-22,NSH,FLA,1,4,27,38,REG
2023020727,20232024,2024-01-22,ARI,PIT,5,2,26,27,REG
2023020728,20232024,2024-01-22,VAN,CHI,2,0,29,31,REG
2023020729,20232024,2024-01-22,LAK,SJS,3,4,47,27,SO
2023020730,20232024,2024-01-23,DET,DAL,4,5,34,38,REG
2023020731,20232024,2024-01-23,MTL,OTT,1,4,25,28,REG
2023020732,20232024,2024-01-23,PHI,TBL,3,6,32,21,REG
2023020733,20232024,2024-01-23,NYI,VGK,2,3,42,27,REG
2023020734,20232024,2024-01-23,MIN,WSH,5,3,30,33,REG
2023020735,20232024,2024-01-23,CGY,STL,3,4,35,26,REG
2023020736,20232024,2024-01-23,EDM,CBJ,4,1,24,27,REG
2023020737,20232024,2024-01-23,ANA,BUF,4,2,36,30,REG
2023020738,20232024,2024-01-23,SJS,NYR,3,2,22,31,OT
2023020739,20232024,2024-01-24,FLA,ARI,6,2,42,33,REG
2023020740,20232024,2024-01-24,TOR,WPG,1,0,30,32,OT
2023020741,20232024,2024-01-24,BOS,CAR,2,3,28,33,REG
2023020742,20232024,2024-01-24,COL,WSH,6,2,31,25,REG
2023020743,20232024,2024-01-24,SEA,CHI,6,2,28,34,REG
2023020744,20232024,2024-01-24,VAN,STL,3,4,32,18,OT
2023020745,20232024,2024-01-24,LAK,BUF,3,5,40,37,REG
2023020746,20232024,2024-01-25,CAR,NJD,3,2,23,25,REG
2023020747,20232024,2024-01-25,DET,PHI,3,0,17,30,REG
2023020748,20232024,2024-01-25,MTL,NYI,4,3,26,46,REG
2023020749,20232024,2024-01-25,OTT,BOS,2,3,37,23,OT
2023020750,20232024,2024-01-25,TBL,ARI,6,3,37,20,REG
2023020751,20232024,2024-01-25,DAL,ANA,4,3,44,21,OT
2023020752,20232024,2024-01-25,MIN,NSH,2,3,24,29,REG
2023020753,20232024,2024-01-25,CGY,CBJ,2,5,30,32,REG
2023020754,20232024,2024-01-25,EDM,CHI,3,0,34,27,REG
2023020755,20232024,2024-01-26,NYR,VGK,2,5,38,20,REG
2023020756,20232024,2024-01-26,PIT,FLA,2,3,37,31,SO
2023020757,20232024,2024-01-26,COL,LAK,5,1,31,27,REG
2023020758,20232024,2024-01-26,SEA,STL,3,4,36,18,OT
2023020759,20232024,2024-01-27,PHI,BOS,2,6,37,28,REG
2023020760,20232024,2024-01-27,DAL,WSH,5,4,35,28,OT
2023020761,20232024,2024-01-27,EDM,NSH,4,1,21,29,REG
2023020762,20232024,2024-01-27,SJS,BUF,2,5,26,36,REG
2023020763,20232024,2024-01-27,CAR,ARI,3,1,39,11,REG
2023020764,20232024,2024-01-27,DET,VGK,5,2,29,30,REG
2023020765,20232024,2024-01-27,OTT,NYR,2,7,31,29,REG
2023020766,20232024,2024-01-27,PIT,MTL,3,2,33,27,OT
2023020767,20232024,2024-01-27,TBL,NJD,6,3,42,24,REG
2023020768,20232024,2024-01-27,WPG,TOR,2,4,26,30,REG
2023020769,20232024,2024-01-27,NYI,FLA,2,3,23,37,OT
2023020770,20232024,2024-01-27,MIN,ANA,2,3,37,25,REG
2023020771,20232024,2024-01-27,CGY,CHI,1,0,31,32,REG
2023020772,20232024,2024-01-27,VAN,CBJ,5,4,34,29,OT
2023020773,20232024,2024-01-28,STL,LAK,4,3,32,33,OT
2023020774,20232024,2024-01-28,SEA,CBJ,4,2,26,32,REG
2023020775,20232024,2024-01-29,OTT,NSH,4,3,35,28,OT
2023020776,20232024,2024-01-30,STL,CBJ,0,1,21,22,REG
2023020777,20232024,2024-01-30,SJS,SEA,2,0,22,32,REG
2023020778,20232024,2024-01-31,DET,OTT,2,3,25,25,OT
2023020779,20232024,2024-01-31,NSH,LAK,2,4,42,24,REG
2023020780,20232024,2024-01-31,ANA,SJS,3,2,34,28,OT
2023020781,20232024,2024-02-05,NYR,COL,2,1,29,33,OT
2023020782,20232024,2024-02-05,TOR,NYI,2,3,36,29,REG
2023020783,20232024,2024-02-06,BOS,CGY,1,4,22,29,REG
2023020784,20232024,2024-02-06,BUF,DAL,1,2,48,30,REG
2023020785,20232024,2024-02-06,CAR,VAN,2,3,24,19,REG
2023020786,20232024,2024-02-06,FLA,PHI,1,2,21,25,REG
2023020787,20232024,2024-02-06,NJD,COL,5,3,31,38,REG
2023020788,20232024,2024-02-06,PIT,WPG,3,0,27,23,REG
2023020789,20232024,2024-02-06,WSH,MTL,2,5,39,26,REG
2023020790,20232024,2024-02-06,VGK,EDM,3,1,26,31,REG
2023020791,20232024,2024-02-07,NYR,TBL,3,1,24,18,REG
2023020792,20232024,2024-02-07,TOR,DAL,5,4,31,31,REG
2023020793,20232024,2024-02-07,CHI,MIN,1,2,21,25,REG
2023020794,20232024,2024-02-08,BOS,VAN,4,0,24,17,REG
2023020795,20232024,2024-02-08,FLA,WSH,4,2,41,23,REG
2023020796,20232024,2024-02-08,NJD,CGY,3,5,40,30,REG
2023020797,20232024,2024-02-08,PHI,WPG,4,1,21,29,REG
2023020798,20232024,2024-02-08,NYI,TBL,6,2,24,20,REG
2023020799,20232024,2024-02-08,CAR,COL,5,2,27,27,REG
2023020800,20232024,2024-02-08,ARI,VGK,2,3,22,34,REG
2023020801,20232024,2024-02-09,MIN,PIT,3,2,30,36,REG
2023020802,20232024,2024-02-09,CHI,NYR,3,4,31,35,OT
2023020803,20232024,2024-02-09,ANA,EDM,3,5,27,32,REG
2023020804,20232024,2024-02-10,BUF,STL,1,3,34,26,REG
2023020805,20232024,2024-02-10,DET,VAN,4,3,28,31,OT
2023020806,20232024,2024-02-10,MTL,DAL,2,3,20,38,REG
2023020807,20232024,2024-02-10,NYI,CGY,2,5,36,24,REG
2023020808,20232024,2024-02-10,BOS,WSH,0,3,18,29,REG
2023020809,20232024,2024-02-10,FLA,COL,4,0,41,34,REG
2023020810,20232024,2024-02-10,CAR,NJD,1,0,32,34,OT
2023020811,20232024,2024-02-10,CBJ,TBL,2,4,35,37,REG
2023020812,20232024,2024-02-10,OTT,TOR,5,3,32,35,REG
2023020813,20232024,2024-02-10,PHI,SEA,3,2,38,19,REG
2023020814,20232024,2024-02-10,WPG,PIT,2,1,31,36,REG
2023020815,20232024,2024-02-10,NSH,ARI,5,4,37,31,OT
2023020816,20232024,2024-02-10,LAK,EDM,4,0,26,26,REG
2023020817,20232024,2024-02-11,MTL,STL,2,7,32,36,REG
2023020818,20232024,2024-02-11,WSH,VAN,2,3,33,29,OT
2023020819,20232024,2024-02-12,NJD,SEA,3,1,37,28,REG
2023020820,20232024,2024-02-12,NYR,CGY,2,0,31,29,REG
2023020821,20232024,2024-02-12,PHI,ARI,5,3,34,23,REG
2023020822,20232024,2024-02-12,VGK,MIN,3,5,30,29,REG
2023020823,20232024,2024-02-13,BOS,TBL,2,3,38,25,SO
2023020824,20232024,2024-02-13,BUF,LAK,7,0,24,33,REG
2023020825,20232024,2024-02-13,MTL,ANA,5,0,38,13,REG
2023020826,20232024,2024-02-13,OTT,CBJ,6,3,30,40,REG
2023020827,20232024,2024-02-13,TOR,STL,4,1,32,15,REG
2023020828,20232024,2024-02-13,WSH,COL,3,6,27,37,REG
2023020829,20232024,2024-02-13,NYI,SEA,1,2,27,30,SO
2023020830,20232024,2024-02-13,DAL,CAR,4,2,23,34,REG
2023020831,20232024,2024-02-13,NSH,NJD,2,4,32,47,REG
2023020832,20232024,2024-02-13,CHI,VAN,2,4,24,38,REG
2023020833,20232024,2024-02-13,EDM,DET,8,4,36,38,REG
2023020834,20232024,2024-02-14,PIT,FLA,2,5,27,23,REG
2023020835,20232024,2024-02-14,WPG,SJS,1,0,39,17,REG
2023020836,20232024,2024-02-14,ARI,MIN,1,3,26,43,REG
2023020837,20232024,2024-02-15,BOS,SEA,1,4,37,26,REG
2023020838,20232024,2024-02-15,BUF,FLA,0,4,45,30,REG
2023020839,20232024,2024-02-15,NJD,LAK,1,2,27,29,REG
2023020840,20232024,2024-02-15,NYR,MTL,7,4,31,36,REG
2023020841,20232024,2024-02-15,OTT,ANA,1,5,34,20,REG
2023020842,20232024,2024-02-15,TBL,COL,6,3,39,31,REG
2023020843,20232024,2024-02-15,TOR,PHI,4,3,28,32,OT
2023020844,20232024,2024-02-15,STL,EDM,6,3,30,38,REG
2023020845,20232024,2024-02-15,CHI,PIT,1,4,28,27,REG
2023020846,20232024,2024-02-15,CGY,SJS,3,6,34,31,REG
2023020847,20232024,2024-02-15,NSH,DAL,2,9,29,41,REG
2023020848,20232024,2024-02-15,VAN,DET,4,1,21,28,REG
2023020849,20232024,2024-02-16,ARI,CAR,1,5,31,30,REG
2023020850,20232024,2024-02-17,DAL,EDM,3,4,27,24,OT
2023020851,20232024,2024-02-17,CHI,OTT,3,2,22,42,REG
2023020852,20232024,2024-02-17,CGY,DET,0,5,38,21,REG
2023020853,20232024,2024-02-17,BOS,LAK,4,5,32,35,OT
2023020854,20232024,2024-02-17,MIN,BUF,2,3,32,28,OT
2023020855,20232024,2024-02-17,STL,NSH,2,5,37,33,REG
2023020856,20232024,2024-02-17,TBL,FLA,2,9,30,30,REG
2023020857,20232024,2024-02-17,MTL,WSH,3,4,31,34,REG
2023020858,20232024,2024-02-17,TOR,ANA,9,2,32,21,REG
2023020859,20232024,2024-02-17,NJD,PHI,6,3,40,48,REG
2023020860,20232024,2024-02-17,VAN,WPG,2,4,37,28,REG
2023020861,20232024,2024-02-17,SJS,CBJ,3,4,31,41,REG
2023020862,20232024,2024-02-17,VGK,CAR,1,3,30,28,REG
2023020863,20232024,2024-02-18,NYI,NYR,5,6,41,38,OT
2023020864,20232024,2024-02-18,COL,ARI,4,3,37,30,REG
2023020865,20232024,2024-02-18,PIT,LAK,1,2,30,34,REG
2023020866,20232024,2024-02-19,BUF,ANA,3,4,37,14,REG
2023020867,20232024,2024-02-19,BOS,DAL,4,3,30,46,SO
2023020868,20232024,2024-02-19,STL,TOR,2,4,21,29,REG
2023020869,20232024,2024-02-19,MIN,VAN,10,7,27,24,REG
2023020870,20232024,2024-02-19,SEA,DET,3,4,41,32,OT
2023020871,20232024,2024-02-19,ARI,EDM,3,6,25,26,REG
2023020872,20232024,2024-02-19,CGY,WPG,6,3,34,31,REG
2023020873,20232024,2024-02-19,SJS,VGK,0,4,29,26,REG
2023020874,20232024,2024-02-19,CAR,CHI,6,3,42,17,REG
2023020875,20232024,2024-02-19,TBL,OTT,2,4,25,28,REG
2023020876,20232024,2024-02-20,FLA,OTT,3,2,34,30,OT
2023020877,20232024,2024-02-20,NYR,DAL,3,1,26,42,REG
2023020878,20232024,2024-02-20,PIT,NYI,4,5,41,33,OT
2023020879,20232024,2024-02-20,WSH,NJD,6,2,26,39,REG
2023020880,20232024,2024-02-20,WPG,MIN,6,3,30,39,REG
2023020881,20232024,2024-02-20,COL,VAN,3,1,27,25,REG
2023020882,20232024,2024-02-20,VGK,NSH,3,5,26,40,REG
2023020883,20232024,2024-02-20,LAK,CBJ,5,1,35,33,REG
2023020884,20232024,2024-02-21,MTL,BUF,2,3,31,23,REG
2023020885,20232024,2024-02-21,CHI,PHI,1,3,22,33,REG
2023020886,20232024,2024-02-21,ANA,CBJ,4,7,31,27,REG
2023020887,20232024,2024-02-21,ARI,TOR,3,6,26,36,REG
2023020888,20232024,2024-02-21,EDM,BOS,5,6,42,36,OT
2023020889,20232024,2024-02-22,CAR,FLA,1,0,29,45,REG
2023020890,20232024,2024-02-22,DET,COL,2,1,30,31,OT
2023020891,20232024,2024-02-22,NJD,NYR,1,5,40,18,REG
2023020892,20232024,2024-02-22,OTT,DAL,4,1,30,15,REG
2023020893,20232024,2024-02-22,PIT,MTL,4,1,27,31,REG
2023020894,20232024,2024-02-22,TBL,WSH,3,5,32,24,REG
2023020895,20232024,2024-02-22,STL,NYI,4,0,25,38,REG
2023020896,20232024,2024-02-22,CGY,BOS,3,2,30,34,OT
2023020897,20232024,2024-02-22,SEA,VAN,5,2,31,21,REG
2023020898,20232024,2024-02-22,VGK,TOR,3,7,26,42,REG
2023020899,20232024,2024-02-22,LAK,NSH,1,4,28,21,REG
2023020900,20232024,2024-02-23,CBJ,BUF,1,2,26,37,REG
2023020901,20232024,2024-02-23,CHI,WPG,2,3,35,31,OT
2023020902,20232024,2024-02-23,EDM,MIN,2,4,43,20,REG
2023020903,20232024,2024-02-24,NJD,MTL,4,3,24,26,REG
2023020904,20232024,2024-02-24,NYI,TBL,2,4,34,21,REG
2023020905,20232024,2024-02-24,PHI,NYR,1,2,40,24,REG
2023020906,20232024,2024-02-24,FLA,WSH,3,2,29,24,OT
2023020907,20232024,2024-02-24,CAR,DAL,1,2,21,16,REG
2023020908,20232024,2024-02-24,COL,TOR,3,4,29,30,REG
2023020909,20232024,2024-02-24,DET,STL,6,1,34,23,REG
2023020910,20232024,2024-02-24,OTT,VGK,4,3,33,29,SO
2023020911,20232024,2024-02-24,VAN,BOS,3,2,39,25,OT
2023020912,20232024,2024-02-24,EDM,CGY,3,6,35,31,REG
2023020913,20232024,2024-02-24,SEA,MIN,2,5,32,31,REG
2023020914,20232024,2024-02-24,SJS,NSH,2,4,25,35,REG
2023020915,20232024,2024-02-24,LAK,ANA,3,2,50,24,SO
2023020916,20232024,2024-02-25,NJD,TBL,1,4,19,27,REG
2023020917,20232024,2024-02-25,PIT,PHI,7,6,32,21,REG
2023020918,20232024,2024-02-25,BUF,CAR,3,2,32,32,SO
2023020919,20232024,2024-02-25,CBJ,NYR,4,2,41,40,REG
2023020920,20232024,2024-02-25,CHI,DET,2,3,36,31,OT
2023020921,20232024,2024-02-25,WPG,ARI,4,3,32,32,OT
2023020922,20232024,2024-02-25,ANA,NSH,2,4,31,29,REG
2023020923,20232024,2024-02-26,WSH,OTT,6,3,20,21,REG
2023020924,20232024,2024-02-26,DAL,NYI,2,3,32,28,OT
2023020925,20232024,2024-02-26,EDM,LAK,4,2,31,40,REG
2023020926,20232024,2024-02-26,SEA,BOS,4,3,27,32,SO
2023020927,20232024,2024-02-27,DET,WSH,8,3,31,21,REG
2023020928,20232024,2024-02-27,FLA,BUF,3,2,37,30,REG
2023020929,20232024,2024-02-27,MTL,ARI,4,2,21,38,REG
2023020930,20232024,2024-02-27,PHI,TBL,6,2,31,22,REG
2023020931,20232024,2024-02-27,TOR,VGK,2,6,30,32,REG
2023020932,20232024,2024-02-27,MIN,CAR,2,3,30,28,REG
2023020933,20232024,2024-02-27,NSH,OTT,4,1,36,25,REG
2023020934,20232024,2024-02-27,WPG,STL,4,2,32,38,REG
2023020935,20232024,2024-02-27,CGY,LAK,4,2,37,23,REG
2023020936,20232024,2024-02-27,COL,DAL,5,1,27,34,REG
2023020937,20232024,2024-02-27,VAN,PIT,3,4,35,40,OT
2023020938,20232024,2024-02-27,SJS,NJD,2,7,31,44,REG
2023020939,20232024,2024-02-28,NYR,CBJ,4,1,30,31,REG
2023020940,20232024,2024-02-28,EDM,STL,3,2,36,34,OT
2023020941,20232024,2024-02-29,BOS,VGK,5,4,32,36,REG
2023020942,20232024,2024-02-29,CBJ,CAR,2,4,22,33,REG
2023020943,20232024,2024-02-29,DET,NYI,3,5,25,27,REG
2023020944,20232024,2024-02-29,FLA,MTL,4,3,35,31,SO
2023020945,20232024,2024-02-29,TBL,BUF,2,3,23,23,OT
2023020946,20232024,2024-02-29,TOR,ARI,4,2,26,32,REG
2023020947,20232024,2024-02-29,DAL,WPG,4,1,36,26,REG
2023020948,20232024,2024-02-29,NSH,MIN,6,1,31,34,REG
2023020949,20232024,2024-02-29,CHI,COL,0,5,24,33,REG
2023020950,20232024,2024-02-29,SEA,PIT,2,0,28,33,REG
2023020951,20232024,2024-02-29,VAN,LAK,1,5,24,20,REG
2023020952,20232024,2024-02-29,SJS,ANA,4,6,28,30,REG
2023020953,20232024,2024-03-01,OTT,ARI,3,5,37,30,REG
2023020954,20232024,2024-03-01,WSH,PHI,5,2,21,23,REG
2023020955,20232024,2024-03-01,ANA,NJD,4,3,23,55,REG
2023020956,20232024,2024-03-02,CAR,WPG,3,5,35,32,REG
2023020957,20232024,2024-03-02,NYI,BOS,5,1,26,23,REG
2023020958,20232024,2024-03-02,SEA,EDM,1,2,25,24,REG
2023020959,20232024,2024-03-02,NSH,COL,5,1,35,26,REG
2023020960,20232024,2024-03-02,BUF,VGK,7,2,35,24,REG
2023020961,20232024,2024-03-02,DET,FLA,0,4,21,37,REG
2023020962,20232024,2024-03-02,PHI,OTT,4,2,40,26,REG
2023020963,20232024,2024-03-02,TBL,MTL,4,3,29,31,SO
2023020964,20232024,2024-03-02,TOR,NYR,4,3,34,35,SO
2023020965,20232024,2024-03-02,CHI,CBJ,2,5,28,31,REG
2023020966,20232024,2024-03-02,DAL,SJS,3,2,38,23,SO
2023020967,20232024,2024-03-02,STL,MIN,3,1,27,22,REG
2023020968,20232024,2024-03-02,CGY,PIT,4,3,20,30,REG
2023020969,20232024,2024-03-03,WSH,ARI,2,5,26,28,REG
2023020970,20232024,2024-03-03,LAK,NJD,5,1,23,31,REG
2023020971,20232024,2024-03-03,BUF,WPG,2,5,19,35,REG
2023020972,20232024,2024-03-03,MIN,SJS,4,3,32,15,REG
2023020973,20232024,2024-03-03,ANA,VAN,1,2,18,31,REG
2023020974,20232024,2024-03-03,EDM,PIT,6,1,37,23,REG
2023020975,20232024,2024-03-04,CBJ,VGK,6,3,33,39,REG
2023020976,20232024,2024-03-04,NYR,FLA,2,4,28,30,REG
2023020977,20232024,2024-03-04,PHI,STL,1,2,42,25,SO
2023020978,20232024,2024-03-04,TOR,BOS,1,4,33,27,REG
2023020979,20232024,2024-03-04,COL,CHI,5,0,37,37,REG
2023020980,20232024,2024-03-04,CGY,SEA,2,4,37,30,REG
2023020981,20232024,2024-03-05,BOS,EDM,1,2,25,26,OT
2023020982,20232024,2024-03-05,NJD,FLA,3,5,24,31,REG
2023020983,20232024,2024-03-05,PIT,CBJ,5,3,31,35,REG
2023020984,20232024,2024-03-05,NYI,STL,4,2,33,21,REG
2023020985,20232024,2024-03-05,NSH,MTL,3,4,28,30,OT
2023020986,20232024,2024-03-05,WPG,SEA,3,4,33,24,REG
2023020987,20232024,2024-03-05,ARI,CHI,2,5,39,32,REG
2023020988,20232024,2024-03-05,LAK,VAN,1,2,24,31,OT
2023020989,20232024,2024-03-05,SJS,DAL,6,7,20,40,OT
2023020990,20232024,2024-03-06,TOR,BUF,2,1,27,25,OT
2023020991,20232024,2024-03-06,COL,DET,7,2,54,29,REG
2023020992,20232024,2024-03-06,ANA,OTT,2,1,16,30,REG
2023020993,20232024,2024-03-07,BOS,TOR,4,1,25,29,REG
2023020994,20232024,2024-03-07,CAR,MTL,4,1,39,25,REG
2023020995,20232024,2024-03-07,CBJ,EDM,4,2,34,31,REG
2023020996,20232024,2024-03-07,FLA,PHI,1,2,30,26,REG
2023020997,20232024,2024-03-07,NJD,STL,4,1,33,24,REG
2023020998,20232024,2024-03-07,PIT,WSH,0,6,39,29,REG
2023020999,20232024,2024-03-07,TBL,CGY,3,6,22,24,REG
2023021000,20232024,2024-03-07,NSH,BUF,4,2,24,28,REG
2023021001,20232024,2024-03-07,ARI,MIN,2,5,25,28,REG
2023021002,20232024,2024-03-07,VGK,VAN,1,3,28,35,REG
2023021003,20232024,2024-03-07,LAK,OTT,4,3,35,31,OT
2023021004,20232024,2024-03-07,SJS,NYI,2,7,25,33,REG
2023021005,20232024,2024-03-08,ARI,DET,4,0,24,28,REG
2023021006,20232024,2024-03-08,COL,MIN,2,1,40,30,OT
2023021007,20232024,2024-03-08,ANA,DAL,2,6,27,36,REG
2023021008,20232024,2024-03-08,SEA,WPG,0,3,17,32,REG
2023021009,20232024,2024-03-09,BUF,EDM,3,2,27,32,SO
2023021010,20232024,2024-03-09,CBJ,NSH,1,2,34,49,REG
2023021011,20232024,2024-03-09,NJD,CAR,2,4,25,26,REG
2023021012,20232024,2024-03-09,BOS,PIT,5,1,23,39,REG
2023021013,20232024,2024-03-09,FLA,CGY,5,1,31,35,REG
2023021014,20232024,2024-03-09,MTL,TOR,2,3,31,27,REG
2023021015,20232024,2024-03-09,SJS,OTT,2,1,21,32,REG
2023021016,20232024,2024-03-09,TBL,PHI,7,0,26,25,REG
2023021017,20232024,2024-03-09,WSH,CHI,4,1,26,32,REG
2023021018,20232024,2024-03-09,NYR,STL,4,0,39,26,REG
2023021019,20232024,2024-03-09,VAN,WPG,5,0,37,22,REG
2023021020,20232024,2024-03-09,VGK,DET,5,3,36,26,REG
2023021021,20232024,2024-03-09,LAK,DAL,1,4,25,35,REG
2023021022,20232024,2024-03-10,PIT,EDM,0,4,41,42,REG
2023021023,20232024,2024-03-10,MIN,NSH,4,3,33,30,OT
2023021024,20232024,2024-03-10,CAR,CGY,7,2,40,20,REG
2023021025,20232024,2024-03-10,CHI,ARI,7,4,41,36,REG
2023021026,20232024,2024-03-10,ANA,NYI,1,6,23,19,REG
2023021027,20232024,2024-03-11,BOS,STL,1,5,37,22,REG
2023021028,20232024,2024-03-11,NYR,NJD,3,1,26,20,REG
2023021029,20232024,2024-03-11,WPG,WSH,3,0,29,23,REG
2023021030,20232024,2024-03-11,LAK,NYI,3,0,25,26,REG
2023021031,20232024,2024-03-12,BUF,DET,7,3,39,24,REG
2023021032,20232024,2024-03-12,CAR,NYR,0,1,28,24,REG
2023021033,20232024,2024-03-12,MTL,CBJ,3,0,23,41,REG
2023021034,20232024,2024-03-12,OTT,PIT,2,1,39,35,OT
2023021035,20232024,2024-03-12,PHI,SJS,3,2,41,29,REG
2023021036,20232024,2024-03-12,DAL,FLA,3,4,30,30,REG
2023021037,20232024,2024-03-12,MIN,ARI,4,1,31,23,REG
2023021038,20232024,2024-03-12,CHI,ANA,7,2,31,29,REG
2023021039,20232024,2024-03-12,CGY,COL,2,6,27,38,REG
2023021040,20232024,2024-03-12,SEA,VGK,4,5,30,34,OT
2023021041,20232024,2024-03-13,STL,LAK,3,1,30,41,REG
2023021042,20232024,2024-03-13,WPG,NSH,2,4,29,38,REG
2023021043,20232024,2024-03-13,EDM,WSH,7,2,37,25,REG
2023021044,20232024,2024-03-13,VAN,COL,3,4,21,34,OT
2023021045,20232024,2024-03-14,BUF,NYI,4,0,37,21,REG
2023021046,20232024,2024-03-14,CAR,FLA,4,0,35,21,REG
2023021047,20232024,2024-03-14,CBJ,OTT,2,3,37,37,SO
2023021048,20232024,2024-03-14,DET,ARI,1,4,29,27,REG
2023021049,20232024,2024-03-14,MTL,BOS,1,2,19,24,OT
2023021050,20232024,2024-03-14,PHI,TOR,2,6,28,27,REG
2023021051,20232024,2024-03-14,PIT,SJS,6,3,31,32,REG
2023021052,20232024,2024-03-14,TBL,NYR,6,3,28,28,REG
2023021053,20232024,2024-03-14,DAL,NJD,2,6,37,20,REG
2023021054,20232024,2024-03-14,MIN,ANA,2,0,31,16,REG
2023021055,20232024,2024-03-14,CGY,VGK,4,1,37,29,REG
2023021056,20232024,2024-03-14,SEA,WSH,1,2,24,23,REG
2023021057,20232024,2024-03-15,WPG,ANA,6,0,38,21,REG
2023021058,20232024,2024-03-15,CHI,LAK,0,5,28,37,REG
2023021059,20232024,2024-03-16,DET,BUF,4,1,26,26,REG
2023021060,20232024,2024-03-16,NYI,OTT,3,4,33,30,OT
2023021061,20232024,2024-03-16,PIT,NYR,4,7,37,28,REG
2023021062,20232024,2024-03-16,ARI,NJD,4,1,32,38,REG
2023021063,20232024,2024-03-16,FLA,TBL,3,5,50,16,REG
2023021064,20232024,2024-03-16,BOS,PHI,6,5,30,29,REG
2023021065,20232024,2024-03-16,CBJ,SJS,4,2,20,41,REG
2023021066,20232024,2024-03-16,CGY,MTL,5,2,28,38,REG
2023021067,20232024,2024-03-16,TOR,CAR,4,5,40,40,SO
2023021068,20232024,2024-03-16,DAL,LAK,4,1,29,28,REG
2023021069,20232024,2024-03-16,STL,MIN,3,2,37,24,SO
2023021070,20232024,2024-03-16,EDM,COL,2,3,34,43,OT
2023021071,20232024,2024-03-16,SEA,NSH,1,4,24,30,REG
2023021072,20232024,2024-03-16,VAN,WSH,1,2,22,24,REG
2023021073,20232024,2024-03-17,NYR,NYI,5,2,31,27,REG
2023021074,20232024,2024-03-17,VGK,NJD,3,1,37,21,REG
2023021075,20232024,2024-03-17,CBJ,WPG,1,6,31,27,REG
2023021076,20232024,2024-03-17,CHI,SJS,5,2,31,27,REG
2023021077,20232024,2024-03-17,OTT,CAR,2,7,32,38,REG
2023021078,20232024,2024-03-17,PIT,DET,6,3,38,28,REG
2023021079,20232024,2024-03-17,STL,ANA,4,2,27,28,REG
2023021080,20232024,2024-03-18,CGY,WSH,2,5,36,33,REG
2023021081,20232024,2024-03-18,SEA,BUF,2,6,34,30,REG
2023021082,20232024,2024-03-19,BOS,OTT,6,2,26,31,REG
2023021083,20232024,2024-03-19,DET,CBJ,4,3,26,35,OT
2023021084,20232024,2024-03-19,NJD,PIT,5,2,38,38,REG
2023021085,20232024,2024-03-19,NYR,WPG,2,4,41,27,REG
2023021086,20232024,2024-03-19,PHI,TOR,4,3,30,30,REG
2023021087,20232024,2024-03-19,NYI,CAR,1,4,31,34,REG
2023021088,20232024,2024-03-19,NSH,SJS,8,2,40,20,REG
2023021089,20232024,2024-03-19,STL,COL,3,4,33,35,REG
2023021090,20232024,2024-03-19,EDM,MTL,3,2,32,25,OT
2023021091,20232024,2024-03-19,ANA,MIN,0,4,27,32,REG
2023021092,20232024,2024-03-19,LAK,CHI,6,2,24,24,REG
2023021093,20232024,2024-03-19,VAN,BUF,3,2,34,17,REG
2023021094,20232024,2024-03-19,VGK,TBL,3,5,27,21,REG
2023021095,20232024,2024-03-20,WSH,TOR,3,7,21,29,REG
2023021096,20232024,2024-03-20,DAL,ARI,5,2,33,25,REG
2023021097,20232024,2024-03-20,LAK,MIN,6,0,27,31,REG
2023021098,20232024,2024-03-21,BOS,NYR,2,5,26,31,REG
2023021099,20232024,2024-03-21,CAR,PHI,3,2,33,32,OT
2023021100,20232024,2024-03-21,DET,NYI,6,3,24,36,REG
2023021101,20232024,2024-03-21,FLA,NSH,0,3,33,37,REG
2023021102,20232024,2024-03-21,NJD,WPG,4,1,41,19,REG
2023021103,20232024,2024-03-21,OTT,STL,2,5,39,27,REG
2023021104,20232024,2024-03-21,EDM,BUF,8,3,39,29,REG
2023021105,20232024,2024-03-21,ANA,CHI,4,0,25,29,REG
2023021106,20232024,2024-03-21,VAN,MTL,4,1,25,17,REG
2023021107,20232024,2024-03-21,VGK,SEA,3,1,37,22,REG
2023021108,20232024,2024-03-21,SJS,TBL,1,4,22,21,REG
2023021109,20232024,2024-03-22,WSH,CAR,7,6,25,31,SO
2023021110,20232024,2024-03-22,DAL,PIT,4,2,23,22,REG
2023021111,20232024,2024-03-22,COL,CBJ,6,1,50,24,REG
2023021112,20232024,2024-03-22,ARI,SEA,2,1,26,28,OT
2023021113,20232024,2024-03-23,NYI,WPG,6,3,39,35,REG
2023021114,20232024,2024-03-23,PHI,BOS,3,2,29,20,REG
2023021115,20232024,2024-03-23,MIN,STL,4,5,34,27,OT
2023021116,20232024,2024-03-23,NSH,DET,1,0,32,22,REG
2023021117,20232024,2024-03-23,NJD,OTT,2,5,20,25,REG
2023021118,20232024,2024-03-23,TOR,EDM,6,3,29,39,REG
2023021119,20232024,2024-03-23,NYR,FLA,4,3,37,30,SO
2023021120,20232024,2024-03-23,VAN,CGY,4,2,26,24,REG
2023021121,20232024,2024-03-23,LAK,TBL,4,3,23,24,OT
2023021122,20232024,2024-03-23,SJS,CHI,4,5,30,31,OT
2023021123,20232024,2024-03-23,VGK,CBJ,4,2,47,22,REG
2023021124,20232024,2024-03-24,WSH,WPG,3,0,19,27,REG
2023021125,20232024,2024-03-24,COL,PIT,5,4,30,34,OT
2023021126,20232024,2024-03-24,NYI,NJD,0,4,36,30,REG
2023021127,20232024,2024-03-24,CAR,TOR,2,1,43,33,REG
2023021128,20232024,2024-03-24,OTT,EDM,5,3,16,36,REG
2023021129,20232024,2024-03-24,PHI,FLA,1,4,33,15,REG
2023021130,20232024,2024-03-24,ARI,DAL,2,4,28,35,REG
2023021131,20232024,2024-03-24,ANA,TBL,2,3,32,27,OT
2023021132,20232024,2024-03-24,CGY,BUF,1,4,33,29,REG
2023021133,20232024,2024-03-24,SEA,MTL,1,5,37,17,REG
2023021134,20232024,2024-03-25,STL,VGK,1,2,32,34,OT
2023021135,20232024,2024-03-25,VAN,LAK,2,3,23,19,REG
2023021136,20232024,2024-03-26,FLA,BOS,3,4,21,21,REG
2023021137,20232024,2024-03-26,NYR,PHI,6,5,27,42,OT
2023021138,20232024,2024-03-26,PIT,CAR,4,1,22,39,REG
2023021139,20232024,2024-03-26,TOR,NJD,3,6,45,25,REG
2023021140,20232024,2024-03-26,WSH,DET,4,3,30,33,OT
2023021141,20232024,2024-03-26,NSH,VGK,5,4,35,35,OT
2023021142,20232024,2024-03-26,WPG,EDM,3,4,25,42,OT
2023021143,20232024,2024-03-26,CHI,CGY,3,1,27,39,REG
2023021144,20232024,2024-03-26,COL,MTL,1,2,28,27,REG
2023021145,20232024,2024-03-26,ARI,CBJ,6,2,35,27,REG
2023021146,20232024,2024-03-26,SEA,ANA,4,0,36,12,REG
2023021147,20232024,2024-03-26,SJS,DAL,3,6,20,41,REG
2023021148,20232024,2024-03-27,BUF,OTT,2,6,36,42,REG
2023021149,20232024,2024-03-27,TBL,BOS,3,1,31,24,REG
2023021150,20232024,2024-03-28,CAR,DET,4,0,33,24,REG
2023021151,20232024,2024-03-28,FLA,NYI,2,3,28,24,REG
2023021152,20232024,2024-03-28,MTL,PHI,4,1,17,30,REG
2023021153,20232024,2024-03-28,OTT,CHI,2,0,34,19,REG
2023021154,20232024,2024-03-28,PIT,CBJ,3,2,36,19,REG
2023021155,20232024,2024-03-28,TOR,WSH,5,1,48,24,REG
2023021156,20232024,2024-03-28,MIN,SJS,3,1,32,27,REG
2023021157,20232024,2024-03-28,STL,CGY,5,3,19,28,REG
2023021158,20232024,2024-03-28,WPG,VGK,1,4,40,27,REG
2023021159,20232024,2024-03-28,COL,NYR,2,3,40,25,SO
2023021160,20232024,2024-03-28,EDM,LAK,4,1,20,32,REG
2023021161,20232024,2024-03-28,ARI,NSH,8,4,40,37,REG
2023021162,20232024,2024-03-28,SEA,ANA,4,2,28,23,REG
2023021163,20232024,2024-03-28,VAN,DAL,1,3,28,34,REG
2023021164,20232024,2024-03-29,BUF,NJD,5,2,36,30,REG
2023021165,20232024,2024-03-30,FLA,DET,3,2,38,22,SO
2023021166,20232024,2024-03-30,MIN,VGK,1,2,33,31,OT
2023021167,20232024,2024-03-30,EDM,ANA,6,1,37,22,REG
2023021168,20232024,2024-03-30,ARI,NYR,5,8,32,32,REG
2023021169,20232024,2024-03-30,COL,NSH,7,4,42,35,REG
2023021170,20232024,2024-03-30,BUF,TOR,0,3,34,22,REG
2023021171,20232024,2024-03-30,CBJ,PIT,4,3,37,33,SO
2023021172,20232024,2024-03-30,MTL,CAR,0,3,26,30,REG
2023021173,20232024,2024-03-30,PHI,CHI,1,5,31,24,REG
2023021174,20232024,2024-03-30,TBL,NYI,4,1,40,28,REG
2023021175,20232024,2024-03-30,WPG,OTT,2,3,30,27,REG
2023021176,20232024,2024-03-30,WSH,BOS,2,3,20,29,SO
2023021177,20232024,2024-03-30,STL,SJS,0,4,35,20,REG
2023021178,20232024,2024-03-30,CGY,LAK,4,2,35,18,REG
2023021179,20232024,2024-03-30,SEA,DAL,0,3,17,30,REG
2023021180,20232024,2024-03-31,VAN,ANA,3,2,30,22,REG
2023021181,20232024,2024-04-01,CBJ,COL,4,1,25,46,REG
2023021182,20232024,2024-04-01,NYR,PIT,2,5,30,20,REG
2023021183,20232024,2024-04-01,PHI,NYI,3,4,34,27,OT
2023021184,20232024,2024-04-01,TBL,DET,2,4,36,32,REG
2023021185,20232024,2024-04-01,TOR,FLA,6,4,23,30,REG
2023021186,20232024,2024-04-01,STL,EDM,3,2,29,38,OT
2023021187,20232024,2024-04-01,WPG,LAK,4,3,32,28,REG
2023021188,20232024,2024-04-01,SJS,SEA,2,4,26,32,REG
2023021189,20232024,2024-04-02,BUF,WSH,6,2,35,26,REG
2023021190,20232024,2024-04-02,MTL,FLA,5,3,38,40,REG
2023021191,20232024,2024-04-02,NJD,PIT,3,6,26,21,REG
2023021192,20232024,2024-04-02,NYI,CHI,2,1,29,19,REG
2023021193,20232024,2024-04-02,MIN,OTT,3,2,19,32,REG
2023021194,20232024,2024-04-02,NSH,BOS,0,3,31,32,REG
2023021195,20232024,2024-04-02,CGY,ANA,3,5,24,29,REG
2023021196,20232024,2024-04-02,VGK,VAN,6,3,30,30,REG
2023021197,20232024,2024-04-03,TOR,TBL,1,4,29,25,REG
2023021198,20232024,2024-04-03,NYR,NJD,4,3,41,20,REG
2023021199,20232024,2024-04-03,DAL,EDM,5,0,32,35,REG
2023021200,20232024,2024-04-03,ARI,VAN,1,2,21,33,REG
2023021201,20232024,2024-04-03,LAK,SEA,5,2,27,23,REG
2023021202,20232024,2024-04-04,CAR,BOS,1,4,29,28,REG
2023021203,20232024,2024-04-04,CBJ,NYI,2,4,27,41,REG
2023021204,20232024,2024-04-04,MTL,TBL,4,7,30,35,REG
2023021205,20232024,2024-04-04,OTT,FLA,0,6,30,31,REG
2023021206,20232024,2024-04-04,WSH,PIT,1,4,31,24,REG
2023021207,20232024,2024-04-04,MIN,COL,2,5,46,36,REG
2023021208,20232024,2024-04-04,NSH,STL,6,3,31,47,REG
2023021209,20232024,2024-04-04,WPG,CGY,5,2,45,33,REG
2023021210,20232024,2024-04-04,SJS,LAK,1,2,16,27,REG
2023021211,20232024,2024-04-05,BUF,PHI,4,2,19,34,REG
2023021212,20232024,2024-04-05,CAR,WSH,4,2,45,16,REG
2023021213,20232024,2024-04-05,DET,NYR,3,4,34,38,REG
2023021214,20232024,2024-04-05,EDM,COL,6,2,47,24,REG
2023021215,20232024,2024-04-05,ANA,SEA,1,3,17,27,REG
2023021216,20232024,2024-04-05,ARI,VGK,7,4,32,24,REG
2023021217,20232024,2024-04-06,PIT,TBL,5,4,28,34,REG
2023021218,20232024,2024-04-06,BOS,FLA,3,2,29,30,OT
2023021219,20232024,2024-04-06,MIN,WPG,2,4,27,25,REG
2023021220,20232024,2024-04-06,CHI,DAL,3,2,17,44,REG
2023021221,20232024,2024-04-06,SJS,STL,3,2,25,36,OT
2023021222,20232024,2024-04-06,CBJ,PHI,6,2,33,39,REG
2023021223,20232024,2024-04-06,MTL,TOR,2,4,26,30,REG
2023021224,20232024,2024-04-06,OTT,NJD,3,4,28,27,REG
2023021225,20232024,2024-04-06,NYI,NSH,2,0,30,42,REG
2023021226,20232024,2024-04-06,CGY,EDM,2,4,35,27,REG
2023021227,20232024,2024-04-06,LAK,VAN,6,3,29,42,REG
2023021228,20232024,2024-04-07,DET,BUF,3,1,24,38,REG
2023021229,20232024,2024-04-07,CHI,MIN,0,4,24,37,REG
2023021230,20232024,2024-04-07,CAR,CBJ,3,0,35,23,REG
2023021231,20232024,2024-04-07,SJS,ARI,2,5,27,28,REG
2023021232,20232024,2024-04-07,WSH,OTT,2,3,22,21,OT
2023021233,20232024,2024-04-07,NJD,NSH,2,3,25,35,SO
2023021234,20232024,2024-04-07,NYR,MTL,5,2,46,28,REG
2023021235,20232024,2024-04-07,ANA,STL,5,6,38,31,SO
2023021236,20232024,2024-04-07,COL,DAL,4,7,38,37,REG
2023021237,20232024,2024-04-08,TOR,PIT,3,2,23,33,OT
2023021238,20232024,2024-04-08,VAN,VGK,4,3,30,23,REG
2023021239,20232024,2024-04-09,BOS,CAR,1,4,23,26,REG
2023021240,20232024,2024-04-09,DET,WSH,1,2,43,23,REG
2023021241,20232024,2024-04-09,FLA,OTT,2,0,30,26,REG
2023021242,20232024,2024-04-09,MTL,PHI,9,3,30,36,REG
2023021243,20232024,2024-04-09,NJD,TOR,2,5,20,39,REG
2023021244,20232024,2024-04-09,NYI,NYR,4,2,28,33,REG
2023021245,20232024,2024-04-09,TBL,CBJ,5,2,33,32,REG
2023021246,20232024,2024-04-09,DAL,BUF,3,2,24,21,REG
2023021247,20232024,2024-04-09,NSH,WPG,3,4,48,22,OT
2023021248,20232024,2024-04-09,COL,MIN,5,2,32,22,REG
2023021249,20232024,2024-04-09,ANA,LAK,3,1,27,37,REG
2023021250,20232024,2024-04-09,SEA,ARI,5,0,25,39,REG
2023021251,20232024,2024-04-09,SJS,CGY,2,3,22,41,OT
2023021252,20232024,2024-04-10,STL,CHI,5,2,26,20,REG
2023021253,20232024,2024-04-10,EDM,VGK,5,1,25,18,REG
2023021254,20232024,2024-04-10,VAN,ARI,3,4,26,18,OT
2023021255,20232024,2024-04-11,BUF,WSH,4,2,17,24,REG
2023021256,20232024,2024-04-11,FLA,CBJ,4,0,46,25,REG
2023021257,20232024,2024-04-11,NYR,PHI,1,4,25,26,REG
2023021258,20232024,2024-04-11,PIT,DET,6,5,27,30,OT
2023021259,20232024,2024-04-11,TBL,OTT,2,3,26,27,SO
2023021260,20232024,2024-04-11,TOR,NJD,5,6,32,20,REG
2023021261,20232024,2024-04-11,NYI,MTL,3,2,31,14,OT
2023021262,20232024,2024-04-11,DAL,WPG,0,3,24,24,REG
2023021263,20232024,2024-04-11,SEA,SJS,1,3,50,23,REG
2023021264,20232024,2024-04-11,LAK,CGY,4,1,30,23,REG
2023021265,20232024,2024-04-12,STL,CAR,2,5,31,42,REG
2023021266,20232024,2024-04-12,CHI,NSH,1,5,26,40,REG
2023021267,20232024,2024-04-12,EDM,ARI,2,3,41,28,OT
2023021268,20232024,2024-04-12,ANA,CGY,3,6,22,27,REG
2023021269,20232024,2024-04-12,VGK,MIN,7,2,30,27,REG
2023021270,20232024,2024-04-13,NYR,NYI,3,2,43,36,SO
2023021271,20232024,2024-04-13,DAL,SEA,3,1,30,27,REG
2023021272,20232024,2024-04-13,COL,WPG,0,7,30,26,REG
2023021273,20232024,2024-04-13,FLA,BUF,3,2,42,29,OT
2023021274,20232024,2024-04-13,PHI,NJD,1,0,21,20,REG
2023021275,20232024,2024-04-13,WSH,TBL,4,2,34,34,REG
2023021276,20232024,2024-04-13,OTT,MTL,5,4,44,25,SO
2023021277,20232024,2024-04-13,TOR,DET,4,5,36,32,OT
2023021278,20232024,2024-04-13,NSH,CBJ,6,4,37,37,REG
2023021279,20232024,2024-04-13,PIT,BOS,4,6,32,31,REG
2023021280,20232024,2024-04-13,EDM,VAN,1,3,33,27,REG
2023021281,20232024,2024-04-13,LAK,ANA,3,1,28,29,REG
2023021282,20232024,2024-04-13,SJS,MIN,2,6,29,38,REG
2023021283,20232024,2024-04-14,STL,SEA,4,1,28,20,REG
2023021284,20232024,2024-04-14,VGK,COL,4,3,30,24,OT
2023021285,20232024,2024-04-14,CHI,CAR,2,4,16,34,REG
2023021286,20232024,2024-04-14,CGY,ARI,6,5,31,35,REG
2023021287,20232024,2024-04-15,DET,MTL,5,4,35,21,OT
2023021288,20232024,2024-04-15,NJD,NYI,1,4,24,19,REG
2023021289,20232024,2024-04-15,PIT,NSH,4,2,38,30,REG
2023021290,20232024,2024-04-15,TBL,BUF,2,4,33,34,REG
2023021291,20232024,2024-04-15,WSH,BOS,2,0,25,16,REG
2023021292,20232024,2024-04-15,NYR,OTT,4,0,34,25,REG
2023021293,20232024,2024-04-15,EDM,SJS,9,2,38,21,REG
2023021294,20232024,2024-04-15,LAK,MIN,1,3,24,28,REG
2023021295,20232024,2024-04-16,BOS,OTT,1,3,35,20,REG
2023021296,20232024,2024-04-16,CBJ,CAR,6,3,25,41,REG
2023021297,20232024,2024-04-16,FLA,TOR,5,2,42,26,REG
2023021298,20232024,2024-04-16,MTL,DET,4,5,33,40,SO
2023021299,20232024,2024-04-16,PHI,WSH,1,2,28,18,REG
2023021300,20232024,2024-04-16,WPG,SEA,4,3,24,23,REG
2023021301,20232024,2024-04-16,VGK,CHI,3,1,37,23,REG
2023021302,20232024,2024-04-16,VAN,CGY,4,1,31,40,REG
2023021303,20232024,2024-04-17,NYI,PIT,5,4,32,44,REG
2023021304,20232024,2024-04-17,TBL,TOR,6,4,32,38,REG
2023021305,20232024,2024-04-17,DAL,STL,2,1,37,26,SO
2023021306,20232024,2024-04-17,ARI,EDM,5,2,24,30,REG
2023021307,20232024,2024-04-18,MIN,SEA,3,4,24,27,REG
2023021308,20232024,2024-04-18,WPG,VAN,4,2,26,20,REG
2023021309,20232024,2024-04-18,CGY,SJS,5,1,37,17,REG
2023021310,20232024,2024-04-18,COL,EDM,5,1,27,26,REG
2023021311,20232024,2024-04-18,VGK,ANA,1,4,33,23,REG
2023021312,20232024,2024-04-18,LAK,CHI,5,4,35,13,OT
2024020001,20242025,2024-10-04,BUF,NJD,1,4,31,23,REG
2024020002,20242025,2024-10-05,NJD,BUF,3,1,37,18,REG
2024020003,20242025,2024-10-08,SEA,STL,2,3,32,25,REG
2024020004,20242025,2024-10-08,FLA,BOS,6,4,35,28,REG
2024020005,20242025,2024-10-08,UTA,CHI,5,2,27,26,REG
2024020006,20242025,2024-10-09,MTL,TOR,1,0,27,48,REG
2024020007,20242025,2024-10-09,PIT,NYR,0,6,31,40,REG
2024020008,20242025,2024-10-09,EDM,WPG,0,6,30,20,REG
2024020009,20242025,2024-10-09,VAN,CGY,5,6,24,26,OT
2024020010,20242025,2024-10-09,VGK,COL,8,4,21,32,REG
2024020011,20242025,2024-10-10,BOS,MTL,6,4,29,24,REG
2024020012,20242025,2024-10-10,BUF,LAK,1,3,33,23,REG
2024020013,20242025,2024-10-10,OTT,FLA,3,1,31,32,REG
2024020014,20242025,2024-10-10,DET,PIT,3,6,32,28,REG
2024020015,20242025,2024-10-10,NJD,TOR,2,4,23,22,REG
2024020016,20242025,2024-10-10,NYI,UTA,4,5,27,26,OT
2024020017,20242025,2024-10-10,NSH,DAL,3,4,36,20,REG
2024020018,20242025,2024-10-10,MIN,CBJ,3,2,26,33,REG
2024020019,20242025,2024-10-10,SJS,STL,4,5,29,40,OT
2024020020,20242025,2024-10-11,CAR,TBL,1,4,21,23,REG
2024020021,20242025,2024-10-11,WPG,CHI,2,1,35,26,OT
2024020022,20242025,2024-10-11,VAN,PHI,2,3,26,31,SO
2024020023,20242025,2024-10-11,VGK,STL,4,3,28,22,REG
2024020024,20242025,2024-10-12,BOS,LAK,2,1,26,34,OT
2024020025,20242025,2024-10-12,BUF,FLA,5,2,27,25,REG
2024020026,20242025,2024-10-12,TOR,PIT,4,2,33,23,REG
2024020027,20242025,2024-10-12,MTL,OTT,4,1,26,25,REG
2024020028,20242025,2024-10-12,DET,NSH,3,0,22,42,REG
2024020030,20242025,2024-10-12,NYR,UTA,5,6,34,26,OT
2024020031,20242025,2024-10-12,WSH,NJD,3,5,32,33,REG
2024020032,20242025,2024-10-12,DAL,NYI,3,0,27,34,REG
2024020033,20242025,2024-10-12,MIN,SEA,4,5,38,34,SO
2024020034,20242025,2024-10-12,COL,CBJ,4,6,30,23,REG
2024020035,20242025,2024-10-12,CGY,PHI,6,3,32,40,REG
2024020036,20242025,2024-10-12,EDM,CHI,2,5,38,20,REG
2024020037,20242025,2024-10-12,SJS,ANA,0,2,30,30,REG
2024020038,20242025,2024-10-13,WPG,MIN,2,1,35,27,OT
2024020039,20242025,2024-10-13,DAL,SEA,2,0,23,25,REG
2024020040,20242025,2024-10-13,EDM,CGY,1,4,26,29,REG
2024020041,20242025,2024-10-13,VGK,ANA,3,1,32,23,REG
2024020042,20242025,2024-10-14,BOS,FLA,3,4,27,26,REG
2024020043,20242025,2024-10-14,OTT,LAK,8,7,41,26,OT
2024020044,20242025,2024-10-14,NJD,UTA,3,0,32,20,REG
2024020045,20242025,2024-10-14,NYR,DET,4,1,28,32,REG
2024020046,20242025,2024-10-14,MTL,PIT,3,6,28,30,REG
2024020047,20242025,2024-10-14,COL,NYI,2,6,34,37,REG
2024020048,20242025,2024-10-15,TBL,VAN,4,1,27,27,REG
2024020049,20242025,2024-10-15,WSH,VGK,4,2,22,26,REG
2024020050,20242025,2024-10-15,CAR,NJD,4,2,31,26,REG
2024020051,20242025,2024-10-15,CBJ,FLA,3,4,38,22,REG
2024020052,20242025,2024-10-15,STL,MIN,1,4,28,27,REG
2024020053,20242025,2024-10-15,NSH,SEA,3,7,33,35,REG
2024020054,20242025,2024-10-15,DAL,SJS,3,2,38,27,SO
2024020055,20242025,2024-10-15,CGY,CHI,3,1,27,32,REG
2024020056,20242025,2024-10-15,EDM,PHI,4,3,31,30,OT
2024020057,20242025,2024-10-16,PIT,BUF,6,5,43,33,OT
2024020058,20242025,2024-10-16,TOR,LAK,6,2,26,34,REG
2024020059,20242025,2024-10-16,COL,BOS,3,5,25,26,REG
2024020060,20242025,2024-10-16,ANA,UTA,5,4,34,30,OT
2024020061,20242025,2024-10-17,MTL,LAK,1,4,27,32,REG
2024020062,20242025,2024-10-17,OTT,NJD,1,3,31,35,REG
2024020063,20242025,2024-10-17,DET,NYR,2,5,31,34,REG
2024020064,20242025,2024-10-17,TBL,VGK,4,3,25,25,REG
2024020065,20242025,2024-10-17,FLA,VAN,2,3,28,33,OT
2024020066,20242025,2024-10-17,WSH,DAL,3,2,26,24,REG
2024020067,20242025,2024-10-17,CBJ,BUF,6,4,25,24,REG
2024020068,20242025,2024-10-17,STL,NYI,1,0,30,34,OT
2024020069,20242025,2024-10-17,NSH,EDM,2,4,27,36,REG
2024020070,20242025,2024-10-17,CHI,SJS,4,2,27,22,REG
2024020071,20242025,2024-10-17,SEA,PHI,6,4,29,25,REG
2024020072,20242025,2024-10-18,PIT,CAR,1,4,26,38,REG
2024020073,20242025,2024-10-18,WPG,SJS,8,3,36,22,REG
2024020074,20242025,2024-10-18,COL,ANA,4,3,49,19,OT
2024020075,20242025,2024-10-19,OTT,TBL,5,4,28,29,REG
2024020076,20242025,2024-10-19,NSH,DET,2,5,39,24,REG
2024020077,20242025,2024-10-19,DAL,EDM,4,1,24,31,REG
2024020078,20242025,2024-10-19,FLA,VGK,4,3,49,26,OT
2024020079,20242025,2024-10-19,TOR,NYR,1,4,35,29,REG
2024020080,20242025,2024-10-19,NJD,WSH,5,6,31,37,OT
2024020081,20242025,2024-10-19,NYI,MTL,4,3,36,24,SO
2024020082,20242025,2024-10-19,PHI,VAN,0,3,26,32,REG
2024020083,20242025,2024-10-19,CBJ,MIN,1,3,24,34,REG
2024020084,20242025,2024-10-19,STL,CAR,4,3,19,40,REG
2024020085,20242025,2024-10-19,CHI,BUF,2,4,37,22,REG
2024020086,20242025,2024-10-19,UTA,BOS,2,1,32,22,OT
2024020087,20242025,2024-10-19,SEA,CGY,2,1,23,22,OT
2024020088,20242025,2024-10-20,WPG,PIT,6,3,37,42,REG
2024020089,20242025,2024-10-20,SJS,COL,1,4,26,22,REG
2024020090,20242025,2024-10-20,ANA,LAK,1,4,14,36,REG
2024020091,20242025,2024-10-21,TOR,TBL,5,2,29,34,REG
2024020092,20242025,2024-10-22,PHI,WSH,1,4,18,29,REG
2024020093,20242025,2024-10-22,FLA,MIN,1,5,25,22,REG
2024020094,20242025,2024-10-22,NJD,TBL,5,8,35,37,REG
2024020095,20242025,2024-10-22,BUF,DAL,4,2,25,30,REG
2024020096,20242025,2024-10-22,MTL,NYR,2,7,23,45,REG
2024020097,20242025,2024-10-22,CBJ,TOR,6,2,38,28,REG
2024020098,20242025,2024-10-22,NYI,DET,0,1,30,11,REG
2024020099,20242025,2024-10-22,STL,WPG,2,3,29,24,REG
2024020100,20242025,2024-10-22,CHI,VAN,3,6,34,30,REG
2024020101,20242025,2024-10-22,NSH,BOS,4,0,42,33,REG
2024020102,20242025,2024-10-22,CGY,PIT,4,3,25,38,SO
2024020103,20242025,2024-10-22,EDM,CAR,2,3,35,33,OT
2024020104,20242025,2024-10-22,UTA,OTT,0,4,31,22,REG
2024020105,20242025,2024-10-22,ANA,SJS,3,1,40,28,REG
2024020106,20242025,2024-10-22,SEA,COL,2,3,27,28,REG
2024020107,20242025,2024-10-22,VGK,LAK,6,1,30,35,REG
2024020108,20242025,2024-10-23,WSH,PHI,6,3,25,29,REG
2024020109,20242025,2024-10-24,BOS,DAL,2,5,27,32,REG
2024020110,20242025,2024-10-24,TOR,STL,1,5,41,27,REG
2024020111,20242025,2024-10-24,DET,NJD,5,3,20,40,REG
2024020112,20242025,2024-10-24,TBL,MIN,2,4,26,18,REG
2024020113,20242025,2024-10-24,NYR,FLA,1,3,25,29,REG
2024020114,20242025,2024-10-24,CGY,CAR,2,4,32,43,REG
2024020115,20242025,2024-10-24,UTA,COL,1,5,26,26,REG
2024020116,20242025,2024-10-24,SEA,WPG,3,4,32,36,OT
2024020117,20242025,2024-10-24,LAK,SJS,3,2,30,26,REG
2024020118,20242025,2024-10-25,VGK,OTT,6,4,28,39,REG
2024020119,20242025,2024-10-25,NJD,NYI,3,4,36,30,OT
2024020120,20242025,2024-10-25,CHI,NSH,2,3,29,34,REG
2024020121,20242025,2024-10-25,EDM,PIT,4,0,50,27,REG
2024020122,20242025,2024-10-26,BUF,DET,5,3,39,25,REG
2024020123,20242025,2024-10-26,PHI,MIN,7,5,23,26,REG
2024020124,20242025,2024-10-26,LAK,UTA,3,2,23,26,REG
2024020125,20242025,2024-10-26,BOS,TOR,4,3,34,23,OT
2024020126,20242025,2024-10-26,MTL,STL,5,2,26,31,REG
2024020127,20242025,2024-10-26,TBL,WSH,3,0,21,32,REG
2024020128,20242025,2024-10-26,NYR,ANA,2,1,32,33,REG
2024020129,20242025,2024-10-26,CGY,WPG,3,5,29,35,REG
2024020130,20242025,2024-10-26,NYI,FLA,3,6,28,29,REG
2024020131,20242025,2024-10-26,NSH,CBJ,4,3,33,28,OT
2024020132,20242025,2024-10-26,DAL,CHI,4,2,30,24,REG
2024020133,20242025,2024-10-26,VAN,PIT,4,3,34,24,REG
2024020134,20242025,2024-10-26,VGK,SJS,7,3,42,26,REG
2024020135,20242025,2024-10-26,SEA,CAR,1,4,19,39,REG
2024020136,20242025,2024-10-27,DET,EDM,2,3,26,34,OT
2024020137,20242025,2024-10-27,NJD,ANA,6,2,34,26,REG
2024020138,20242025,2024-10-27,PHI,MTL,3,4,26,24,REG
2024020139,20242025,2024-10-27,COL,OTT,5,4,32,30,REG
2024020140,20242025,2024-10-28,BUF,FLA,2,5,28,31,REG
2024020141,20242025,2024-10-28,TBL,NSH,3,2,27,37,OT
2024020142,20242025,2024-10-28,CBJ,EDM,6,1,25,32,REG
2024020143,20242025,2024-10-28,WPG,TOR,4,6,23,36,REG
2024020144,20242025,2024-10-28,COL,CHI,2,5,26,26,REG
2024020145,20242025,2024-10-28,UTA,SJS,4,5,23,46,OT
2024020146,20242025,2024-10-28,VAN,CAR,3,4,27,32,OT
2024020147,20242025,2024-10-28,VGK,CGY,5,0,38,16,REG
2024020148,20242025,2024-10-29,BOS,PHI,0,2,25,19,REG
2024020149,20242025,2024-10-29,MTL,SEA,2,8,30,23,REG
2024020150,20242025,2024-10-29,OTT,STL,8,1,35,27,REG
2024020151,20242025,2024-10-29,WSH,NYR,5,3,46,19,REG
2024020152,20242025,2024-10-29,NYI,ANA,1,3,41,22,REG
2024020153,20242025,2024-10-29,PIT,MIN,3,5,29,40,REG
2024020154,20242025,2024-10-29,SJS,LAK,4,2,21,28,REG
2024020155,20242025,2024-10-30,CBJ,NYI,2,0,26,26,REG
2024020156,20242025,2024-10-30,DET,WPG,2,6,21,29,REG
2024020157,20242025,2024-10-30,COL,TBL,2,5,35,21,REG
2024020158,20242025,2024-10-30,UTA,CGY,5,1,28,31,REG
2024020159,20242025,2024-10-30,VAN,NJD,0,6,20,22,REG
2024020160,20242025,2024-10-30,LAK,VGK,6,3,27,26,REG
2024020161,20242025,2024-10-31,TOR,SEA,4,1,30,25,REG
2024020162,20242025,2024-10-31,PHI,STL,2,1,21,21,REG
2024020163,20242025,2024-10-31,PIT,ANA,2,1,45,23,OT
2024020164,20242025,2024-10-31,WSH,MTL,6,3,34,15,REG
2024020165,20242025,2024-10-31,CAR,BOS,8,2,37,15,REG
2024020166,20242025,2024-10-31,NSH,EDM,1,5,27,29,REG
2024020167,20242025,2024-10-31,SJS,CHI,3,2,29,29,REG
2024020168,20242025,2024-11-01,DAL,FLA,4,6,36,28,REG
2024020169,20242025,2024-11-01,BUF,NYI,3,4,35,36,REG
2024020170,20242025,2024-11-01,NYR,OTT,2,1,18,41,REG
2024020171,20242025,2024-11-01,CBJ,WPG,2,6,22,44,REG
2024020172,20242025,2024-11-01,MIN,TBL,5,3,22,30,REG
2024020173,20242025,2024-11-01,CGY,NJD,3,0,32,22,REG
2024020174,20242025,2024-11-02,FLA,DAL,4,2,25,25,REG
2024020175,20242025,2024-11-02,PHI,BOS,0,3,20,31,REG
2024020176,20242025,2024-11-02,LAK,CHI,3,4,40,21,SO
2024020177,20242025,2024-11-02,WSH,CBJ,7,2,22,36,REG
2024020178,20242025,2024-11-02,OTT,SEA,3,0,23,22,REG
2024020179,20242025,2024-11-02,DET,BUF,2,1,23,32,REG
2024020180,20242025,2024-11-02,PIT,MTL,3,1,24,26,REG
2024020181,20242025,2024-11-02,STL,TOR,4,2,24,37,REG
2024020182,20242025,2024-11-02,NSH,COL,5,2,26,31,REG
2024020183,20242025,2024-11-02,VGK,UTA,4,3,35,19,OT
2024020184,20242025,2024-11-02,SJS,VAN,2,3,23,28,REG
2024020185,20242025,2024-11-03,NYR,NYI,5,2,40,37,REG
2024020186,20242025,2024-11-03,WPG,TBL,7,4,34,30,REG
2024020187,20242025,2024-11-03,BOS,SEA,2,0,33,23,REG
2024020188,20242025,2024-11-03,CAR,WSH,4,2,45,21,REG
2024020189,20242025,2024-11-03,MIN,TOR,2,1,33,28,OT
2024020190,20242025,2024-11-03,CGY,EDM,2,4,31,31,REG
2024020191,20242025,2024-11-03,ANA,CHI,2,4,40,29,REG
2024020192,20242025,2024-11-04,NSH,LAK,0,3,16,27,REG
2024020193,20242025,2024-11-04,EDM,NJD,0,3,31,16,REG
2024020194,20242025,2024-11-05,BUF,OTT,5,1,34,38,REG
2024020195,20242025,2024-11-05,TOR,BOS,4,0,27,29,REG
2024020196,20242025,2024-11-05,MTL,CGY,2,3,24,35,OT
2024020197,20242025,2024-11-05,CAR,PHI,6,4,35,16,REG
2024020198,20242025,2024-11-05,NYI,PIT,4,3,26,35,SO
2024020199,20242025,2024-11-05,STL,TBL,3,2,23,23,REG
2024020200,20242025,2024-11-05,MIN,LAK,1,5,24,28,REG
2024020201,20242025,2024-11-05,WPG,UTA,3,0,28,21,REG
2024020202,20242025,2024-11-05,COL,SEA,6,3,32,20,REG
2024020203,20242025,2024-11-05,ANA,VAN,1,5,22,37,REG
2024020204,20242025,2024-11-05,SJS,CBJ,2,1,27,50,OT
2024020205,20242025,2024-11-06,WSH,NSH,3,2,36,35,REG
2024020206,20242025,2024-11-06,CHI,DET,1,4,29,25,REG
2024020207,20242025,2024-11-06,EDM,VGK,2,4,29,35,REG
2024020208,20242025,2024-11-07,BOS,CGY,4,3,38,37,OT
2024020209,20242025,2024-11-07,OTT,NYI,2,4,30,25,REG
2024020210,20242025,2024-11-07,TBL,PHI,1,2,23,31,SO
2024020211,20242025,2024-11-07,FLA,NSH,6,2,34,18,REG
2024020212,20242025,2024-11-07,NJD,MTL,5,3,27,24,REG
2024020213,20242025,2024-11-07,NYR,BUF,1,6,26,22,REG
2024020214,20242025,2024-11-07,CAR,PIT,5,1,18,36,REG
2024020215,20242025,2024-11-07,STL,UTA,2,4,15,31,REG
2024020216,20242025,2024-11-07,DAL,CHI,3,1,40,26,REG
2024020217,20242025,2024-11-07,WPG,COL,1,0,28,35,REG
2024020218,20242025,2024-11-07,LAK,VAN,2,4,28,23,REG
2024020219,20242025,2024-11-07,SJS,MIN,2,5,26,31,REG
2024020220,20242025,2024-11-08,TOR,DET,3,1,20,22,REG
2024020221,20242025,2024-11-08,WSH,PIT,2,4,34,32,REG
2024020222,20242025,2024-11-08,ANA,MIN,2,5,35,31,REG
2024020223,20242025,2024-11-08,SEA,VGK,4,3,32,24,OT
2024020224,20242025,2024-11-09,BUF,CGY,3,2,19,26,SO
2024020225,20242025,2024-11-09,FLA,PHI,4,3,31,37,SO
2024020226,20242025,2024-11-09,BOS,OTT,2,3,16,34,OT
2024020227,20242025,2024-11-09,TOR,MTL,4,1,27,21,REG
2024020228,20242025,2024-11-09,DET,NYR,0,4,37,24,REG
2024020229,20242025,2024-11-09,STL,WSH,1,8,25,27,REG
2024020230,20242025,2024-11-09,WPG,DAL,4,1,25,33,REG
2024020231,20242025,2024-11-09,NYI,NJD,3,4,22,33,OT
2024020232,20242025,2024-11-09,NSH,UTA,4,0,21,27,REG
2024020233,20242025,2024-11-09,COL,CAR,6,4,29,31,REG
2024020234,20242025,2024-11-09,LAK,CBJ,5,2,23,26,REG
2024020235,20242025,2024-11-09,VAN,EDM,3,7,20,31,REG
2024020236,20242025,2024-11-10,NJD,SJS,0,1,44,27,REG
2024020237,20242025,2024-11-10,CHI,MIN,2,1,22,33,OT
2024020238,20242025,2024-11-10,ANA,CBJ,4,2,30,40,REG
2024020239,20242025,2024-11-11,BUF,MTL,5,7,18,23,REG
2024020240,20242025,2024-11-11,PHI,SJS,4,3,43,31,SO
2024020241,20242025,2024-11-11,PIT,DAL,1,7,21,40,REG
2024020242,20242025,2024-11-11,CGY,LAK,3,1,28,29,REG
2024020243,20242025,2024-11-11,COL,NSH,3,2,32,30,OT
2024020244,20242025,2024-11-11,VGK,CAR,2,5,32,34,REG
2024020245,20242025,2024-11-12,TOR,OTT,0,3,27,41,REG
2024020246,20242025,2024-11-12,FLA,NJD,1,4,35,24,REG
2024020247,20242025,2024-11-12,NYR,WPG,3,6,36,33,REG
2024020248,20242025,2024-11-12,STL,BOS,2,3,22,30,REG
2024020249,20242025,2024-11-12,EDM,NYI,4,3,42,22,OT
2024020250,20242025,2024-11-12,VAN,CGY,3,1,32,29,REG
2024020251,20242025,2024-11-12,SEA,CBJ,5,2,33,40,REG
2024020252,20242025,2024-11-13,PIT,DET,2,3,33,31,OT
2024020253,20242025,2024-11-13,WSH,TOR,3,4,27,34,OT
2024020254,20242025,2024-11-13,UTA,CAR,4,1,21,50,REG
2024020255,20242025,2024-11-13,COL,LAK,4,2,26,15,REG
2024020256,20242025,2024-11-13,ANA,VGK,2,3,24,39,REG
2024020257,20242025,2024-11-14,BUF,STL,4,3,33,27,OT
2024020258,20242025,2024-11-14,OTT,PHI,4,5,37,19,OT
2024020259,20242025,2024-11-14,TBL,WPG,4,1,29,24,REG
2024020260,20242025,2024-11-14,FLA,NJD,2,6,27,29,REG
2024020261,20242025,2024-11-14,NYR,SJS,3,2,35,27,REG
2024020262,20242025,2024-11-14,DAL,BOS,7,2,38,25,REG
2024020263,20242025,2024-11-14,MIN,MTL,3,0,28,19,REG
2024020264,20242025,2024-11-14,EDM,NSH,3,2,34,22,OT
2024020265,20242025,2024-11-14,VAN,NYI,2,5,26,32,REG
2024020266,20242025,2024-11-14,SEA,CHI,3,1,26,19,REG
2024020267,20242025,2024-11-15,CBJ,PIT,6,2,39,23,REG
2024020268,20242025,2024-11-15,COL,WSH,2,5,19,20,REG
2024020269,20242025,2024-11-15,CGY,NSH,2,0,33,29,REG
2024020270,20242025,2024-11-15,UTA,VGK,2,4,32,29,REG
2024020271,20242025,2024-11-15,ANA,DET,6,4,29,25,REG
2024020272,20242025,2024-11-16,BOS,STL,2,3,18,31,OT
2024020273,20242025,2024-11-16,SEA,NYI,3,2,27,24,REG
2024020274,20242025,2024-11-16,TOR,EDM,4,3,22,30,OT
2024020275,20242025,2024-11-16,MTL,CBJ,5,1,30,26,REG
2024020276,20242025,2024-11-16,TBL,NJD,4,0,26,29,REG
2024020277,20242025,2024-11-16,FLA,WPG,5,0,31,27,REG
2024020278,20242025,2024-11-16,PHI,BUF,5,2,32,25,REG
2024020279,20242025,2024-11-16,PIT,SJS,4,3,36,29,SO
2024020280,20242025,2024-11-16,CAR,OTT,4,0,28,24,REG
2024020281,20242025,2024-11-16,MIN,DAL,1,2,23,40,REG
2024020282,20242025,2024-11-16,LAK,DET,4,1,41,18,REG
2024020283,20242025,2024-11-16,VAN,CHI,4,1,33,29,REG
2024020284,20242025,2024-11-17,CAR,STL,4,1,24,30,REG
2024020285,20242025,2024-11-17,VAN,NSH,3,5,27,22,REG
2024020286,20242025,2024-11-17,VGK,WSH,2,5,42,25,REG
2024020287,20242025,2024-11-17,SEA,NYR,0,2,24,23,REG
2024020288,20242025,2024-11-18,BOS,CBJ,1,5,29,28,REG
2024020289,20242025,2024-11-18,PHI,COL,2,3,26,29,REG
2024020290,20242025,2024-11-18,MTL,EDM,3,0,25,30,REG
2024020291,20242025,2024-11-18,DAL,ANA,2,4,36,27,REG
2024020292,20242025,2024-11-18,UTA,WSH,2,6,26,24,REG
2024020293,20242025,2024-11-18,SJS,DET,5,4,34,20,OT
2024020294,20242025,2024-11-19,OTT,EDM,2,5,29,31,REG
2024020295,20242025,2024-11-19,PIT,TBL,2,3,19,35,OT
2024020296,20242025,2024-11-19,STL,MIN,2,4,24,28,REG
2024020297,20242025,2024-11-19,WPG,FLA,6,3,27,23,REG
2024020298,20242025,2024-11-19,CHI,ANA,2,3,20,24,REG
2024020299,20242025,2024-11-19,CGY,NYI,2,1,31,29,SO
2024020300,20242025,2024-11-19,VAN,NYR,3,4,24,33,REG
2024020301,20242025,2024-11-20,TOR,VGK,3,0,26,31,REG
2024020302,20242025,2024-11-20,PHI,CAR,1,4,19,37,REG
2024020303,20242025,2024-11-20,DAL,SJS,5,2,31,23,REG
2024020304,20242025,2024-11-20,SEA,NSH,3,0,37,24,REG
2024020305,20242025,2024-11-20,LAK,BUF,0,1,23,19,REG
2024020306,20242025,2024-11-21,BOS,UTA,1,0,31,22,REG
2024020307,20242025,2024-11-21,OTT,VGK,2,3,40,32,REG
2024020308,20242025,2024-11-21,DET,NYI,2,1,31,23,REG
2024020309,20242025,2024-11-21,NJD,CAR,4,2,21,22,REG
2024020310,20242025,2024-11-21,WSH,COL,1,2,29,27,REG
2024020311,20242025,2024-11-21,CBJ,TBL,7,6,43,30,OT
2024020312,20242025,2024-11-21,STL,SJS,3,2,31,24,SO
2024020313,20242025,2024-11-21,CHI,FLA,3,1,20,33,REG
2024020314,20242025,2024-11-21,CGY,NYR,3,2,49,29,REG
2024020315,20242025,2024-11-21,EDM,MIN,3,5,31,26,REG
2024020316,20242025,2024-11-22,PIT,WPG,1,4,18,30,REG
2024020317,20242025,2024-11-22,ANA,BUF,2,3,24,32,OT
2024020318,20242025,2024-11-23,PHI,CHI,3,2,37,21,OT
2024020319,20242025,2024-11-23,CGY,MIN,4,3,31,23,SO
2024020320,20242025,2024-11-23,LAK,SEA,2,1,21,20,REG
2024020321,20242025,2024-11-23,FLA,COL,4,7,31,25,REG
2024020322,20242025,2024-11-23,MTL,VGK,2,6,17,28,REG
2024020323,20242025,2024-11-23,OTT,VAN,3,4,29,21,REG
2024020324,20242025,2024-11-23,DET,BOS,1,2,20,29,REG
2024020325,20242025,2024-11-23,TBL,DAL,2,4,29,28,REG
2024020326,20242025,2024-11-23,PIT,UTA,1,6,28,30,REG
2024020327,20242025,2024-11-23,WSH,NJD,2,3,25,33,REG
2024020328,20242025,2024-11-23,CBJ,CAR,5,4,32,36,SO
2024020329,20242025,2024-11-23,NSH,WPG,4,1,36,24,REG
2024020330,20242025,2024-11-23,NYI,STL,3,1,31,25,REG
2024020331,20242025,2024-11-23,SJS,BUF,2,4,33,31,REG
2024020332,20242025,2024-11-23,EDM,NYR,6,2,40,34,REG
2024020333,20242025,2024-11-24,TOR,UTA,3,2,35,26,REG
2024020334,20242025,2024-11-25,TBL,COL,8,2,33,25,REG
2024020335,20242025,2024-11-25,FLA,WSH,1,4,21,31,REG
2024020336,20242025,2024-11-25,NJD,NSH,5,2,46,22,REG
2024020337,20242025,2024-11-25,NYR,STL,2,5,29,44,REG
2024020338,20242025,2024-11-25,PHI,VGK,4,5,36,30,SO
2024020339,20242025,2024-11-25,CAR,DAL,6,4,34,19,REG
2024020340,20242025,2024-11-25,OTT,CGY,4,3,30,27,REG
2024020341,20242025,2024-11-25,NYI,DET,2,4,29,21,REG
2024020342,20242025,2024-11-25,MIN,WPG,1,4,44,32,REG
2024020343,20242025,2024-11-25,ANA,SEA,2,3,23,28,REG
2024020344,20242025,2024-11-25,SJS,LAK,7,2,21,24,REG
2024020345,20242025,2024-11-26,BOS,VAN,0,2,33,15,REG
2024020346,20242025,2024-11-26,MTL,UTA,2,3,13,29,OT
2024020347,20242025,2024-11-27,BUF,MIN,0,1,39,30,REG
2024020348,20242025,2024-11-27,NJD,STL,0,3,32,20,REG
2024020349,20242025,2024-11-27,CAR,NYR,4,3,31,22,REG
2024020350,20242025,2024-11-27,DET,CGY,2,1,27,25,OT
2024020351,20242025,2024-11-27,TBL,WSH,4,5,28,32,REG
2024020352,20242025,2024-11-27,FLA,TOR,5,1,24,24,REG
2024020353,20242025,2024-11-27,NYI,BOS,3,6,24,21,REG
2024020354,20242025,2024-11-27,PIT,VAN,5,4,23,29,REG
2024020355,20242025,2024-11-27,CBJ,MTL,3,4,24,23,OT
2024020356,20242025,2024-11-27,NSH,PHI,2,3,27,23,OT
2024020357,20242025,2024-11-27,CHI,DAL,6,2,26,27,REG
2024020358,20242025,2024-11-27,COL,VGK,2,1,34,19,SO
2024020359,20242025,2024-11-27,LAK,WPG,4,1,33,14,REG
2024020360,20242025,2024-11-27,SEA,ANA,2,5,44,33,REG
2024020361,20242025,2024-11-27,SJS,OTT,3,4,39,11,REG
2024020362,20242025,2024-11-29,PHI,NYR,3,1,35,23,REG
2024020363,20242025,2024-11-29,MIN,CHI,3,2,29,23,REG
2024020364,20242025,2024-11-29,BUF,VAN,3,4,34,22,OT
2024020365,20242025,2024-11-29,DET,NJD,4,5,28,29,REG
2024020366,20242025,2024-11-29,WSH,NYI,5,4,26,24,OT
2024020367,20242025,2024-11-29,CAR,FLA,3,6,31,30,REG
2024020368,20242025,2024-11-29,CBJ,CGY,5,2,34,29,REG
2024020369,20242025,2024-11-29,NSH,TBL,2,3,31,28,OT
2024020370,20242025,2024-11-29,ANA,LAK,1,2,31,18,REG
2024020371,20242025,2024-11-29,SJS,SEA,8,5,27,31,REG
2024020372,20242025,2024-11-29,BOS,PIT,1,2,31,36,REG
2024020373,20242025,2024-11-29,DAL,COL,5,3,24,32,REG
2024020374,20242025,2024-11-29,VGK,WPG,4,3,30,25,REG
2024020375,20242025,2024-11-29,UTA,EDM,3,4,31,32,OT
2024020376,20242025,2024-11-30,NYR,MTL,4,3,28,28,REG
2024020377,20242025,2024-11-30,FLA,CAR,6,0,35,20,REG
2024020378,20242025,2024-11-30,TBL,TOR,3,5,41,29,REG
2024020379,20242025,2024-11-30,NJD,WSH,5,6,27,32,REG
2024020380,20242025,2024-11-30,PIT,CGY,6,2,43,32,REG
2024020381,20242025,2024-11-30,STL,PHI,2,3,27,31,OT
2024020382,20242025,2024-11-30,LAK,OTT,5,2,27,22,REG
2024020383,20242025,2024-11-30,NYI,BUF,3,0,20,29,REG
2024020384,20242025,2024-11-30,MIN,NSH,3,2,28,27,OT
2024020385,20242025,2024-11-30,COL,EDM,1,4,28,32,REG
2024020386,20242025,2024-11-30,VGK,UTA,0,6,29,28,REG
2024020387,20242025,2024-11-30,SEA,SJS,2,4,38,23,REG
2024020388,20242025,2024-12-01,DET,VAN,4,5,31,32,OT
2024020389,20242025,2024-12-01,BOS,MTL,6,3,30,28,REG
2024020390,20242025,2024-12-01,CHI,CBJ,3,6,31,36,REG
2024020391,20242025,2024-12-01,DAL,WPG,3,1,31,27,REG
2024020392,20242025,2024-12-01,ANA,OTT,4,3,34,31,SO
2024020393,20242025,2024-12-02,NYR,NJD,1,5,39,28,REG
2024020394,20242025,2024-12-02,TOR,CHI,4,1,22,28,REG
2024020395,20242025,2024-12-02,UTA,DAL,1,2,37,21,REG
2024020396,20242025,2024-12-03,BOS,DET,3,2,35,25,OT
2024020397,20242025,2024-12-03,BUF,COL,4,5,30,41,REG
2024020398,20242025,2024-12-03,MTL,NYI,2,1,27,31,OT
2024020399,20242025,2024-12-03,PIT,FLA,5,4,16,41,OT
2024020400,20242025,2024-12-03,WSH,SJS,1,2,28,31,OT
2024020401,20242025,2024-12-03,CAR,SEA,2,4,19,28,REG
2024020402,20242025,2024-12-03,MIN,VAN,3,2,29,32,OT
2024020403,20242025,2024-12-03,WPG,STL,1,4,23,32,REG
2024020404,20242025,2024-12-03,CGY,CBJ,3,0,22,16,REG
2024020405,20242025,2024-12-03,VGK,EDM,1,0,16,28,REG
2024020406,20242025,2024-12-04,TOR,NSH,3,2,28,24,REG
2024020407,20242025,2024-12-04,CHI,BOS,2,4,22,27,REG
2024020408,20242025,2024-12-04,ANA,VGK,1,4,20,33,REG
2024020409,20242025,2024-12-04,LAK,DAL,3,2,17,28,REG
2024020410,20242025,2024-12-05,BUF,WPG,2,3,30,31,OT
2024020411,20242025,2024-12-05,MTL,NSH,3,0,30,29,REG
2024020412,20242025,2024-12-05,OTT,DET,2,1,32,20,REG
2024020413,20242025,2024-12-05,TBL,SJS,8,1,35,21,REG
2024020414,20242025,2024-12-05,PHI,FLA,5,7,34,28,REG
2024020415,20242025,2024-12-05,CAR,COL,5,3,35,19,REG
2024020416,20242025,2024-12-05,NYI,SEA,2,5,29,25,REG
2024020417,20242025,2024-12-05,CGY,STL,3,4,39,24,OT
2024020418,20242025,2024-12-05,EDM,CBJ,6,3,36,22,REG
2024020419,20242025,2024-12-06,TOR,WSH,1,3,21,26,REG
2024020420,20242025,2024-12-06,NJD,SEA,3,2,36,19,REG
2024020421,20242025,2024-12-06,NYR,PIT,4,2,32,22,REG
2024020422,20242025,2024-12-06,VAN,CBJ,5,2,17,32,REG
2024020423,20242025,2024-12-06,VGK,DAL,3,2,28,40,REG
2024020424,20242025,2024-12-06,ANA,MIN,1,5,27,33,REG
2024020425,20242025,2024-12-07,BOS,PHI,4,3,31,26,OT
2024020426,20242025,2024-12-07,BUF,UTA,2,5,25,28,REG
2024020427,20242025,2024-12-07,CHI,WPG,2,4,14,29,REG
2024020428,20242025,2024-12-07,NYI,CAR,4,3,25,31,REG
2024020429,20242025,2024-12-07,FLA,SJS,3,1,54,29,REG
2024020430,20242025,2024-12-07,MTL,WSH,2,4,24,35,REG
2024020431,20242025,2024-12-07,OTT,NSH,3,1,30,37,REG
2024020432,20242025,2024-12-07,DET,COL,1,2,30,25,REG
2024020433,20242025,2024-12-07,PIT,TOR,5,2,29,27,REG
2024020434,20242025,2024-12-07,LAK,MIN,4,1,34,23,REG
2024020435,20242025,2024-12-07,EDM,STL,4,2,21,31,REG
2024020436,20242025,2024-12-08,NYR,SEA,5,7,37,22,REG
2024020437,20242025,2024-12-08,VAN,TBL,2,4,25,33,REG
2024020438,20242025,2024-12-08,OTT,NYI,2,4,31,13,REG
2024020439,20242025,2024-12-08,WPG,CBJ,1,4,25,28,REG
2024020440,20242025,2024-12-08,NJD,COL,0,4,25,24,REG
2024020441,20242025,2024-12-08,PHI,UTA,2,4,24,25,REG
2024020442,20242025,2024-12-08,DAL,CGY,6,2,28,31,REG
2024020443,20242025,2024-12-09,BUF,DET,5,6,21,31,SO
2024020444,20242025,2024-12-09,NYR,CHI,1,2,30,32,REG
2024020445,20242025,2024-12-09,MTL,ANA,3,2,21,29,SO
2024020446,20242025,2024-12-10,NJD,TOR,1,2,39,17,OT
2024020447,20242025,2024-12-10,PIT,COL,2,6,27,27,REG
2024020448,20242025,2024-12-10,CAR,SJS,3,2,28,23,REG
2024020449,20242025,2024-12-10,CBJ,PHI,3,5,18,25,REG
2024020450,20242025,2024-12-10,NYI,LAK,1,3,20,30,REG
2024020451,20242025,2024-12-10,NSH,CGY,3,4,20,28,REG
2024020452,20242025,2024-12-10,WPG,BOS,8,1,35,24,REG
2024020453,20242025,2024-12-10,EDM,TBL,2,1,25,22,REG
2024020454,20242025,2024-12-10,UTA,MIN,4,5,25,38,SO
2024020455,20242025,2024-12-10,VAN,STL,3,4,25,25,OT
2024020456,20242025,2024-12-10,SEA,FLA,1,2,18,33,SO
2024020457,20242025,2024-12-11,BUF,NYR,2,3,31,28,REG
2024020458,20242025,2024-12-11,OTT,ANA,5,1,34,32,REG
2024020459,20242025,2024-12-12,TOR,ANA,3,2,33,28,REG
2024020460,20242025,2024-12-12,MTL,PIT,2,9,23,33,REG
2024020461,20242025,2024-12-12,NJD,LAK,3,1,26,14,REG
2024020462,20242025,2024-12-12,PHI,DET,4,1,36,26,REG
2024020463,20242025,2024-12-12,CBJ,WSH,1,2,33,37,OT
2024020464,20242025,2024-12-12,NYI,CHI,5,4,21,30,REG
2024020465,20242025,2024-12-12,STL,SJS,3,4,20,31,REG
2024020466,20242025,2024-12-12,DAL,NSH,1,4,36,26,REG
2024020467,20242025,2024-12-12,MIN,EDM,1,7,30,35,REG
2024020468,20242025,2024-12-12,WPG,VGK,2,3,20,36,OT
2024020469,20242025,2024-12-12,COL,UTA,1,4,24,23,REG
2024020470,20242025,2024-12-12,CGY,TBL,3,8,22,26,REG
2024020471,20242025,2024-12-12,VAN,FLA,4,0,19,27,REG
2024020472,20242025,2024-12-12,SEA,BOS,5,1,21,34,REG
2024020473,20242025,2024-12-13,CAR,OTT,0,3,32,22,REG
2024020474,20242025,2024-12-14,NJD,CHI,4,1,24,17,REG
2024020475,20242025,2024-12-14,NYR,LAK,1,5,32,32,REG
2024020476,20242025,2024-12-14,MIN,PHI,4,1,22,22,REG
2024020477,20242025,2024-12-14,EDM,VGK,6,3,34,42,REG
2024020478,20242025,2024-12-14,OTT,PIT,3,2,31,27,OT
2024020479,20242025,2024-12-14,DET,TOR,4,2,26,25,REG
2024020480,20242025,2024-12-14,WSH,BUF,4,2,31,21,REG
2024020481,20242025,2024-12-14,CBJ,ANA,3,4,42,27,OT
2024020482,20242025,2024-12-14,WPG,MTL,4,2,27,28,REG
2024020483,20242025,2024-12-14,DAL,STL,2,1,37,16,OT
2024020484,20242025,2024-12-14,COL,NSH,5,2,33,39,REG
2024020485,20242025,2024-12-14,CGY,FLA,3,0,27,32,REG
2024020486,20242025,2024-12-14,VAN,BOS,1,5,20,28,REG
2024020487,20242025,2024-12-14,SJS,UTA,3,4,22,40,REG
2024020488,20242025,2024-12-14,SEA,TBL,1,5,22,31,REG
2024020489,20242025,2024-12-15,CHI,NYI,5,3,23,33,REG
2024020490,20242025,2024-12-15,TOR,BUF,5,3,41,27,REG
2024020491,20242025,2024-12-15,CAR,CBJ,4,1,28,28,REG
2024020492,20242025,2024-12-15,STL,NYR,3,2,24,28,REG
2024020493,20242025,2024-12-15,MIN,VGK,2,3,22,27,REG
2024020494,20242025,2024-12-16,DAL,WSH,3,1,24,26,REG
2024020495,20242025,2024-12-16,EDM,FLA,5,6,30,28,REG
2024020496,20242025,2024-12-16,VAN,COL,3,1,25,31,REG
2024020497,20242025,2024-12-17,MTL,BUF,6,1,27,21,REG
2024020498,20242025,2024-12-17,TBL,CBJ,5,3,33,32,REG
2024020499,20242025,2024-12-17,PIT,LAK,3,2,31,31,OT
2024020500,20242025,2024-12-17,CAR,NYI,4,0,29,32,REG
2024020501,20242025,2024-12-17,STL,NJD,1,4,20,28,REG
2024020502,20242025,2024-12-17,NSH,NYR,2,0,32,25,REG
2024020503,20242025,2024-12-17,CHI,WSH,3,2,23,22,REG
2024020504,20242025,2024-12-17,CGY,BOS,3,4,23,35,OT
2024020505,20242025,2024-12-17,SEA,OTT,0,3,30,27,REG
2024020506,20242025,2024-12-17,SJS,WPG,3,4,35,33,REG
2024020507,20242025,2024-12-18,DET,PHI,6,4,24,19,REG
2024020508,20242025,2024-12-18,DAL,TOR,3,5,39,19,REG
2024020509,20242025,2024-12-18,MIN,FLA,1,6,27,33,REG
2024020510,20242025,2024-12-18,UTA,VAN,3,2,31,26,OT
2024020511,20242025,2024-12-18,ANA,WPG,3,2,31,23,REG
2024020512,20242025,2024-12-19,TBL,STL,3,1,18,32,REG
2024020513,20242025,2024-12-19,PHI,LAK,3,7,26,27,REG
2024020514,20242025,2024-12-19,CBJ,NJD,4,2,20,42,REG
2024020515,20242025,2024-12-19,NSH,PIT,4,5,26,20,OT
2024020516,20242025,2024-12-19,CHI,SEA,3,1,24,27,REG
2024020517,20242025,2024-12-19,CGY,OTT,2,3,32,29,OT
2024020518,20242025,2024-12-19,EDM,BOS,3,2,26,26,OT
2024020519,20242025,2024-12-19,VGK,VAN,3,1,21,20,REG
2024020520,20242025,2024-12-19,SJS,COL,2,4,34,31,REG
2024020521,20242025,2024-12-20,BUF,TOR,3,6,27,29,REG
2024020522,20242025,2024-12-20,DET,MTL,3,4,28,33,REG
2024020523,20242025,2024-12-20,FLA,STL,2,1,27,27,OT
2024020524,20242025,2024-12-20,WSH,CAR,3,1,22,25,REG
2024020525,20242025,2024-12-20,DAL,NYR,1,3,42,30,REG
2024020526,20242025,2024-12-20,MIN,UTA,1,2,29,18,REG
2024020527,20242025,2024-12-20,ANA,COL,2,4,32,23,REG
2024020528,20242025,2024-12-21,NSH,LAK,3,2,26,24,OT
2024020529,20242025,2024-12-21,CGY,CHI,6,4,30,28,REG
2024020530,20242025,2024-12-21,EDM,SJS,3,2,42,22,OT
2024020531,20242025,2024-12-21,BOS,BUF,3,1,19,20,REG
2024020532,20242025,2024-12-21,TOR,NYI,3,6,29,34,REG
2024020533,20242025,2024-12-21,MTL,DET,5,1,24,21,REG
2024020534,20242025,2024-12-21,NJD,PIT,3,0,27,12,REG
2024020535,20242025,2024-12-21,PHI,CBJ,5,4,30,25,OT
2024020536,20242025,2024-12-21,WPG,MIN,5,0,24,19,REG
2024020537,20242025,2024-12-21,VAN,OTT,4,5,25,22,OT
2024020538,20242025,2024-12-21,VGK,SEA,6,2,34,23,REG
2024020539,20242025,2024-12-22,NYR,CAR,1,3,23,33,REG
2024020540,20242025,2024-12-22,TBL,FLA,2,4,21,26,REG
2024020541,20242025,2024-12-22,WSH,LAK,3,1,21,26,REG
2024020542,20242025,2024-12-22,UTA,ANA,4,5,25,30,SO
2024020543,20242025,2024-12-22,COL,SEA,5,2,29,19,REG
2024020544,20242025,2024-12-22,EDM,OTT,3,1,21,21,REG
2024020545,20242025,2024-12-23,NJD,NYR,5,0,30,12,REG
2024020546,20242025,2024-12-23,TOR,WPG,2,5,25,27,REG
2024020547,20242025,2024-12-23,BOS,WSH,4,1,22,11,REG
2024020548,20242025,2024-12-23,DET,STL,0,4,19,21,REG
2024020549,20242025,2024-12-23,FLA,TBL,0,4,36,29,REG
2024020550,20242025,2024-12-23,PIT,PHI,7,3,22,27,REG
2024020551,20242025,2024-12-23,CBJ,MTL,5,4,32,31,REG
2024020552,20242025,2024-12-23,NYI,BUF,1,7,28,25,REG
2024020553,20242025,2024-12-23,NSH,CAR,5,2,25,27,REG
2024020554,20242025,2024-12-23,MIN,CHI,4,3,27,31,REG
2024020555,20242025,2024-12-23,VAN,SJS,4,3,24,29,REG
2024020556,20242025,2024-12-23,UTA,DAL,2,3,26,29,REG
2024020557,20242025,2024-12-23,VGK,ANA,3,1,33,32,REG
2024020558,20242025,2024-12-27,BUF,CHI,6,2,35,17,REG
2024020559,20242025,2024-12-27,DET,TOR,2,5,25,23,REG
2024020560,20242025,2024-12-27,NJD,CAR,4,2,23,31,REG
2024020561,20242025,2024-12-27,CBJ,BOS,6,2,33,26,REG
2024020562,20242025,2024-12-27,STL,NSH,7,4,30,30,REG
2024020563,20242025,2024-12-27,DAL,MIN,2,3,29,18,OT
2024020564,20242025,2024-12-27,UTA,COL,1,4,35,37,REG
2024020565,20242025,2024-12-27,SJS,VGK,3,6,25,36,REG
2024020566,20242025,2024-12-28,FLA,MTL,0,4,34,25,REG
2024020567,20242025,2024-12-28,VAN,SEA,4,5,22,29,OT
2024020568,20242025,2024-12-28,ANA,PHI,1,3,33,25,REG
2024020569,20242025,2024-12-28,LAK,EDM,4,3,29,27,OT
2024020570,20242025,2024-12-28,BOS,CBJ,4,0,28,18,REG
2024020571,20242025,2024-12-28,TOR,WSH,2,5,37,32,REG
2024020572,20242025,2024-12-28,TBL,NYR,6,2,25,44,REG
2024020573,20242025,2024-12-28,CAR,NJD,5,2,41,23,REG
2024020574,20242025,2024-12-28,WPG,OTT,4,2,23,35,REG
2024020575,20242025,2024-12-28,NYI,PIT,6,3,34,25,REG
2024020576,20242025,2024-12-28,SJS,CGY,1,3,22,33,REG
2024020577,20242025,2024-12-29,CHI,DAL,1,5,25,35,REG
2024020578,20242025,2024-12-29,ANA,EDM,5,3,32,23,REG
2024020579,20242025,2024-12-29,DET,WSH,4,2,27,27,REG
2024020580,20242025,2024-12-29,TBL,MTL,2,5,23,37,REG
2024020581,20242025,2024-12-29,PIT,NYI,3,2,41,31,REG
2024020582,20242025,2024-12-29,STL,BUF,2,4,37,16,REG
2024020583,20242025,2024-12-29,MIN,OTT,1,3,31,37,REG
2024020584,20242025,2024-12-29,VGK,CGY,3,0,37,31,REG
2024020585,20242025,2024-12-29,LAK,PHI,5,4,20,21,REG
2024020586,20242025,2024-12-30,FLA,NYR,5,3,26,35,REG
2024020587,20242025,2024-12-30,WPG,NSH,3,0,28,22,REG
2024020588,20242025,2024-12-30,SEA,UTA,5,2,33,30,REG
2024020589,20242025,2024-12-31,WSH,BOS,3,1,27,27,REG
2024020590,20242025,2024-12-31,TOR,NYI,3,1,25,31,REG
2024020591,20242025,2024-12-31,VGK,MTL,2,3,29,22,REG
2024020592,20242025,2024-12-31,CHI,STL,2,6,30,28,REG
2024020593,20242025,2024-12-31,DET,PIT,4,2,25,25,REG
2024020594,20242025,2024-12-31,CBJ,CAR,4,3,28,35,SO
2024020595,20242025,2024-12-31,DAL,BUF,4,2,33,23,REG
2024020596,20242025,2024-12-31,MIN,NSH,5,3,38,46,REG
2024020597,20242025,2024-12-31,COL,WPG,5,2,38,22,REG
2024020598,20242025,2024-12-31,ANA,NJD,3,2,26,34,REG
2024020599,20242025,2024-12-31,SJS,PHI,0,4,22,34,REG
2024020600,20242025,2024-12-31,CGY,VAN,3,1,29,24,REG
2024020601,20242025,2024-12-31,EDM,UTA,4,1,38,27,REG
2024020602,20242025,2025-01-01,LAK,NJD,3,0,24,33,REG
2024020603,20242025,2025-01-02,FLA,CAR,1,3,26,40,REG
2024020604,20242025,2025-01-02,NYR,BOS,2,1,27,33,REG
2024020605,20242025,2025-01-02,WSH,MIN,3,4,31,33,SO
2024020606,20242025,2025-01-02,CBJ,DET,4,5,25,26,REG
2024020607,20242025,2025-01-02,NYI,TOR,1,2,33,31,REG
2024020608,20242025,2025-01-02,DAL,OTT,4,2,25,13,REG
2024020609,20242025,2025-01-02,WPG,ANA,3,4,30,24,OT
2024020610,20242025,2025-01-02,COL,BUF,6,5,29,21,OT
2024020611,20242025,2025-01-02,CGY,UTA,3,5,26,26,REG
2024020612,20242025,2025-01-02,VGK,PHI,5,2,27,25,REG
2024020613,20242025,2025-01-02,SEA,VAN,3,4,27,22,SO
2024020614,20242025,2025-01-02,SJS,TBL,2,1,25,25,REG
2024020615,20242025,2025-01-03,FLA,PIT,3,2,33,31,SO
2024020616,20242025,2025-01-03,CHI,MTL,4,2,26,40,REG
2024020617,20242025,2025-01-03,STL,OTT,4,0,25,20,REG
2024020618,20242025,2025-01-03,EDM,ANA,3,2,26,29,REG
2024020619,20242025,2025-01-03,VAN,NSH,0,3,27,19,REG
2024020620,20242025,2025-01-04,WSH,NYR,7,4,28,33,REG
2024020621,20242025,2025-01-04,WPG,DET,2,4,23,29,REG
2024020622,20242025,2025-01-04,SJS,NJD,3,2,24,30,REG
2024020623,20242025,2025-01-04,TOR,BOS,6,4,29,31,REG
2024020624,20242025,2025-01-04,CAR,MIN,0,4,21,27,REG
2024020625,20242025,2025-01-04,CBJ,STL,6,4,39,33,REG
2024020626,20242025,2025-01-04,COL,MTL,1,2,23,23,SO
2024020627,20242025,2025-01-04,CGY,NSH,1,4,32,28,REG
2024020628,20242025,2025-01-04,DAL,UTA,3,2,29,35,OT
2024020629,20242025,2025-01-04,LAK,TBL,2,1,21,34,REG
2024020630,20242025,2025-01-04,VGK,BUF,3,1,33,24,REG
2024020631,20242025,2025-01-04,SEA,EDM,2,4,18,32,REG
2024020632,20242025,2025-01-05,CHI,NYR,2,6,27,34,REG
2024020633,20242025,2025-01-05,BOS,NYI,4,5,30,37,OT
2024020634,20242025,2025-01-05,CAR,PIT,4,3,31,19,OT
2024020635,20242025,2025-01-05,TOR,PHI,3,2,25,32,OT
2024020636,20242025,2025-01-05,ANA,TBL,4,1,26,37,REG
2024020637,20242025,2025-01-06,BUF,WSH,4,3,27,28,SO
2024020638,20242025,2025-01-06,MTL,VAN,5,4,24,20,OT
2024020639,20242025,2025-01-06,COL,FLA,3,1,34,27,REG
2024020640,20242025,2025-01-06,SEA,NJD,2,3,24,29,REG
2024020029,20242025,2025-01-07,TBL,CAR,3,2,33,31,REG
2024020641,20242025,2025-01-07,BOS,EDM,0,4,26,39,REG
2024020642,20242025,2025-01-07,DET,OTT,3,2,33,33,OT
2024020643,20242025,2025-01-07,NYR,DAL,4,5,26,39,OT
2024020644,20242025,2025-01-07,PHI,TOR,2,3,32,17,REG
2024020645,20242025,2025-01-07,PIT,CBJ,3,4,23,29,SO
2024020646,20242025,2025-01-07,MIN,STL,6,4,26,33,REG
2024020647,20242025,2025-01-07,WPG,NSH,5,2,30,28,REG
2024020648,20242025,2025-01-07,ANA,CGY,2,3,28,33,OT
2024020649,20242025,2025-01-07,SJS,VGK,2,4,21,42,REG
2024020650,20242025,2025-01-08,WSH,VAN,2,1,18,31,OT
2024020651,20242025,2025-01-08,CHI,COL,3,1,20,36,REG
2024020652,20242025,2025-01-08,UTA,FLA,1,4,26,33,REG
2024020654,20242025,2025-01-09,OTT,BUF,0,4,35,21,REG
2024020655,20242025,2025-01-09,TBL,BOS,4,1,31,28,REG
2024020656,20242025,2025-01-09,NYR,NJD,3,2,32,23,OT
2024020657,20242025,2025-01-09,PHI,DAL,1,4,28,23,REG
2024020658,20242025,2025-01-09,PIT,EDM,5,3,26,43,REG
2024020659,20242025,2025-01-09,CAR,TOR,6,3,34,33,REG
2024020660,20242025,2025-01-09,CBJ,SEA,6,2,24,31,REG
2024020661,20242025,2025-01-09,STL,ANA,6,2,34,23,REG
2024020662,20242025,2025-01-09,MIN,COL,1,6,25,27,REG
2024020663,20242025,2025-01-09,VGK,NYI,0,4,30,21,REG
2024020664,20242025,2025-01-10,DET,CHI,5,3,28,15,REG
2024020665,20242025,2025-01-10,WSH,MTL,2,3,17,30,OT
2024020666,20242025,2025-01-10,CAR,VAN,2,0,20,14,REG
2024020667,20242025,2025-01-10,WPG,LAK,1,2,19,23,OT
2024020668,20242025,2025-01-10,UTA,SJS,2,1,26,19,REG
2024020669,20242025,2025-01-11,FLA,BOS,3,4,43,18,OT
2024020670,20242025,2025-01-11,BUF,SEA,2,6,35,29,REG
2024020671,20242025,2025-01-11,PIT,OTT,0,5,29,22,REG
2024020672,20242025,2025-01-11,TOR,VAN,0,3,20,18,REG
2024020673,20242025,2025-01-11,MTL,DAL,1,2,31,36,SO
2024020674,20242025,2025-01-11,NJD,TBL,3,2,26,25,OT
2024020675,20242025,2025-01-11,PHI,ANA,6,0,30,22,REG
2024020676,20242025,2025-01-11,CHI,EDM,3,4,22,34,REG
2024020677,20242025,2025-01-11,STL,CBJ,1,2,32,30,REG
2024020678,20242025,2025-01-11,WPG,COL,3,0,29,22,REG
2024020679,20242025,2025-01-11,NSH,WSH,1,4,33,16,REG
2024020680,20242025,2025-01-11,UTA,NYI,1,2,22,32,REG
2024020681,20242025,2025-01-11,CGY,LAK,2,1,18,32,REG
2024020682,20242025,2025-01-11,VGK,NYR,1,2,30,26,REG
2024020683,20242025,2025-01-11,SJS,MIN,1,3,37,22,REG
2024020684,20242025,2025-01-12,DET,SEA,6,2,23,33,REG
2024020685,20242025,2025-01-12,OTT,DAL,3,2,27,26,REG
2024020686,20242025,2025-01-12,PIT,TBL,2,5,33,19,REG
2024020687,20242025,2025-01-12,CAR,ANA,2,3,37,20,OT
2024020688,20242025,2025-01-12,VGK,MIN,4,1,37,16,REG
2024020689,20242025,2025-01-13,PHI,FLA,4,3,29,23,REG
2024020690,20242025,2025-01-13,CHI,CGY,2,5,25,36,REG
2024020691,20242025,2025-01-13,EDM,LAK,1,0,30,30,REG
2024020692,20242025,2025-01-14,BOS,TBL,6,2,24,45,REG
2024020693,20242025,2025-01-14,TOR,DAL,1,4,28,23,REG
2024020694,20242025,2025-01-14,DET,SJS,3,6,28,24,REG
2024020695,20242025,2025-01-14,NJD,FLA,1,2,27,28,SO
2024020696,20242025,2025-01-14,PIT,SEA,2,4,33,18,REG
2024020697,20242025,2025-01-14,WSH,ANA,3,0,25,19,REG
2024020698,20242025,2025-01-14,CBJ,PHI,3,2,28,25,SO
2024020699,20242025,2025-01-14,NYI,OTT,0,2,24,27,REG
2024020700,20242025,2025-01-14,STL,CGY,2,1,25,28,REG
2024020701,20242025,2025-01-14,NSH,VGK,5,3,23,22,REG
2024020702,20242025,2025-01-14,WPG,VAN,6,1,33,24,REG
2024020703,20242025,2025-01-14,COL,NYR,3,2,26,29,OT
2024020704,20242025,2025-01-14,UTA,MTL,3,5,25,27,REG
2024020705,20242025,2025-01-15,BUF,CAR,4,2,24,37,REG
2024020706,20242025,2025-01-15,MIN,EDM,3,5,34,36,REG
2024020707,20242025,2025-01-16,TOR,NJD,4,3,41,24,OT
2024020708,20242025,2025-01-16,OTT,WSH,0,1,24,26,OT
2024020709,20242025,2025-01-16,TBL,ANA,4,3,35,37,SO
2024020710,20242025,2025-01-16,FLA,DET,2,5,43,20,REG
2024020711,20242025,2025-01-16,CBJ,SJS,4,1,34,19,REG
2024020712,20242025,2025-01-16,NYI,PHI,3,5,29,24,REG
2024020713,20242025,2025-01-16,STL,CGY,4,1,29,29,REG
2024020714,20242025,2025-01-16,NSH,CHI,3,2,41,26,SO
2024020715,20242025,2025-01-16,DAL,MTL,1,3,33,24,REG
2024020716,20242025,2025-01-16,WPG,SEA,2,1,36,18,REG
2024020717,20242025,2025-01-16,UTA,NYR,3,5,31,25,REG
2024020718,20242025,2025-01-16,COL,EDM,3,4,25,28,REG
2024020719,20242025,2025-01-16,VAN,LAK,1,5,21,21,REG
2024020720,20242025,2025-01-17,BUF,PIT,2,5,42,19,REG
2024020721,20242025,2025-01-17,CAR,VGK,3,2,28,31,REG
2024020722,20242025,2025-01-18,NJD,PHI,1,3,13,18,REG
2024020723,20242025,2025-01-18,OTT,BOS,6,5,44,28,SO
2024020724,20242025,2025-01-18,COL,DAL,6,3,36,29,REG
2024020725,20242025,2025-01-18,FLA,ANA,3,0,45,34,REG
2024020726,20242025,2025-01-18,MTL,TOR,3,7,35,34,REG
2024020727,20242025,2025-01-18,TBL,DET,5,1,22,39,REG
2024020728,20242025,2025-01-18,NYR,CBJ,1,0,26,27,SO
2024020729,20242025,2025-01-18,WSH,PIT,4,1,32,19,REG
2024020730,20242025,2025-01-18,WPG,CGY,1,3,39,22,REG
2024020731,20242025,2025-01-18,NYI,SJS,4,1,31,19,REG
2024020732,20242025,2025-01-18,CHI,VGK,5,3,23,35,REG
2024020733,20242025,2025-01-18,NSH,MIN,6,2,38,29,REG
2024020734,20242025,2025-01-18,UTA,STL,4,2,33,24,REG
2024020735,20242025,2025-01-18,VAN,EDM,3,2,27,15,REG
2024020736,20242025,2025-01-18,SEA,LAK,4,2,22,30,REG
2024020737,20242025,2025-01-19,NJD,OTT,1,2,26,20,REG
2024020738,20242025,2025-01-19,MTL,NYR,5,4,37,28,OT
2024020739,20242025,2025-01-19,DAL,DET,4,1,25,34,REG
2024020740,20242025,2025-01-20,BOS,SJS,6,3,33,28,REG
2024020741,20242025,2025-01-20,COL,MIN,1,3,27,26,REG
2024020742,20242025,2025-01-20,SEA,BUF,6,4,34,29,REG
2024020743,20242025,2025-01-20,VGK,STL,4,5,32,28,SO
2024020744,20242025,2025-01-20,TOR,TBL,5,3,28,30,REG
2024020745,20242025,2025-01-20,NYI,CBJ,3,1,25,26,REG
2024020746,20242025,2025-01-20,CHI,CAR,3,4,25,48,OT
2024020747,20242025,2025-01-20,UTA,WPG,5,2,28,25,REG
2024020748,20242025,2025-01-20,LAK,PIT,1,5,26,32,REG
2024020749,20242025,2025-01-21,MTL,TBL,3,2,22,35,REG
2024020750,20242025,2025-01-21,NYR,OTT,5,0,29,20,REG
2024020751,20242025,2025-01-21,PHI,DET,2,1,26,28,OT
2024020752,20242025,2025-01-21,NSH,SJS,7,5,41,24,REG
2024020753,20242025,2025-01-21,DAL,CAR,1,2,23,19,REG
2024020754,20242025,2025-01-21,EDM,WSH,2,3,32,14,REG
2024020755,20242025,2025-01-21,VAN,BUF,2,3,34,26,REG
2024020756,20242025,2025-01-21,ANA,FLA,2,5,30,29,REG
2024020757,20242025,2025-01-22,TOR,CBJ,1,5,29,19,REG
2024020758,20242025,2025-01-22,NJD,BOS,5,1,34,23,REG
2024020759,20242025,2025-01-22,COL,WPG,2,3,27,25,OT
2024020760,20242025,2025-01-22,LAK,FLA,2,1,28,28,REG
2024020761,20242025,2025-01-23,BOS,OTT,2,0,26,29,REG
2024020762,20242025,2025-01-23,DET,MTL,4,2,45,29,REG
2024020763,20242025,2025-01-23,NYR,PHI,6,1,37,34,REG
2024020764,20242025,2025-01-23,CAR,CBJ,7,4,43,22,REG
2024020765,20242025,2025-01-23,STL,VGK,2,4,17,31,REG
2024020766,20242025,2025-01-23,MIN,UTA,0,4,26,29,REG
2024020767,20242025,2025-01-23,CGY,BUF,5,2,26,34,REG
2024020768,20242025,2025-01-23,EDM,VAN,6,2,34,26,REG
2024020769,20242025,2025-01-23,ANA,PIT,5,1,34,32,REG
2024020770,20242025,2025-01-23,SEA,WSH,0,3,22,32,REG
2024020771,20242025,2025-01-23,SJS,NSH,5,6,35,38,REG
2024020772,20242025,2025-01-24,NYI,PHI,3,1,27,30,REG
2024020773,20242025,2025-01-24,CHI,TBL,3,4,14,40,OT
2024020774,20242025,2025-01-24,DAL,VGK,4,3,27,21,REG
2024020775,20242025,2025-01-24,WPG,UTA,5,2,29,19,REG
2024020776,20242025,2025-01-25,BOS,COL,3,1,15,28,REG
2024020777,20242025,2025-01-25,EDM,BUF,3,2,34,41,REG
2024020778,20242025,2025-01-25,SEA,PIT,4,1,25,29,REG
2024020779,20242025,2025-01-25,MTL,NJD,3,4,32,44,OT
2024020780,20242025,2025-01-25,OTT,TOR,2,1,23,29,REG
2024020781,20242025,2025-01-25,DET,TBL,2,0,32,28,REG
2024020782,20242025,2025-01-25,CBJ,LAK,3,2,24,33,OT
2024020783,20242025,2025-01-25,STL,DAL,0,2,33,19,REG
2024020784,20242025,2025-01-25,MIN,CGY,4,5,25,29,REG
2024020785,20242025,2025-01-25,NYI,CAR,3,2,27,27,OT
2024020786,20242025,2025-01-25,VAN,WSH,2,1,25,33,REG
2024020787,20242025,2025-01-25,ANA,NSH,5,2,35,43,REG
2024020788,20242025,2025-01-25,SJS,FLA,2,7,23,32,REG
2024020789,20242025,2025-01-26,NYR,COL,4,5,37,22,REG
2024020790,20242025,2025-01-26,OTT,UTA,3,1,27,35,REG
2024020791,20242025,2025-01-26,WPG,CGY,5,2,27,22,REG
2024020792,20242025,2025-01-26,CHI,MIN,2,4,20,28,REG
2024020793,20242025,2025-01-26,VGK,FLA,4,1,26,34,REG
2024020794,20242025,2025-01-27,DET,LAK,5,2,28,25,REG
2024020795,20242025,2025-01-27,PHI,NJD,4,2,26,33,REG
2024020796,20242025,2025-01-27,STL,VAN,2,5,26,30,REG
2024020797,20242025,2025-01-27,EDM,SEA,4,2,31,28,REG
2024020798,20242025,2025-01-27,SJS,PIT,2,1,28,30,REG
2024020799,20242025,2025-01-28,BUF,BOS,7,2,33,27,REG
2024020800,20242025,2025-01-28,MTL,WPG,1,4,25,24,REG
2024020801,20242025,2025-01-28,TBL,CHI,1,4,35,21,REG
2024020802,20242025,2025-01-28,NYR,CAR,0,4,22,26,REG
2024020803,20242025,2025-01-28,NYI,COL,5,2,28,32,REG
2024020804,20242025,2025-01-28,CGY,WSH,1,3,33,23,REG
2024020805,20242025,2025-01-28,VGK,DAL,3,4,28,28,OT
2024020806,20242025,2025-01-28,SEA,ANA,4,6,30,23,REG
2024020807,20242025,2025-01-29,TOR,MIN,1,3,33,25,REG
2024020808,20242025,2025-01-29,FLA,LAK,3,0,39,29,REG
2024020809,20242025,2025-01-29,NJD,PHI,5,0,26,24,REG
2024020810,20242025,2025-01-29,NSH,VAN,1,3,32,22,REG
2024020811,20242025,2025-01-29,UTA,PIT,2,3,29,29,OT
2024020812,20242025,2025-01-30,BOS,WPG,2,6,28,28,REG
2024020813,20242025,2025-01-30,MTL,MIN,0,4,19,27,REG
2024020814,20242025,2025-01-30,OTT,WSH,5,4,34,35,OT
2024020815,20242025,2025-01-30,TBL,LAK,3,0,33,28,REG
2024020816,20242025,2025-01-30,PHI,NYI,0,3,23,28,REG
2024020817,20242025,2025-01-30,CAR,CHI,3,2,27,20,REG
2024020818,20242025,2025-01-30,CGY,ANA,4,1,30,31,REG
2024020819,20242025,2025-01-30,EDM,DET,2,3,47,35,SO
2024020820,20242025,2025-01-30,VGK,CBJ,1,2,26,24,OT
2024020821,20242025,2025-01-30,SEA,SJS,6,2,33,28,REG
2024020822,20242025,2025-01-31,BUF,NSH,4,3,27,31,REG
2024020823,20242025,2025-01-31,DAL,VAN,5,3,16,29,REG
2024020824,20242025,2025-01-31,COL,STL,5,0,36,19,REG
2024020825,20242025,2025-01-31,UTA,CBJ,2,3,34,23,OT
2024020826,20242025,2025-02-01,FLA,CHI,5,1,44,25,REG
2024020827,20242025,2025-02-01,BOS,NYR,6,3,25,25,REG
2024020828,20242025,2025-02-01,OTT,MIN,6,0,52,16,REG
2024020829,20242025,2025-02-01,TBL,NYI,2,3,31,36,OT
2024020830,20242025,2025-02-01,PIT,NSH,3,0,36,25,REG
2024020831,20242025,2025-02-01,WSH,WPG,4,5,29,30,OT
2024020832,20242025,2025-02-01,CAR,LAK,2,4,28,26,REG
2024020833,20242025,2025-02-01,EDM,TOR,3,4,48,28,REG
2024020834,20242025,2025-02-01,CGY,DET,1,3,34,25,REG
2024020835,20242025,2025-02-02,BUF,NJD,4,3,34,24,REG
2024020836,20242025,2025-02-02,COL,PHI,2,0,32,24,REG
2024020837,20242025,2025-02-02,ANA,MTL,3,2,22,23,REG
2024020838,20242025,2025-02-02,FLA,NYI,6,3,33,34,REG
2024020839,20242025,2025-02-02,NYR,VGK,4,2,28,36,REG
2024020840,20242025,2025-02-02,DAL,CBJ,5,3,39,30,REG
2024020841,20242025,2025-02-02,UTA,STL,1,2,25,29,REG
2024020842,20242025,2025-02-02,VAN,DET,2,3,27,18,OT
2024020843,20242025,2025-02-02,SEA,CGY,2,3,31,35,REG
2024020844,20242025,2025-02-03,NSH,OTT,2,5,27,39,REG
2024020845,20242025,2025-02-04,BOS,MIN,3,0,35,36,REG
2024020846,20242025,2025-02-04,BUF,CBJ,3,2,21,29,REG
2024020847,20242025,2025-02-04,TBL,OTT,4,3,38,28,REG
2024020848,20242025,2025-02-04,PIT,NJD,2,3,27,21,SO
2024020849,20242025,2025-02-04,WSH,FLA,6,3,26,33,REG
2024020850,20242025,2025-02-04,NYI,VGK,2,1,14,34,REG
2024020851,20242025,2025-02-04,STL,EDM,2,3,22,39,OT
2024020852,20242025,2025-02-04,WPG,CAR,3,0,30,29,REG
2024020853,20242025,2025-02-04,CGY,TOR,3,6,26,30,REG
2024020854,20242025,2025-02-04,UTA,PHI,3,2,42,20,OT
2024020855,20242025,2025-02-04,VAN,COL,3,0,31,25,REG
2024020856,20242025,2025-02-04,ANA,DAL,2,1,28,27,REG
2024020857,20242025,2025-02-04,SEA,DET,4,5,27,40,SO
2024020858,20242025,2025-02-04,SJS,MTL,3,4,30,20,REG
2024020859,20242025,2025-02-05,NYR,BOS,3,2,22,17,REG
2024020860,20242025,2025-02-05,CHI,EDM,3,4,32,38,OT
2024020861,20242025,2025-02-05,LAK,MTL,6,3,37,21,REG
2024020862,20242025,2025-02-06,TBL,OTT,5,1,31,28,REG
2024020863,20242025,2025-02-06,NJD,VGK,1,3,15,40,REG
2024020864,20242025,2025-02-06,PHI,WSH,3,4,22,18,REG
2024020865,20242025,2025-02-06,CBJ,UTA,2,3,22,33,OT
2024020866,20242025,2025-02-06,STL,FLA,2,3,22,34,REG
2024020867,20242025,2025-02-06,MIN,CAR,2,1,24,38,REG
2024020868,20242025,2025-02-06,CGY,COL,2,4,29,34,REG
2024020869,20242025,2025-02-06,SEA,TOR,1,3,27,30,REG
2024020870,20242025,2025-02-06,SJS,VAN,1,2,34,24,OT
2024020871,20242025,2025-02-07,NYR,PIT,2,3,24,26,REG
2024020872,20242025,2025-02-07,WPG,NYI,4,3,27,35,REG
2024020873,20242025,2025-02-07,CHI,NSH,6,2,30,33,REG
2024020874,20242025,2025-02-07,EDM,COL,4,5,27,31,REG
2024020875,20242025,2025-02-07,LAK,DAL,5,4,37,30,SO
2024020876,20242025,2025-02-08,MTL,NJD,0,4,34,22,REG
2024020877,20242025,2025-02-08,DET,TBL,3,6,37,18,REG
2024020878,20242025,2025-02-08,CAR,UTA,7,3,38,39,REG
2024020879,20242025,2025-02-08,BOS,VGK,3,4,24,38,REG
2024020880,20242025,2025-02-08,FLA,OTT,5,1,48,27,REG
2024020881,20242025,2025-02-08,PHI,PIT,3,2,20,33,REG
2024020882,20242025,2025-02-08,CBJ,NYR,3,4,25,40,REG
2024020883,20242025,2025-02-08,STL,CHI,6,5,40,21,SO
2024020884,20242025,2025-02-08,VAN,TOR,2,1,25,28,REG
2024020885,20242025,2025-02-08,NSH,BUF,6,4,23,29,REG
2024020886,20242025,2025-02-08,MIN,NYI,6,3,33,35,REG
2024020887,20242025,2025-02-08,CGY,SEA,2,3,29,28,OT
2024020888,20242025,2025-02-08,LAK,ANA,1,2,45,26,SO
2024020889,20242025,2025-02-08,SJS,DAL,3,8,27,34,REG
2024020890,20242025,2025-02-09,WSH,UTA,4,5,42,27,SO
2024020891,20242025,2025-02-09,MTL,TBL,3,5,35,21,REG
2024020892,20242025,2025-02-22,PHI,EDM,6,3,32,18,REG
2024020893,20242025,2025-02-22,PIT,WSH,3,8,32,30,REG
2024020894,20242025,2025-02-22,DET,MIN,3,4,30,39,OT
2024020895,20242025,2025-02-22,BUF,NYR,8,2,33,28,REG
2024020896,20242025,2025-02-22,FLA,SEA,1,2,27,22,REG
2024020897,20242025,2025-02-22,NJD,DAL,2,4,33,26,REG
2024020898,20242025,2025-02-22,NSH,COL,2,1,17,32,REG
2024020899,20242025,2025-02-22,BOS,ANA,2,3,30,29,OT
2024020900,20242025,2025-02-22,TOR,CAR,6,3,23,35,REG
2024020901,20242025,2025-02-22,OTT,MTL,2,5,27,25,REG
2024020902,20242025,2025-02-22,CBJ,CHI,5,1,21,28,REG
2024020903,20242025,2025-02-22,STL,WPG,3,4,24,28,SO
2024020904,20242025,2025-02-22,LAK,UTA,5,3,26,28,REG
2024020905,20242025,2025-02-22,VGK,VAN,3,1,35,34,REG
2024020906,20242025,2025-02-23,WSH,EDM,7,3,35,25,REG
2024020907,20242025,2025-02-23,PIT,NYR,3,5,40,16,REG
2024020908,20242025,2025-02-23,DET,ANA,5,4,36,28,OT
2024020909,20242025,2025-02-23,TBL,SEA,4,1,24,37,REG
2024020910,20242025,2025-02-23,STL,COL,3,1,25,29,REG
2024020911,20242025,2025-02-23,NSH,NJD,0,5,29,36,REG
2024020912,20242025,2025-02-23,CHI,TOR,2,5,27,30,REG
2024020913,20242025,2025-02-23,NYI,DAL,3,4,37,29,REG
2024020914,20242025,2025-02-23,CGY,SJS,3,2,36,29,REG
2024020915,20242025,2025-02-23,UTA,VAN,2,1,32,16,REG
2024020916,20242025,2025-02-24,WPG,SJS,2,1,35,18,OT
2024020917,20242025,2025-02-24,LAK,VGK,5,2,19,23,REG
2024020918,20242025,2025-02-25,BOS,TOR,4,5,36,29,OT
2024020919,20242025,2025-02-25,BUF,ANA,3,2,37,18,REG
2024020920,20242025,2025-02-25,MTL,CAR,4,0,18,20,REG
2024020921,20242025,2025-02-25,TBL,EDM,4,1,36,24,REG
2024020922,20242025,2025-02-25,PHI,PIT,6,1,38,24,REG
2024020923,20242025,2025-02-25,WSH,CGY,1,3,27,25,REG
2024020924,20242025,2025-02-25,CBJ,DAL,6,4,29,22,REG
2024020925,20242025,2025-02-25,NYI,NYR,1,5,37,18,REG
2024020926,20242025,2025-02-25,STL,SEA,7,2,27,27,REG
2024020927,20242025,2025-02-25,NSH,FLA,1,4,18,25,REG
2024020928,20242025,2025-02-25,MIN,DET,2,3,24,16,REG
2024020929,20242025,2025-02-25,UTA,CHI,2,1,37,22,REG
2024020930,20242025,2025-02-26,OTT,WPG,1,4,24,39,REG
2024020931,20242025,2025-02-26,COL,NJD,5,1,37,23,REG
2024020932,20242025,2025-02-26,LAK,VAN,2,3,26,17,OT
2024020933,20242025,2025-02-27,BOS,NYI,1,2,39,20,REG
2024020934,20242025,2025-02-27,MTL,SJS,4,3,33,26,OT
2024020935,20242025,2025-02-27,DET,CBJ,2,5,31,30,REG
2024020936,20242025,2025-02-27,TBL,CGY,3,0,22,28,REG
2024020937,20242025,2025-02-27,FLA,EDM,4,3,36,27,REG
2024020938,20242025,2025-02-27,PIT,PHI,5,4,25,37,OT
2024020939,20242025,2025-02-27,WSH,STL,2,5,18,19,REG
2024020940,20242025,2025-02-27,CAR,BUF,5,2,37,15,REG
2024020941,20242025,2025-02-27,NSH,WPG,2,1,31,23,REG
2024020942,20242025,2025-02-27,UTA,MIN,6,1,31,16,REG
2024020943,20242025,2025-02-27,VGK,CHI,7,5,33,22,REG
2024020944,20242025,2025-02-27,ANA,VAN,5,2,25,24,REG
2024020945,20242025,2025-02-28,NYR,TOR,2,3,35,16,REG
2024020946,20242025,2025-02-28,DAL,LAK,6,2,31,31,REG
2024020947,20242025,2025-02-28,COL,MIN,5,2,30,20,REG
2024020948,20242025,2025-03-01,CBJ,DET,5,3,21,46,REG
2024020949,20242025,2025-03-01,NYI,NSH,7,4,35,29,REG
2024020950,20242025,2025-03-01,WSH,TBL,1,3,21,19,REG
2024020951,20242025,2025-03-01,FLA,CGY,3,0,42,23,REG
2024020952,20242025,2025-03-01,PIT,BOS,2,3,33,26,REG
2024020953,20242025,2025-03-01,BUF,MTL,2,4,25,29,REG
2024020954,20242025,2025-03-01,OTT,SJS,5,3,32,37,REG
2024020955,20242025,2025-03-01,CAR,EDM,1,3,36,31,REG
2024020956,20242025,2025-03-01,WPG,PHI,1,2,30,32,SO
2024020957,20242025,2025-03-01,STL,LAK,4,1,34,26,REG
2024020958,20242025,2025-03-01,UTA,NJD,1,3,25,29,REG
2024020959,20242025,2025-03-01,ANA,CHI,3,6,31,24,REG
2024020960,20242025,2025-03-01,SEA,VAN,6,3,24,31,REG
2024020961,20242025,2025-03-02,PIT,TOR,5,6,34,33,OT
2024020962,20242025,2025-03-02,MIN,BOS,1,0,22,28,REG
2024020963,20242025,2025-03-02,CAR,CGY,2,1,33,16,OT
2024020964,20242025,2025-03-02,DAL,STL,6,3,21,42,REG
2024020965,20242025,2025-03-02,NYR,NSH,4,0,34,34,REG
2024020966,20242025,2025-03-02,VGK,NJD,2,0,24,25,REG
2024020967,20242025,2025-03-03,WSH,OTT,5,4,41,37,SO
2024020968,20242025,2025-03-03,MTL,BUF,4,3,20,36,OT
2024020969,20242025,2025-03-03,FLA,TBL,2,1,29,29,REG
2024020970,20242025,2025-03-03,NYR,NYI,4,0,27,21,REG
2024020971,20242025,2025-03-03,TOR,SJS,2,3,27,22,SO
2024020972,20242025,2025-03-03,CHI,LAK,5,1,19,42,REG
2024020973,20242025,2025-03-04,BOS,NSH,3,6,21,30,REG
2024020974,20242025,2025-03-04,BUF,SJS,2,6,22,28,REG
2024020975,20242025,2025-03-04,DET,CAR,1,2,25,30,REG
2024020976,20242025,2025-03-04,TBL,CBJ,6,2,40,33,REG
2024020977,20242025,2025-03-04,PHI,CGY,3,6,29,34,REG
2024020978,20242025,2025-03-04,NYI,WPG,3,2,29,28,REG
2024020979,20242025,2025-03-04,DAL,NJD,4,3,21,28,REG
2024020980,20242025,2025-03-04,COL,PIT,4,1,25,33,REG
2024020981,20242025,2025-03-04,EDM,ANA,2,6,35,27,REG
2024020982,20242025,2025-03-04,SEA,MIN,3,4,36,20,REG
2024020983,20242025,2025-03-05,NYR,WSH,2,3,17,26,OT
2024020984,20242025,2025-03-05,CHI,OTT,3,4,20,26,OT
2024020985,20242025,2025-03-05,VGK,TOR,5,2,25,31,REG
2024020986,20242025,2025-03-05,VAN,ANA,3,2,36,16,REG
2024020987,20242025,2025-03-05,LAK,STL,2,3,23,30,SO
2024020988,20242025,2025-03-06,DET,UTA,2,4,40,19,REG
2024020989,20242025,2025-03-06,TBL,BUF,6,5,26,33,REG
2024020990,20242025,2025-03-06,FLA,CBJ,3,0,36,16,REG
2024020991,20242025,2025-03-06,PHI,WPG,1,4,22,27,REG
2024020992,20242025,2025-03-06,CAR,BOS,3,2,23,34,REG
2024020993,20242025,2025-03-06,NSH,SEA,5,3,34,25,REG
2024020994,20242025,2025-03-06,DAL,CGY,3,2,27,28,OT
2024020995,20242025,2025-03-06,EDM,MTL,3,2,32,27,OT
2024020996,20242025,2025-03-06,COL,SJS,7,3,32,34,REG
2024020997,20242025,2025-03-07,NJD,WPG,1,6,23,35,REG
2024020998,20242025,2025-03-07,WSH,DET,5,2,28,19,REG
2024020999,20242025,2025-03-07,CHI,UTA,4,3,25,39,OT
2024021000,20242025,2025-03-07,VAN,MIN,3,1,20,38,REG
2024021001,20242025,2025-03-07,VGK,PIT,4,0,27,22,REG
2024021002,20242025,2025-03-07,ANA,STL,3,4,24,22,REG
2024021003,20242025,2025-03-08,OTT,NYR,4,3,37,23,OT
2024021004,20242025,2025-03-08,PHI,SEA,1,4,24,32,REG
2024021005,20242025,2025-03-08,TBL,BOS,0,4,25,25,REG
2024021006,20242025,2025-03-08,FLA,BUF,4,0,36,21,REG
2024021007,20242025,2025-03-08,COL,TOR,7,4,34,21,REG
2024021008,20242025,2025-03-08,CGY,MTL,1,0,24,26,REG
2024021009,20242025,2025-03-08,NSH,CHI,3,2,41,19,OT
2024021010,20242025,2025-03-08,LAK,STL,2,1,23,20,OT
2024021011,20242025,2025-03-08,EDM,DAL,5,4,27,25,REG
2024021012,20242025,2025-03-08,SJS,NYI,2,4,40,28,REG
2024021013,20242025,2025-03-09,PHI,NJD,1,3,24,23,REG
2024021014,20242025,2025-03-09,WSH,SEA,4,2,24,32,REG
2024021015,20242025,2025-03-09,MIN,PIT,1,3,30,22,REG
2024021016,20242025,2025-03-09,CAR,WPG,4,2,27,22,REG
2024021017,20242025,2025-03-09,NYR,CBJ,3,7,35,28,REG
2024021018,20242025,2025-03-09,VGK,LAK,5,6,32,35,REG
2024021019,20242025,2025-03-09,VAN,DAL,1,4,23,19,REG
2024021020,20242025,2025-03-09,ANA,NYI,4,1,28,32,REG
2024021021,20242025,2025-03-10,BUF,EDM,3,2,23,34,REG
2024021022,20242025,2025-03-10,OTT,DET,2,1,23,49,REG
2024021023,20242025,2025-03-10,COL,CHI,3,0,21,20,REG
2024021024,20242025,2025-03-10,UTA,TOR,3,4,33,26,SO
2024021025,20242025,2025-03-11,BOS,FLA,3,2,24,28,REG
2024021026,20242025,2025-03-11,NJD,CBJ,5,3,28,20,REG
2024021027,20242025,2025-03-11,PHI,OTT,2,5,22,24,REG
2024021028,20242025,2025-03-11,PIT,VGK,3,2,17,37,OT
2024021029,20242025,2025-03-11,CAR,TBL,4,1,31,24,REG
2024021030,20242025,2025-03-11,MIN,COL,2,1,23,28,SO
2024021031,20242025,2025-03-11,WPG,NYR,2,1,24,22,REG
2024021032,20242025,2025-03-11,VAN,MTL,2,4,31,27,REG
2024021033,20242025,2025-03-11,ANA,WSH,4,7,29,43,REG
2024021034,20242025,2025-03-11,LAK,NYI,4,1,32,34,REG
2024021035,20242025,2025-03-11,SJS,NSH,2,3,27,19,REG
2024021036,20242025,2025-03-12,DET,BUF,7,3,29,26,REG
2024021037,20242025,2025-03-12,CGY,VAN,3,4,23,31,SO
2024021038,20242025,2025-03-12,UTA,ANA,3,2,39,21,REG
2024021039,20242025,2025-03-12,SEA,MTL,5,4,35,25,OT
2024021040,20242025,2025-03-13,TOR,FLA,2,3,25,25,REG
2024021041,20242025,2025-03-13,OTT,BOS,6,3,32,25,REG
2024021042,20242025,2025-03-13,NJD,EDM,3,2,22,33,REG
2024021043,20242025,2025-03-13,PHI,TBL,4,3,29,20,SO
2024021044,20242025,2025-03-13,PIT,STL,5,3,22,35,REG
2024021045,20242025,2025-03-13,CBJ,VGK,0,4,27,29,REG
2024021046,20242025,2025-03-13,MIN,NYR,2,3,28,31,OT
2024021047,20242025,2025-03-13,LAK,WSH,3,0,27,21,REG
2024021048,20242025,2025-03-13,SJS,CHI,4,2,25,26,REG
2024021049,20242025,2025-03-14,CAR,DET,4,2,32,26,REG
2024021050,20242025,2025-03-14,NYI,EDM,1,2,25,35,OT
2024021051,20242025,2025-03-14,WPG,DAL,4,1,22,25,REG
2024021052,20242025,2025-03-14,CGY,COL,2,4,24,28,REG
2024021053,20242025,2025-03-14,ANA,NSH,2,1,15,29,REG
2024021054,20242025,2025-03-14,SEA,UTA,4,2,23,25,REG
2024021055,20242025,2025-03-15,BUF,VGK,4,3,37,19,SO
2024021056,20242025,2025-03-15,PIT,NJD,7,3,24,27,REG
2024021057,20242025,2025-03-15,SJS,WSH,1,5,20,28,REG
2024021058,20242025,2025-03-15,BOS,TBL,2,6,12,40,REG
2024021059,20242025,2025-03-15,TOR,OTT,2,4,23,25,REG
2024021060,20242025,2025-03-15,MTL,FLA,3,1,15,22,REG
2024021061,20242025,2025-03-15,PHI,CAR,0,5,26,30,REG
2024021062,20242025,2025-03-15,CBJ,NYR,0,4,21,21,REG
2024021063,20242025,2025-03-15,MIN,STL,1,5,18,28,REG
2024021064,20242025,2025-03-15,LAK,NSH,1,0,21,24,OT
2024021065,20242025,2025-03-15,VAN,CHI,6,2,15,19,REG
2024021066,20242025,2025-03-16,DET,VGK,3,0,27,18,REG
2024021067,20242025,2025-03-16,COL,DAL,4,3,35,22,OT
2024021068,20242025,2025-03-16,STL,ANA,7,2,26,25,REG
2024021069,20242025,2025-03-16,NYR,EDM,1,3,22,23,REG
2024021070,20242025,2025-03-16,NYI,FLA,4,2,34,24,REG
2024021071,20242025,2025-03-16,VAN,UTA,1,3,19,23,REG
2024021072,20242025,2025-03-16,SEA,WPG,2,3,21,26,OT
2024021073,20242025,2025-03-17,BOS,BUF,2,3,20,30,OT
2024021074,20242025,2025-03-17,TBL,PHI,2,0,23,21,REG
2024021075,20242025,2025-03-17,CBJ,NJD,1,2,46,20,REG
2024021076,20242025,2025-03-17,TOR,CGY,6,2,29,26,REG
2024021077,20242025,2025-03-17,MIN,LAK,3,1,22,29,REG
2024021078,20242025,2025-03-18,MTL,OTT,6,3,33,25,REG
2024021079,20242025,2025-03-18,NYR,CGY,1,2,13,35,REG
2024021080,20242025,2025-03-18,PIT,NYI,2,4,21,38,REG
2024021081,20242025,2025-03-18,WSH,DET,4,1,26,24,REG
2024021082,20242025,2025-03-18,NSH,STL,1,4,23,21,REG
2024021083,20242025,2025-03-18,DAL,ANA,4,3,31,25,OT
2024021084,20242025,2025-03-18,CHI,SEA,2,6,29,30,REG
2024021085,20242025,2025-03-18,EDM,UTA,7,1,43,30,REG
2024021086,20242025,2025-03-18,VAN,WPG,6,2,22,22,REG
2024021087,20242025,2025-03-19,TOR,COL,2,1,26,39,REG
2024021088,20242025,2025-03-19,MIN,SEA,4,0,28,34,REG
2024021089,20242025,2025-03-20,OTT,COL,1,5,16,33,REG
2024021090,20242025,2025-03-20,NJD,CGY,3,5,29,28,REG
2024021091,20242025,2025-03-20,NYR,TOR,3,4,30,28,REG
2024021092,20242025,2025-03-20,WSH,PHI,3,2,16,28,REG
2024021093,20242025,2025-03-20,CBJ,FLA,0,1,25,29,OT
2024021094,20242025,2025-03-20,NYI,MTL,4,3,25,41,OT
2024021095,20242025,2025-03-20,STL,VAN,4,3,29,18,OT
2024021096,20242025,2025-03-20,NSH,ANA,1,4,34,35,REG
2024021097,20242025,2025-03-20,DAL,TBL,2,3,24,38,SO
2024021098,20242025,2025-03-20,CHI,LAK,1,3,17,33,REG
2024021099,20242025,2025-03-20,EDM,WPG,3,4,24,20,OT
2024021100,20242025,2025-03-20,UTA,BUF,5,2,31,27,REG
2024021101,20242025,2025-03-20,VGK,BOS,5,1,32,19,REG
2024021102,20242025,2025-03-20,SJS,CAR,1,3,25,29,REG
2024021103,20242025,2025-03-21,PIT,CBJ,6,3,34,47,REG
2024021104,20242025,2025-03-22,NYR,VAN,5,3,12,39,REG
2024021105,20242025,2025-03-22,DAL,PHI,3,2,19,24,OT
2024021106,20242025,2025-03-22,MIN,BUF,4,1,21,21,REG
2024021107,20242025,2025-03-22,STL,CHI,4,1,25,27,REG
2024021108,20242025,2025-03-22,NYI,CGY,3,4,29,35,OT
2024021109,20242025,2025-03-22,LAK,CAR,7,2,25,36,REG
2024021110,20242025,2025-03-22,WSH,FLA,6,3,33,36,REG
2024021111,20242025,2025-03-22,UTA,TBL,6,4,25,27,REG
2024021112,20242025,2025-03-22,MTL,COL,4,5,29,37,SO
2024021113,20242025,2025-03-22,NJD,OTT,2,3,27,19,REG
2024021114,20242025,2025-03-22,NSH,TOR,5,2,32,26,REG
2024021115,20242025,2025-03-22,VGK,DET,6,3,36,31,REG
2024021116,20242025,2025-03-22,EDM,SEA,5,4,29,32,REG
2024021117,20242025,2025-03-22,SJS,BOS,3,1,21,23,REG
2024021118,20242025,2025-03-23,CHI,PHI,7,4,29,29,REG
2024021119,20242025,2025-03-23,WPG,BUF,3,5,36,17,REG
2024021120,20242025,2025-03-23,FLA,PIT,4,3,31,27,SO
2024021121,20242025,2025-03-23,STL,NSH,4,1,18,32,REG
2024021122,20242025,2025-03-23,VGK,TBL,4,2,30,37,REG
2024021123,20242025,2025-03-23,ANA,CAR,2,5,37,37,REG
2024021124,20242025,2025-03-23,LAK,BOS,7,2,23,13,REG
2024021125,20242025,2025-03-24,NJD,VAN,3,4,25,28,SO
2024021126,20242025,2025-03-24,NYI,CBJ,3,4,33,30,SO
2024021127,20242025,2025-03-24,DAL,MIN,3,0,29,32,REG
2024021128,20242025,2025-03-24,UTA,DET,1,5,19,14,REG
2024021129,20242025,2025-03-25,BUF,OTT,3,2,24,32,REG
2024021130,20242025,2025-03-25,TOR,PHI,7,2,30,19,REG
2024021131,20242025,2025-03-25,TBL,PIT,6,1,27,15,REG
2024021132,20242025,2025-03-25,CAR,NSH,1,3,35,16,REG
2024021133,20242025,2025-03-25,STL,MTL,6,1,37,25,REG
2024021134,20242025,2025-03-25,MIN,VGK,1,5,24,38,REG
2024021135,20242025,2025-03-25,WPG,WSH,3,2,25,29,OT
2024021136,20242025,2025-03-25,COL,DET,5,2,28,23,REG
2024021137,20242025,2025-03-25,CGY,SEA,4,3,37,29,OT
2024021138,20242025,2025-03-25,LAK,NYR,3,1,33,23,REG
2024021139,20242025,2025-03-26,NYI,VAN,2,5,28,25,REG
2024021140,20242025,2025-03-26,CHI,NJD,3,5,24,21,REG
2024021141,20242025,2025-03-26,EDM,DAL,3,4,44,24,REG
2024021142,20242025,2025-03-26,ANA,BOS,6,2,37,25,REG
2024021143,20242025,2025-03-27,BUF,PIT,7,3,30,25,REG
2024021144,20242025,2025-03-27,DET,OTT,3,4,34,32,REG
2024021145,20242025,2025-03-27,TBL,UTA,8,0,22,25,REG
2024021146,20242025,2025-03-27,PHI,MTL,6,4,30,30,REG
2024021147,20242025,2025-03-27,NSH,STL,2,3,18,21,REG
2024021148,20242025,2025-03-27,MIN,WSH,4,2,21,30,REG
2024021149,20242025,2025-03-27,COL,LAK,4,0,26,22,REG
2024021150,20242025,2025-03-27,CGY,DAL,2,5,48,19,REG
2024021151,20242025,2025-03-27,SEA,EDM,6,1,37,37,REG
2024021152,20242025,2025-03-27,SJS,TOR,6,5,35,35,SO
2024021153,20242025,2025-03-28,FLA,UTA,2,1,32,15,OT
2024021154,20242025,2025-03-28,CAR,MTL,4,1,24,15,REG
2024021155,20242025,2025-03-28,CBJ,VAN,7,6,38,37,SO
2024021156,20242025,2025-03-28,WPG,NJD,4,0,19,24,REG
2024021157,20242025,2025-03-28,CHI,VGK,3,5,21,22,REG
2024021158,20242025,2025-03-28,ANA,NYR,5,4,33,30,OT
2024021159,20242025,2025-03-29,PHI,BUF,7,4,32,21,REG
2024021160,20242025,2025-03-29,TBL,NYI,5,3,24,38,REG
2024021161,20242025,2025-03-29,COL,STL,1,2,29,27,REG
2024021162,20242025,2025-03-29,MIN,NJD,2,5,24,33,REG
2024021163,20242025,2025-03-29,NSH,VGK,1,3,24,29,REG
2024021164,20242025,2025-03-29,OTT,CBJ,3,2,27,30,REG
2024021165,20242025,2025-03-29,LAK,TOR,1,3,36,26,REG
2024021166,20242025,2025-03-29,DET,BOS,2,1,22,21,REG
2024021167,20242025,2025-03-29,EDM,CGY,3,2,29,28,OT
2024021168,20242025,2025-03-29,SJS,NYR,1,6,22,33,REG
2024021169,20242025,2025-03-29,SEA,DAL,1,5,36,21,REG
2024021170,20242025,2025-03-30,FLA,MTL,2,4,26,23,REG
2024021171,20242025,2025-03-30,WSH,BUF,5,8,29,23,REG
2024021172,20242025,2025-03-30,WPG,VAN,3,1,27,24,REG
2024021173,20242025,2025-03-30,CHI,UTA,2,5,29,31,REG
2024021174,20242025,2025-03-30,PIT,OTT,1,0,35,31,OT
2024021175,20242025,2025-03-30,CAR,NYI,6,4,30,31,REG
2024021176,20242025,2025-03-30,ANA,TOR,2,3,31,23,REG
2024021177,20242025,2025-03-30,LAK,SJS,8,1,36,23,REG
2024021178,20242025,2025-03-31,NJD,MIN,3,2,28,30,SO
2024021179,20242025,2025-03-31,PHI,NSH,2,1,18,29,REG
2024021180,20242025,2025-03-31,COL,CGY,2,3,30,27,SO
2024021181,20242025,2025-03-31,SEA,DAL,1,3,36,31,REG
2024021182,20242025,2025-04-01,BOS,WSH,3,4,24,32,REG
2024021183,20242025,2025-04-01,MTL,FLA,3,2,21,27,OT
2024021184,20242025,2025-04-01,OTT,BUF,2,5,35,22,REG
2024021185,20242025,2025-04-01,CBJ,NSH,8,4,37,28,REG
2024021186,20242025,2025-04-01,NYI,TBL,1,4,29,24,REG
2024021187,20242025,2025-04-01,STL,DET,2,1,37,21,OT
2024021188,20242025,2025-04-01,UTA,CGY,3,1,28,34,REG
2024021189,20242025,2025-04-01,VGK,EDM,2,3,22,20,REG
2024021190,20242025,2025-04-01,ANA,SJS,4,3,37,31,SO
2024021191,20242025,2025-04-01,LAK,WPG,4,1,20,20,REG
2024021192,20242025,2025-04-02,NYR,MIN,5,4,39,24,OT
2024021193,20242025,2025-04-02,CAR,WSH,5,1,31,21,REG
2024021194,20242025,2025-04-02,TOR,FLA,3,2,26,31,REG
2024021195,20242025,2025-04-02,CHI,COL,2,3,23,31,SO
2024021196,20242025,2025-04-02,VAN,SEA,0,5,24,19,REG
2024021197,20242025,2025-04-03,MTL,BOS,4,1,32,19,REG
2024021198,20242025,2025-04-03,OTT,TBL,2,1,19,32,REG
2024021199,20242025,2025-04-03,CBJ,COL,3,7,30,32,REG
2024021200,20242025,2025-04-03,STL,PIT,5,4,19,28,OT
2024021201,20242025,2025-04-03,DAL,NSH,5,1,27,29,REG
2024021202,20242025,2025-04-03,UTA,LAK,2,4,30,20,REG
2024021203,20242025,2025-04-03,CGY,ANA,4,1,34,27,REG
2024021204,20242025,2025-04-03,VGK,WPG,0,4,26,22,REG
2024021205,20242025,2025-04-03,SJS,EDM,2,3,29,38,REG
2024021206,20242025,2025-04-04,DET,CAR,5,3,21,33,REG
2024021207,20242025,2025-04-04,WSH,CHI,5,3,29,22,REG
2024021208,20242025,2025-04-04,NYI,MIN,3,1,27,28,REG
2024021209,20242025,2025-04-05,NJD,NYR,4,0,16,26,REG
2024021210,20242025,2025-04-05,OTT,FLA,3,0,22,39,REG
2024021211,20242025,2025-04-05,DAL,PIT,3,5,24,40,REG
2024021212,20242025,2025-04-05,VAN,ANA,6,2,26,32,REG
2024021213,20242025,2025-04-05,LAK,EDM,3,0,29,27,REG
2024021214,20242025,2025-04-05,BOS,CAR,5,1,27,40,REG
2024021215,20242025,2025-04-05,BUF,TBL,3,2,38,24,SO
2024021216,20242025,2025-04-05,TOR,CBJ,5,0,27,27,REG
2024021217,20242025,2025-04-05,MTL,PHI,3,2,26,24,REG
2024021218,20242025,2025-04-05,STL,COL,5,4,22,39,REG
2024021219,20242025,2025-04-05,UTA,WPG,4,1,28,33,REG
2024021220,20242025,2025-04-05,CGY,VGK,2,3,23,34,OT
2024021221,20242025,2025-04-05,SJS,SEA,1,5,24,22,REG
2024021222,20242025,2025-04-06,NYI,WSH,4,1,22,29,REG
2024021223,20242025,2025-04-06,MIN,DAL,3,2,41,25,OT
2024021224,20242025,2025-04-06,OTT,CBJ,4,0,30,29,REG
2024021225,20242025,2025-04-06,DET,FLA,2,1,24,33,REG
2024021226,20242025,2025-04-06,BUF,BOS,6,3,37,20,REG
2024021227,20242025,2025-04-06,CHI,PIT,3,1,31,29,REG
2024021228,20242025,2025-04-06,NSH,MTL,1,2,37,17,REG
2024021229,20242025,2025-04-06,VAN,VGK,2,3,21,35,REG
2024021230,20242025,2025-04-07,NYR,TBL,1,5,39,23,REG
2024021231,20242025,2025-04-07,WPG,STL,3,1,26,15,REG
2024021232,20242025,2025-04-07,ANA,EDM,3,2,21,47,REG
2024021233,20242025,2025-04-07,LAK,SEA,1,2,29,28,REG
2024021234,20242025,2025-04-07,SJS,CGY,2,3,31,32,REG
2024021235,20242025,2025-04-08,BUF,CAR,3,0,18,33,REG
2024021236,20242025,2025-04-08,MTL,DET,4,1,21,36,REG
2024021237,20242025,2025-04-08,FLA,TOR,3,1,37,18,REG
2024021238,20242025,2025-04-08,NJD,BOS,2,7,21,25,REG
2024021239,20242025,2025-04-08,CBJ,OTT,5,2,35,35,REG
2024021240,20242025,2025-04-08,PIT,CHI,5,0,27,26,REG
2024021241,20242025,2025-04-08,NSH,NYI,7,6,32,22,OT
2024021242,20242025,2025-04-08,DAL,VAN,5,6,28,32,OT
2024021243,20242025,2025-04-08,UTA,SEA,7,1,41,19,REG
2024021244,20242025,2025-04-08,COL,VGK,3,2,36,21,SO
2024021245,20242025,2025-04-09,TBL,TOR,3,4,28,31,OT
2024021246,20242025,2025-04-09,NYR,PHI,5,8,29,30,REG
2024021247,20242025,2025-04-09,MIN,SJS,8,7,44,31,OT
2024021248,20242025,2025-04-09,EDM,STL,4,3,23,26,REG
2024021249,20242025,2025-04-09,ANA,CGY,4,3,23,39,OT
2024021250,20242025,2025-04-10,BOS,CHI,2,5,33,21,REG
2024021251,20242025,2025-04-10,FLA,DET,4,1,31,23,REG
2024021252,20242025,2025-04-10,WSH,CAR,5,4,28,34,SO
2024021253,20242025,2025-04-10,CBJ,BUF,3,2,30,41,REG
2024021254,20242025,2025-04-10,NYI,NYR,2,9,46,32,REG
2024021255,20242025,2025-04-10,DAL,WPG,0,4,25,35,REG
2024021256,20242025,2025-04-10,COL,VAN,1,4,32,30,REG
2024021257,20242025,2025-04-10,UTA,NSH,3,4,42,31,SO
2024021258,20242025,2025-04-10,VGK,SEA,2,1,25,25,REG
2024021259,20242025,2025-04-10,LAK,ANA,6,1,29,25,REG
2024021260,20242025,2025-04-11,OTT,MTL,5,2,34,22,REG
2024021261,20242025,2025-04-11,TBL,DET,3,4,21,26,OT
2024021262,20242025,2025-04-11,NJD,PIT,2,4,28,24,REG
2024021263,20242025,2025-04-11,EDM,SJS,4,2,34,24,REG
2024021264,20242025,2025-04-11,CGY,MIN,4,2,32,18,REG
2024021265,20242025,2025-04-12,PHI,NYI,4,3,22,40,SO
2024021266,20242025,2025-04-12,CAR,NYR,7,3,28,31,REG
2024021267,20242025,2025-04-12,LAK,COL,5,4,33,26,REG
2024021268,20242025,2025-04-12,FLA,BUF,3,2,34,28,SO
2024021269,20242025,2025-04-12,TOR,MTL,1,0,35,15,OT
2024021270,20242025,2025-04-12,CBJ,WSH,7,0,26,22,REG
2024021271,20242025,2025-04-12,CHI,WPG,4,5,32,42,SO
2024021272,20242025,2025-04-12,DAL,UTA,3,5,24,34,REG
2024021273,20242025,2025-04-12,VAN,MIN,2,3,14,33,OT
2024021274,20242025,2025-04-12,VGK,NSH,5,3,29,17,REG
2024021275,20242025,2025-04-12,SEA,STL,4,3,18,23,SO
2024021276,20242025,2025-04-13,OTT,PHI,4,3,25,32,OT
2024021277,20242025,2025-04-13,NJD,NYI,0,1,25,23,REG
2024021278,20242025,2025-04-13,PIT,BOS,1,4,24,32,REG
2024021279,20242025,2025-04-13,CAR,TOR,1,4,26,20,REG
2024021280,20242025,2025-04-13,TBL,BUF,7,4,31,25,REG
2024021281,20242025,2025-04-13,WSH,CBJ,1,4,31,23,REG
2024021282,20242025,2025-04-13,WPG,EDM,1,4,18,39,REG
2024021283,20242025,2025-04-13,CGY,SJS,5,2,30,30,REG
2024021284,20242025,2025-04-13,ANA,COL,2,4,21,25,REG
2024021285,20242025,2025-04-14,MTL,CHI,3,4,21,25,SO
2024021286,20242025,2025-04-14,DET,DAL,6,4,37,28,REG
2024021287,20242025,2025-04-14,FLA,NYR,3,5,30,25,REG
2024021288,20242025,2025-04-14,NSH,UTA,3,7,31,36,REG
2024021289,20242025,2025-04-14,EDM,LAK,0,5,21,36,REG
2024021290,20242025,2025-04-14,VAN,SJS,2,1,37,16,OT
2024021291,20242025,2025-04-15,BOS,NJD,4,5,24,26,OT
2024021292,20242025,2025-04-15,BUF,TOR,0,4,35,32,REG
2024021293,20242025,2025-04-15,OTT,CHI,3,4,37,16,OT
2024021294,20242025,2025-04-15,TBL,FLA,5,1,31,24,REG
2024021295,20242025,2025-04-15,PHI,CBJ,0,3,29,34,REG
2024021296,20242025,2025-04-15,NYI,WSH,1,3,33,36,REG
2024021297,20242025,2025-04-15,STL,UTA,6,1,29,23,REG
2024021298,20242025,2025-04-15,MIN,ANA,3,2,40,29,OT
2024021299,20242025,2025-04-15,CGY,VGK,5,4,28,42,SO
2024021300,20242025,2025-04-15,SEA,LAK,5,6,34,24,REG
2024021301,20242025,2025-04-16,MTL,CAR,4,2,22,29,REG
2024021302,20242025,2025-04-16,WPG,ANA,2,1,44,31,OT
2024021303,20242025,2025-04-16,NJD,DET,2,5,30,27,REG
2024021304,20242025,2025-04-16,NSH,DAL,5,1,34,30,REG
2024021305,20242025,2025-04-16,VAN,VGK,1,4,17,31,REG
2024021306,20242025,2025-04-16,SJS,EDM,0,3,18,28,REG
2024020653,20242025,2025-04-17,LAK,CGY,1,5,31,29,REG
2024021307,20242025,2025-04-17,BUF,PHI,5,4,31,24,REG
2024021308,20242025,2025-04-17,TOR,DET,4,3,20,34,OT
2024021309,20242025,2025-04-17,OTT,CAR,7,5,32,33,REG
2024021310,20242025,2025-04-17,NYR,TBL,4,0,22,27,REG
2024021311,20242025,2025-04-17,PIT,WSH,5,2,38,20,REG
2024021312,20242025,2025-04-17,CBJ,NYI,6,1,26,37,REG
2025020001,20252026,2025-10-07,FLA,CHI,3,2,37,19,REG
2025020002,20252026,2025-10-07,NYR,PIT,0,3,25,31,REG
2025020003,20252026,2025-10-07,LAK,COL,1,4,25,23,REG
2025020004,20252026,2025-10-08,TOR,MTL,5,2,27,31,REG
2025020005,20252026,2025-10-08,WSH,BOS,1,3,36,22,REG
2025020006,20252026,2025-10-08,EDM,CGY,3,4,35,22,SO
2025020007,20252026,2025-10-08,VGK,LAK,5,6,35,26,SO
2025020008,20252026,2025-10-09,BOS,CHI,4,3,33,24,OT
2025020009,20252026,2025-10-09,BUF,NYR,0,4,37,33,REG
2025020010,20252026,2025-10-09,DET,MTL,1,5,31,17,REG
2025020011,20252026,2025-10-09,TBL,OTT,4,5,25,34,REG
2025020012,20252026,2025-10-09,FLA,PHI,2,1,34,20,REG
2025020013,20252026,2025-10-09,PIT,NYI,4,3,28,37,REG
2025020014,20252026,2025-10-09,CAR,NJD,6,3,33,22,REG
2025020015,20252026,2025-10-09,STL,MIN,0,5,26,21,REG
2025020016,20252026,2025-10-09,NSH,CBJ,2,1,32,39,REG
2025020017,20252026,2025-10-09,WPG,DAL,4,5,25,37,REG
2025020018,20252026,2025-10-09,COL,UTA,2,1,27,33,REG
2025020019,20252026,2025-10-09,VAN,CGY,5,1,26,18,REG
2025020020,20252026,2025-10-09,SJS,VGK,3,4,23,31,OT
2025020021,20252026,2025-10-09,SEA,ANA,3,1,31,36,REG
2025020022,20252026,2025-10-11,WPG,LAK,3,2,27,32,REG
2025020023,20252026,2025-10-11,CGY,STL,2,4,29,28,REG
2025020024,20252026,2025-10-11,BOS,BUF,3,1,31,22,REG
2025020025,20252026,2025-10-11,DET,TOR,6,3,35,23,REG
2025020026,20252026,2025-10-11,TBL,NJD,3,5,17,31,REG
2025020027,20252026,2025-10-11,FLA,OTT,6,2,27,28,REG
2025020028,20252026,2025-10-11,NYI,WSH,2,4,36,29,REG
2025020029,20252026,2025-10-11,PIT,NYR,1,6,19,30,REG
2025020030,20252026,2025-10-11,CAR,PHI,4,3,39,23,OT
2025020031,20252026,2025-10-11,CHI,MTL,2,3,22,28,REG
2025020032,20252026,2025-10-11,NSH,UTA,2,3,23,23,OT
2025020033,20252026,2025-10-11,MIN,CBJ,4,7,52,32,REG
2025020034,20252026,2025-10-11,COL,DAL,4,5,39,22,SO
2025020035,20252026,2025-10-11,EDM,VAN,3,1,37,15,REG
2025020036,20252026,2025-10-11,SJS,ANA,6,7,23,44,OT
2025020037,20252026,2025-10-11,SEA,VGK,2,1,22,27,OT
2025020038,20252026,2025-10-12,NYR,WSH,0,1,35,21,REG
2025020039,20252026,2025-10-13,BUF,COL,1,3,28,37,REG
2025020040,20252026,2025-10-13,BOS,TBL,3,4,33,23,REG
2025020041,20252026,2025-10-13,OTT,NSH,1,4,32,26,REG
2025020042,20252026,2025-10-13,NYI,WPG,2,5,35,26,REG
2025020043,20252026,2025-10-13,TOR,DET,2,3,40,15,REG
2025020044,20252026,2025-10-13,PHI,FLA,5,2,22,26,REG
2025020045,20252026,2025-10-13,CBJ,NJD,2,3,33,28,REG
2025020046,20252026,2025-10-13,VAN,STL,2,5,29,36,REG
2025020047,20252026,2025-10-13,MIN,LAK,4,3,26,34,SO
2025020048,20252026,2025-10-13,CHI,UTA,3,1,14,22,REG
2025020049,20252026,2025-10-14,TOR,NSH,7,4,28,30,REG
2025020050,20252026,2025-10-14,MTL,SEA,5,4,22,22,OT
2025020051,20252026,2025-10-14,NYR,EDM,0,2,30,22,REG
2025020052,20252026,2025-10-14,WSH,TBL,3,2,28,19,OT
2025020053,20252026,2025-10-14,CGY,VGK,2,4,29,30,REG
2025020054,20252026,2025-10-14,DAL,MIN,5,2,25,41,REG
2025020055,20252026,2025-10-14,SJS,CAR,1,5,17,43,REG
2025020056,20252026,2025-10-14,ANA,PIT,4,3,22,25,REG
2025020057,20252026,2025-10-15,BUF,OTT,8,4,27,37,REG
2025020058,20252026,2025-10-15,DET,FLA,4,1,25,21,REG
2025020059,20252026,2025-10-15,STL,CHI,3,8,26,29,REG
2025020060,20252026,2025-10-15,UTA,CGY,3,1,32,20,REG
2025020061,20252026,2025-10-16,TOR,NYR,2,1,24,29,OT
2025020062,20252026,2025-10-16,MTL,NSH,3,2,30,19,OT
2025020063,20252026,2025-10-16,OTT,SEA,4,3,23,33,SO
2025020064,20252026,2025-10-16,NJD,FLA,3,1,33,22,REG
2025020065,20252026,2025-10-16,NYI,EDM,4,2,25,33,REG
2025020066,20252026,2025-10-16,PHI,WPG,2,5,17,15,REG
2025020067,20252026,2025-10-16,CBJ,COL,1,4,23,36,REG
2025020068,20252026,2025-10-16,DAL,VAN,3,5,31,26,REG
2025020069,20252026,2025-10-16,VGK,BOS,6,5,37,24,REG
2025020070,20252026,2025-10-16,ANA,CAR,1,4,24,32,REG
2025020071,20252026,2025-10-16,LAK,PIT,2,4,32,26,REG
2025020072,20252026,2025-10-17,DET,TBL,2,1,31,32,OT
2025020073,20252026,2025-10-17,WSH,MIN,5,1,45,14,REG
2025020074,20252026,2025-10-17,CHI,VAN,2,3,33,32,SO
2025020075,20252026,2025-10-17,UTA,SJS,6,3,34,21,REG
2025020076,20252026,2025-10-18,BUF,FLA,3,0,31,32,REG
2025020077,20252026,2025-10-18,OTT,NYI,4,5,32,23,REG
2025020078,20252026,2025-10-18,NJD,EDM,5,3,23,30,REG
2025020079,20252026,2025-10-18,TOR,SEA,3,4,30,28,OT
2025020080,20252026,2025-10-18,MTL,NYR,3,4,24,22,REG
2025020081,20252026,2025-10-18,PHI,MIN,2,1,21,16,OT
2025020082,20252026,2025-10-18,CBJ,TBL,3,2,31,24,REG
2025020083,20252026,2025-10-18,STL,DAL,3,1,22,19,REG
2025020084,20252026,2025-10-18,WPG,NSH,4,1,24,31,REG
2025020085,20252026,2025-10-18,COL,BOS,4,1,38,14,REG
2025020086,20252026,2025-10-18,LAK,CAR,3,4,28,40,OT
2025020087,20252026,2025-10-18,VGK,CGY,6,1,28,27,REG
2025020088,20252026,2025-10-18,SJS,PIT,0,3,31,27,REG
2025020089,20252026,2025-10-19,WSH,VAN,3,4,31,24,REG
2025020090,20252026,2025-10-19,DET,EDM,4,2,25,18,REG
2025020091,20252026,2025-10-19,CHI,ANA,2,1,30,39,OT
2025020092,20252026,2025-10-19,UTA,BOS,3,2,27,26,REG
2025020093,20252026,2025-10-20,NYR,MIN,1,3,24,32,REG
2025020094,20252026,2025-10-20,PHI,SEA,5,2,27,23,REG
2025020095,20252026,2025-10-20,MTL,BUF,4,2,32,32,REG
2025020096,20252026,2025-10-20,CGY,WPG,1,2,33,27,REG
2025020097,20252026,2025-10-20,VGK,CAR,4,1,26,27,REG
2025020098,20252026,2025-10-21,TOR,NJD,2,5,25,35,REG
2025020099,20252026,2025-10-21,OTT,EDM,2,3,21,25,OT
2025020100,20252026,2025-10-21,NYI,SJS,4,3,27,36,REG
2025020101,20252026,2025-10-21,PIT,VAN,5,1,26,24,REG
2025020102,20252026,2025-10-21,WSH,SEA,4,1,34,19,REG
2025020103,20252026,2025-10-21,BOS,FLA,3,4,31,23,REG
2025020104,20252026,2025-10-21,STL,LAK,1,2,18,28,OT
2025020105,20252026,2025-10-21,NSH,ANA,2,5,28,32,REG
2025020106,20252026,2025-10-21,DAL,CBJ,1,5,23,29,REG
2025020107,20252026,2025-10-21,UTA,COL,4,3,33,33,OT
2025020108,20252026,2025-10-22,NJD,MIN,4,1,35,31,REG
2025020109,20252026,2025-10-22,BUF,DET,4,2,31,31,REG
2025020110,20252026,2025-10-22,CGY,MTL,1,2,37,28,OT
2025020111,20252026,2025-10-23,BOS,ANA,5,7,42,30,REG
2025020112,20252026,2025-10-23,OTT,PHI,2,1,33,23,REG
2025020113,20252026,2025-10-23,TBL,CHI,2,3,31,25,REG
2025020114,20252026,2025-10-23,FLA,PIT,3,5,37,17,REG
2025020115,20252026,2025-10-23,NYI,DET,7,2,30,34,REG
2025020116,20252026,2025-10-23,NYR,SJS,5,6,28,24,OT
2025020117,20252026,2025-10-23,STL,UTA,4,7,20,25,REG
2025020118,20252026,2025-10-23,NSH,VAN,2,1,35,22,REG
2025020119,20252026,2025-10-23,DAL,LAK,2,3,31,25,OT
2025020120,20252026,2025-10-23,WPG,SEA,0,3,32,28,REG
2025020121,20252026,2025-10-23,COL,CAR,4,5,48,31,SO
2025020122,20252026,2025-10-23,EDM,MTL,6,5,29,27,REG
2025020123,20252026,2025-10-24,BUF,TOR,5,3,30,34,REG
2025020124,20252026,2025-10-24,NJD,SJS,3,1,29,17,REG
2025020125,20252026,2025-10-24,CBJ,WSH,1,5,35,30,REG
2025020126,20252026,2025-10-24,WPG,CGY,5,3,32,33,REG
2025020127,20252026,2025-10-25,PHI,NYI,4,3,26,26,SO
2025020128,20252026,2025-10-25,BOS,COL,3,2,19,33,REG
2025020129,20252026,2025-10-25,TBL,ANA,4,3,33,40,REG
2025020130,20252026,2025-10-25,FLA,VGK,3,0,26,17,REG
2025020131,20252026,2025-10-25,MIN,UTA,2,6,35,41,REG
2025020132,20252026,2025-10-25,TOR,BUF,4,3,23,26,OT
2025020133,20252026,2025-10-25,DET,STL,6,4,28,29,REG
2025020134,20252026,2025-10-25,PIT,CBJ,4,5,31,41,SO
2025020135,20252026,2025-10-25,WSH,OTT,1,7,13,34,REG
2025020136,20252026,2025-10-25,VAN,MTL,3,4,31,24,REG
2025020137,20252026,2025-10-25,NSH,LAK,5,4,25,40,SO
2025020138,20252026,2025-10-25,DAL,CAR,3,2,34,28,REG
2025020139,20252026,2025-10-25,SEA,EDM,3,2,23,33,REG
2025020140,20252026,2025-10-26,NJD,COL,4,3,24,24,OT
2025020141,20252026,2025-10-26,TBL,VGK,2,1,28,19,OT
2025020142,20252026,2025-10-26,MIN,SJS,5,6,33,25,OT
2025020143,20252026,2025-10-26,WPG,UTA,2,3,30,32,REG
2025020144,20252026,2025-10-26,CHI,LAK,1,3,23,22,REG
2025020145,20252026,2025-10-26,NSH,DAL,2,3,25,28,REG
2025020146,20252026,2025-10-26,CGY,NYR,5,1,30,31,REG
2025020147,20252026,2025-10-26,VAN,EDM,4,3,27,29,OT
2025020148,20252026,2025-10-27,PIT,STL,6,3,26,28,REG
2025020149,20252026,2025-10-27,OTT,BOS,7,2,23,28,REG
2025020150,20252026,2025-10-28,PHI,PIT,3,2,34,26,SO
2025020151,20252026,2025-10-28,TOR,CGY,4,3,37,29,REG
2025020152,20252026,2025-10-28,BUF,CBJ,3,4,38,39,OT
2025020153,20252026,2025-10-28,FLA,ANA,2,3,33,17,SO
2025020154,20252026,2025-10-28,BOS,NYI,5,2,22,35,REG
2025020155,20252026,2025-10-28,CAR,VGK,3,6,24,35,REG
2025020156,20252026,2025-10-28,NSH,TBL,2,5,20,32,REG
2025020157,20252026,2025-10-28,MIN,WPG,3,4,35,21,OT
2025020158,20252026,2025-10-28,STL,DET,2,5,22,20,REG
2025020159,20252026,2025-10-28,DAL,WSH,1,0,19,24,REG
2025020160,20252026,2025-10-28,CHI,OTT,7,3,26,24,REG
2025020161,20252026,2025-10-28,COL,NJD,8,4,42,30,REG
2025020162,20252026,2025-10-28,EDM,UTA,6,3,24,23,REG
2025020163,20252026,2025-10-28,VAN,NYR,0,2,23,25,REG
2025020164,20252026,2025-10-28,SEA,MTL,3,4,21,21,OT
2025020165,20252026,2025-10-28,SJS,LAK,3,4,40,14,REG
2025020166,20252026,2025-10-29,CBJ,TOR,6,3,24,36,REG
2025020167,20252026,2025-10-30,BOS,BUF,4,3,22,40,OT
2025020168,20252026,2025-10-30,OTT,CGY,4,3,38,29,SO
2025020169,20252026,2025-10-30,TBL,DAL,2,1,33,21,OT
2025020170,20252026,2025-10-30,PHI,NSH,4,1,18,33,REG
2025020171,20252026,2025-10-30,CAR,NYI,6,2,34,28,REG
2025020172,20252026,2025-10-30,STL,VAN,3,4,39,18,SO
2025020173,20252026,2025-10-30,MIN,PIT,1,4,27,34,REG
2025020174,20252026,2025-10-30,WPG,CHI,6,3,32,24,REG
2025020175,20252026,2025-10-30,EDM,NYR,3,4,36,35,OT
2025020176,20252026,2025-10-30,SJS,NJD,5,2,28,31,REG
2025020177,20252026,2025-10-30,LAK,DET,3,4,39,27,SO
2025020178,20252026,2025-10-31,VGK,COL,2,4,23,26,REG
2025020179,20252026,2025-10-31,WSH,NYI,1,3,23,23,REG
2025020180,20252026,2025-10-31,ANA,DET,5,2,32,30,REG
2025020181,20252026,2025-11-01,BOS,CAR,2,1,22,29,REG
2025020182,20252026,2025-11-01,WPG,PIT,5,2,34,30,REG
2025020183,20252026,2025-11-01,NSH,CGY,4,2,24,35,REG
2025020184,20252026,2025-11-01,SJS,COL,3,2,23,38,OT
2025020185,20252026,2025-11-01,FLA,DAL,4,3,28,22,SO
2025020186,20252026,2025-11-01,BUF,WSH,4,3,24,34,SO
2025020187,20252026,2025-11-01,MTL,OTT,4,3,27,17,OT
2025020188,20252026,2025-11-01,PHI,TOR,2,5,33,27,REG
2025020189,20252026,2025-11-01,CBJ,STL,3,2,35,39,REG
2025020190,20252026,2025-11-01,MIN,VAN,5,2,28,28,REG
2025020191,20252026,2025-11-01,LAK,NJD,1,4,44,22,REG
2025020192,20252026,2025-11-01,EDM,CHI,3,2,30,29,OT
2025020193,20252026,2025-11-01,SEA,NYR,2,3,13,27,OT
2025020194,20252026,2025-11-02,UTA,TBL,2,4,27,26,REG
2025020195,20252026,2025-11-02,NYI,CBJ,3,2,39,22,REG
2025020196,20252026,2025-11-02,PHI,CGY,1,2,18,21,REG
2025020197,20252026,2025-11-02,ANA,NJD,4,1,29,33,REG
2025020198,20252026,2025-11-02,SJS,DET,2,3,18,32,SO
2025020199,20252026,2025-11-03,TOR,PIT,4,3,20,37,REG
2025020200,20252026,2025-11-03,STL,EDM,3,2,22,26,REG
2025020201,20252026,2025-11-03,NSH,VAN,4,5,29,36,OT
2025020202,20252026,2025-11-03,SEA,CHI,3,1,24,30,REG
2025020203,20252026,2025-11-04,BUF,UTA,1,2,18,35,OT
2025020204,20252026,2025-11-04,MTL,PHI,4,5,20,42,SO
2025020205,20252026,2025-11-04,NYI,BOS,3,4,33,27,SO
2025020206,20252026,2025-11-04,NYR,CAR,0,3,26,32,REG
2025020207,20252026,2025-11-04,DAL,EDM,4,3,27,26,SO
2025020208,20252026,2025-11-04,MIN,NSH,3,2,24,34,OT
2025020209,20252026,2025-11-04,COL,TBL,3,2,33,24,REG
2025020210,20252026,2025-11-04,VGK,DET,1,0,34,24,REG
2025020211,20252026,2025-11-04,ANA,FLA,7,3,32,21,REG
2025020212,20252026,2025-11-04,LAK,WPG,3,0,26,23,REG
2025020213,20252026,2025-11-05,TOR,UTA,5,3,19,24,REG
2025020214,20252026,2025-11-05,WSH,STL,6,1,32,24,REG
2025020215,20252026,2025-11-05,CGY,CBJ,5,1,26,43,REG
2025020216,20252026,2025-11-05,VAN,CHI,2,5,45,28,REG
2025020217,20252026,2025-11-05,SEA,SJS,1,6,30,23,REG
2025020218,20252026,2025-11-06,BOS,OTT,3,2,25,22,OT
2025020219,20252026,2025-11-06,BUF,STL,0,3,28,17,REG
2025020220,20252026,2025-11-06,NJD,MTL,4,3,28,19,OT
2025020221,20252026,2025-11-06,PIT,WSH,5,3,31,30,REG
2025020222,20252026,2025-11-06,CAR,MIN,4,3,27,24,REG
2025020223,20252026,2025-11-06,NSH,PHI,1,3,24,26,REG
2025020224,20252026,2025-11-06,DAL,ANA,5,7,26,25,REG
2025020225,20252026,2025-11-06,VGK,TBL,3,6,32,27,REG
2025020226,20252026,2025-11-06,LAK,FLA,2,5,26,24,REG
2025020227,20252026,2025-11-07,DET,NYR,1,4,33,26,REG
2025020228,20252026,2025-11-07,NYI,MIN,2,5,27,26,REG
2025020229,20252026,2025-11-07,CGY,CHI,0,4,33,27,REG
2025020230,20252026,2025-11-07,SJS,WPG,2,1,28,33,REG
2025020231,20252026,2025-11-08,NJD,PIT,2,1,24,34,SO
2025020232,20252026,2025-11-08,PHI,OTT,2,3,22,14,OT
2025020233,20252026,2025-11-08,NSH,DAL,4,5,21,22,REG
2025020234,20252026,2025-11-08,TOR,BOS,3,5,33,39,REG
2025020235,20252026,2025-11-08,MTL,UTA,6,2,23,27,REG
2025020236,20252026,2025-11-08,TBL,WSH,3,2,20,30,REG
2025020237,20252026,2025-11-08,NYR,NYI,0,5,33,26,REG
2025020238,20252026,2025-11-08,CAR,BUF,6,3,35,22,REG
2025020239,20252026,2025-11-08,STL,SEA,3,4,19,30,OT
2025020240,20252026,2025-11-08,EDM,COL,1,9,24,34,REG
2025020241,20252026,2025-11-08,VAN,CBJ,4,3,24,32,REG
2025020242,20252026,2025-11-08,VGK,ANA,3,4,39,29,OT
2025020243,20252026,2025-11-08,SJS,FLA,3,1,23,39,REG
2025020244,20252026,2025-11-09,DET,CHI,1,5,46,20,REG
2025020245,20252026,2025-11-09,PIT,LAK,2,3,33,27,REG
2025020246,20252026,2025-11-09,TOR,CAR,4,5,20,47,REG
2025020247,20252026,2025-11-09,OTT,UTA,4,2,25,31,REG
2025020248,20252026,2025-11-09,DAL,SEA,2,1,25,31,REG
2025020249,20252026,2025-11-09,MIN,CGY,2,0,19,36,REG
2025020250,20252026,2025-11-09,VAN,COL,4,5,33,32,OT
2025020251,20252026,2025-11-09,ANA,WPG,4,1,21,24,REG
2025020252,20252026,2025-11-10,NJD,NYI,2,3,35,24,OT
2025020253,20252026,2025-11-10,NYR,NSH,6,3,18,30,REG
2025020254,20252026,2025-11-10,EDM,CBJ,5,4,24,22,OT
2025020255,20252026,2025-11-10,VGK,FLA,2,3,32,20,REG
2025020256,20252026,2025-11-11,BOS,TOR,5,3,32,33,REG
2025020257,20252026,2025-11-11,MTL,LAK,1,5,22,26,REG
2025020258,20252026,2025-11-11,OTT,DAL,2,3,29,33,OT
2025020259,20252026,2025-11-11,CAR,WSH,1,4,31,28,REG
2025020260,20252026,2025-11-11,STL,CGY,3,2,31,40,REG
2025020261,20252026,2025-11-11,MIN,SJS,1,2,29,18,OT
2025020262,20252026,2025-11-11,COL,ANA,4,1,36,36,REG
2025020263,20252026,2025-11-11,VAN,WPG,3,5,33,30,REG
2025020264,20252026,2025-11-11,SEA,CBJ,1,2,23,34,SO
2025020265,20252026,2025-11-12,TBL,NYR,3,7,36,21,REG
2025020266,20252026,2025-11-12,PHI,EDM,1,2,21,31,OT
2025020267,20252026,2025-11-12,UTA,BUF,5,2,37,19,REG
2025020268,20252026,2025-11-12,CHI,NJD,3,4,20,37,OT
2025020269,20252026,2025-11-13,TOR,LAK,3,4,15,37,OT
2025020270,20252026,2025-11-13,MTL,DAL,0,7,24,19,REG
2025020271,20252026,2025-11-13,OTT,BOS,5,3,22,21,REG
2025020272,20252026,2025-11-13,DET,ANA,6,3,33,28,REG
2025020273,20252026,2025-11-13,FLA,WSH,6,3,28,40,REG
2025020274,20252026,2025-11-13,CBJ,EDM,5,4,25,29,REG
2025020275,20252026,2025-11-13,COL,BUF,6,3,34,21,REG
2025020276,20252026,2025-11-13,CGY,SJS,2,0,36,17,REG
2025020277,20252026,2025-11-13,VGK,NYI,3,4,29,24,OT
2025020278,20252026,2025-11-13,SEA,WPG,5,3,18,26,REG
2025020279,20252026,2025-11-14,CAR,VAN,4,3,38,17,OT
2025020280,20252026,2025-11-14,STL,PHI,5,6,17,31,SO
2025020281,20252026,2025-11-14,NSH,PIT,2,1,30,17,OT
2025020282,20252026,2025-11-14,UTA,NYI,2,3,30,21,OT
2025020283,20252026,2025-11-15,FLA,TBL,1,3,23,20,REG
2025020284,20252026,2025-11-15,MIN,ANA,2,0,30,28,REG
2025020285,20252026,2025-11-15,MTL,BOS,2,3,28,23,REG
2025020286,20252026,2025-11-15,OTT,LAK,0,1,17,18,REG
2025020287,20252026,2025-11-15,DET,BUF,4,5,28,27,OT
2025020288,20252026,2025-11-15,WSH,NJD,2,3,31,31,SO
2025020289,20252026,2025-11-15,CAR,EDM,3,4,36,23,OT
2025020290,20252026,2025-11-15,CBJ,NYR,1,2,27,33,SO
2025020291,20252026,2025-11-15,CHI,TOR,3,2,32,33,REG
2025020292,20252026,2025-11-15,STL,VGK,1,4,23,34,REG
2025020293,20252026,2025-11-15,DAL,PHI,5,1,28,21,REG
2025020294,20252026,2025-11-15,CGY,WPG,3,4,34,23,SO
2025020295,20252026,2025-11-15,SEA,SJS,4,1,23,26,REG
2025020296,20252026,2025-11-16,PIT,NSH,4,0,22,21,REG
2025020297,20252026,2025-11-16,TBL,VAN,2,6,30,18,REG
2025020298,20252026,2025-11-16,MIN,VGK,3,2,28,25,OT
2025020299,20252026,2025-11-16,NYR,DET,1,2,19,42,REG
2025020300,20252026,2025-11-16,COL,NYI,4,1,28,29,REG
2025020301,20252026,2025-11-17,BOS,CAR,1,3,30,32,REG
2025020302,20252026,2025-11-17,BUF,EDM,5,1,28,33,REG
2025020303,20252026,2025-11-17,FLA,VAN,8,5,41,15,REG
2025020304,20252026,2025-11-17,WSH,LAK,2,1,25,31,REG
2025020305,20252026,2025-11-17,CBJ,MTL,4,3,23,32,SO
2025020306,20252026,2025-11-17,ANA,UTA,3,2,26,18,OT
2025020307,20252026,2025-11-18,TOR,STL,3,2,29,29,OT
2025020308,20252026,2025-11-18,DET,SEA,4,2,27,22,REG
2025020309,20252026,2025-11-18,TBL,NJD,5,1,29,32,REG
2025020310,20252026,2025-11-18,DAL,NYI,2,3,24,22,REG
2025020311,20252026,2025-11-18,WPG,CBJ,5,2,30,22,REG
2025020312,20252026,2025-11-18,CHI,CGY,5,2,23,21,REG
2025020313,20252026,2025-11-18,VGK,NYR,3,2,26,19,REG
2025020314,20252026,2025-11-18,SJS,UTA,3,2,22,26,OT
2025020315,20252026,2025-11-19,WSH,EDM,7,4,22,30,REG
2025020316,20252026,2025-11-19,BUF,CGY,2,6,30,35,REG
2025020317,20252026,2025-11-19,MIN,CAR,4,3,19,45,SO
2025020318,20252026,2025-11-19,ANA,BOS,4,3,33,39,REG
2025020319,20252026,2025-11-20,TOR,CBJ,2,3,29,30,OT
2025020320,20252026,2025-11-20,MTL,WSH,4,8,28,36,REG
2025020321,20252026,2025-11-20,DET,NYI,0,5,29,26,REG
2025020322,20252026,2025-11-20,TBL,EDM,2,1,35,25,OT
2025020323,20252026,2025-11-20,FLA,NJD,1,0,24,32,REG
2025020324,20252026,2025-11-20,PHI,STL,3,2,28,29,OT
2025020325,20252026,2025-11-20,CHI,SEA,2,3,24,27,REG
2025020326,20252026,2025-11-20,COL,NYR,6,3,35,19,REG
2025020327,20252026,2025-11-20,UTA,VGK,1,4,26,33,REG
2025020328,20252026,2025-11-20,VAN,DAL,2,4,36,24,REG
2025020329,20252026,2025-11-20,ANA,OTT,2,3,25,25,REG
2025020330,20252026,2025-11-20,SJS,LAK,4,3,24,34,SO
2025020331,20252026,2025-11-21,BUF,CHI,9,3,31,23,REG
2025020332,20252026,2025-11-21,PIT,MIN,0,5,19,21,REG
2025020333,20252026,2025-11-21,WPG,CAR,3,4,28,28,REG
2025020334,20252026,2025-11-21,LAK,BOS,1,2,32,26,OT
2025020335,20252026,2025-11-22,DET,CBJ,4,3,33,35,OT
2025020336,20252026,2025-11-22,NYI,STL,1,2,30,22,REG
2025020337,20252026,2025-11-22,MTL,TOR,5,2,29,26,REG
2025020338,20252026,2025-11-22,FLA,EDM,3,6,38,31,REG
2025020339,20252026,2025-11-22,PHI,NJD,6,3,29,35,REG
2025020340,20252026,2025-11-22,PIT,SEA,2,3,32,21,OT
2025020341,20252026,2025-11-22,WSH,TBL,3,5,32,16,REG
2025020342,20252026,2025-11-22,SJS,OTT,2,3,19,27,REG
2025020343,20252026,2025-11-22,NSH,COL,0,3,35,26,REG
2025020344,20252026,2025-11-22,UTA,NYR,3,2,34,22,REG
2025020345,20252026,2025-11-22,CGY,DAL,3,2,33,30,SO
2025020346,20252026,2025-11-22,ANA,VGK,4,3,33,32,OT
2025020347,20252026,2025-11-23,BUF,CAR,4,1,21,30,REG
2025020348,20252026,2025-11-23,WPG,MIN,0,3,32,30,REG
2025020349,20252026,2025-11-23,NYI,SEA,1,0,34,19,SO
2025020350,20252026,2025-11-23,CHI,COL,0,1,22,26,REG
2025020351,20252026,2025-11-23,SJS,BOS,3,1,31,35,REG
2025020352,20252026,2025-11-23,VAN,CGY,2,5,31,21,REG
2025020353,20252026,2025-11-24,TBL,PHI,3,0,18,20,REG
2025020354,20252026,2025-11-24,NJD,DET,4,3,20,35,REG
2025020355,20252026,2025-11-24,NYR,STL,3,2,21,21,REG
2025020356,20252026,2025-11-24,WSH,CBJ,5,1,31,23,REG
2025020357,20252026,2025-11-24,NSH,FLA,3,8,39,26,REG
2025020358,20252026,2025-11-24,UTA,VGK,5,1,23,34,REG
2025020359,20252026,2025-11-24,LAK,OTT,2,1,22,28,REG
2025020360,20252026,2025-11-25,EDM,DAL,3,8,25,30,REG
2025020361,20252026,2025-11-26,DET,NSH,3,6,31,29,REG
2025020362,20252026,2025-11-26,TBL,CGY,5,1,23,32,REG
2025020363,20252026,2025-11-26,FLA,PHI,2,4,27,18,REG
2025020364,20252026,2025-11-26,NJD,STL,3,2,29,23,OT
2025020365,20252026,2025-11-26,NYI,BOS,1,3,44,14,REG
2025020366,20252026,2025-11-26,PIT,BUF,4,2,19,31,REG
2025020367,20252026,2025-11-26,WSH,WPG,4,3,35,21,REG
2025020368,20252026,2025-11-26,CAR,NYR,2,4,38,18,REG
2025020369,20252026,2025-11-26,CBJ,TOR,1,2,36,24,OT
2025020370,20252026,2025-11-26,CHI,MIN,3,4,37,24,OT
2025020371,20252026,2025-11-26,COL,SJS,6,0,42,26,REG
2025020372,20252026,2025-11-26,UTA,MTL,3,4,34,17,REG
2025020373,20252026,2025-11-26,VGK,OTT,3,4,35,22,SO
2025020374,20252026,2025-11-26,ANA,VAN,4,5,41,28,REG
2025020375,20252026,2025-11-26,SEA,DAL,2,3,28,21,REG
2025020376,20252026,2025-11-28,BOS,NYR,2,6,21,37,REG
2025020377,20252026,2025-11-28,DET,TBL,3,6,37,27,REG
2025020378,20252026,2025-11-28,MIN,COL,3,2,39,41,SO
2025020379,20252026,2025-11-28,BUF,NJD,0,5,42,23,REG
2025020380,20252026,2025-11-28,FLA,CGY,3,5,41,34,REG
2025020381,20252026,2025-11-28,NYI,PHI,3,4,31,21,SO
2025020382,20252026,2025-11-28,STL,OTT,4,3,31,28,REG
2025020383,20252026,2025-11-28,VGK,MTL,1,4,31,19,REG
2025020384,20252026,2025-11-28,ANA,LAK,5,4,31,27,SO
2025020385,20252026,2025-11-28,SJS,VAN,3,2,24,34,REG
2025020386,20252026,2025-11-28,WSH,TOR,4,2,34,22,REG
2025020387,20252026,2025-11-28,CAR,WPG,5,1,35,13,REG
2025020388,20252026,2025-11-28,CBJ,PIT,3,4,29,24,OT
2025020389,20252026,2025-11-28,CHI,NSH,3,4,27,29,REG
2025020390,20252026,2025-11-28,DAL,UTA,4,3,28,30,REG
2025020391,20252026,2025-11-29,NYR,TBL,1,4,13,35,REG
2025020392,20252026,2025-11-29,COL,MTL,7,2,36,23,REG
2025020393,20252026,2025-11-29,SEA,EDM,0,4,26,25,REG
2025020394,20252026,2025-11-29,BOS,DET,3,2,20,26,SO
2025020395,20252026,2025-11-29,NJD,PHI,3,5,32,31,REG
2025020396,20252026,2025-11-29,PIT,TOR,2,7,35,23,REG
2025020397,20252026,2025-11-29,NSH,WPG,2,5,23,27,REG
2025020398,20252026,2025-11-29,STL,UTA,1,0,19,18,REG
2025020399,20252026,2025-11-29,MIN,BUF,2,3,24,33,SO
2025020400,20252026,2025-11-29,VGK,SJS,4,3,24,21,REG
2025020401,20252026,2025-11-29,LAK,VAN,2,1,23,20,OT
2025020402,20252026,2025-11-30,NYI,WSH,1,4,31,19,REG
2025020403,20252026,2025-11-30,CHI,ANA,5,3,18,26,REG
2025020404,20252026,2025-11-30,CAR,CGY,1,0,17,16,OT
2025020405,20252026,2025-11-30,DAL,OTT,6,1,26,16,REG
2025020406,20252026,2025-12-01,NJD,CBJ,3,5,33,25,REG
2025020407,20252026,2025-12-01,PHI,PIT,1,5,29,27,REG
2025020408,20252026,2025-12-01,BUF,WPG,5,1,31,24,REG
2025020409,20252026,2025-12-01,STL,ANA,1,4,22,26,REG
2025020410,20252026,2025-12-01,SJS,UTA,6,3,30,34,REG
2025020411,20252026,2025-12-02,MTL,OTT,2,5,22,29,REG
2025020412,20252026,2025-12-02,DET,BOS,5,4,32,38,REG
2025020413,20252026,2025-12-02,FLA,TOR,1,4,26,31,REG
2025020414,20252026,2025-12-02,NYI,TBL,2,1,24,31,REG
2025020415,20252026,2025-12-02,NYR,DAL,3,2,41,26,OT
2025020416,20252026,2025-12-02,NSH,CGY,5,1,28,28,REG
2025020417,20252026,2025-12-02,COL,VAN,3,1,31,21,REG
2025020418,20252026,2025-12-02,EDM,MIN,0,1,33,24,REG
2025020419,20252026,2025-12-02,VGK,CHI,4,3,28,30,SO
2025020420,20252026,2025-12-02,LAK,WSH,1,3,25,25,REG
2025020421,20252026,2025-12-03,NJD,DAL,0,3,30,28,REG
2025020422,20252026,2025-12-03,MTL,WPG,3,2,31,32,SO
2025020423,20252026,2025-12-03,PHI,BUF,5,2,35,29,REG
2025020424,20252026,2025-12-03,ANA,UTA,0,7,27,34,REG
2025020425,20252026,2025-12-03,SJS,WSH,1,7,24,31,REG
2025020426,20252026,2025-12-04,BOS,STL,5,2,27,39,REG
2025020427,20252026,2025-12-04,OTT,NYR,2,4,27,28,REG
2025020428,20252026,2025-12-04,TBL,PIT,3,4,40,31,REG
2025020429,20252026,2025-12-04,FLA,NSH,1,2,31,29,OT
2025020430,20252026,2025-12-04,NYI,COL,6,3,42,38,REG
2025020431,20252026,2025-12-04,CAR,TOR,1,5,33,24,REG
2025020432,20252026,2025-12-04,CBJ,DET,6,5,32,33,SO
2025020433,20252026,2025-12-04,CGY,MIN,4,1,31,27,REG
2025020434,20252026,2025-12-04,EDM,SEA,9,4,32,32,REG
2025020435,20252026,2025-12-04,LAK,CHI,1,2,27,36,REG
2025020436,20252026,2025-12-05,NJD,VGK,0,3,24,25,REG
2025020437,20252026,2025-12-05,WPG,BUF,4,1,23,35,REG
2025020438,20252026,2025-12-05,DAL,SJS,4,1,24,17,REG
2025020439,20252026,2025-12-05,VAN,UTA,1,4,33,18,REG
2025020440,20252026,2025-12-05,ANA,WSH,4,3,38,21,SO
2025020441,20252026,2025-12-06,NYR,COL,2,3,27,42,OT
2025020442,20252026,2025-12-06,FLA,CBJ,7,6,40,31,OT
2025020443,20252026,2025-12-06,BOS,NJD,4,1,22,30,REG
2025020444,20252026,2025-12-06,TOR,MTL,1,2,23,34,SO
2025020445,20252026,2025-12-06,OTT,STL,1,2,42,20,REG
2025020446,20252026,2025-12-06,TBL,NYI,0,2,32,19,REG
2025020447,20252026,2025-12-06,CAR,NSH,6,3,40,22,REG
2025020448,20252026,2025-12-06,CGY,UTA,2,0,23,28,REG
2025020449,20252026,2025-12-06,LAK,CHI,6,0,32,23,REG
2025020450,20252026,2025-12-06,EDM,WPG,6,2,27,21,REG
2025020451,20252026,2025-12-06,VAN,MIN,4,2,21,30,REG
2025020452,20252026,2025-12-06,SEA,DET,3,4,27,25,REG
2025020453,20252026,2025-12-07,PHI,COL,2,3,25,28,REG
2025020454,20252026,2025-12-07,FLA,NYI,4,1,30,21,REG
2025020455,20252026,2025-12-07,CAR,SJS,1,4,29,23,REG
2025020456,20252026,2025-12-07,DAL,PIT,3,2,23,29,SO
2025020457,20252026,2025-12-07,MTL,STL,3,4,26,18,REG
2025020458,20252026,2025-12-07,NYR,VGK,2,3,24,28,OT
2025020459,20252026,2025-12-07,WSH,CBJ,2,0,38,39,REG
2025020460,20252026,2025-12-07,ANA,CHI,7,1,53,20,REG
2025020461,20252026,2025-12-08,TOR,TBL,2,0,25,29,REG
2025020462,20252026,2025-12-08,UTA,LAK,2,4,21,27,REG
2025020463,20252026,2025-12-08,CGY,BUF,7,4,28,29,REG
2025020464,20252026,2025-12-08,VAN,DET,0,4,39,21,REG
2025020465,20252026,2025-12-08,SEA,MIN,1,4,24,29,REG
2025020466,20252026,2025-12-09,MTL,TBL,1,6,27,27,REG
2025020467,20252026,2025-12-09,OTT,NJD,3,4,38,32,REG
2025020468,20252026,2025-12-09,NYI,VGK,5,4,27,37,SO
2025020469,20252026,2025-12-09,PHI,SJS,4,1,30,18,REG
2025020470,20252026,2025-12-09,PIT,ANA,3,4,47,28,SO
2025020471,20252026,2025-12-09,CAR,CBJ,4,1,32,24,REG
2025020472,20252026,2025-12-09,STL,BOS,2,5,26,31,REG
2025020473,20252026,2025-12-09,WPG,DAL,3,4,33,19,REG
2025020474,20252026,2025-12-09,EDM,BUF,3,4,30,28,OT
2025020475,20252026,2025-12-09,NSH,COL,4,3,31,42,SO
2025020476,20252026,2025-12-10,CHI,NYR,3,0,25,21,REG
2025020477,20252026,2025-12-10,CGY,DET,3,4,37,29,REG
2025020478,20252026,2025-12-10,UTA,FLA,3,4,30,36,REG
2025020479,20252026,2025-12-10,SEA,LAK,3,2,33,26,OT
2025020480,20252026,2025-12-11,TOR,SJS,2,3,30,32,OT
2025020481,20252026,2025-12-11,NJD,TBL,4,8,37,35,REG
2025020482,20252026,2025-12-11,NYI,ANA,5,2,37,33,REG
2025020483,20252026,2025-12-11,PHI,VGK,2,3,19,22,OT
2025020484,20252026,2025-12-11,PIT,MTL,2,4,38,29,REG
2025020485,20252026,2025-12-11,WSH,CAR,2,3,25,39,SO
2025020486,20252026,2025-12-11,CBJ,OTT,3,6,27,29,REG
2025020487,20252026,2025-12-11,NSH,STL,7,2,32,26,REG
2025020488,20252026,2025-12-11,MIN,DAL,5,2,32,18,REG
2025020489,20252026,2025-12-11,WPG,BOS,3,6,29,24,REG
2025020490,20252026,2025-12-11,COL,FLA,6,2,42,25,REG
2025020491,20252026,2025-12-11,EDM,DET,4,1,29,28,REG
2025020492,20252026,2025-12-11,VAN,BUF,2,3,32,15,REG
2025020493,20252026,2025-12-12,STL,CHI,3,2,26,29,REG
2025020494,20252026,2025-12-12,UTA,SEA,5,3,33,37,REG
2025020495,20252026,2025-12-13,NJD,ANA,4,1,22,31,REG
2025020496,20252026,2025-12-13,MIN,OTT,3,2,25,36,REG
2025020497,20252026,2025-12-13,PIT,SJS,5,6,43,31,OT
2025020498,20252026,2025-12-13,NYI,TBL,3,2,17,34,SO
2025020499,20252026,2025-12-13,TOR,EDM,3,6,28,37,REG
2025020500,20252026,2025-12-13,NYR,MTL,5,4,29,18,OT
2025020501,20252026,2025-12-13,PHI,CAR,3,4,18,21,SO
2025020502,20252026,2025-12-13,CBJ,VGK,2,3,30,26,REG
2025020503,20252026,2025-12-13,WPG,WSH,5,1,35,25,REG
2025020504,20252026,2025-12-13,CHI,DET,0,4,26,24,REG
2025020505,20252026,2025-12-13,DAL,FLA,0,4,15,23,REG
2025020506,20252026,2025-12-13,COL,NSH,4,2,41,29,REG
2025020507,20252026,2025-12-13,LAK,CGY,1,2,22,38,OT
2025020508,20252026,2025-12-14,NJD,VAN,1,2,26,15,REG
2025020509,20252026,2025-12-14,PIT,UTA,4,5,16,36,OT
2025020510,20252026,2025-12-14,CAR,PHI,3,2,32,26,SO
2025020511,20252026,2025-12-14,MIN,BOS,6,2,31,31,REG
2025020512,20252026,2025-12-14,MTL,EDM,4,1,27,28,REG
2025020513,20252026,2025-12-14,SEA,BUF,1,3,24,23,REG
2025020514,20252026,2025-12-15,TBL,FLA,2,5,28,24,REG
2025020515,20252026,2025-12-15,NYR,ANA,1,4,27,26,REG
2025020516,20252026,2025-12-15,WPG,OTT,2,3,25,31,OT
2025020517,20252026,2025-12-15,STL,NSH,2,5,22,26,REG
2025020518,20252026,2025-12-15,DAL,LAK,4,1,26,28,REG
2025020519,20252026,2025-12-16,BOS,UTA,4,1,23,21,REG
2025020520,20252026,2025-12-16,TOR,CHI,3,2,27,25,REG
2025020521,20252026,2025-12-16,MTL,PHI,1,4,22,21,REG
2025020522,20252026,2025-12-16,DET,NYI,3,2,21,18,REG
2025020523,20252026,2025-12-16,NYR,VAN,0,3,23,17,REG
2025020524,20252026,2025-12-16,PIT,EDM,4,6,30,23,REG
2025020525,20252026,2025-12-16,CBJ,ANA,4,3,28,27,OT
2025020526,20252026,2025-12-16,MIN,WSH,5,0,32,25,REG
2025020527,20252026,2025-12-16,SJS,CGY,6,3,26,30,REG
2025020528,20252026,2025-12-16,SEA,COL,3,5,38,39,REG
2025020529,20252026,2025-12-17,FLA,LAK,3,2,29,29,REG
2025020530,20252026,2025-12-17,DET,UTA,1,4,28,28,REG
2025020531,20252026,2025-12-17,STL,WPG,1,0,26,24,REG
2025020532,20252026,2025-12-17,NSH,CAR,1,4,26,37,REG
2025020533,20252026,2025-12-17,VGK,NJD,1,2,37,33,SO
2025020534,20252026,2025-12-18,BOS,EDM,1,3,26,25,REG
2025020535,20252026,2025-12-18,BUF,PHI,5,3,28,27,REG
2025020536,20252026,2025-12-18,MTL,CHI,4,1,35,15,REG
2025020537,20252026,2025-12-18,OTT,PIT,4,0,26,25,REG
2025020538,20252026,2025-12-18,TBL,LAK,1,2,32,20,REG
2025020539,20252026,2025-12-18,WSH,TOR,4,0,29,22,REG
2025020540,20252026,2025-12-18,CBJ,MIN,2,5,29,28,REG
2025020541,20252026,2025-12-18,STL,NYR,1,2,27,31,OT
2025020542,20252026,2025-12-18,CGY,SEA,4,2,46,23,REG
2025020543,20252026,2025-12-18,SJS,DAL,3,5,37,30,REG
2025020544,20252026,2025-12-19,FLA,CAR,4,3,41,29,SO
2025020545,20252026,2025-12-19,NYI,VAN,1,4,24,31,REG
2025020546,20252026,2025-12-19,COL,WPG,3,2,26,22,REG
2025020547,20252026,2025-12-19,UTA,NJD,1,2,33,22,REG
2025020548,20252026,2025-12-19,ANA,DAL,3,8,25,25,REG
2025020549,20252026,2025-12-20,NYR,PHI,5,4,27,32,SO
2025020550,20252026,2025-12-20,WSH,DET,2,5,26,41,REG
2025020551,20252026,2025-12-20,OTT,CHI,6,4,40,24,REG
2025020552,20252026,2025-12-20,MIN,EDM,5,2,37,30,REG
2025020553,20252026,2025-12-20,BUF,NYI,3,2,32,34,SO
2025020554,20252026,2025-12-20,FLA,STL,2,6,29,32,REG
2025020555,20252026,2025-12-20,BOS,VAN,4,5,43,23,SO
2025020556,20252026,2025-12-20,MTL,PIT,4,0,21,31,REG
2025020557,20252026,2025-12-20,TBL,CAR,6,4,29,22,REG
2025020558,20252026,2025-12-20,NSH,TOR,5,3,34,22,REG
2025020559,20252026,2025-12-20,CGY,VGK,6,3,26,37,REG
2025020560,20252026,2025-12-20,ANA,CBJ,4,3,28,26,REG
2025020561,20252026,2025-12-20,SJS,SEA,2,4,36,32,REG
2025020562,20252026,2025-12-21,DET,WSH,3,2,27,33,OT
2025020563,20252026,2025-12-21,MIN,COL,1,5,29,42,REG
2025020564,20252026,2025-12-21,BOS,OTT,2,6,20,28,REG
2025020565,20252026,2025-12-21,NJD,BUF,1,3,27,25,REG
2025020566,20252026,2025-12-21,PIT,MTL,4,3,31,25,SO
2025020567,20252026,2025-12-21,NSH,NYR,2,1,32,17,REG
2025020568,20252026,2025-12-21,DAL,TOR,5,1,22,28,REG
2025020569,20252026,2025-12-21,UTA,WPG,4,3,22,26,OT
2025020570,20252026,2025-12-21,EDM,VGK,4,3,21,31,REG
2025020571,20252026,2025-12-22,TBL,STL,4,1,17,24,REG
2025020572,20252026,2025-12-22,PHI,VAN,5,2,39,25,REG
2025020573,20252026,2025-12-22,ANA,SEA,1,3,41,21,REG
2025020574,20252026,2025-12-22,LAK,CBJ,1,3,24,30,REG
2025020575,20252026,2025-12-23,TOR,PIT,6,3,31,32,REG
2025020576,20252026,2025-12-23,WSH,NYR,3,7,32,21,REG
2025020577,20252026,2025-12-23,BOS,MTL,2,6,28,29,REG
2025020578,20252026,2025-12-23,OTT,BUF,2,3,26,25,OT
2025020579,20252026,2025-12-23,DET,DAL,4,3,25,22,OT
2025020580,20252026,2025-12-23,NYI,NJD,2,1,25,32,REG
2025020581,20252026,2025-12-23,CAR,FLA,2,5,19,22,REG
2025020582,20252026,2025-12-23,MIN,NSH,2,3,32,29,OT
2025020583,20252026,2025-12-23,CHI,PHI,1,3,21,26,REG
2025020584,20252026,2025-12-23,COL,UTA,1,0,26,32,REG
2025020585,20252026,2025-12-23,EDM,CGY,5,1,39,19,REG
2025020586,20252026,2025-12-23,VGK,SJS,7,2,26,23,REG
2025020587,20252026,2025-12-23,LAK,SEA,2,3,37,28,REG
2025020588,20252026,2025-12-27,NYI,NYR,2,0,26,27,REG
2025020589,20252026,2025-12-27,BUF,BOS,4,1,34,23,REG
2025020590,20252026,2025-12-27,TOR,OTT,7,5,33,31,REG
2025020591,20252026,2025-12-27,FLA,TBL,2,4,26,25,REG
2025020592,20252026,2025-12-27,NJD,WSH,3,4,38,33,OT
2025020593,20252026,2025-12-27,CAR,DET,5,2,38,20,REG
2025020594,20252026,2025-12-27,WPG,MIN,3,4,26,19,OT
2025020595,20252026,2025-12-27,STL,NSH,3,2,20,32,REG
2025020596,20252026,2025-12-27,DAL,CHI,3,4,31,33,SO
2025020597,20252026,2025-12-27,LAK,ANA,6,1,30,26,REG
2025020598,20252026,2025-12-27,CGY,EDM,3,2,32,31,REG
2025020599,20252026,2025-12-27,VAN,SJS,3,6,27,37,REG
2025020600,20252026,2025-12-27,VGK,COL,5,6,25,39,SO
2025020601,20252026,2025-12-28,DET,TOR,3,2,36,27,OT
2025020602,20252026,2025-12-28,TBL,MTL,5,4,21,35,SO
2025020603,20252026,2025-12-28,CBJ,NYI,4,2,35,26,REG
2025020604,20252026,2025-12-28,CHI,PIT,3,7,24,24,REG
2025020605,20252026,2025-12-28,SEA,PHI,4,1,20,33,REG
2025020606,20252026,2025-12-29,OTT,CBJ,1,4,28,22,REG
2025020607,20252026,2025-12-29,FLA,WSH,5,3,29,27,REG
2025020608,20252026,2025-12-29,CAR,NYR,3,2,35,20,OT
2025020609,20252026,2025-12-29,WPG,EDM,1,3,42,21,REG
2025020610,20252026,2025-12-29,STL,BUF,2,4,18,34,REG
2025020611,20252026,2025-12-29,COL,LAK,5,2,26,25,REG
2025020612,20252026,2025-12-29,UTA,NSH,3,4,31,26,REG
2025020613,20252026,2025-12-29,CGY,BOS,2,1,20,26,OT
2025020614,20252026,2025-12-29,VGK,MIN,2,5,16,27,REG
2025020615,20252026,2025-12-29,ANA,SJS,4,5,42,13,REG
2025020616,20252026,2025-12-29,SEA,VAN,2,3,39,24,SO
2025020617,20252026,2025-12-30,TOR,NJD,4,0,30,33,REG
2025020618,20252026,2025-12-30,FLA,MTL,2,3,30,29,OT
2025020619,20252026,2025-12-30,PIT,CAR,5,1,28,28,REG
2025020620,20252026,2025-12-30,CHI,NYI,2,3,19,21,SO
2025020621,20252026,2025-12-30,VAN,PHI,3,6,35,33,REG
2025020622,20252026,2025-12-31,WSH,NYR,6,3,27,25,REG
2025020623,20252026,2025-12-31,VGK,NSH,2,4,31,19,REG
2025020624,20252026,2025-12-31,ANA,TBL,3,4,28,29,OT
2025020625,20252026,2025-12-31,SJS,MIN,4,3,28,23,SO
2025020626,20252026,2025-12-31,DET,WPG,2,1,19,24,REG
2025020627,20252026,2025-12-31,CBJ,NJD,2,3,35,33,REG
2025020628,20252026,2025-12-31,DAL,BUF,1,4,29,31,REG
2025020629,20252026,2025-12-31,COL,STL,6,1,43,13,REG
2025020630,20252026,2025-12-31,CGY,PHI,5,1,26,26,REG
2025020631,20252026,2025-12-31,EDM,BOS,2,6,36,29,REG
2025020632,20252026,2026-01-01,OTT,WSH,4,3,32,29,REG
2025020633,20252026,2026-01-01,NYI,UTA,2,7,22,21,REG
2025020634,20252026,2026-01-01,TOR,WPG,6,5,30,40,REG
2025020635,20252026,2026-01-01,PIT,DET,4,3,31,27,OT
2025020636,20252026,2026-01-01,CAR,MTL,5,7,25,23,REG
2025020637,20252026,2026-01-01,CHI,DAL,4,3,21,25,REG
2025020638,20252026,2026-01-01,SEA,NSH,4,1,23,25,REG
2025020639,20252026,2026-01-01,LAK,TBL,3,5,20,24,REG
2025020640,20252026,2026-01-02,STL,VGK,4,3,19,25,REG
2025020641,20252026,2026-01-02,FLA,NYR,1,5,37,20,REG
2025020642,20252026,2026-01-02,VAN,SEA,3,4,24,28,SO
2025020643,20252026,2026-01-02,ANA,MIN,2,5,28,34,REG
2025020644,20252026,2026-01-03,DET,PIT,1,4,12,31,REG
2025020645,20252026,2026-01-03,NJD,UTA,4,1,30,31,REG
2025020646,20252026,2026-01-03,CBJ,BUF,5,1,35,33,REG
2025020647,20252026,2026-01-03,EDM,PHI,2,5,25,29,REG
2025020648,20252026,2026-01-03,STL,MTL,2,0,19,26,REG
2025020649,20252026,2026-01-03,SJS,TBL,3,7,22,26,REG
2025020650,20252026,2026-01-03,OTT,WPG,4,2,27,23,REG
2025020651,20252026,2026-01-03,NYI,TOR,4,3,25,21,OT
2025020652,20252026,2026-01-03,WSH,CHI,2,3,34,33,SO
2025020653,20252026,2026-01-03,CAR,COL,3,5,28,34,REG
2025020654,20252026,2026-01-03,CGY,NSH,3,4,23,36,REG
2025020655,20252026,2026-01-03,LAK,MIN,5,4,38,28,SO
2025020656,20252026,2026-01-03,VAN,BOS,2,3,34,22,OT
2025020657,20252026,2026-01-04,DAL,MTL,3,4,27,28,OT
2025020658,20252026,2026-01-04,CBJ,PIT,4,5,25,43,OT
2025020659,20252026,2026-01-04,FLA,COL,2,1,25,28,REG
2025020660,20252026,2026-01-04,NJD,CAR,1,3,29,29,REG
2025020661,20252026,2026-01-04,CHI,VGK,3,2,20,15,OT
2025020662,20252026,2026-01-05,NYR,UTA,2,3,24,27,OT
2025020663,20252026,2026-01-05,WSH,ANA,7,4,29,45,REG
2025020664,20252026,2026-01-05,OTT,DET,3,5,37,21,REG
2025020665,20252026,2026-01-05,CGY,SEA,1,5,42,28,REG
2025020666,20252026,2026-01-05,LAK,MIN,4,2,33,35,REG
2025020667,20252026,2026-01-06,BUF,VAN,5,3,20,37,REG
2025020668,20252026,2026-01-06,TBL,COL,4,2,28,33,REG
2025020669,20252026,2026-01-06,NYI,NJD,9,0,24,44,REG
2025020670,20252026,2026-01-06,PHI,ANA,5,2,39,18,REG
2025020671,20252026,2026-01-06,CAR,DAL,6,3,33,23,REG
2025020672,20252026,2026-01-06,TOR,FLA,4,1,23,32,REG
2025020673,20252026,2026-01-06,WPG,VGK,3,4,20,31,OT
2025020674,20252026,2026-01-06,EDM,NSH,6,2,43,26,REG
2025020675,20252026,2026-01-06,SJS,CBJ,5,2,36,36,REG
2025020676,20252026,2026-01-06,SEA,BOS,7,4,27,36,REG
2025020677,20252026,2026-01-07,WSH,DAL,1,4,24,36,REG
2025020678,20252026,2026-01-07,MTL,CGY,4,1,36,29,REG
2025020679,20252026,2026-01-07,CHI,STL,7,3,35,30,REG
2025020680,20252026,2026-01-07,UTA,OTT,3,1,21,33,REG
2025020681,20252026,2026-01-07,LAK,SJS,3,4,26,28,OT
2025020682,20252026,2026-01-08,BOS,CGY,4,1,30,29,REG
2025020683,20252026,2026-01-08,MTL,FLA,6,2,19,27,REG
2025020684,20252026,2026-01-08,DET,VAN,5,1,25,24,REG
2025020685,20252026,2026-01-08,NYR,BUF,2,5,32,21,REG
2025020686,20252026,2026-01-08,PHI,TOR,1,2,23,23,OT
2025020687,20252026,2026-01-08,PIT,NJD,4,1,29,29,REG
2025020688,20252026,2026-01-08,CAR,ANA,5,2,35,13,REG
2025020689,20252026,2026-01-08,NSH,NYI,2,1,27,31,SO
2025020690,20252026,2026-01-08,WPG,EDM,3,4,16,30,REG
2025020691,20252026,2026-01-08,COL,OTT,8,2,34,31,REG
2025020692,20252026,2026-01-08,VGK,CBJ,5,3,26,25,REG
2025020693,20252026,2026-01-08,SEA,MIN,2,3,28,34,OT
2025020694,20252026,2026-01-09,CHI,WSH,1,5,24,24,REG
2025020695,20252026,2026-01-09,WPG,LAK,5,1,20,24,REG
2025020696,20252026,2026-01-09,UTA,STL,4,2,23,28,REG
2025020697,20252026,2026-01-10,BOS,NYR,10,2,34,29,REG
2025020698,20252026,2026-01-10,PIT,CGY,1,2,28,25,REG
2025020699,20252026,2026-01-10,COL,CBJ,4,0,31,29,REG
2025020700,20252026,2026-01-10,SJS,DAL,5,4,31,20,OT
2025020701,20252026,2026-01-10,BUF,ANA,5,3,32,36,REG
2025020702,20252026,2026-01-10,TOR,VAN,5,0,24,29,REG
2025020703,20252026,2026-01-10,MTL,DET,0,4,27,24,REG
2025020704,20252026,2026-01-10,OTT,FLA,2,3,19,21,REG
2025020705,20252026,2026-01-10,PHI,TBL,2,7,20,23,REG
2025020706,20252026,2026-01-10,CAR,SEA,3,2,36,12,REG
2025020707,20252026,2026-01-10,NSH,CHI,0,3,36,21,REG
2025020708,20252026,2026-01-10,MIN,NYI,3,4,36,27,OT
2025020709,20252026,2026-01-10,EDM,LAK,3,4,26,30,SO
2025020710,20252026,2026-01-10,VGK,STL,4,2,25,19,REG
2025020711,20252026,2026-01-11,WPG,NJD,4,3,22,27,REG
2025020712,20252026,2026-01-11,BOS,PIT,1,0,19,27,REG
2025020713,20252026,2026-01-11,NSH,WSH,3,2,21,32,REG
2025020714,20252026,2026-01-11,UTA,CBJ,2,3,27,36,OT
2025020715,20252026,2026-01-11,SJS,VGK,2,7,20,32,REG
2025020716,20252026,2026-01-12,BUF,FLA,3,4,23,32,REG
2025020717,20252026,2026-01-12,DET,CAR,4,3,18,34,OT
2025020718,20252026,2026-01-12,NYR,SEA,2,4,22,29,REG
2025020719,20252026,2026-01-12,PHI,TBL,1,5,21,26,REG
2025020720,20252026,2026-01-12,MTL,VAN,6,3,41,23,REG
2025020721,20252026,2026-01-12,MIN,NJD,2,5,23,29,REG
2025020722,20252026,2026-01-12,CHI,EDM,1,4,30,37,REG
2025020723,20252026,2026-01-12,COL,TOR,3,4,34,31,OT
2025020724,20252026,2026-01-12,LAK,DAL,1,3,25,18,REG
2025020725,20252026,2026-01-13,OTT,VAN,2,1,40,20,REG
2025020726,20252026,2026-01-13,PIT,TBL,1,2,27,31,SO
2025020727,20252026,2026-01-13,WSH,MTL,3,2,42,25,OT
2025020728,20252026,2026-01-13,CBJ,CGY,5,3,43,32,REG
2025020729,20252026,2026-01-13,BOS,DET,3,0,41,24,REG
2025020730,20252026,2026-01-13,STL,CAR,3,0,31,33,REG
2025020731,20252026,2026-01-13,NSH,EDM,4,3,27,31,OT
2025020732,20252026,2026-01-13,WPG,NYI,5,4,22,27,REG
2025020733,20252026,2026-01-13,UTA,TOR,6,1,41,20,REG
2025020734,20252026,2026-01-13,ANA,DAL,3,1,25,25,REG
2025020735,20252026,2026-01-14,NJD,SEA,3,2,26,17,OT
2025020736,20252026,2026-01-14,BUF,PHI,5,2,15,22,REG
2025020737,20252026,2026-01-14,NYR,OTT,4,8,22,30,REG
2025020738,20252026,2026-01-14,LAK,VGK,2,3,24,27,OT
2025020739,20252026,2026-01-15,BOS,SEA,4,2,24,28,REG
2025020740,20252026,2026-01-15,BUF,MTL,5,3,27,23,REG
2025020741,20252026,2026-01-15,PIT,PHI,6,3,30,34,REG
2025020742,20252026,2026-01-15,WSH,SJS,2,3,23,26,REG
2025020743,20252026,2026-01-15,CBJ,VAN,4,1,36,31,REG
2025020744,20252026,2026-01-15,MIN,WPG,2,6,34,29,REG
2025020745,20252026,2026-01-15,CHI,CGY,1,3,23,23,REG
2025020746,20252026,2026-01-15,UTA,DAL,2,1,27,27,REG
2025020747,20252026,2026-01-15,EDM,NYI,0,1,35,18,REG
2025020748,20252026,2026-01-15,VGK,TOR,6,5,33,28,OT
2025020749,20252026,2026-01-16,DET,SJS,4,2,25,22,REG
2025020750,20252026,2026-01-16,CAR,FLA,9,1,36,16,REG
2025020751,20252026,2026-01-16,STL,TBL,3,2,21,36,SO
2025020752,20252026,2026-01-16,COL,NSH,3,7,43,30,REG
2025020753,20252026,2026-01-16,LAK,ANA,2,3,28,28,SO
2025020754,20252026,2026-01-17,BUF,MIN,4,5,24,36,OT
2025020755,20252026,2026-01-17,PHI,NYR,3,6,28,28,REG
2025020756,20252026,2026-01-17,CGY,NYI,4,2,19,30,REG
2025020757,20252026,2026-01-17,UTA,SEA,6,3,31,21,REG
2025020758,20252026,2026-01-17,OTT,MTL,5,6,34,19,OT
2025020759,20252026,2026-01-17,NJD,CAR,1,4,30,35,REG
2025020760,20252026,2026-01-17,PIT,CBJ,3,4,33,26,SO
2025020761,20252026,2026-01-17,WSH,FLA,2,5,24,31,REG
2025020762,20252026,2026-01-17,WPG,TOR,3,4,30,37,OT
2025020763,20252026,2026-01-17,CHI,BOS,2,5,24,23,REG
2025020764,20252026,2026-01-17,VAN,EDM,0,6,31,35,REG
2025020765,20252026,2026-01-17,VGK,NSH,7,2,36,29,REG
2025020766,20252026,2026-01-17,ANA,LAK,2,1,33,18,OT
2025020767,20252026,2026-01-18,DAL,TBL,1,4,20,26,REG
2025020768,20252026,2026-01-18,DET,OTT,4,3,34,22,OT
2025020769,20252026,2026-01-18,EDM,STL,5,0,28,27,REG
2025020770,20252026,2026-01-19,CAR,BUF,2,1,29,18,REG
2025020771,20252026,2026-01-19,COL,WSH,5,2,44,24,REG
2025020772,20252026,2026-01-19,SEA,PIT,3,6,23,32,REG
2025020773,20252026,2026-01-19,FLA,SJS,1,4,36,28,REG
2025020774,20252026,2026-01-19,TOR,MIN,3,6,30,39,REG
2025020775,20252026,2026-01-19,VGK,PHI,1,2,25,17,REG
2025020776,20252026,2026-01-19,CHI,WPG,2,0,24,32,REG
2025020777,20252026,2026-01-19,CGY,NJD,1,2,22,32,OT
2025020778,20252026,2026-01-19,VAN,NYI,3,4,32,33,REG
2025020779,20252026,2026-01-19,ANA,NYR,5,3,26,22,REG
2025020780,20252026,2026-01-20,MTL,MIN,4,3,33,20,REG
2025020781,20252026,2026-01-20,TBL,SJS,4,1,20,23,REG
2025020782,20252026,2026-01-20,CBJ,OTT,1,4,22,21,REG
2025020783,20252026,2026-01-20,DAL,BOS,6,2,37,18,REG
2025020784,20252026,2026-01-20,NSH,BUF,3,5,34,33,REG
2025020785,20252026,2026-01-20,WPG,STL,3,1,16,23,REG
2025020786,20252026,2026-01-20,EDM,NJD,1,2,23,17,REG
2025020787,20252026,2026-01-20,LAK,NYR,4,3,27,36,REG
2025020788,20252026,2026-01-21,TOR,DET,1,2,31,41,OT
2025020789,20252026,2026-01-21,COL,ANA,1,2,41,16,SO
2025020790,20252026,2026-01-21,UTA,PHI,5,4,27,29,OT
2025020791,20252026,2026-01-21,CGY,PIT,1,4,19,25,REG
2025020792,20252026,2026-01-21,VAN,WSH,4,3,25,32,REG
2025020793,20252026,2026-01-21,SEA,NYI,4,1,25,25,REG
2025020794,20252026,2026-01-22,BOS,VGK,4,3,29,33,REG
2025020795,20252026,2026-01-22,MTL,BUF,2,4,34,17,REG
2025020796,20252026,2026-01-22,CAR,CHI,3,4,31,22,SO
2025020797,20252026,2026-01-22,CBJ,DAL,1,0,22,28,REG
2025020798,20252026,2026-01-22,NSH,OTT,5,3,27,26,REG
2025020799,20252026,2026-01-22,WPG,FLA,1,2,18,20,SO
2025020800,20252026,2026-01-22,EDM,PIT,2,6,32,23,REG
2025020801,20252026,2026-01-22,MIN,DET,4,3,39,34,OT
2025020802,20252026,2026-01-23,TOR,VGK,3,6,21,31,REG
2025020803,20252026,2026-01-23,CHI,TBL,1,2,19,31,SO
2025020804,20252026,2026-01-23,DAL,STL,3,2,19,22,REG
2025020805,20252026,2026-01-23,COL,PHI,3,7,35,20,REG
2025020806,20252026,2026-01-23,CGY,WSH,1,3,26,38,REG
2025020807,20252026,2026-01-23,VAN,NJD,4,5,25,24,REG
2025020808,20252026,2026-01-23,SJS,NYR,3,1,32,29,REG
2025020809,20252026,2026-01-23,SEA,ANA,2,4,22,31,REG
2025020810,20252026,2026-01-24,NYI,BUF,0,5,26,21,REG
2025020811,20252026,2026-01-24,NSH,UTA,2,5,29,30,REG
2025020812,20252026,2026-01-24,BOS,MTL,4,3,20,25,REG
2025020813,20252026,2026-01-24,OTT,CAR,1,4,37,19,REG
2025020814,20252026,2026-01-24,CBJ,TBL,8,5,31,30,REG
2025020815,20252026,2026-01-24,WPG,DET,1,5,27,31,REG
2025020816,20252026,2026-01-24,STL,LAK,4,5,29,28,SO
2025020817,20252026,2026-01-24,MIN,FLA,3,4,21,34,OT
2025020818,20252026,2026-01-24,EDM,WSH,6,5,40,27,OT
2025020819,20252026,2026-01-25,TOR,COL,1,4,33,37,REG
2025020820,20252026,2026-01-25,SEA,NJD,4,2,19,29,REG
2025020821,20252026,2026-01-25,OTT,VGK,7,1,32,20,REG
2025020822,20252026,2026-01-25,VAN,PIT,2,3,32,25,REG
2025020823,20252026,2026-01-25,CHI,FLA,1,5,22,25,REG
2025020824,20252026,2026-01-25,CGY,ANA,3,4,35,21,OT
2025020825,20252026,2026-01-26,TBL,UTA,2,0,29,28,REG
2025020826,20252026,2026-01-26,NYR,BOS,4,3,28,24,OT
2025020827,20252026,2026-01-26,PHI,NYI,0,4,21,23,REG
2025020829,20252026,2026-01-26,EDM,ANA,7,4,32,41,REG
2025020830,20252026,2026-01-27,BOS,NSH,3,2,28,30,OT
2025020831,20252026,2026-01-27,TOR,BUF,4,7,23,31,REG
2025020832,20252026,2026-01-27,MTL,VGK,3,2,26,34,OT
2025020833,20252026,2026-01-27,DET,LAK,1,3,28,22,REG
2025020834,20252026,2026-01-27,FLA,UTA,3,4,30,20,REG
2025020835,20252026,2026-01-27,NJD,WPG,3,4,29,26,REG
2025020836,20252026,2026-01-27,STL,DAL,3,4,26,24,REG
2025020837,20252026,2026-01-27,MIN,CHI,4,3,23,32,SO
2025020838,20252026,2026-01-27,VAN,SJS,2,5,25,33,REG
2025020839,20252026,2026-01-27,SEA,WSH,5,1,32,20,REG
2025020840,20252026,2026-01-28,CBJ,PHI,5,3,31,27,REG
2025020841,20252026,2026-01-28,OTT,COL,5,2,23,18,REG
2025020842,20252026,2026-01-28,NYI,NYR,5,2,36,16,REG
2025020843,20252026,2026-01-29,BOS,PHI,6,3,27,36,REG
2025020844,20252026,2026-01-29,BUF,LAK,4,1,32,38,REG
2025020845,20252026,2026-01-29,MTL,COL,7,3,28,29,REG
2025020846,20252026,2026-01-29,DET,WSH,3,4,21,23,SO
2025020847,20252026,2026-01-29,TBL,WPG,4,1,37,24,REG
2025020848,20252026,2026-01-29,NJD,NSH,3,2,35,29,OT
2025020849,20252026,2026-01-29,NYR,NYI,1,2,21,21,REG
2025020850,20252026,2026-01-29,PIT,CHI,6,2,45,20,REG
2025020851,20252026,2026-01-29,CAR,UTA,5,4,33,25,REG
2025020852,20252026,2026-01-29,STL,FLA,5,4,31,20,REG
2025020853,20252026,2026-01-29,MIN,CGY,4,1,24,30,REG
2025020854,20252026,2026-01-29,EDM,SJS,4,3,32,21,OT
2025020855,20252026,2026-01-29,VAN,ANA,2,0,26,33,REG
2025020856,20252026,2026-01-29,VGK,DAL,4,5,21,27,SO
2025020857,20252026,2026-01-29,SEA,TOR,5,2,22,31,REG
2025020858,20252026,2026-01-30,CHI,CBJ,2,4,24,26,REG
2025020859,20252026,2026-01-31,PHI,LAK,2,3,21,21,OT
2025020860,20252026,2026-01-31,DET,COL,0,5,28,21,REG
2025020861,20252026,2026-01-31,PIT,NYR,6,5,34,20,REG
2025020862,20252026,2026-01-31,FLA,WPG,1,2,28,21,REG
2025020863,20252026,2026-01-31,CGY,SJS,3,2,42,25,REG
2025020864,20252026,2026-01-31,WSH,CAR,4,3,42,22,OT
2025020865,20252026,2026-01-31,BUF,MTL,2,4,38,31,REG
2025020866,20252026,2026-01-31,OTT,NJD,4,1,34,27,REG
2025020867,20252026,2026-01-31,NYI,NSH,3,4,30,42,REG
2025020868,20252026,2026-01-31,STL,CBJ,3,5,33,23,REG
2025020869,20252026,2026-01-31,VAN,TOR,2,3,30,41,SO
2025020870,20252026,2026-01-31,UTA,DAL,2,3,14,32,REG
2025020871,20252026,2026-01-31,EDM,MIN,3,7,42,29,REG
2025020872,20252026,2026-01-31,VGK,SEA,2,3,29,22,REG
2025020873,20252026,2026-02-01,TBL,BOS,6,5,46,34,SO
2025020874,20252026,2026-02-01,CAR,LAK,3,2,34,13,OT
2025020875,20252026,2026-02-01,ANA,VGK,4,3,23,31,REG
2025020876,20252026,2026-02-02,FLA,BUF,3,5,42,20,REG
2025020877,20252026,2026-02-02,PIT,OTT,2,3,16,31,REG
2025020878,20252026,2026-02-02,WSH,NYI,4,1,25,30,REG
2025020879,20252026,2026-02-02,MIN,MTL,4,3,24,20,OT
2025020880,20252026,2026-02-02,NSH,STL,6,5,28,34,REG
2025020881,20252026,2026-02-02,CHI,SJS,6,3,17,27,REG
2025020882,20252026,2026-02-02,DAL,WPG,4,3,28,27,OT
2025020883,20252026,2026-02-02,COL,DET,0,2,21,25,REG
2025020884,20252026,2026-02-02,UTA,VAN,6,2,19,24,REG
2025020885,20252026,2026-02-02,CGY,TOR,2,4,30,22,REG
2025020886,20252026,2026-02-03,TBL,BUF,4,3,35,26,OT
2025020887,20252026,2026-02-03,NJD,CBJ,0,3,24,25,REG
2025020888,20252026,2026-02-03,NYI,PIT,5,4,23,35,OT
2025020889,20252026,2026-02-03,PHI,WSH,4,2,22,28,REG
2025020890,20252026,2026-02-03,CAR,OTT,4,3,19,27,REG
2025020891,20252026,2026-02-03,EDM,TOR,2,5,36,27,REG
2025020892,20252026,2026-02-03,ANA,SEA,4,2,31,28,REG
2025020893,20252026,2026-02-04,FLA,BOS,5,4,26,29,SO
2025020894,20252026,2026-02-04,CBJ,CHI,4,0,20,21,REG
2025020895,20252026,2026-02-04,WPG,MTL,1,5,37,27,REG
2025020896,20252026,2026-02-04,NSH,MIN,5,6,35,43,OT
2025020897,20252026,2026-02-04,COL,SJS,4,2,42,25,REG
2025020898,20252026,2026-02-04,UTA,DET,4,1,25,30,REG
2025020899,20252026,2026-02-04,DAL,STL,5,4,28,18,REG
2025020900,20252026,2026-02-04,CGY,EDM,4,3,25,39,REG
2025020901,20252026,2026-02-04,VGK,VAN,5,2,31,23,REG
2025020902,20252026,2026-02-04,LAK,SEA,2,4,27,23,REG
2025020903,20252026,2026-02-05,BUF,PIT,2,5,27,32,REG
2025020904,20252026,2026-02-05,TBL,FLA,6,1,28,34,REG
2025020905,20252026,2026-02-05,NJD,NYI,1,3,24,14,REG
2025020906,20252026,2026-02-05,NYR,CAR,0,2,16,43,REG
2025020907,20252026,2026-02-05,PHI,OTT,1,2,16,27,OT
2025020908,20252026,2026-02-05,WSH,NSH,4,2,30,29,REG
2025020909,20252026,2026-02-05,VGK,LAK,4,1,22,33,REG
2025020910,20252026,2026-02-25,NJD,BUF,1,2,28,30,REG
2025020911,20252026,2026-02-25,WSH,PHI,3,1,29,24,REG
2025020912,20252026,2026-02-25,TBL,TOR,4,2,36,34,REG
2025020913,20252026,2026-02-25,DAL,SEA,4,1,32,19,REG
2025020914,20252026,2026-02-25,UTA,COL,2,4,30,26,REG
2025020915,20252026,2026-02-25,VAN,WPG,2,3,23,28,OT
2025020916,20252026,2026-02-25,LAK,VGK,4,6,19,25,REG
2025020917,20252026,2026-02-25,ANA,EDM,6,5,29,27,REG
2025020918,20252026,2026-02-26,BOS,CBJ,4,2,23,40,REG
2025020919,20252026,2026-02-26,MTL,NYI,3,4,25,26,OT
2025020920,20252026,2026-02-26,OTT,DET,1,2,27,20,OT
2025020921,20252026,2026-02-26,FLA,TOR,5,1,37,30,REG
2025020922,20252026,2026-02-26,PIT,NJD,4,1,37,30,REG
2025020923,20252026,2026-02-26,CAR,TBL,5,4,33,28,REG
2025020924,20252026,2026-02-26,NYR,PHI,2,3,24,24,OT
2025020925,20252026,2026-02-26,STL,SEA,5,1,32,24,REG
2025020926,20252026,2026-02-26,NSH,CHI,4,2,26,23,REG
2025020927,20252026,2026-02-26,COL,MIN,2,5,47,36,REG
2025020928,20252026,2026-02-26,SJS,CGY,1,4,35,29,REG
2025020929,20252026,2026-02-26,LAK,EDM,1,8,22,37,REG
2025020930,20252026,2026-02-27,FLA,BUF,2,3,29,39,REG
2025020931,20252026,2026-02-27,WSH,VGK,3,2,30,26,REG
2025020932,20252026,2026-02-27,UTA,MIN,5,2,37,23,REG
2025020933,20252026,2026-02-27,ANA,WPG,5,4,40,33,OT
2025020934,20252026,2026-02-28,NYR,PIT,3,2,25,34,SO
2025020935,20252026,2026-02-28,PHI,BOS,3,1,17,27,REG
2025020936,20252026,2026-02-28,SJS,EDM,5,4,33,24,REG
2025020937,20252026,2026-02-28,CBJ,NYI,3,4,30,27,OT
2025020938,20252026,2026-02-28,COL,CHI,3,1,35,15,REG
2025020939,20252026,2026-02-28,TOR,OTT,2,5,23,40,REG
2025020940,20252026,2026-02-28,MTL,WSH,6,2,25,29,REG
2025020941,20252026,2026-02-28,TBL,BUF,2,6,38,35,REG
2025020942,20252026,2026-02-28,CAR,DET,5,2,36,29,REG
2025020943,20252026,2026-02-28,STL,NJD,1,3,26,33,REG
2025020944,20252026,2026-02-28,LAK,CGY,2,0,37,29,REG
2025020945,20252026,2026-02-28,DAL,NSH,3,2,25,27,OT
2025020946,20252026,2026-02-28,SEA,VAN,5,1,25,28,REG
2025020947,20252026,2026-03-01,PIT,VGK,5,0,22,22,REG
2025020948,20252026,2026-03-01,NYI,FLA,5,4,26,33,REG
2025020949,20252026,2026-03-01,UTA,CHI,0,4,22,28,REG
2025020950,20252026,2026-03-01,SJS,WPG,2,1,33,28,OT
2025020951,20252026,2026-03-01,MIN,STL,1,3,23,24,REG
2025020952,20252026,2026-03-01,ANA,CGY,3,2,36,34,SO
2025020953,20252026,2026-03-02,NYR,CBJ,4,5,33,29,OT
2025020954,20252026,2026-03-02,TOR,PHI,2,3,31,25,SO
2025020955,20252026,2026-03-02,NSH,DET,2,4,30,31,REG
2025020956,20252026,2026-03-02,VAN,DAL,1,6,14,37,REG
2025020957,20252026,2026-03-02,SEA,CAR,2,1,15,36,REG
2025020958,20252026,2026-03-02,LAK,COL,2,4,21,39,REG
2025020959,20252026,2026-03-03,BOS,PIT,2,1,28,35,REG
2025020960,20252026,2026-03-03,BUF,VGK,3,2,28,29,REG
2025020961,20252026,2026-03-03,NJD,FLA,5,1,33,21,REG
2025020962,20252026,2026-03-03,WSH,UTA,2,3,25,23,REG
2025020963,20252026,2026-03-03,CBJ,NSH,3,2,27,25,REG
2025020964,20252026,2026-03-03,WPG,CHI,3,2,32,19,OT
2025020965,20252026,2026-03-03,CGY,DAL,1,6,21,35,REG
2025020966,20252026,2026-03-03,EDM,OTT,5,4,37,21,OT
2025020967,20252026,2026-03-03,MIN,TBL,5,1,22,25,REG
2025020968,20252026,2026-03-03,ANA,COL,1,5,28,26,REG
2025020969,20252026,2026-03-03,SJS,MTL,7,5,28,36,REG
2025020970,20252026,2026-03-04,DET,VGK,3,4,26,25,OT
2025020971,20252026,2026-03-04,NJD,TOR,4,3,47,27,SO
2025020972,20252026,2026-03-04,VAN,CAR,4,6,22,33,REG
2025020973,20252026,2026-03-04,ANA,NYI,5,1,26,43,REG
2025020974,20252026,2026-03-04,SEA,STL,2,3,36,27,REG
2025020975,20252026,2026-03-05,NYR,TOR,6,2,24,32,REG
2025020976,20252026,2026-03-05,PHI,UTA,0,3,16,23,REG
2025020977,20252026,2026-03-05,PIT,BUF,1,5,28,26,REG
2025020978,20252026,2026-03-05,CBJ,FLA,4,2,28,28,REG
2025020979,20252026,2026-03-05,NSH,BOS,6,3,29,23,REG
2025020980,20252026,2026-03-05,WPG,TBL,4,1,30,27,REG
2025020981,20252026,2026-03-05,CGY,OTT,1,4,20,37,REG
2025020982,20252026,2026-03-05,LAK,NYI,5,3,35,35,REG
2025020983,20252026,2026-03-06,DET,FLA,1,3,29,23,REG
2025020984,20252026,2026-03-06,DAL,COL,4,5,21,29,SO
2025020985,20252026,2026-03-06,CHI,VAN,3,6,23,22,REG
2025020986,20252026,2026-03-06,EDM,CAR,3,6,16,32,REG
2025020987,20252026,2026-03-06,ANA,MTL,6,5,33,28,SO
2025020988,20252026,2026-03-06,VGK,MIN,2,4,31,24,REG
2025020989,20252026,2026-03-06,SJS,STL,2,3,25,14,OT
2025020990,20252026,2026-03-07,BOS,WSH,3,1,30,23,REG
2025020991,20252026,2026-03-07,NJD,NYR,6,3,35,20,REG
2025020992,20252026,2026-03-07,BUF,NSH,3,2,24,25,REG
2025020993,20252026,2026-03-07,PIT,PHI,3,4,23,16,SO
2025020994,20252026,2026-03-07,TOR,TBL,2,5,29,33,REG
2025020995,20252026,2026-03-07,CBJ,UTA,4,5,31,25,OT
2025020996,20252026,2026-03-07,WPG,VAN,3,2,36,23,OT
2025020997,20252026,2026-03-07,LAK,MTL,3,4,39,23,REG
2025020998,20252026,2026-03-07,CGY,CAR,5,4,25,29,REG
2025020999,20252026,2026-03-07,SJS,NYI,1,2,31,34,OT
2025021000,20252026,2026-03-07,SEA,OTT,4,7,21,37,REG
2025021001,20252026,2026-03-08,COL,MIN,3,2,36,34,SO
2025021002,20252026,2026-03-08,PIT,BOS,5,4,40,28,OT
2025021003,20252026,2026-03-08,BUF,TBL,8,7,42,28,REG
2025021004,20252026,2026-03-08,DAL,CHI,4,3,31,19,OT
2025021005,20252026,2026-03-08,NJD,DET,0,3,31,30,REG
2025021006,20252026,2026-03-08,ANA,STL,0,4,22,35,REG
2025021007,20252026,2026-03-08,VGK,EDM,2,4,26,19,REG
2025020828,20252026,2026-03-09,CBJ,LAK,4,5,32,31,OT
2025021008,20252026,2026-03-09,PHI,NYR,2,6,34,27,REG
2025021009,20252026,2026-03-09,WSH,CGY,7,3,29,26,REG
2025021010,20252026,2026-03-09,CHI,UTA,3,2,26,25,OT
2025021011,20252026,2026-03-09,VAN,OTT,0,2,16,24,REG
2025021012,20252026,2026-03-10,BOS,LAK,2,1,23,16,OT
2025021013,20252026,2026-03-10,BUF,SJS,6,3,26,20,REG
2025021014,20252026,2026-03-10,MTL,TOR,3,1,33,18,REG
2025021015,20252026,2026-03-10,TBL,CBJ,2,5,18,32,REG
2025021016,20252026,2026-03-10,FLA,DET,4,3,28,28,REG
2025021017,20252026,2026-03-10,NYR,CGY,4,0,29,21,REG
2025021018,20252026,2026-03-10,CAR,PIT,5,4,44,28,SO
2025021019,20252026,2026-03-10,STL,NYI,3,4,23,49,OT
2025021020,20252026,2026-03-10,DAL,VGK,2,1,16,27,REG
2025021021,20252026,2026-03-10,MIN,UTA,5,0,30,25,REG
2025021022,20252026,2026-03-10,WPG,ANA,1,4,13,35,REG
2025021023,20252026,2026-03-10,COL,EDM,3,4,30,24,REG
2025021024,20252026,2026-03-10,SEA,NSH,2,4,45,27,REG
2025021025,20252026,2026-03-11,OTT,MTL,2,3,34,23,REG
2025021026,20252026,2026-03-11,PHI,WSH,4,1,22,23,REG
2025021027,20252026,2026-03-12,BOS,SJS,2,4,41,28,REG
2025021028,20252026,2026-03-12,BUF,WSH,1,2,30,22,REG
2025021029,20252026,2026-03-12,TOR,ANA,6,4,28,40,REG
2025021030,20252026,2026-03-12,TBL,DET,4,1,29,25,REG
2025021031,20252026,2026-03-12,FLA,CBJ,2,1,21,31,OT
2025021032,20252026,2026-03-12,NJD,CGY,4,5,32,29,REG
2025021033,20252026,2026-03-12,CAR,STL,1,3,32,17,REG
2025021034,20252026,2026-03-12,DAL,EDM,7,2,27,32,REG
2025021035,20252026,2026-03-12,MIN,PHI,2,3,23,27,SO
2025021036,20252026,2026-03-12,WPG,NYR,3,6,26,17,REG
2025021037,20252026,2026-03-12,UTA,CHI,2,3,31,23,OT
2025021038,20252026,2026-03-12,VAN,NSH,4,3,27,19,SO
2025021039,20252026,2026-03-12,VGK,PIT,6,2,17,26,REG
2025021040,20252026,2026-03-12,SEA,COL,1,5,29,26,REG
2025021041,20252026,2026-03-13,NYI,LAK,2,3,23,27,REG
2025021042,20252026,2026-03-13,STL,EDM,3,2,25,38,OT
2025021043,20252026,2026-03-14,OTT,ANA,2,0,28,24,REG
2025021044,20252026,2026-03-14,WSH,BOS,2,3,28,34,SO
2025021045,20252026,2026-03-14,WPG,COL,3,1,19,29,REG
2025021046,20252026,2026-03-14,MIN,NYR,2,4,48,18,REG
2025021047,20252026,2026-03-14,BUF,TOR,3,2,33,18,SO
2025021048,20252026,2026-03-14,MTL,SJS,2,4,27,22,REG
2025021049,20252026,2026-03-14,TBL,CAR,2,4,19,35,REG
2025021050,20252026,2026-03-14,NJD,LAK,6,4,28,31,REG
2025021051,20252026,2026-03-14,NYI,CGY,3,2,27,32,REG
2025021052,20252026,2026-03-14,PHI,CBJ,1,2,19,28,SO
2025021053,20252026,2026-03-14,DAL,DET,3,2,24,24,OT
2025021054,20252026,2026-03-14,UTA,PIT,3,4,29,23,REG
2025021055,20252026,2026-03-14,VAN,SEA,2,5,34,33,REG
2025021056,20252026,2026-03-14,VGK,CHI,4,0,32,21,REG
2025021057,20252026,2026-03-15,WPG,STL,3,2,16,31,REG
2025021058,20252026,2026-03-15,OTT,SJS,7,4,24,23,REG
2025021059,20252026,2026-03-15,MTL,ANA,3,4,30,28,REG
2025021060,20252026,2026-03-15,MIN,TOR,2,4,38,26,REG
2025021061,20252026,2026-03-15,EDM,NSH,3,1,30,27,REG
2025021062,20252026,2026-03-15,SEA,FLA,6,2,25,25,REG
2025021063,20252026,2026-03-16,DET,CGY,5,2,25,27,REG
2025021064,20252026,2026-03-16,NJD,BOS,4,3,34,22,OT
2025021065,20252026,2026-03-16,NYR,LAK,1,4,22,26,REG
2025021066,20252026,2026-03-16,DAL,UTA,3,6,30,22,REG
2025021067,20252026,2026-03-16,COL,PIT,2,7,27,20,REG
2025021068,20252026,2026-03-17,TOR,NYI,1,3,27,34,REG
2025021069,20252026,2026-03-17,MTL,BOS,3,2,31,28,OT
2025021070,20252026,2026-03-17,CBJ,CAR,5,1,30,29,REG
2025021071,20252026,2026-03-17,WPG,NSH,3,4,39,23,SO
2025021072,20252026,2026-03-17,CHI,MIN,3,4,26,37,OT
2025021073,20252026,2026-03-17,EDM,SJS,5,3,37,30,REG
2025021074,20252026,2026-03-17,VAN,FLA,5,2,22,23,REG
2025021075,20252026,2026-03-17,VGK,BUF,0,2,29,25,REG
2025021076,20252026,2026-03-17,SEA,TBL,2,6,18,26,REG
2025021077,20252026,2026-03-18,NYR,NJD,3,6,18,39,REG
2025021078,20252026,2026-03-18,CAR,PIT,6,5,44,35,OT
2025021079,20252026,2026-03-18,WSH,OTT,4,1,25,35,REG
2025021080,20252026,2026-03-18,COL,DAL,1,2,34,18,SO
2025021081,20252026,2026-03-18,CGY,STL,2,1,31,26,SO
2025021082,20252026,2026-03-18,ANA,PHI,2,3,36,28,OT
2025021083,20252026,2026-03-19,BOS,WPG,6,1,27,24,REG
2025021084,20252026,2026-03-19,OTT,NYI,3,2,27,19,REG
2025021085,20252026,2026-03-19,DET,MTL,3,1,28,33,REG
2025021086,20252026,2026-03-19,CBJ,NYR,6,3,37,25,REG
2025021087,20252026,2026-03-19,NSH,SEA,3,1,28,26,REG
2025021088,20252026,2026-03-19,MIN,CHI,1,2,29,26,REG
2025021089,20252026,2026-03-19,EDM,FLA,0,4,21,23,REG
2025021090,20252026,2026-03-19,VAN,TBL,2,6,21,31,REG
2025021091,20252026,2026-03-19,VGK,UTA,0,4,28,18,REG
2025021092,20252026,2026-03-19,SJS,BUF,0,5,23,16,REG
2025021093,20252026,2026-03-19,LAK,PHI,3,4,25,20,SO
2025021094,20252026,2026-03-20,TOR,CAR,3,4,26,36,OT
2025021095,20252026,2026-03-20,WSH,NJD,2,1,28,31,REG
2025021096,20252026,2026-03-20,CHI,COL,1,4,20,49,REG
2025021097,20252026,2026-03-20,CGY,FLA,4,1,36,25,REG
2025021098,20252026,2026-03-20,UTA,ANA,1,4,30,24,REG
2025021099,20252026,2026-03-21,PIT,WPG,5,4,32,25,SO
2025021100,20252026,2026-03-21,NSH,VGK,4,1,20,40,REG
2025021101,20252026,2026-03-21,MIN,DAL,2,1,28,30,OT
2025021102,20252026,2026-03-21,LAK,BUF,1,4,27,33,REG
2025021103,20252026,2026-03-21,SJS,PHI,1,4,25,28,REG
2025021104,20252026,2026-03-21,CBJ,SEA,5,2,28,17,REG
2025021105,20252026,2026-03-21,MTL,NYI,7,3,36,22,REG
2025021106,20252026,2026-03-21,OTT,TOR,5,2,44,14,REG
2025021107,20252026,2026-03-21,VAN,STL,1,3,15,21,REG
2025021108,20252026,2026-03-21,DET,BOS,2,4,44,27,REG
2025021109,20252026,2026-03-21,EDM,TBL,2,5,27,28,REG
2025021110,20252026,2026-03-22,NYR,WPG,2,3,29,37,SO
2025021111,20252026,2026-03-22,WSH,COL,2,3,22,24,OT
2025021112,20252026,2026-03-22,PIT,CAR,1,5,19,26,REG
2025021113,20252026,2026-03-22,CHI,NSH,2,3,29,33,OT
2025021114,20252026,2026-03-22,NYI,CBJ,1,0,22,26,REG
2025021115,20252026,2026-03-22,DAL,VGK,2,3,15,33,REG
2025021116,20252026,2026-03-22,CGY,TBL,4,3,29,35,OT
2025021117,20252026,2026-03-22,ANA,BUF,6,5,33,29,OT
2025021118,20252026,2026-03-22,UTA,LAK,4,3,34,36,OT
2025021119,20252026,2026-03-23,NYR,OTT,1,2,10,33,REG
2025021120,20252026,2026-03-24,BOS,TOR,2,4,20,35,REG
2025021121,20252026,2026-03-24,MTL,CAR,5,2,19,43,REG
2025021122,20252026,2026-03-24,DET,OTT,2,3,35,21,REG
2025021123,20252026,2026-03-24,FLA,SEA,5,4,24,27,SO
2025021124,20252026,2026-03-24,NYI,CHI,3,4,47,24,REG
2025021125,20252026,2026-03-24,PHI,CBJ,2,3,26,19,REG
2025021126,20252026,2026-03-24,PIT,COL,2,6,32,30,REG
2025021127,20252026,2026-03-24,TBL,MIN,6,3,25,24,REG
2025021128,20252026,2026-03-24,STL,WSH,3,0,27,21,REG
2025021129,20252026,2026-03-24,NSH,SJS,6,3,19,30,REG
2025021130,20252026,2026-03-24,DAL,NJD,4,6,27,25,REG
2025021131,20252026,2026-03-24,WPG,VGK,4,1,21,27,REG
2025021132,20252026,2026-03-24,UTA,EDM,2,5,18,26,REG
2025021133,20252026,2026-03-24,CGY,LAK,3,2,23,25,SO
2025021134,20252026,2026-03-24,VAN,ANA,3,5,30,34,REG
2025021135,20252026,2026-03-25,BUF,BOS,3,4,25,31,OT
2025021136,20252026,2026-03-25,TOR,NYR,4,3,18,43,REG
2025021137,20252026,2026-03-26,MTL,CBJ,2,1,20,26,REG
2025021138,20252026,2026-03-26,OTT,PIT,3,4,29,40,SO
2025021139,20252026,2026-03-26,TBL,SEA,3,4,33,20,OT
2025021140,20252026,2026-03-26,FLA,MIN,2,3,20,50,REG
2025021141,20252026,2026-03-26,NYI,DAL,2,1,25,27,REG
2025021142,20252026,2026-03-26,PHI,CHI,5,1,42,26,REG
2025021143,20252026,2026-03-26,STL,SJS,2,1,23,25,OT
2025021144,20252026,2026-03-26,NSH,NJD,2,4,17,30,REG
2025021145,20252026,2026-03-26,WPG,COL,2,3,24,35,REG
2025021146,20252026,2026-03-26,UTA,WSH,4,7,40,25,REG
2025021147,20252026,2026-03-26,CGY,ANA,2,3,25,33,OT
2025021148,20252026,2026-03-26,VGK,EDM,3,4,29,29,OT
2025021149,20252026,2026-03-26,VAN,LAK,0,4,19,38,REG
2025021150,20252026,2026-03-27,BUF,DET,2,5,30,20,REG
2025021151,20252026,2026-03-27,NYR,CHI,6,1,38,28,REG
2025021152,20252026,2026-03-28,TBL,OTT,4,2,27,28,REG
2025021153,20252026,2026-03-28,NYI,FLA,5,2,40,21,REG
2025021154,20252026,2026-03-28,EDM,ANA,4,2,34,33,REG
2025021155,20252026,2026-03-28,BOS,MIN,6,3,31,34,REG
2025021156,20252026,2026-03-28,PIT,DAL,3,6,12,26,REG
2025021157,20252026,2026-03-28,CAR,NJD,5,2,34,19,REG
2025021158,20252026,2026-03-28,CBJ,SJS,2,3,24,36,REG
2025021159,20252026,2026-03-28,BUF,SEA,3,2,36,34,SO
2025021160,20252026,2026-03-28,STL,TOR,5,1,38,13,REG
2025021161,20252026,2026-03-28,NSH,MTL,1,4,24,32,REG
2025021162,20252026,2026-03-28,COL,WPG,2,4,23,21,REG
2025021163,20252026,2026-03-28,DET,PHI,3,5,35,26,REG
2025021164,20252026,2026-03-28,LAK,UTA,2,6,31,28,REG
2025021165,20252026,2026-03-28,CGY,VAN,7,3,23,34,REG
2025021166,20252026,2026-03-28,VGK,WSH,4,5,29,22,SO
2025021167,20252026,2026-03-29,NYR,FLA,3,1,22,27,REG
2025021168,20252026,2026-03-29,TBL,NSH,3,2,28,31,REG
2025021169,20252026,2026-03-29,CAR,MTL,1,3,35,18,REG
2025021170,20252026,2026-03-29,CBJ,BOS,3,4,25,39,SO
2025021171,20252026,2026-03-29,NJD,CHI,5,3,40,31,REG
2025021172,20252026,2026-03-29,PHI,DAL,2,1,30,18,OT
2025021173,20252026,2026-03-30,NYI,PIT,3,8,23,32,REG
2025021174,20252026,2026-03-30,COL,CGY,9,2,49,29,REG
2025021175,20252026,2026-03-30,VGK,VAN,4,2,34,24,REG
2025021176,20252026,2026-03-30,ANA,TOR,4,5,32,29,OT
2025021177,20252026,2026-03-30,SJS,STL,5,4,29,26,REG
2025021178,20252026,2026-03-31,BOS,DAL,6,3,24,16,REG
2025021179,20252026,2026-03-31,BUF,NYI,4,3,33,28,REG
2025021180,20252026,2026-03-31,TBL,MTL,1,4,37,23,REG
2025021181,20252026,2026-03-31,FLA,OTT,6,3,29,26,REG
2025021182,20252026,2026-03-31,NYR,NJD,4,1,23,23,REG
2025021183,20252026,2026-03-31,PIT,DET,5,1,32,23,REG
2025021184,20252026,2026-03-31,WSH,PHI,6,4,18,24,REG
2025021185,20252026,2026-03-31,CBJ,CAR,2,5,25,33,REG
2025021186,20252026,2026-03-31,CHI,WPG,3,4,21,24,OT
2025021187,20252026,2026-03-31,EDM,SEA,3,0,24,27,REG
2025021188,20252026,2026-04-01,COL,VAN,6,8,30,26,REG
2025021189,20252026,2026-04-01,LAK,STL,2,1,26,24,OT
2025021190,20252026,2026-04-01,SJS,ANA,4,3,21,31,REG
2025021191,20252026,2026-04-02,OTT,BUF,4,1,24,22,REG
2025021192,20252026,2026-04-02,TBL,PIT,6,3,33,24,REG
2025021193,20252026,2026-04-02,FLA,BOS,2,1,24,29,REG
2025021194,20252026,2026-04-02,NJD,WSH,7,3,30,32,REG
2025021195,20252026,2026-04-02,NYR,MTL,2,3,24,25,REG
2025021196,20252026,2026-04-02,PHI,DET,2,4,34,19,REG
2025021197,20252026,2026-04-02,CAR,CBJ,5,1,21,10,REG
2025021198,20252026,2026-04-02,DAL,WPG,3,0,21,22,REG
2025021199,20252026,2026-04-02,MIN,VAN,5,2,39,33,REG
2025021200,20252026,2026-04-02,EDM,CHI,3,1,39,18,REG
2025021201,20252026,2026-04-02,VGK,CGY,6,3,34,22,REG
2025021202,20252026,2026-04-02,SJS,TOR,4,1,25,20,REG
2025021203,20252026,2026-04-02,SEA,UTA,2,6,27,31,REG
2025021204,20252026,2026-04-02,LAK,NSH,4,5,33,34,SO
2025021205,20252026,2026-04-03,NYI,PHI,1,4,22,21,REG
2025021206,20252026,2026-04-03,ANA,STL,2,6,27,29,REG
2025021207,20252026,2026-04-04,NYR,DET,4,1,20,33,REG
2025021208,20252026,2026-04-04,OTT,MIN,1,4,34,23,REG
2025021209,20252026,2026-04-04,DAL,COL,0,2,17,22,REG
2025021210,20252026,2026-04-04,TBL,BOS,3,1,23,22,REG
2025021211,20252026,2026-04-04,PIT,FLA,9,4,31,23,REG
2025021212,20252026,2026-04-04,NJD,MTL,3,4,38,29,SO
2025021213,20252026,2026-04-04,WSH,BUF,6,2,28,39,REG
2025021214,20252026,2026-04-04,CAR,NYI,4,3,40,16,REG
2025021215,20252026,2026-04-04,CBJ,WPG,1,2,16,26,REG
2025021216,20252026,2026-04-04,VAN,UTA,4,7,23,25,REG
2025021217,20252026,2026-04-04,LAK,TOR,7,6,40,20,OT
2025021218,20252026,2026-04-04,EDM,VGK,1,5,32,33,REG
2025021219,20252026,2026-04-04,ANA,CGY,3,5,39,20,REG
2025021220,20252026,2026-04-04,SJS,NSH,3,6,27,34,REG
2025021221,20252026,2026-04-04,SEA,CHI,2,4,27,31,REG
2025021222,20252026,2026-04-05,DET,MIN,4,5,24,20,REG
2025021223,20252026,2026-04-05,PIT,FLA,5,2,23,31,REG
2025021224,20252026,2026-04-05,PHI,BOS,2,1,31,19,OT
2025021225,20252026,2026-04-05,OTT,CAR,6,3,31,28,REG
2025021226,20252026,2026-04-05,MTL,NJD,0,3,18,20,REG
2025021227,20252026,2026-04-05,NYR,WSH,8,1,33,21,REG
2025021228,20252026,2026-04-05,COL,STL,2,3,28,29,REG
2025021229,20252026,2026-04-06,BUF,TBL,4,2,30,25,REG
2025021230,20252026,2026-04-06,WPG,SEA,6,2,31,24,REG
2025021231,20252026,2026-04-06,SJS,CHI,3,2,23,29,REG
2025021232,20252026,2026-04-06,LAK,NSH,3,2,28,31,SO
2025021233,20252026,2026-04-07,MTL,FLA,4,3,32,33,SO
2025021234,20252026,2026-04-07,OTT,TBL,6,2,32,30,REG
2025021235,20252026,2026-04-07,DET,CBJ,3,4,37,35,SO
2025021236,20252026,2026-04-07,NJD,PHI,1,5,24,20,REG
2025021237,20252026,2026-04-07,CAR,BOS,6,5,41,21,OT
2025021238,20252026,2026-04-07,STL,COL,1,3,19,37,REG
2025021239,20252026,2026-04-07,DAL,CGY,4,3,25,20,OT
2025021240,20252026,2026-04-07,MIN,SEA,5,2,29,27,REG
2025021241,20252026,2026-04-07,UTA,EDM,6,5,31,26,OT
2025021242,20252026,2026-04-07,VAN,VGK,1,2,11,29,REG
2025021243,20252026,2026-04-07,ANA,NSH,0,5,43,25,REG
2025021244,20252026,2026-04-08,NYR,BUF,3,5,20,27,REG
2025021245,20252026,2026-04-08,TOR,WSH,0,4,22,20,REG
2025021246,20252026,2026-04-08,SJS,EDM,2,5,14,26,REG
2025021247,20252026,2026-04-09,BUF,CBJ,5,0,24,37,REG
2025021248,20252026,2026-04-09,MTL,TBL,2,1,21,18,REG
2025021249,20252026,2026-04-09,OTT,FLA,5,1,26,23,REG
2025021250,20252026,2026-04-09,DET,PHI,6,3,22,27,REG
2025021251,20252026,2026-04-09,NJD,PIT,2,5,21,30,REG
2025021252,20252026,2026-04-09,NYI,TOR,5,3,44,16,REG
2025021253,20252026,2026-04-09,STL,WPG,2,3,22,34,REG
2025021254,20252026,2026-04-09,DAL,MIN,5,4,20,31,REG
2025021255,20252026,2026-04-09,CHI,CAR,2,7,25,22,REG
2025021256,20252026,2026-04-09,COL,CGY,3,1,41,29,REG
2025021257,20252026,2026-04-09,UTA,NSH,4,1,27,30,REG
2025021258,20252026,2026-04-09,ANA,SJS,6,1,30,19,REG
2025021259,20252026,2026-04-09,SEA,VGK,4,3,33,35,SO
2025021260,20252026,2026-04-09,LAK,VAN,4,1,26,25,REG
2025021261,20252026,2026-04-11,BOS,TBL,1,2,21,24,REG
2025021262,20252026,2026-04-11,NYI,OTT,0,3,23,16,REG
2025021263,20252026,2026-04-11,PIT,WSH,3,6,11,32,REG
2025021264,20252026,2026-04-11,LAK,EDM,1,0,21,27,REG
2025021265,20252026,2026-04-11,DET,NJD,3,5,28,33,REG
2025021266,20252026,2026-04-11,CHI,STL,3,5,34,28,REG
2025021267,20252026,2026-04-11,NSH,MIN,2,1,22,22,REG
2025021268,20252026,2026-04-11,DAL,NYR,2,0,19,22,REG
2025021269,20252026,2026-04-11,UTA,CAR,1,4,27,29,REG
2025021270,20252026,2026-04-11,TOR,FLA,2,6,19,25,REG
2025021271,20252026,2026-04-11,MTL,CBJ,2,5,22,33,REG
2025021272,20252026,2026-04-11,WPG,PHI,1,7,28,23,REG
2025021273,20252026,2026-04-11,SEA,CGY,4,1,21,27,REG
2025021274,20252026,2026-04-11,COL,VGK,2,3,32,29,OT
2025021275,20252026,2026-04-11,SJS,VAN,3,4,32,41,SO
2025021276,20252026,2026-04-12,WSH,PIT,3,0,27,24,REG
2025021277,20252026,2026-04-12,NYI,MTL,1,4,33,22,REG
2025021278,20252026,2026-04-12,CBJ,BOS,2,3,35,22,REG
2025021279,20252026,2026-04-12,NJD,OTT,4,3,30,30,OT
2025021280,20252026,2026-04-12,ANA,VAN,3,4,27,26,OT
2025021281,20252026,2026-04-12,CGY,UTA,4,1,23,29,REG
2025021282,20252026,2026-04-13,TBL,DET,4,3,22,30,OT
2025021283,20252026,2026-04-13,FLA,NYR,3,2,16,27,REG
2025021284,20252026,2026-04-13,PHI,CAR,3,2,23,26,SO
2025021285,20252026,2026-04-13,TOR,DAL,5,6,27,32,REG
2025021286,20252026,2026-04-13,STL,MIN,6,3,22,31,REG
2025021287,20252026,2026-04-13,NSH,SJS,2,3,28,23,REG
2025021288,20252026,2026-04-13,CHI,BUF,1,5,16,26,REG
2025021289,20252026,2026-04-13,EDM,COL,1,2,31,32,SO
2025021290,20252026,2026-04-13,VGK,WPG,6,2,38,23,REG
2025021291,20252026,2026-04-13,SEA,LAK,3,5,33,30,REG
2025021292,20252026,2026-04-14,BOS,NJD,4,0,26,21,REG
2025021293,20252026,2026-04-14,NYI,CAR,1,2,30,21,REG
2025021294,20252026,2026-04-14,PHI,MTL,4,2,25,29,REG
2025021295,20252026,2026-04-14,CBJ,WSH,1,2,28,21,REG
2025021296,20252026,2026-04-14,MIN,ANA,3,2,20,37,REG
2025021297,20252026,2026-04-14,UTA,WPG,5,3,36,24,REG
2025021298,20252026,2026-04-14,CGY,COL,1,3,31,38,REG
2025021299,20252026,2026-04-14,STL,PIT,7,5,31,23,REG
2025021300,20252026,2026-04-14,VAN,LAK,4,3,25,34,OT
2025021301,20252026,2026-04-15,BUF,DAL,3,4,24,28,SO
2025021302,20252026,2026-04-15,TBL,NYR,2,4,31,21,REG
2025021303,20252026,2026-04-15,FLA,DET,8,1,28,26,REG
2025021304,20252026,2026-04-15,OTT,TOR,3,1,38,20,REG
2025021305,20252026,2026-04-15,CHI,SJS,5,2,24,17,REG
2025021306,20252026,2026-04-15,VGK,SEA,4,1,26,23,REG
2025021307,20252026,2026-04-16,NSH,ANA,4,5,21,40,REG
2025021308,20252026,2026-04-16,WPG,SJS,1,6,27,33,REG
2025021309,20252026,2026-04-16,UTA,STL,3,5,23,29,REG
2025021310,20252026,2026-04-16,CGY,LAK,3,1,20,28,REG
2025021311,20252026,2026-04-16,EDM,VAN,6,1,35,12,REG
2025021312,20252026,2026-04-16,COL,SEA,2,0,35,22,REG
2026020001,20262027,2026-09-29,CAR,FLA,0,1,15,20,OT
2026020002,20262027,2026-09-29,TOR,MTL,2,3,28,24,REG
2026020003,20262027,2026-09-29,BOS,NYR,3,0,23,24,REG
2026020004,20262027,2026-09-29,EDM,VAN,5,6,37,23,OT
2026020005,20262027,2026-09-29,VGK,CHI,5,2,37,26,REG
2026020006,20262027,2026-09-30,PHI,PIT,0,7,19,38,REG
2026020007,20262027,2026-09-30,COL,LAK,8,4,29,31,REG
2026020008,20262027,2026-09-30,TOR,NYI,2,1,26,27,REG
2026020009,20262027,2026-10-01,NJD,PHI,3,2,44,25,OT
2026020010,20262027,2026-10-01,NYR,TBL,5,1,25,24,REG
2026020011,20262027,2026-10-01,CBJ,BUF,6,3,23,26,REG
2026020012,20262027,2026-10-01,NSH,MIN,1,3,20,30,REG
2026020013,20262027,2026-10-01,UTA,CHI,6,0,32,15,REG
2026020014,20262027,2026-10-01,CGY,SEA,1,6,25,32,REG
2026020015,20262027,2026-10-01,VAN,EDM,7,9,22,31,REG
2026020016,20262027,2026-10-01,SJS,FLA,4,3,32,26,OT
2026020017,20262027,2026-10-02,DET,NYR,0,2,22,21,REG
2026020018,20262027,2026-10-02,CAR,WSH,2,5,33,27,REG
2026020019,20262027,2026-10-02,WPG,BOS,3,4,33,30,OT
2026020020,20262027,2026-10-02,DAL,STL,0,4,25,24,REG
2026020021,20262027,2026-10-02,VGK,ANA,3,4,30,20,REG
2026020022,20262027,2026-10-03,BUF,CHI,4,3,28,15,REG
2026020023,20262027,2026-10-03,TOR,OTT,2,3,29,29,REG
2026020024,20262027,2026-10-03,TBL,WSH,3,1,30,21,REG
2026020025,20262027,2026-10-03,PHI,CAR,2,3,18,40,OT
2026020026,20262027,2026-10-03,PIT,MTL,6,5,30,25,OT
2026020027,20262027,2026-10-03,CBJ,UTA,1,4,19,31,REG
2026020028,20262027,2026-10-03,EDM,SEA,3,1,26,20,REG
2026020029,20262027,2026-10-03,NYI,NJD,6,0,32,37,REG
2026020030,20262027,2026-10-03,NSH,DAL,2,1,26,30,REG
2026020031,20262027,2026-10-03,MIN,BOS,4,1,30,27,REG
2026020032,20262027,2026-10-03,COL,STL,6,1,36,26,REG
2026020033,20262027,2026-10-03,VAN,CGY,4,1,26,24,REG
2026020034,20262027,2026-10-03,SJS,LAK,5,4,25,35,OT
2026020035,20262027,2026-10-04,DET,WPG,2,3,36,27,REG
2026020036,20262027,2026-10-04,NYR,UTA,4,2,22,30,REG
2026020037,20262027,2026-10-04,ANA,FLA,3,2,20,31,OT
2026020038,20262027,2026-10-04,SEA,CGY,6,1,27,33,REG
2026020039,20262027,2026-10-04,VAN,VGK,2,3,20,28,REG
2026020040,20262027,2026-10-05,TBL,PHI,4,1,36,15,REG
2026020041,20262027,2026-10-05,BOS,OTT,1,4,19,24,REG
2026020042,20262027,2026-10-05,PIT,WPG,2,3,31,35,REG
2026020043,20262027,2026-10-05,DAL,SJS,5,0,26,13,REG
2026020044,20262027,2026-10-06,TOR,NSH,5,4,37,25,OT
2026020045,20262027,2026-10-06,MTL,CAR,4,6,20,34,REG
2026020046,20262027,2026-10-06,DET,OTT,5,3,36,25,REG
2026020047,20262027,2026-10-06,NJD,UTA,3,5,33,31,REG
2026020048,20262027,2026-10-06,NYR,NYI,5,2,24,19,REG
2026020049,20262027,2026-10-06,BUF,MIN,3,2,28,20,OT
2026020050,20262027,2026-10-06,CHI,STL,4,2,21,28,REG
2026020051,20262027,2026-10-06,SEA,VGK,2,6,27,28,REG
2026020052,20262027,2026-10-06,LAK,FLA,1,2,20,28,REG
2026020053,20262027,2026-10-07,WSH,PIT,5,3,27,30,REG
2026020054,20262027,2026-10-07,WPG,COL,3,2,19,34,REG
2026020055,20262027,2026-10-07,ANA,EDM,2,5,31,19,REG
