nhl_game_id,home_abbr,away_abbr,date,close_ml_home,close_ml_away,close_total,close_over,close_under,open_ml_home,open_ml_away,open_total,open_over,open_under
2018020001,TOR,MTL,2018-10-03,-245.0,205.0,6.0,-116.0,-104.0,,,,,
2018020002,WSH,BOS,2018-10-03,-115.0,-105.0,5.5,-125.0,105.0,,,,,
2018020003,VAN,CGY,2018-10-03,125.0,-145.0,5.5,-120.0,100.0,,,,,
2018020004,SJS,ANA,2018-10-03,-190.0,165.0,5.5,105.0,-125.0,,,,,
2018020005,BUF,BOS,2018-10-04,130.0,-150.0,6.0,105.0,-125.0,,,,,
2018020006,NYR,NSH,2018-10-04,150.0,-170.0,6.0,100.0,-120.0,,,,,
2018020007,PIT,WSH,2018-10-04,-165.0,145.0,6.0,-125.0,105.0,,,,,
2018020008,CAR,NYI,2018-10-04,-170.0,150.0,6.0,-126.0,106.0,,,,,
2018020009,OTT,CHI,2018-10-04,103.0,-123.0,6.0,-110.0,-110.0,,,,,
2018020010,DET,CBJ,2018-10-04,115.0,-135.0,5.5,-120.0,100.0,,,,,
2018020011,STL,WPG,2018-10-04,100.0,-120.0,6.0,-105.0,-115.0,,,,,
2018020012,DAL,ARI,2018-10-04,-185.0,160.0,6.0,110.0,-130.0,,,,,
2018020013,COL,MIN,2018-10-04,-105.0,-115.0,6.0,100.0,-120.0,,,,,
2018020014,VGK,PHI,2018-10-04,-178.0,158.0,6.0,100.0,-120.0,,,,,
2018020015,CBJ,CAR,2018-10-05,-160.0,140.0,6.0,105.0,-125.0,,,,,
2018020016,LAK,SJS,2018-10-05,107.0,-127.0,5.5,110.0,-130.0,,,,,
2018020017,BUF,NYR,2018-10-06,-133.0,113.0,6.0,-105.0,-115.0,,,,,
2018020018,TOR,OTT,2018-10-06,-285.0,235.0,6.0,-125.0,105.0,,,,,
2018020019,TBL,FLA,2018-10-06,-185.0,160.0,6.5,-105.0,-115.0,,,,,
2018020020,NJD,EDM,2018-10-06,100.0,-120.0,6.0,-110.0,-110.0,,,,,
2018020021,NYI,NSH,2018-10-06,140.0,-160.0,6.0,-110.0,-110.0,,,,,
2018020022,PIT,MTL,2018-10-06,-250.0,210.0,6.0,-115.0,-105.0,,,,,
2018020023,DAL,WPG,2018-10-06,100.0,-120.0,6.0,-110.0,-110.0,,,,,
2018020024,STL,CHI,2018-10-06,-177.0,157.0,6.0,100.0,-120.0,,,,,
2018020025,MIN,VGK,2018-10-06,-120.0,100.0,5.5,-110.0,-110.0,,,,,
2018020026,COL,PHI,2018-10-06,-111.0,-109.0,6.0,-108.0,-112.0,,,,,
2018020027,ARI,ANA,2018-10-06,100.0,-120.0,5.5,115.0,-135.0,,,,,
2018020028,CGY,VAN,2018-10-06,-210.0,175.0,6.0,100.0,-120.0,,,,,
2018020029,CAR,NYR,2018-10-07,-210.0,175.0,6.0,-105.0,-115.0,,,,,
2018020030,CHI,TOR,2018-10-07,125.0,-145.0,6.5,-110.0,-110.0,,,,,
2018020031,LAK,DET,2018-10-07,-195.0,170.0,5.5,110.0,-130.0,,,,,
2018020032,BOS,OTT,2018-10-08,-280.0,230.0,6.0,-112.0,-108.0,,,,,
2018020033,NYI,SJS,2018-10-08,155.0,-175.0,6.0,-115.0,-105.0,,,,,
2018020034,BUF,VGK,2018-10-08,125.0,-145.0,5.5,-115.0,-105.0,,,,,
2018020035,ANA,DET,2018-10-08,-186.0,166.0,5.5,115.0,-135.0,,,,,
2018020036,PHI,SJS,2018-10-09,-123.0,103.0,6.0,100.0,-115.0,,,,,
2018020037,CAR,VAN,2018-10-09,-200.0,170.0,6.0,-107.0,-113.0,,,,,
2018020038,CBJ,COL,2018-10-09,-155.0,135.0,6.0,110.0,-130.0,,,,,
2018020039,NSH,CGY,2018-10-09,-165.0,145.0,6.0,-101.0,-119.0,,,,,
2018020040,WPG,LAK,2018-10-09,-200.0,170.0,6.0,100.0,-120.0,,,,,
2018020041,DAL,TOR,2018-10-09,-125.0,105.0,6.5,-105.0,-115.0,,,,,
2018020042,OTT,PHI,2018-10-10,120.0,-140.0,6.5,-105.0,-115.0,,,,,
2018020043,WSH,VGK,2018-10-10,-145.0,125.0,6.0,-110.0,-110.0,,,,,
2018020044,ANA,ARI,2018-10-10,-149.0,130.0,5.5,130.0,-150.0,,,,,
2018020045,BOS,EDM,2018-10-11,-165.0,145.0,6.0,-105.0,-115.0,,,,,
2018020046,BUF,COL,2018-10-11,101.0,-121.0,6.0,100.0,-120.0,,,,,
2018020047,FLA,CBJ,2018-10-11,-140.0,120.0,6.0,-110.0,-110.0,,,,,
2018020048,NJD,WSH,2018-10-11,-120.0,100.0,6.5,-105.0,-115.0,,,,,
2018020049,NYR,SJS,2018-10-11,130.0,-149.0,6.0,-115.0,-105.0,,,,,
2018020050,PIT,VGK,2018-10-11,-196.0,165.0,6.5,-119.0,-101.0,,,,,
2018020051,MTL,LAK,2018-10-11,-115.0,-105.0,5.5,100.0,-120.0,,,,,
2018020052,DET,TOR,2018-10-11,155.0,-175.0,6.5,100.0,-120.0,,,,,
2018020053,TBL,VAN,2018-10-11,-290.0,240.0,6.0,-120.0,100.0,,,,,
2018020054,STL,CGY,2018-10-11,-125.0,105.0,6.0,100.0,-120.0,,,,,
2018020055,NSH,WPG,2018-10-11,-130.0,110.0,6.0,110.0,-130.0,,,,,
2018020056,MIN,CHI,2018-10-11,-170.0,150.0,6.0,-110.0,-110.0,,,,,
2018020057,NYR,EDM,2018-10-13,-105.0,-115.0,6.0,-105.0,-115.0,,,,,
2018020058,PHI,VGK,2018-10-13,-110.0,-110.0,6.0,-125.0,105.0,,,,,
2018020059,OTT,LAK,2018-10-13,130.0,-150.0,6.0,-105.0,-115.0,,,,,
2018020060,MIN,CAR,2018-10-13,-135.0,115.0,6.0,-110.0,-110.0,,,,,
2018020061,BOS,DET,2018-10-13,-260.0,220.0,6.0,105.0,-125.0,,,,,
2018020062,MTL,PIT,2018-10-13,145.0,-165.0,6.0,-135.0,115.0,,,,,
2018020063,TBL,CBJ,2018-10-13,-166.0,146.0,6.0,-115.0,-105.0,,,,,
2018020064,FLA,VAN,2018-10-13,-205.0,175.0,6.5,-105.0,-115.0,,,,,
2018020065,WSH,TOR,2018-10-13,-115.0,-105.0,6.5,-130.0,110.0,,,,,
2018020066,NSH,NYI,2018-10-13,-230.0,190.0,6.0,100.0,-120.0,,,,,
2018020067,DAL,ANA,2018-10-13,-165.0,145.0,5.5,-105.0,-115.0,,,,,
2018020068,CHI,STL,2018-10-13,-103.0,-117.0,6.0,-120.0,100.0,,,,,
2018020069,ARI,BUF,2018-10-13,-160.0,140.0,5.5,-105.0,-115.0,,,,,
2018020070,COL,CGY,2018-10-13,-130.0,110.0,6.5,-110.0,-110.0,,,,,
2018020071,NJD,SJS,2018-10-14,-103.0,-117.0,6.0,100.0,-120.0,,,,,
2018020072,STL,ANA,2018-10-14,-155.0,135.0,5.5,-110.0,-110.0,,,,,
2018020073,WPG,CAR,2018-10-14,-176.0,156.0,6.5,110.0,-130.0,,,,,
2018020074,TOR,LAK,2018-10-15,-175.0,155.0,6.0,-120.0,100.0,,,,,
2018020075,MTL,DET,2018-10-15,-155.0,135.0,6.0,100.0,-120.0,,,,,
2018020076,OTT,DAL,2018-10-15,155.0,-185.0,6.5,100.0,-120.0,,,,,
2018020077,NSH,MIN,2018-10-15,-200.0,170.0,6.0,100.0,-120.0,,,,,
2018020078,NJD,DAL,2018-10-16,-140.0,120.0,6.0,-115.0,-105.0,,,,,
2018020079,NYR,COL,2018-10-16,115.0,-135.0,6.0,-110.0,-110.0,,,,,
2018020080,PHI,FLA,2018-10-16,-122.0,102.0,6.0,-130.0,110.0,,,,,
2018020081,PIT,VAN,2018-10-16,-245.0,205.0,6.5,-105.0,-115.0,,,,,
2018020082,TBL,CAR,2018-10-16,-165.0,145.0,6.5,-115.0,-105.0,,,,,
2018020083,MIN,ARI,2018-10-16,-160.0,140.0,5.5,-110.0,-110.0,,,,,
2018020084,WPG,EDM,2018-10-16,-200.0,170.0,6.0,-108.0,-112.0,,,,,
2018020085,VGK,BUF,2018-10-16,-210.0,175.0,5.5,-110.0,-110.0,,,,,
2018020086,MTL,STL,2018-10-17,-105.0,-115.0,5.5,-115.0,-105.0,,,,,
2018020087,WSH,NYR,2018-10-17,-260.0,220.0,6.0,-119.0,-101.0,,,,,
2018020088,CGY,BOS,2018-10-17,-115.0,-105.0,6.0,-105.0,-115.0,,,,,
2018020089,ANA,NYI,2018-10-17,-145.0,125.0,5.5,-110.0,-110.0,,,,,
2018020090,TOR,PIT,2018-10-18,-150.0,130.0,6.5,-130.0,110.0,,,,,
2018020091,NJD,COL,2018-10-18,-140.0,120.0,6.0,100.0,-120.0,,,,,
2018020092,CBJ,PHI,2018-10-18,-160.0,140.0,6.0,-110.0,-110.0,,,,,
2018020093,TBL,DET,2018-10-18,-305.0,245.0,6.0,-118.0,-102.0,,,,,
2018020094,WPG,VAN,2018-10-18,-275.0,225.0,6.0,100.0,-120.0,,,,,
2018020095,CHI,ARI,2018-10-18,-152.0,132.0,5.5,-110.0,-110.0,,,,,
2018020096,EDM,BOS,2018-10-18,103.0,-123.0,6.0,-115.0,-105.0,,,,,
2018020097,LAK,NYI,2018-10-18,-170.0,150.0,5.5,100.0,-120.0,,,,,
2018020098,SJS,BUF,2018-10-18,-240.0,200.0,5.5,-115.0,-105.0,,,,,
2018020099,WSH,FLA,2018-10-19,-150.0,130.0,6.5,105.0,-125.0,,,,,
2018020100,DAL,MIN,2018-10-19,-140.0,120.0,6.0,115.0,-135.0,,,,,
2018020101,CGY,NSH,2018-10-19,105.0,-125.0,6.0,100.0,-120.0,,,,,
2018020102,PHI,NJD,2018-10-20,-125.0,105.0,6.0,-120.0,100.0,,,,,
2018020103,CAR,COL,2018-10-20,-150.0,130.0,6.0,-135.0,115.0,,,,,
2018020104,WPG,ARI,2018-10-20,-195.0,168.0,5.5,-110.0,-110.0,,,,,
2018020105,LAK,BUF,2018-10-20,-180.0,160.0,5.5,100.0,-120.0,,,,,
2018020106,TOR,STL,2018-10-20,-165.0,145.0,6.0,-125.0,105.0,,,,,
2018020107,OTT,MTL,2018-10-20,100.0,-120.0,6.0,100.0,-120.0,,,,,
2018020108,FLA,DET,2018-10-20,-200.0,170.0,6.5,111.0,-132.0,,,,,
2018020109,CBJ,CHI,2018-10-20,-145.0,125.0,6.0,-115.0,-105.0,,,,,
2018020110,MIN,TBL,2018-10-20,125.0,-145.0,6.0,105.0,-125.0,,,,,
2018020111,EDM,NSH,2018-10-20,110.0,-130.0,6.0,-108.0,-112.0,,,,,
2018020112,VAN,BOS,2018-10-20,135.0,-155.0,6.0,105.0,-120.0,,,,,
2018020113,VGK,ANA,2018-10-20,-165.0,145.0,5.5,-105.0,-115.0,,,,,
2018020114,SJS,NYI,2018-10-20,-235.0,195.0,6.0,-110.0,-110.0,,,,,
2018020115,NYR,CGY,2018-10-21,110.0,-130.0,6.0,-110.0,-110.0,,,,,
2018020116,CHI,TBL,2018-10-21,120.0,-140.0,6.5,-105.0,-115.0,,,,,
2018020117,ANA,BUF,2018-10-21,-155.0,135.0,5.5,105.0,-125.0,,,,,
2018020118,PHI,COL,2018-10-22,-130.0,110.0,6.0,-130.0,110.0,,,,,
2018020119,DET,CAR,2018-10-22,125.0,-145.0,6.0,-110.0,-110.0,,,,,
2018020120,WPG,STL,2018-10-22,-155.0,135.0,6.0,100.0,-120.0,,,,,
2018020121,VAN,WSH,2018-10-22,125.0,-145.0,6.0,-110.0,-110.0,,,,,
2018020122,NYR,FLA,2018-10-23,120.0,-140.0,6.5,-105.0,-115.0,,,,,
2018020123,CBJ,ARI,2018-10-23,-200.0,170.0,5.5,-110.0,-110.0,,,,,
2018020124,MTL,CGY,2018-10-23,-110.0,-110.0,5.5,-130.0,110.0,,,,,
2018020125,OTT,BOS,2018-10-23,145.0,-165.0,6.0,-115.0,-105.0,,,,,
2018020126,NSH,SJS,2018-10-23,-135.0,115.0,5.5,100.0,-120.0,,,,,
2018020127,CHI,ANA,2018-10-23,-145.0,125.0,5.5,-115.0,-105.0,,,,,
2018020128,DAL,LAK,2018-10-23,-155.0,135.0,5.5,-105.0,-115.0,,,,,
2018020129,EDM,PIT,2018-10-23,100.0,-120.0,6.0,-120.0,100.0,,,,,
2018020130,NYI,FLA,2018-10-24,-110.0,-110.0,6.5,100.0,-120.0,,,,,
2018020131,WPG,TOR,2018-10-24,-130.0,110.0,6.5,-115.0,-105.0,,,,,
2018020132,COL,TBL,2018-10-24,105.0,-125.0,6.5,105.0,-125.0,,,,,
2018020133,VGK,VAN,2018-10-24,-300.0,240.0,5.5,-105.0,-115.0,,,,,
2018020134,BOS,PHI,2018-10-25,-160.0,140.0,6.0,-115.0,-105.0,,,,,
2018020135,BUF,MTL,2018-10-25,-125.0,105.0,5.5,-105.0,-115.0,,,,,
2018020136,NJD,NSH,2018-10-25,100.0,-120.0,5.5,-115.0,-105.0,,,,,
2018020137,STL,CBJ,2018-10-25,-140.0,120.0,6.0,100.0,-120.0,,,,,
2018020138,MIN,LAK,2018-10-25,-167.0,147.0,5.5,100.0,-120.0,,,,,
2018020139,CHI,NYR,2018-10-25,-153.0,133.0,6.0,-110.0,-110.0,,,,,
2018020140,DAL,ANA,2018-10-25,-162.0,142.0,5.5,-105.0,-115.0,,,,,
2018020141,CGY,PIT,2018-10-25,-115.0,-105.0,6.5,100.0,-120.0,,,,,
2018020142,EDM,WSH,2018-10-25,100.0,-120.0,6.5,100.0,-120.0,,,,,
2018020143,ARI,VAN,2018-10-25,-210.0,180.0,5.5,105.0,-125.0,,,,,
2018020144,VGK,TBL,2018-10-26,-108.0,-112.0,5.5,-115.0,-105.0,,,,,
2018020145,DET,WPG,2018-10-26,145.0,-165.0,6.0,-115.0,-105.0,,,,,
2018020146,CAR,SJS,2018-10-26,-115.0,-105.0,6.0,-105.0,-115.0,,,,,
2018020147,COL,OTT,2018-10-26,-215.0,185.0,6.0,-120.0,100.0,,,,,
2018020148,NJD,FLA,2018-10-27,-120.0,100.0,6.0,-115.0,-105.0,,,,,
2018020149,PHI,NYI,2018-10-27,-164.0,145.0,6.0,-115.0,-105.0,,,,,
2018020150,NSH,EDM,2018-10-27,-205.0,175.0,5.5,-120.0,100.0,,,,,
2018020151,CGY,WSH,2018-10-27,-120.0,100.0,6.5,-105.0,-115.0,,,,,
2018020152,BOS,MTL,2018-10-27,-173.0,153.0,5.5,-116.0,-104.0,,,,,
2018020153,TOR,WPG,2018-10-27,-145.0,125.0,6.5,100.0,-120.0,,,,,
2018020154,CBJ,BUF,2018-10-27,-196.0,165.0,6.0,100.0,-120.0,,,,,
2018020155,STL,CHI,2018-10-27,-137.0,117.0,6.0,-105.0,-115.0,,,,,
2018020156,MIN,COL,2018-10-27,-154.0,134.0,5.5,-110.0,-110.0,,,,,
2018020157,ARI,TBL,2018-10-27,-105.0,-115.0,5.5,-105.0,-115.0,,,,,
2018020158,VAN,PIT,2018-10-27,165.0,-196.0,6.5,-105.0,-115.0,,,,,
2018020159,LAK,NYR,2018-10-28,-160.0,140.0,5.5,-110.0,-110.0,,,,,
2018020160,DET,DAL,2018-10-28,140.0,-160.0,6.0,-105.0,-115.0,,,,,
2018020161,CAR,NYI,2018-10-28,-215.0,185.0,6.0,-115.0,-105.0,,,,,
2018020162,CHI,EDM,2018-10-28,-110.0,-110.0,6.0,-105.0,-115.0,,,,,
2018020163,VGK,OTT,2018-10-28,-235.0,195.0,6.0,-110.0,-110.0,,,,,
2018020164,ANA,SJS,2018-10-28,120.0,-140.0,5.5,-110.0,-110.0,,,,,
2018020165,TOR,CGY,2018-10-29,-153.0,133.0,6.0,-135.0,115.0,,,,,
2018020166,VAN,MIN,2018-10-29,150.0,-170.0,5.5,-105.0,-115.0,,,,,
2018020167,BUF,CGY,2018-10-30,-120.0,100.0,6.0,-110.0,-110.0,,,,,
2018020168,PIT,NYI,2018-10-30,-220.0,180.0,6.5,105.0,-125.0,,,,,
2018020169,CAR,BOS,2018-10-30,-130.0,110.0,6.0,100.0,-120.0,,,,,
2018020170,CBJ,DET,2018-10-30,-235.0,200.0,6.0,-105.0,-115.0,,,,,
2018020171,MTL,DAL,2018-10-30,-105.0,-115.0,5.5,-105.0,-115.0,,,,,
2018020172,TBL,NJD,2018-10-30,-165.0,145.0,5.5,-120.0,100.0,,,,,
2018020173,NSH,VGK,2018-10-30,-175.0,155.0,5.5,-110.0,-110.0,,,,,
2018020174,EDM,MIN,2018-10-30,-135.0,115.0,5.5,-120.0,100.0,,,,,
2018020175,ARI,OTT,2018-10-30,-209.0,179.0,5.5,-115.0,-105.0,,,,,
2018020176,ANA,PHI,2018-10-30,-110.0,-110.0,5.5,-120.0,100.0,,,,,
2018020177,SJS,NYR,2018-10-30,-278.0,230.0,6.0,-108.0,-112.0,,,,,
2018020178,VAN,CHI,2018-10-31,105.0,-125.0,6.0,100.0,-120.0,,,,,
2018020179,TOR,DAL,2018-11-01,-150.0,130.0,6.0,-115.0,-105.0,,,,,
2018020180,FLA,WPG,2018-11-01,113.0,-133.0,6.0,-125.0,105.0,,,,,
2018020181,NYI,PIT,2018-11-01,145.0,-165.0,6.5,-115.0,-105.0,,,,,
2018020182,MTL,WSH,2018-11-01,105.0,-125.0,6.0,100.0,-120.0,,,,,
2018020183,OTT,BUF,2018-11-01,110.0,-130.0,6.0,-110.0,-110.0,,,,,
2018020184,DET,NJD,2018-11-01,127.0,-147.0,6.0,110.0,-130.0,,,,,
2018020185,TBL,NSH,2018-11-01,-130.0,110.0,6.0,100.0,-120.0,,,,,
2018020186,STL,VGK,2018-11-01,-120.0,100.0,6.0,110.0,-130.0,,,,,
2018020187,CGY,COL,2018-11-01,-116.0,-104.0,6.0,-108.0,-112.0,,,,,
2018020188,EDM,CHI,2018-11-01,-160.0,140.0,6.0,-115.0,-105.0,,,,,
2018020189,ANA,NYR,2018-11-01,-158.0,138.0,5.5,-115.0,-105.0,,,,,
2018020190,LAK,PHI,2018-11-01,-121.0,101.0,5.5,-120.0,100.0,,,,,
2018020191,SJS,CBJ,2018-11-01,-160.0,140.0,6.0,-110.0,-110.0,,,,,
2018020192,WPG,FLA,2018-11-02,-135.0,115.0,6.0,110.0,-130.0,,,,,
2018020193,VAN,COL,2018-11-02,125.0,-145.0,6.0,-110.0,-110.0,,,,,
2018020194,ARI,CAR,2018-11-02,100.0,-120.0,5.5,-110.0,-110.0,,,,,
2018020195,BUF,OTT,2018-11-03,-175.0,155.0,6.5,-105.0,-115.0,,,,,
2018020196,MTL,TBL,2018-11-03,115.0,-135.0,6.0,100.0,-120.0,,,,,
2018020197,DET,EDM,2018-11-03,125.0,-145.0,6.0,105.0,-125.0,,,,,
2018020198,NYI,NJD,2018-11-03,-105.0,-115.0,6.0,100.0,-120.0,,,,,
2018020199,PIT,TOR,2018-11-03,-140.0,120.0,6.5,-115.0,-105.0,,,,,
2018020200,WSH,DAL,2018-11-03,-145.0,125.0,6.0,-105.0,-115.0,,,,,
2018020201,STL,MIN,2018-11-03,-120.0,100.0,5.5,-120.0,100.0,,,,,
2018020202,NSH,BOS,2018-11-03,-148.0,128.0,5.5,-110.0,-110.0,,,,,
2018020203,CGY,CHI,2018-11-03,-132.0,112.0,6.0,-110.0,-110.0,,,,,
2018020204,VGK,CAR,2018-11-03,-136.0,116.0,5.5,-115.0,-105.0,,,,,
2018020205,LAK,CBJ,2018-11-03,100.0,-120.0,5.5,-110.0,-110.0,,,,,
2018020206,SJS,PHI,2018-11-03,-200.0,170.0,6.0,-110.0,-110.0,,,,,
2018020207,OTT,TBL,2018-11-04,191.0,-228.0,6.0,-135.0,115.0,,,,,
2018020208,NYR,BUF,2018-11-04,-130.0,110.0,6.0,105.0,-125.0,,,,,
2018020209,ANA,CBJ,2018-11-04,-125.0,105.0,5.5,-115.0,-105.0,,,,,
2018020210,BOS,DAL,2018-11-05,-155.0,135.0,5.5,-110.0,-110.0,,,,,
2018020211,NYI,MTL,2018-11-05,-120.0,100.0,5.5,-115.0,-105.0,,,,,
2018020212,PIT,NJD,2018-11-05,-170.0,150.0,6.0,-120.0,100.0,,,,,
2018020213,WSH,EDM,2018-11-05,-130.0,110.0,6.0,-105.0,-115.0,,,,,
2018020214,ARI,PHI,2018-11-05,-130.0,110.0,5.5,-125.0,105.0,,,,,
2018020215,TOR,VGK,2018-11-06,-135.0,115.0,5.5,-115.0,-105.0,,,,,
2018020216,NYR,MTL,2018-11-06,-120.0,100.0,5.5,-105.0,-115.0,,,,,
2018020217,CBJ,DAL,2018-11-06,-160.0,140.0,5.5,-115.0,-105.0,,,,,
2018020218,OTT,NJD,2018-11-06,117.0,-137.0,6.0,-115.0,-105.0,,,,,
2018020219,DET,VAN,2018-11-06,-135.0,115.0,5.5,-107.0,-113.0,,,,,
2018020220,TBL,EDM,2018-11-06,-200.0,170.0,6.0,-110.0,-110.0,,,,,
2018020221,STL,CAR,2018-11-06,100.0,-120.0,6.0,-110.0,-110.0,,,,,
2018020222,LAK,ANA,2018-11-06,-155.0,135.0,5.5,105.0,-125.0,,,,,
2018020223,SJS,MIN,2018-11-06,-154.0,135.0,5.5,-120.0,100.0,,,,,
2018020224,WSH,PIT,2018-11-07,-130.0,110.0,6.5,-115.0,-105.0,,,,,
2018020225,COL,NSH,2018-11-07,103.0,-123.0,6.0,110.0,-130.0,,,,,
2018020226,ANA,CGY,2018-11-07,124.0,-144.0,5.5,-120.0,100.0,,,,,
2018020227,BOS,VAN,2018-11-08,-265.0,218.0,5.5,104.0,-124.0,,,,,
2018020228,FLA,EDM,2018-11-08,-143.0,124.0,6.0,-105.0,-115.0,,,,,
2018020229,PHI,ARI,2018-11-08,-130.0,110.0,6.0,-115.0,-105.0,,,,,
2018020230,MTL,BUF,2018-11-08,-132.0,112.0,5.5,-115.0,-105.0,,,,,
2018020231,OTT,VGK,2018-11-08,145.0,-165.0,5.5,-130.0,110.0,,,,,
2018020232,TBL,NYI,2018-11-08,-225.0,188.0,6.0,-105.0,-115.0,,,,,
2018020233,CHI,CAR,2018-11-08,-105.0,-115.0,6.0,100.0,-120.0,,,,,
2018020234,DAL,SJS,2018-11-08,110.0,-130.0,5.5,-120.0,100.0,,,,,
2018020235,LAK,MIN,2018-11-08,-110.0,-110.0,5.5,-106.0,-114.0,,,,,
2018020236,TOR,NJD,2018-11-09,-150.0,130.0,6.0,-110.0,-110.0,,,,,
2018020237,WSH,CBJ,2018-11-09,-120.0,100.0,6.0,-115.0,-105.0,,,,,
2018020238,DET,NYR,2018-11-09,-128.0,108.0,5.5,-110.0,-110.0,,,,,
2018020239,STL,SJS,2018-11-09,100.0,-120.0,6.0,-105.0,-115.0,,,,,
2018020240,WPG,COL,2018-11-09,-180.0,160.0,6.0,-105.0,-115.0,,,,,
2018020241,ANA,MIN,2018-11-09,-115.0,-105.0,5.5,110.0,-130.0,,,,,
2018020242,BUF,VAN,2018-11-10,-170.0,150.0,6.0,-105.0,-115.0,,,,,
2018020243,PHI,CHI,2018-11-10,-135.0,115.0,6.0,-125.0,105.0,,,,,
2018020244,DAL,NSH,2018-11-10,130.0,-150.0,5.5,-105.0,-115.0,,,,,
2018020245,BOS,TOR,2018-11-10,-150.0,130.0,6.0,-115.0,-105.0,,,,,
2018020246,MTL,VGK,2018-11-10,108.0,-128.0,5.5,-112.0,-108.0,,,,,
2018020247,TBL,OTT,2018-11-10,-320.0,260.0,6.0,-125.0,105.0,,,,,
2018020248,FLA,NYI,2018-11-10,-178.0,153.0,6.0,-107.0,-113.0,,,,,
2018020249,PIT,ARI,2018-11-10,-200.0,170.0,6.0,-110.0,-110.0,,,,,
2018020250,CAR,DET,2018-11-10,-250.0,210.0,6.0,-102.0,-118.0,,,,,
2018020251,CBJ,NYR,2018-11-10,-200.0,170.0,5.5,-130.0,110.0,,,,,
2018020252,LAK,CGY,2018-11-10,-115.0,-105.0,5.5,-119.0,-101.0,,,,,
2018020253,STL,MIN,2018-11-11,-112.0,-108.0,5.5,-125.0,105.0,,,,,
2018020254,FLA,OTT,2018-11-11,-250.0,200.0,6.5,-110.0,-110.0,,,,,
2018020255,WSH,ARI,2018-11-11,-210.0,180.0,6.0,-115.0,-105.0,,,,,
2018020256,BOS,VGK,2018-11-11,-160.0,140.0,5.5,-125.0,105.0,,,,,
2018020257,WPG,NJD,2018-11-11,-185.0,160.0,6.0,-105.0,-115.0,,,,,
2018020258,SJS,CGY,2018-11-11,-185.0,160.0,6.0,-110.0,-110.0,,,,,
2018020259,EDM,COL,2018-11-11,-130.0,110.0,6.0,-110.0,-110.0,,,,,
2018020260,NYR,VAN,2018-11-12,-125.0,105.0,6.0,105.0,-125.0,,,,,
2018020261,CAR,CHI,2018-11-12,-174.0,152.0,6.0,-115.0,-105.0,,,,,
2018020262,DAL,CBJ,2018-11-12,-111.0,-109.0,6.0,-105.0,-115.0,,,,,
2018020263,ANA,NSH,2018-11-12,135.0,-155.0,5.5,-104.0,-116.0,,,,,
2018020264,BUF,TBL,2018-11-13,106.0,-126.0,6.0,-115.0,-105.0,,,,,
2018020265,NJD,PIT,2018-11-13,110.0,-130.0,6.0,-120.0,100.0,,,,,
2018020266,NYI,VAN,2018-11-13,-175.0,155.0,6.0,-108.0,-112.0,,,,,
2018020267,PHI,FLA,2018-11-13,-110.0,-110.0,6.0,-105.0,-115.0,,,,,
2018020268,DET,ARI,2018-11-13,-105.0,-115.0,5.5,-115.0,-105.0,,,,,
2018020269,MIN,WSH,2018-11-13,-145.0,125.0,6.0,-105.0,-115.0,,,,,
2018020270,EDM,MTL,2018-11-13,-150.0,130.0,5.5,-120.0,100.0,,,,,
2018020271,LAK,TOR,2018-11-13,120.0,-140.0,5.5,-115.0,-105.0,,,,,
2018020272,SJS,NSH,2018-11-13,-147.0,127.0,5.5,-115.0,-105.0,,,,,
2018020273,CHI,STL,2018-11-14,-130.0,110.0,6.0,100.0,-120.0,,,,,
2018020274,WPG,WSH,2018-11-14,-185.0,160.0,6.0,-130.0,110.0,,,,,
2018020275,COL,BOS,2018-11-14,-115.0,-105.0,6.0,100.0,-120.0,,,,,
2018020276,VGK,ANA,2018-11-14,-180.0,155.0,5.5,110.0,-130.0,,,,,
2018020277,NYI,NYR,2018-11-15,-130.0,110.0,6.0,-110.0,-110.0,,,,,
2018020278,PHI,NJD,2018-11-15,-164.0,140.0,6.0,-110.0,-110.0,,,,,
2018020279,PIT,TBL,2018-11-15,-119.0,-101.0,6.0,-130.0,110.0,,,,,
2018020280,CBJ,FLA,2018-11-15,-115.0,-105.0,5.5,-110.0,-110.0,,,,,
2018020281,OTT,DET,2018-11-15,-125.0,105.0,6.0,-125.0,105.0,,,,,
2018020282,MIN,VAN,2018-11-15,-255.0,211.0,5.5,-110.0,-110.0,,,,,
2018020283,CGY,MTL,2018-11-15,-148.0,128.0,6.0,-105.0,-115.0,,,,,
2018020284,ARI,NSH,2018-11-15,140.0,-160.0,5.5,-105.0,-115.0,,,,,
2018020285,SJS,TOR,2018-11-15,-141.0,121.0,6.0,100.0,-120.0,,,,,
2018020286,DAL,BOS,2018-11-16,-117.0,-103.0,5.5,-120.0,100.0,,,,,
2018020287,WPG,BUF,2018-11-16,-205.0,175.0,6.0,-115.0,-105.0,,,,,
2018020288,CHI,LAK,2018-11-16,-155.0,135.0,5.5,-105.0,-115.0,,,,,
2018020289,COL,WSH,2018-11-16,-156.0,136.0,6.0,-110.0,-110.0,,,,,
2018020290,VGK,STL,2018-11-16,-150.0,130.0,5.5,-115.0,-105.0,,,,,
2018020291,ANA,TOR,2018-11-16,105.0,-125.0,6.0,100.0,-120.0,,,,,
2018020292,NJD,DET,2018-11-17,-170.0,150.0,6.0,-103.0,-117.0,,,,,
2018020293,PHI,TBL,2018-11-17,-110.0,-110.0,6.5,-105.0,-115.0,,,,,
2018020294,MIN,BUF,2018-11-17,-215.0,180.0,5.5,-125.0,105.0,,,,,
2018020295,OTT,PIT,2018-11-17,130.0,-150.0,6.0,-125.0,105.0,,,,,
2018020296,NYR,FLA,2018-11-17,115.0,-135.0,5.5,-115.0,-105.0,,,,,
2018020297,CAR,CBJ,2018-11-17,-130.0,110.0,6.0,-105.0,-115.0,,,,,
2018020298,VAN,MTL,2018-11-17,115.0,-135.0,5.5,-134.0,114.0,,,,,
2018020299,NSH,LAK,2018-11-17,-230.0,192.0,5.5,100.0,-120.0,,,,,
2018020300,ARI,BOS,2018-11-17,-110.0,-110.0,5.5,-110.0,-110.0,,,,,
2018020301,CGY,EDM,2018-11-17,-140.0,120.0,6.0,-102.0,-118.0,,,,,
2018020302,SJS,STL,2018-11-17,-190.0,165.0,5.5,-115.0,-105.0,,,,,
2018020303,NYI,DAL,2018-11-18,-105.0,-115.0,5.5,-110.0,-110.0,,,,,
2018020304,CAR,NJD,2018-11-18,-175.0,151.0,6.0,-110.0,-110.0,,,,,
2018020305,CHI,MIN,2018-11-18,-125.0,105.0,5.5,-110.0,-105.0,,,,,
2018020306,EDM,VGK,2018-11-18,-105.0,-115.0,5.5,-120.0,100.0,,,,,
2018020307,ANA,COL,2018-11-18,111.0,-131.0,5.5,-115.0,-105.0,,,,,
2018020308,TOR,CBJ,2018-11-19,-143.0,123.0,6.0,-105.0,-115.0,,,,,
2018020309,NYR,DAL,2018-11-19,-105.0,-115.0,6.0,110.0,-130.0,,,,,
2018020310,PIT,BUF,2018-11-19,-165.0,145.0,6.0,-110.0,-110.0,,,,,
2018020311,MTL,WSH,2018-11-19,-127.0,107.0,5.5,-125.0,105.0,,,,,
2018020312,OTT,FLA,2018-11-19,115.0,-135.0,6.0,-125.0,105.0,,,,,
2018020313,STL,LAK,2018-11-19,-160.0,140.0,5.5,115.0,-135.0,,,,,
2018020314,NSH,TBL,2018-11-19,-145.0,125.0,6.0,-110.0,-110.0,,,,,
2018020315,CGY,VGK,2018-11-19,-150.0,130.0,5.5,-125.0,105.0,,,,,
2018020316,VAN,WPG,2018-11-19,165.0,-190.0,6.0,-110.0,-110.0,,,,,
2018020317,SJS,EDM,2018-11-20,-185.0,160.0,6.0,-115.0,-105.0,,,,,
2018020318,BUF,PHI,2018-11-21,-105.0,-115.0,6.0,-115.0,-105.0,,,,,
2018020319,NJD,MTL,2018-11-21,-140.0,120.0,5.5,-125.0,105.0,,,,,
2018020320,NYR,NYI,2018-11-21,-105.0,-115.0,6.5,-105.0,-115.0,,,,,
2018020321,PIT,DAL,2018-11-21,-186.0,161.0,6.0,-120.0,100.0,,,,,
2018020322,WSH,CHI,2018-11-21,-140.0,120.0,6.0,-110.0,-110.0,,,,,
2018020323,CAR,TOR,2018-11-21,-108.0,-112.0,6.0,-110.0,-110.0,,,,,
2018020324,DET,BOS,2018-11-21,100.0,-120.0,5.5,-105.0,-115.0,,,,,
2018020325,TBL,FLA,2018-11-21,-155.0,135.0,6.5,-110.0,-110.0,,,,,
2018020326,NSH,STL,2018-11-21,-200.0,170.0,5.5,100.0,-120.0,,,,,
2018020327,MIN,OTT,2018-11-21,-274.0,225.0,6.0,-120.0,-105.0,,,,,
2018020328,ARI,VGK,2018-11-21,100.0,-120.0,5.5,100.0,-120.0,,,,,
2018020329,CGY,WPG,2018-11-21,-112.0,-108.0,6.0,-115.0,-105.0,,,,,
2018020330,ANA,VAN,2018-11-21,-160.0,140.0,5.5,100.0,-120.0,,,,,
2018020331,LAK,COL,2018-11-21,110.0,-130.0,5.5,-115.0,-105.0,,,,,
2018020332,PHI,NYR,2018-11-23,-165.0,145.0,6.0,-115.0,-105.0,,,,,
2018020333,BUF,MTL,2018-11-23,-140.0,120.0,6.0,-105.0,-115.0,,,,,
2018020334,NJD,NYI,2018-11-23,-170.0,150.0,6.0,-110.0,-110.0,,,,,
2018020335,WSH,DET,2018-11-23,-185.0,160.0,5.5,-125.0,105.0,,,,,
2018020336,MIN,WPG,2018-11-23,-114.0,-106.0,6.0,100.0,-120.0,,,,,
2018020337,ANA,EDM,2018-11-23,-110.0,-110.0,5.5,-110.0,-110.0,,,,,
2018020338,VGK,CGY,2018-11-23,-140.0,120.0,6.0,105.0,-125.0,,,,,
2018020339,CBJ,TOR,2018-11-23,-135.0,115.0,6.0,-119.0,-101.0,,,,,
2018020340,BOS,PIT,2018-11-23,101.0,-121.0,6.0,-110.0,-110.0,,,,,
2018020341,TBL,CHI,2018-11-23,-168.0,146.0,6.0,-115.0,-105.0,,,,,
2018020342,CAR,FLA,2018-11-23,-160.0,140.0,6.0,-110.0,-110.0,,,,,
2018020343,STL,NSH,2018-11-23,100.0,-120.0,5.5,100.0,-120.0,,,,,
2018020344,DAL,OTT,2018-11-23,-175.0,150.0,6.5,-105.0,-115.0,,,,,
2018020345,ARI,COL,2018-11-23,-115.0,-105.0,5.5,-115.0,-105.0,,,,,
2018020346,SJS,VAN,2018-11-23,-300.0,250.0,6.0,-105.0,-115.0,,,,,
2018020347,NYR,WSH,2018-11-24,-103.0,-117.0,6.0,-115.0,-105.0,,,,,
2018020348,TOR,PHI,2018-11-24,-140.0,120.0,6.5,-115.0,-105.0,,,,,
2018020349,MTL,BOS,2018-11-24,-106.0,-114.0,5.5,-110.0,-110.0,,,,,
2018020350,DET,BUF,2018-11-24,-110.0,-110.0,5.5,-110.0,-110.0,,,,,
2018020351,FLA,CHI,2018-11-24,-158.0,138.0,6.0,-115.0,-105.0,,,,,
2018020352,NYI,CAR,2018-11-24,115.0,-135.0,6.5,-108.0,-112.0,,,,,
2018020353,PIT,CBJ,2018-11-24,-140.0,120.0,6.5,-110.0,-110.0,,,,,
2018020354,STL,WPG,2018-11-24,105.0,-125.0,5.5,-110.0,-110.0,,,,,
2018020355,COL,DAL,2018-11-24,-180.0,155.0,5.5,-125.0,105.0,,,,,
2018020356,VGK,SJS,2018-11-24,-110.0,-110.0,5.5,-120.0,100.0,,,,,
2018020357,LAK,VAN,2018-11-24,-200.0,170.0,5.5,-112.0,-108.0,,,,,
2018020358,ARI,CGY,2018-11-25,-110.0,-110.0,5.5,-110.0,-110.0,,,,,
2018020359,TBL,NJD,2018-11-25,-175.0,155.0,6.5,-105.0,-115.0,,,,,
2018020360,NSH,ANA,2018-11-25,-245.0,205.0,5.5,105.0,-125.0,,,,,
2018020361,LAK,EDM,2018-11-25,110.0,-130.0,5.5,-110.0,-110.0,,,,,
2018020362,TOR,BOS,2018-11-26,-160.0,140.0,5.5,-115.0,-105.0,,,,,
2018020363,FLA,NJD,2018-11-26,-140.0,120.0,6.5,100.0,-120.0,,,,,
2018020364,NYI,WSH,2018-11-26,105.0,-125.0,6.5,100.0,-120.0,,,,,
2018020365,NYR,OTT,2018-11-26,-137.0,118.0,6.5,-110.0,-110.0,,,,,
2018020366,DET,CBJ,2018-11-26,135.0,-155.0,5.5,-125.0,105.0,,,,,
2018020367,BUF,SJS,2018-11-27,125.0,-145.0,6.0,-105.0,-115.0,,,,,
2018020368,PHI,OTT,2018-11-27,-235.0,195.0,6.5,-140.0,120.0,,,,,
2018020369,MTL,CAR,2018-11-27,100.0,-120.0,6.0,-110.0,-110.0,,,,,
2018020370,TBL,ANA,2018-11-27,-240.0,199.0,6.0,-104.0,-115.0,,,,,
2018020371,NSH,COL,2018-11-27,-170.0,150.0,5.5,-125.0,105.0,,,,,
2018020372,MIN,ARI,2018-11-27,-210.0,176.0,5.5,-115.0,-105.0,,,,,
2018020373,WPG,PIT,2018-11-27,-145.0,125.0,6.5,-115.0,-105.0,,,,,
2018020374,CHI,VGK,2018-11-27,110.0,-130.0,5.5,-115.0,-105.0,,,,,
2018020375,EDM,DAL,2018-11-27,-140.0,120.0,6.0,110.0,-130.0,,,,,
2018020376,VAN,LAK,2018-11-27,-115.0,-105.0,5.5,-115.0,-105.0,,,,,
2018020377,DET,STL,2018-11-28,110.0,-130.0,5.5,-120.0,100.0,,,,,
2018020378,FLA,ANA,2018-11-28,-175.0,155.0,5.5,-115.0,-105.0,,,,,
2018020379,TOR,SJS,2018-11-28,-165.0,145.0,6.0,-125.0,105.0,,,,,
2018020380,CGY,DAL,2018-11-28,-210.0,176.0,6.0,-105.0,-115.0,,,,,
2018020381,COL,PIT,2018-11-28,-115.0,-105.0,6.5,-115.0,-105.0,,,,,
2018020382,BOS,NYI,2018-11-29,-160.0,140.0,5.5,-110.0,-110.0,,,,,
2018020383,CBJ,MIN,2018-11-29,-125.0,105.0,6.0,-119.0,-101.0,,,,,
2018020384,OTT,NYR,2018-11-29,-113.0,-107.0,6.5,-115.0,-105.0,,,,,
2018020385,TBL,BUF,2018-11-29,-190.0,165.0,6.0,-120.0,100.0,,,,,
2018020386,NSH,ARI,2018-11-29,-245.0,205.0,5.5,-110.0,-110.0,,,,,
2018020387,WPG,CHI,2018-11-29,-205.0,172.0,6.0,-120.0,100.0,,,,,
2018020388,EDM,LAK,2018-11-29,-165.0,145.0,5.5,105.0,-125.0,,,,,
2018020389,VAN,VGK,2018-11-29,155.0,-175.0,6.0,-115.0,-105.0,,,,,
2018020390,FLA,BUF,2018-11-30,-160.0,140.0,6.0,-110.0,-110.0,,,,,
2018020391,WSH,NJD,2018-11-30,-162.0,142.0,6.5,-115.0,-105.0,,,,,
2018020392,CAR,ANA,2018-11-30,-195.0,168.0,5.5,105.0,-125.0,,,,,
2018020393,COL,STL,2018-11-30,-165.0,145.0,6.0,-105.0,-115.0,,,,,
2018020394,CGY,LAK,2018-11-30,-230.0,190.0,5.5,-128.0,108.0,,,,,
2018020395,OTT,SJS,2018-12-01,155.0,-175.0,6.5,-120.0,100.0,,,,,
2018020396,VAN,DAL,2018-12-01,100.0,-120.0,5.5,-115.0,-105.0,,,,,
2018020397,BOS,DET,2018-12-01,-210.0,175.0,5.5,-115.0,-105.0,,,,,
2018020398,MTL,NYR,2018-12-01,-188.0,162.0,5.5,-115.0,-105.0,,,,,
2018020399,FLA,TBL,2018-12-01,122.0,-142.0,6.5,-130.0,110.0,,,,,
2018020400,NJD,WPG,2018-12-01,115.0,-135.0,6.5,-105.0,-115.0,,,,,
2018020401,NYI,CBJ,2018-12-01,120.0,-140.0,6.0,-115.0,-105.0,,,,,
2018020402,PIT,PHI,2018-12-01,-190.0,165.0,6.5,-115.0,-105.0,,,,,
2018020403,MIN,TOR,2018-12-01,-110.0,-110.0,6.0,-125.0,100.0,,,,,
2018020404,NSH,CHI,2018-12-01,-230.0,190.0,5.5,-115.0,-105.0,,,,,
2018020405,ARI,STL,2018-12-01,-135.0,115.0,5.5,-120.0,100.0,,,,,
2018020406,EDM,VGK,2018-12-01,-105.0,-115.0,5.5,-105.0,-115.0,,,,,
2018020407,WSH,ANA,2018-12-02,-200.0,170.0,5.5,-110.0,-110.0,,,,,
2018020408,NYR,WPG,2018-12-02,130.0,-150.0,5.5,-125.0,105.0,,,,,
2018020409,MTL,SJS,2018-12-02,-105.0,-115.0,6.5,105.0,-125.0,,,,,
2018020410,DET,COL,2018-12-02,150.0,-170.0,6.0,-110.0,-110.0,,,,,
2018020411,CHI,CGY,2018-12-02,120.0,-140.0,6.0,-115.0,-105.0,,,,,
2018020412,LAK,CAR,2018-12-02,125.0,-145.0,5.5,115.0,-135.0,,,,,
2018020413,NJD,TBL,2018-12-03,110.0,-130.0,6.5,-115.0,-105.0,,,,,
2018020414,NSH,BUF,2018-12-03,-170.0,150.0,5.5,-105.0,-115.0,,,,,
2018020415,DAL,EDM,2018-12-03,-130.0,110.0,5.5,-110.0,-110.0,,,,,
2018020416,BUF,TOR,2018-12-04,150.0,-170.0,6.0,-125.0,105.0,,,,,
2018020417,FLA,BOS,2018-12-04,-123.0,103.0,5.5,-125.0,105.0,,,,,
2018020418,NYI,WPG,2018-12-04,115.0,-135.0,6.0,-120.0,100.0,,,,,
2018020419,PIT,COL,2018-12-04,-140.0,120.0,6.5,105.0,-125.0,,,,,
2018020420,CBJ,CGY,2018-12-04,-133.0,113.0,6.0,-110.0,-110.0,,,,,
2018020421,MTL,OTT,2018-12-04,-188.0,162.0,6.5,-115.0,-105.0,,,,,
2018020422,DET,TBL,2018-12-04,158.0,-180.0,6.0,-125.0,105.0,,,,,
2018020423,VAN,MIN,2018-12-04,145.0,-165.0,6.0,-115.0,-105.0,,,,,
2018020424,VGK,WSH,2018-12-04,-160.0,140.0,6.0,-105.0,-115.0,,,,,
2018020425,LAK,ARI,2018-12-04,-120.0,100.0,5.5,120.0,-140.0,,,,,
2018020426,STL,EDM,2018-12-05,-103.0,-117.0,5.5,-113.0,-107.0,,,,,
2018020427,ANA,CHI,2018-12-05,-140.0,120.0,5.5,-110.0,-110.0,,,,,
2018020428,SJS,CAR,2018-12-05,-150.0,130.0,5.5,-125.0,105.0,,,,,
2018020429,TOR,DET,2018-12-06,-320.0,260.0,6.5,-110.0,-110.0,,,,,
2018020430,FLA,COL,2018-12-06,-118.0,-102.0,6.0,-125.0,105.0,,,,,
2018020431,PHI,CBJ,2018-12-06,-117.0,-102.0,6.5,-118.0,-102.0,,,,,
2018020432,PIT,NYI,2018-12-06,-220.0,180.0,6.5,-112.0,-108.0,,,,,
2018020433,OTT,MTL,2018-12-06,105.0,-125.0,6.5,-120.0,100.0,,,,,
2018020434,TBL,BOS,2018-12-06,-173.0,150.0,6.0,-120.0,100.0,,,,,
2018020435,CGY,MIN,2018-12-06,-135.0,115.0,6.0,-120.0,100.0,,,,,
2018020436,ARI,WSH,2018-12-06,100.0,-120.0,5.5,-130.0,110.0,,,,,
2018020437,VAN,NSH,2018-12-06,130.0,-150.0,5.5,-110.0,-110.0,,,,,
2018020438,VGK,CHI,2018-12-06,-265.0,218.0,6.0,-120.0,100.0,,,,,
2018020439,LAK,NJD,2018-12-06,-105.0,-115.0,5.5,-105.0,-115.0,,,,,
2018020440,DAL,SJS,2018-12-07,100.0,-120.0,5.5,-120.0,100.0,,,,,
2018020441,WPG,STL,2018-12-07,-225.0,188.0,6.0,-115.0,-105.0,,,,,
2018020442,EDM,MIN,2018-12-07,-127.0,107.0,5.5,-110.0,-110.0,,,,,
2018020443,ANA,CAR,2018-12-07,-110.0,-110.0,5.5,110.0,-130.0,,,,,
2018020444,BUF,PHI,2018-12-08,-115.0,-105.0,6.5,-105.0,-115.0,,,,,
2018020445,LAK,VGK,2018-12-08,135.0,-155.0,5.5,100.0,-120.0,,,,,
2018020446,BOS,TOR,2018-12-08,120.0,-140.0,6.0,-105.0,-115.0,,,,,
2018020447,OTT,PIT,2018-12-08,180.0,-215.0,7.0,110.0,-130.0,,,,,
2018020448,DET,NYI,2018-12-08,105.0,-130.0,6.0,-105.0,-115.0,,,,,
2018020449,TBL,COL,2018-12-08,-140.0,120.0,6.5,-130.0,110.0,,,,,
2018020450,FLA,NYR,2018-12-08,-195.0,166.0,6.0,-115.0,-105.0,,,,,
2018020451,CBJ,WSH,2018-12-08,-134.0,114.0,6.5,-115.0,-105.0,,,,,
2018020452,ARI,SJS,2018-12-08,120.0,-140.0,5.5,-120.0,100.0,,,,,
2018020453,CGY,NSH,2018-12-08,-145.0,125.0,6.0,-101.0,-119.0,,,,,
2018020454,STL,VAN,2018-12-09,-154.0,135.0,6.0,100.0,-120.0,,,,,
2018020455,WPG,PHI,2018-12-09,-220.0,184.0,6.5,-110.0,-110.0,,,,,
2018020456,OTT,BOS,2018-12-09,140.0,-160.0,6.5,100.0,-120.0,,,,,
2018020457,CHI,MTL,2018-12-09,-115.0,-105.0,6.0,-115.0,-105.0,,,,,
2018020458,ANA,NJD,2018-12-09,-120.0,100.0,5.5,-110.0,-110.0,,,,,
2018020459,EDM,CGY,2018-12-09,-150.0,130.0,6.0,-125.0,105.0,,,,,
2018020460,VGK,DAL,2018-12-09,-155.0,135.0,6.0,-105.0,-115.0,,,,,
2018020461,NYI,PIT,2018-12-10,115.0,-135.0,6.5,-110.0,-110.0,,,,,
2018020462,DET,LAK,2018-12-10,-120.0,100.0,5.5,105.0,-125.0,,,,,
2018020463,TBL,NYR,2018-12-10,-260.0,215.0,6.5,-120.0,100.0,,,,,
2018020464,SJS,NJD,2018-12-10,-185.0,160.0,6.0,-130.0,110.0,,,,,
2018020465,BOS,ARI,2018-12-11,-175.0,151.0,5.5,105.0,-125.0,,,,,
2018020466,BUF,LAK,2018-12-11,-170.0,150.0,5.5,100.0,-120.0,,,,,
2018020467,WSH,DET,2018-12-11,-280.0,230.0,6.0,-120.0,100.0,,,,,
2018020468,CAR,TOR,2018-12-11,115.0,-135.0,6.0,-120.0,100.0,,,,,
2018020469,CBJ,VAN,2018-12-11,-195.0,166.0,6.0,-130.0,110.0,,,,,
2018020470,STL,FLA,2018-12-11,-112.0,-108.0,6.0,-115.0,-105.0,,,,,
2018020471,NSH,OTT,2018-12-11,-263.0,217.0,6.0,-115.0,-105.0,,,,,
2018020472,MIN,MTL,2018-12-11,-170.0,150.0,6.0,-115.0,-105.0,,,,,
2018020473,WPG,CHI,2018-12-11,-240.0,200.0,6.5,-115.0,-105.0,,,,,
2018020474,COL,EDM,2018-12-11,-140.0,120.0,6.0,110.0,-123.0,,,,,
2018020475,NYI,VGK,2018-12-12,123.0,-143.0,6.0,-102.0,-118.0,,,,,
2018020476,CHI,PIT,2018-12-12,154.0,-177.0,6.0,-130.0,110.0,,,,,
2018020477,CGY,PHI,2018-12-12,-170.0,150.0,6.5,-120.0,100.0,,,,,
2018020478,ANA,DAL,2018-12-12,-117.0,-103.0,5.5,130.0,-150.0,,,,,
2018020479,BUF,ARI,2018-12-13,-158.0,138.0,5.5,-111.0,100.0,,,,,
2018020480,CBJ,LAK,2018-12-13,-210.0,176.0,6.0,100.0,-120.0,,,,,
2018020481,MTL,CAR,2018-12-13,-120.0,100.0,6.0,-110.0,-110.0,,,,,
2018020482,TBL,TOR,2018-12-13,-140.0,120.0,6.5,-130.0,110.0,,,,,
2018020483,NSH,VAN,2018-12-13,-230.0,190.0,5.5,-110.0,-110.0,,,,,
2018020484,MIN,FLA,2018-12-13,-170.0,150.0,6.5,105.0,-125.0,,,,,
2018020485,WPG,EDM,2018-12-13,-185.0,160.0,6.0,-125.0,105.0,,,,,
2018020486,SJS,DAL,2018-12-13,-220.0,180.0,6.0,-115.0,-105.0,,,,,
2018020487,NJD,VGK,2018-12-14,125.0,-145.0,6.0,-115.0,-105.0,,,,,
2018020488,NYR,ARI,2018-12-14,-165.0,145.0,6.0,110.0,-130.0,,,,,
2018020489,PIT,BOS,2018-12-14,-167.0,146.0,6.0,-103.0,-108.0,,,,,
2018020490,DET,OTT,2018-12-14,-140.0,120.0,6.0,-110.0,-110.0,,,,,
2018020491,CAR,WSH,2018-12-14,110.0,-130.0,6.5,110.0,-130.0,,,,,
2018020492,STL,COL,2018-12-14,-105.0,-115.0,6.5,100.0,-120.0,,,,,
2018020493,CHI,WPG,2018-12-14,120.0,-140.0,6.5,-110.0,-110.0,,,,,
2018020494,EDM,PHI,2018-12-14,-116.0,-104.0,6.5,112.0,-126.0,,,,,
2018020495,MIN,CGY,2018-12-15,-130.0,110.0,6.0,-120.0,100.0,,,,,
2018020496,MTL,OTT,2018-12-15,-260.0,220.0,6.5,-120.0,100.0,,,,,
2018020497,FLA,TOR,2018-12-15,135.0,-155.0,6.5,-120.0,100.0,,,,,
2018020498,NYI,DET,2018-12-15,-220.0,185.0,6.0,-105.0,-115.0,,,,,
2018020499,PIT,LAK,2018-12-15,-190.0,165.0,6.0,-115.0,-105.0,,,,,
2018020500,WSH,BUF,2018-12-15,-145.0,125.0,6.5,-105.0,-115.0,,,,,
2018020501,CBJ,ANA,2018-12-15,-175.0,155.0,6.0,-105.0,-115.0,,,,,
2018020502,NSH,NJD,2018-12-15,-197.0,167.0,5.5,-125.0,105.0,,,,,
2018020503,COL,DAL,2018-12-15,-160.0,140.0,6.0,-102.0,-118.0,,,,,
2018020504,VAN,PHI,2018-12-15,-115.0,-105.0,6.5,-110.0,-110.0,,,,,
2018020505,NYR,VGK,2018-12-16,132.0,-152.0,6.0,105.0,-125.0,,,,,
2018020506,CAR,ARI,2018-12-16,-170.0,150.0,6.0,110.0,-130.0,,,,,
2018020507,STL,CGY,2018-12-16,-103.0,-107.0,6.0,-110.0,-110.0,,,,,
2018020508,BOS,BUF,2018-12-16,-190.0,163.0,5.5,-115.0,-105.0,,,,,
2018020509,CHI,SJS,2018-12-16,140.0,-160.0,6.5,-105.0,-115.0,,,,,
2018020510,WPG,TBL,2018-12-16,-105.0,-115.0,6.5,-130.0,110.0,,,,,
2018020511,VAN,EDM,2018-12-16,110.0,-130.0,6.0,-105.0,-115.0,,,,,
2018020512,PIT,ANA,2018-12-17,-175.0,155.0,6.0,-116.0,-104.0,,,,,
2018020513,CBJ,VGK,2018-12-17,-140.0,120.0,6.5,-115.0,-105.0,,,,,
2018020514,MTL,BOS,2018-12-17,-145.0,125.0,6.0,-105.0,-115.0,,,,,
2018020515,OTT,NSH,2018-12-17,155.0,-175.0,6.5,-110.0,-110.0,,,,,
2018020516,COL,NYI,2018-12-17,-173.0,150.0,6.5,-105.0,-115.0,,,,,
2018020517,BUF,FLA,2018-12-18,-120.0,100.0,6.0,-120.0,100.0,,,,,
2018020518,NJD,TOR,2018-12-18,136.0,-156.0,6.5,-130.0,100.0,,,,,
2018020519,NYR,ANA,2018-12-18,-155.0,135.0,6.0,-107.0,-113.0,,,,,
2018020520,PHI,DET,2018-12-18,-200.0,170.0,6.5,100.0,-120.0,,,,,
2018020521,MIN,SJS,2018-12-18,-115.0,-105.0,6.0,-119.0,100.0,,,,,
2018020522,CHI,NSH,2018-12-18,126.0,-146.0,6.0,-115.0,-105.0,,,,,
2018020523,DAL,CGY,2018-12-18,100.0,-120.0,5.5,-115.0,-105.0,,,,,
2018020524,EDM,STL,2018-12-18,-145.0,125.0,6.0,105.0,-125.0,,,,,
2018020525,ARI,NYI,2018-12-18,-130.0,110.0,5.5,-115.0,-105.0,,,,,
2018020526,VAN,TBL,2018-12-18,170.0,-200.0,6.5,-112.0,-108.0,,,,,
2018020527,LAK,WPG,2018-12-18,140.0,-160.0,6.0,100.0,-120.0,,,,,
2018020528,WSH,PIT,2018-12-19,-130.0,110.0,6.5,-125.0,105.0,,,,,
2018020529,COL,MTL,2018-12-19,-155.0,135.0,6.0,-140.0,120.0,,,,,
2018020530,BOS,ANA,2018-12-20,-155.0,135.0,5.5,100.0,-120.0,,,,,
2018020531,TOR,FLA,2018-12-20,-220.0,184.0,6.5,-120.0,100.0,,,,,
2018020532,PHI,NSH,2018-12-20,-108.0,-112.0,6.0,100.0,-120.0,,,,,
2018020533,PIT,MIN,2018-12-20,-115.0,-105.0,6.5,100.0,-120.0,,,,,
2018020534,CAR,DET,2018-12-20,-240.0,199.0,6.0,-105.0,-115.0,,,,,
2018020535,CBJ,NJD,2018-12-20,-190.0,165.0,6.0,-125.0,105.0,,,,,
2018020536,DAL,CHI,2018-12-20,-200.0,170.0,6.0,-105.0,-115.0,,,,,
2018020537,CGY,TBL,2018-12-20,-108.0,-112.0,6.5,-118.0,106.0,,,,,
2018020538,ARI,MTL,2018-12-20,-130.0,110.0,6.0,108.0,-121.0,,,,,
2018020539,VAN,STL,2018-12-20,-120.0,100.0,6.0,100.0,-120.0,,,,,
2018020540,VGK,NYI,2018-12-20,-190.0,165.0,6.0,100.0,-120.0,,,,,
2018020541,SJS,WPG,2018-12-20,-132.0,112.0,6.5,-102.0,-118.0,,,,,
2018020542,NJD,OTT,2018-12-21,-160.0,140.0,6.5,-119.0,-101.0,,,,,
2018020543,WSH,BUF,2018-12-21,-186.0,161.0,6.5,105.0,-125.0,,,,,
2018020544,COL,CHI,2018-12-21,-250.0,210.0,6.5,-110.0,-110.0,,,,,
2018020545,BOS,NSH,2018-12-22,-145.0,125.0,5.5,105.0,-125.0,,,,,
2018020546,PHI,CBJ,2018-12-22,-107.0,-103.0,6.5,100.0,-120.0,,,,,
2018020547,DET,FLA,2018-12-22,135.0,-155.0,6.0,-107.0,-113.0,,,,,
2018020548,CGY,STL,2018-12-22,-190.0,165.0,6.0,-110.0,-110.0,,,,,
2018020549,VGK,MTL,2018-12-22,-175.0,151.0,6.0,-105.0,-115.0,,,,,
2018020550,SJS,LAK,2018-12-22,-225.0,190.0,6.0,110.0,-130.0,,,,,
2018020551,BUF,ANA,2018-12-22,-115.0,-105.0,5.5,-105.0,-115.0,,,,,
2018020552,TOR,NYR,2018-12-22,-270.0,220.0,6.5,-120.0,100.0,,,,,
2018020553,OTT,WSH,2018-12-22,140.0,-160.0,6.5,-117.0,105.0,,,,,
2018020554,CAR,PIT,2018-12-22,-128.0,116.0,6.0,-120.0,100.0,,,,,
2018020555,ARI,COL,2018-12-22,-105.0,-115.0,6.0,-105.0,-115.0,,,,,
2018020556,MIN,DAL,2018-12-22,-150.0,130.0,6.0,117.0,-133.0,,,,,
2018020557,EDM,TBL,2018-12-22,135.0,-155.0,6.0,-130.0,110.0,,,,,
2018020558,VAN,WPG,2018-12-22,125.0,-145.0,6.5,-115.0,-105.0,,,,,
2018020559,NJD,CBJ,2018-12-23,100.0,-120.0,6.0,-115.0,-105.0,,,,,
2018020560,CAR,BOS,2018-12-23,105.0,-125.0,5.5,-110.0,-110.0,,,,,
2018020561,NYR,PHI,2018-12-23,-110.0,-110.0,6.0,-113.0,-107.0,,,,,
2018020562,CHI,FLA,2018-12-23,-115.0,-105.0,6.0,-120.0,100.0,,,,,
2018020563,TOR,DET,2018-12-23,-305.0,245.0,6.5,-110.0,-101.0,,,,,
2018020564,DAL,NYI,2018-12-23,-145.0,125.0,5.5,-108.0,-103.0,,,,,
2018020565,VGK,LAK,2018-12-23,-205.0,175.0,6.0,110.0,-130.0,,,,,
2018020566,SJS,ARI,2018-12-23,-215.0,178.0,6.0,100.0,-120.0,,,,,
2018020567,BOS,NJD,2018-12-27,-230.0,190.0,6.0,-105.0,-115.0,,,,,
2018020568,NYR,CBJ,2018-12-27,105.0,-125.0,6.0,-115.0,-105.0,,,,,
2018020569,PIT,DET,2018-12-27,-270.0,220.0,6.0,-135.0,115.0,,,,,
2018020570,WSH,CAR,2018-12-27,-155.0,135.0,6.0,-115.0,-105.0,,,,,
2018020571,TBL,PHI,2018-12-27,-230.0,190.0,6.5,-119.0,-101.0,,,,,
2018020572,STL,BUF,2018-12-27,-135.0,115.0,6.0,111.0,-125.0,,,,,
2018020573,NSH,DAL,2018-12-27,-170.0,150.0,5.5,-105.0,-115.0,,,,,
2018020574,WPG,CGY,2018-12-27,-150.0,130.0,6.5,-105.0,-115.0,,,,,
2018020575,CHI,MIN,2018-12-27,130.0,-150.0,6.0,-105.0,-115.0,,,,,
2018020576,EDM,VAN,2018-12-27,-165.0,145.0,6.0,105.0,-125.0,,,,,
2018020577,VGK,COL,2018-12-27,-140.0,120.0,6.0,-127.0,113.0,,,,,
2018020578,LAK,ARI,2018-12-27,-145.0,125.0,5.5,110.0,-130.0,,,,,
2018020579,SJS,ANA,2018-12-27,-175.0,155.0,6.0,105.0,-125.0,,,,,
2018020580,FLA,MTL,2018-12-28,-150.0,130.0,6.0,-125.0,105.0,,,,,
2018020581,NYI,OTT,2018-12-28,-175.0,151.0,6.0,-130.0,110.0,,,,,
2018020582,CBJ,TOR,2018-12-28,-102.0,-118.0,6.5,-125.0,105.0,,,,,
2018020583,NJD,CAR,2018-12-29,-102.0,-118.0,6.0,-110.0,-110.0,,,,,
2018020584,WPG,MIN,2018-12-29,-175.0,151.0,6.0,-120.0,100.0,,,,,
2018020585,EDM,SJS,2018-12-29,115.0,-135.0,6.0,-130.0,110.0,,,,,
2018020586,LAK,VGK,2018-12-29,105.0,-125.0,5.5,-110.0,-110.0,,,,,
2018020587,BUF,BOS,2018-12-29,-105.0,-115.0,5.5,-106.0,-104.0,,,,,
2018020588,TOR,NYI,2018-12-29,-215.0,180.0,6.5,-110.0,-110.0,,,,,
2018020589,OTT,WSH,2018-12-29,180.0,-215.0,6.5,-125.0,105.0,,,,,
2018020590,TBL,MTL,2018-12-29,-270.0,222.0,6.5,-110.0,-110.0,,,,,
2018020591,FLA,PHI,2018-12-29,-110.0,-110.0,6.5,-110.0,-110.0,,,,,
2018020592,STL,PIT,2018-12-29,-105.0,-115.0,6.0,-125.0,105.0,,,,,
2018020593,NSH,NYR,2018-12-29,-230.0,192.0,6.0,106.0,-119.0,,,,,
2018020594,DAL,DET,2018-12-29,-235.0,210.0,5.5,-110.0,-110.0,,,,,
2018020595,COL,CHI,2018-12-29,-220.0,184.0,6.5,-105.0,-115.0,,,,,
2018020596,CGY,VAN,2018-12-29,-205.0,172.0,6.0,-110.0,-110.0,,,,,
2018020597,ANA,ARI,2018-12-29,-150.0,130.0,5.5,-103.0,-117.0,,,,,
2018020598,ARI,VGK,2018-12-30,125.0,-145.0,5.5,-110.0,-110.0,,,,,
2018020599,WSH,NSH,2018-12-31,-126.0,106.0,6.0,-105.0,-115.0,,,,,
2018020600,NJD,VAN,2018-12-31,-128.0,108.0,5.5,-124.0,110.0,,,,,
2018020601,BUF,NYI,2018-12-31,-135.0,115.0,6.0,-105.0,-115.0,,,,,
2018020602,CAR,PHI,2018-12-31,-143.0,123.0,6.0,-115.0,-105.0,,,,,
2018020603,MIN,PIT,2018-12-31,-115.0,-105.0,6.0,-115.0,-105.0,,,,,
2018020604,CBJ,OTT,2018-12-31,-290.0,237.0,6.5,-115.0,-105.0,,,,,
2018020605,STL,NYR,2018-12-31,-175.0,155.0,5.5,-130.0,110.0,,,,,
2018020606,DET,FLA,2018-12-31,110.0,-130.0,6.0,-110.0,-110.0,,,,,
2018020607,COL,LAK,2018-12-31,-175.0,151.0,5.5,-115.0,-105.0,,,,,
2018020608,DAL,MTL,2018-12-31,-157.0,137.0,6.0,-110.0,-110.0,,,,,
2018020609,CGY,SJS,2018-12-31,-126.0,114.0,6.5,-110.0,-110.0,,,,,
2018020610,EDM,WPG,2018-12-31,115.0,-135.0,6.0,-125.0,111.0,,,,,
2018020611,ANA,TBL,2018-12-31,140.0,-155.0,6.0,-120.0,100.0,,,,,
2018020612,CHI,BOS,2019-01-01,145.0,-165.0,6.0,-110.0,-110.0,,,,,
2018020613,NSH,PHI,2019-01-01,-195.0,175.0,5.5,-130.0,115.0,,,,,
2018020614,VGK,LAK,2019-01-01,-270.0,225.0,5.5,100.0,-120.0,,,,,
2018020615,OTT,VAN,2019-01-02,110.0,-130.0,6.5,-110.0,-110.0,,,,,
2018020616,DET,CGY,2019-01-02,160.0,-196.0,6.0,-110.0,-110.0,,,,,
2018020617,NYR,PIT,2019-01-02,129.0,-143.0,6.0,-112.0,101.0,,,,,
2018020618,DAL,NJD,2019-01-02,-175.0,155.0,6.0,110.0,-130.0,,,,,
2018020619,COL,SJS,2019-01-02,-105.0,-115.0,6.5,-110.0,-110.0,,,,,
2018020620,ARI,EDM,2019-01-02,-110.0,-110.0,5.5,-125.0,105.0,,,,,
2018020621,TOR,MIN,2019-01-03,-165.0,145.0,6.5,-115.0,-105.0,,,,,
2018020622,BOS,CGY,2019-01-03,-160.0,140.0,6.0,-115.0,-105.0,,,,,
2018020623,BUF,FLA,2019-01-03,105.0,-125.0,6.0,-105.0,-115.0,,,,,
2018020624,NYI,CHI,2019-01-03,-168.0,146.0,6.0,-125.0,105.0,,,,,
2018020625,PHI,CAR,2019-01-03,-120.0,100.0,6.0,100.0,-111.0,,,,,
2018020626,MTL,VAN,2019-01-03,-200.0,170.0,6.0,-130.0,110.0,,,,,
2018020627,STL,WSH,2019-01-03,115.0,-135.0,6.0,110.0,-130.0,,,,,
2018020628,LAK,TBL,2019-01-03,165.0,-190.0,6.0,100.0,-120.0,,,,,
2018020629,PIT,WPG,2019-01-04,-141.0,120.0,6.5,-120.0,100.0,,,,,
2018020630,DET,NSH,2019-01-04,160.0,-185.0,5.5,-110.0,-110.0,,,,,
2018020631,CAR,CBJ,2019-01-04,100.0,-120.0,6.0,105.0,-125.0,,,,,
2018020632,DAL,WSH,2019-01-04,-110.0,-110.0,6.0,-110.0,-110.0,,,,,
2018020633,COL,NYR,2019-01-04,-204.0,183.0,6.0,-130.0,110.0,,,,,
2018020634,ARI,NJD,2019-01-04,-120.0,100.0,6.0,110.0,-130.0,,,,,
2018020635,ANA,VGK,2019-01-04,115.0,-135.0,5.5,105.0,-125.0,,,,,
2018020636,PHI,CGY,2019-01-05,125.0,-145.0,6.5,-115.0,-105.0,,,,,
2018020637,OTT,MIN,2019-01-05,160.0,-185.0,6.5,-110.0,-110.0,,,,,
2018020638,BOS,BUF,2019-01-05,-220.0,185.0,5.5,-110.0,-110.0,,,,,
2018020639,TOR,VAN,2019-01-05,-275.0,226.0,6.5,-119.0,-101.0,,,,,
2018020640,MTL,NSH,2019-01-05,-127.0,107.0,5.5,-110.0,-110.0,,,,,
2018020641,FLA,CBJ,2019-01-05,-120.0,100.0,6.5,100.0,-120.0,,,,,
2018020642,STL,NYI,2019-01-05,-140.0,120.0,5.5,-110.0,-110.0,,,,,
2018020643,LAK,EDM,2019-01-05,-115.0,-105.0,5.5,-105.0,-115.0,,,,,
2018020644,SJS,TBL,2019-01-05,-104.0,-116.0,6.5,-138.0,118.0,,,,,
2018020645,ARI,NYR,2019-01-06,-135.0,115.0,5.5,-113.0,-107.0,,,,,
2018020646,VGK,NJD,2019-01-06,-200.0,170.0,6.0,-110.0,-110.0,,,,,
2018020647,OTT,CAR,2019-01-06,155.0,-175.0,6.5,-105.0,-115.0,,,,,
2018020648,DET,WSH,2019-01-06,142.0,-162.0,6.0,-115.0,-105.0,,,,,
2018020649,WPG,DAL,2019-01-06,-160.0,140.0,6.0,-105.0,-115.0,,,,,
2018020650,PIT,CHI,2019-01-06,-263.0,215.0,6.5,-115.0,-105.0,,,,,
2018020651,ANA,EDM,2019-01-06,-165.0,145.0,5.5,-110.0,-110.0,,,,,
2018020652,TOR,NSH,2019-01-07,-130.0,110.0,6.0,-140.0,120.0,,,,,
2018020653,PHI,STL,2019-01-07,-120.0,100.0,6.0,-115.0,-105.0,,,,,
2018020654,MTL,MIN,2019-01-07,-120.0,100.0,6.0,-105.0,-115.0,,,,,
2018020655,CHI,CGY,2019-01-07,158.0,-180.0,6.5,-109.0,-102.0,,,,,
2018020656,SJS,LAK,2019-01-07,-230.0,192.0,5.5,-125.0,105.0,,,,,
2018020657,BOS,MIN,2019-01-08,-200.0,170.0,5.5,-120.0,100.0,,,,,
2018020658,BUF,NJD,2019-01-08,-115.0,-105.0,5.5,100.0,-120.0,,,,,
2018020659,NYI,CAR,2019-01-08,-115.0,-105.0,6.0,110.0,-130.0,,,,,
2018020660,PIT,FLA,2019-01-08,-175.0,151.0,6.5,-115.0,-105.0,,,,,
2018020661,WSH,PHI,2019-01-08,-200.0,170.0,6.0,-125.0,105.0,,,,,
2018020662,DET,MTL,2019-01-08,-110.0,-110.0,6.0,-105.0,-115.0,,,,,
2018020663,TBL,CBJ,2019-01-08,-190.0,165.0,6.5,-120.0,100.0,,,,,
2018020664,STL,DAL,2019-01-08,-105.0,-115.0,5.5,105.0,-125.0,,,,,
2018020665,WPG,COL,2019-01-08,-155.0,135.0,6.5,-110.0,-110.0,,,,,
2018020666,VGK,NYR,2019-01-08,-285.0,234.0,6.0,-110.0,-110.0,,,,,
2018020667,SJS,EDM,2019-01-08,-203.0,182.0,6.5,105.0,-125.0,,,,,
2018020668,CHI,NSH,2019-01-09,165.0,-190.0,6.0,-115.0,-105.0,,,,,
2018020669,CGY,COL,2019-01-09,-175.0,151.0,6.5,-130.0,110.0,,,,,
2018020670,ANA,OTT,2019-01-09,-230.0,190.0,6.0,-110.0,-101.0,,,,,
2018020671,BOS,WSH,2019-01-10,-145.0,125.0,6.0,104.0,-125.0,,,,,
2018020672,NJD,TOR,2019-01-10,144.0,-160.0,6.5,-120.0,100.0,,,,,
2018020673,NYR,NYI,2019-01-10,115.0,-127.0,6.0,-110.0,-110.0,,,,,
2018020674,PHI,DAL,2019-01-10,-110.0,-110.0,5.5,-110.0,-110.0,,,,,
2018020675,CBJ,NSH,2019-01-10,102.0,-122.0,6.0,-110.0,-110.0,,,,,
2018020676,TBL,CAR,2019-01-10,-220.0,184.0,6.5,-115.0,-105.0,,,,,
2018020677,STL,MTL,2019-01-10,-130.0,110.0,5.5,-115.0,-105.0,,,,,
2018020678,MIN,WPG,2019-01-10,-120.0,100.0,6.0,-110.0,-110.0,,,,,
2018020679,EDM,FLA,2019-01-10,-115.0,-105.0,6.5,100.0,-120.0,,,,,
2018020680,VAN,ARI,2019-01-10,-130.0,110.0,5.5,103.0,-115.0,,,,,
2018020681,VGK,SJS,2019-01-10,-125.0,105.0,6.0,-125.0,105.0,,,,,
2018020682,LAK,OTT,2019-01-10,-235.0,200.0,6.0,110.0,-130.0,,,,,
2018020683,CAR,BUF,2019-01-11,-145.0,125.0,5.5,-101.0,-119.0,,,,,
2018020684,WPG,DET,2019-01-11,-225.0,188.0,6.5,-105.0,-115.0,,,,,
2018020685,CGY,FLA,2019-01-11,-225.0,188.0,6.5,-120.0,100.0,,,,,
2018020686,ANA,PIT,2019-01-11,120.0,-140.0,6.0,-105.0,-115.0,,,,,
2018020687,NJD,PHI,2019-01-12,-125.0,105.0,6.0,-105.0,-115.0,,,,,
2018020688,NYI,NYR,2019-01-12,-200.0,170.0,6.0,100.0,-111.0,,,,,
2018020689,BUF,TBL,2019-01-12,158.0,-180.0,6.5,-115.0,-105.0,,,,,
2018020690,TOR,BOS,2019-01-12,-130.0,110.0,6.5,-115.0,-105.0,,,,,
2018020691,MTL,COL,2019-01-12,-110.0,-110.0,6.0,-120.0,100.0,,,,,
2018020692,WSH,CBJ,2019-01-12,-165.0,144.0,6.5,-105.0,-115.0,,,,,
2018020693,MIN,DET,2019-01-12,-245.0,203.0,5.5,-120.0,100.0,,,,,
2018020694,CHI,VGK,2019-01-12,151.0,-175.0,6.5,-106.0,-104.0,,,,,
2018020695,DAL,STL,2019-01-12,-150.0,130.0,5.5,104.0,-116.0,,,,,
2018020696,EDM,ARI,2019-01-12,-148.0,128.0,5.5,-110.0,-110.0,,,,,
2018020697,SJS,OTT,2019-01-12,-350.0,280.0,6.5,-135.0,115.0,,,,,
2018020698,LAK,PIT,2019-01-12,125.0,-145.0,6.0,100.0,-120.0,,,,,
2018020699,CAR,NSH,2019-01-13,115.0,-135.0,6.0,110.0,-130.0,,,,,
2018020700,CBJ,NYR,2019-01-13,-245.0,203.0,6.0,-115.0,-105.0,,,,,
2018020701,WPG,ANA,2019-01-13,-195.0,166.0,6.0,105.0,-125.0,,,,,
2018020702,NYI,TBL,2019-01-13,146.0,-167.0,6.5,-105.0,-115.0,,,,,
2018020703,VAN,FLA,2019-01-13,-105.0,-115.0,6.0,-123.0,105.0,,,,,
2018020704,CGY,ARI,2019-01-13,-255.0,211.0,6.0,-122.0,102.0,,,,,
2018020705,BOS,MTL,2019-01-14,-185.0,160.0,5.5,-120.0,100.0,,,,,
2018020706,TOR,COL,2019-01-14,-190.0,165.0,6.5,-121.0,108.0,,,,,
2018020707,NJD,CHI,2019-01-14,-160.0,140.0,6.0,-115.0,-105.0,,,,,
2018020708,PHI,MIN,2019-01-14,105.0,-125.0,6.0,115.0,-135.0,,,,,
2018020709,WSH,STL,2019-01-14,-165.0,145.0,5.5,-135.0,115.0,,,,,
2018020710,EDM,BUF,2019-01-14,-120.0,100.0,6.0,110.0,-130.0,,,,,
2018020711,NYI,STL,2019-01-15,-150.0,130.0,5.5,-105.0,-115.0,,,,,
2018020712,NYR,CAR,2019-01-15,130.0,-149.0,6.0,-115.0,-105.0,,,,,
2018020713,CBJ,NJD,2019-01-15,-189.0,162.0,6.5,-105.0,-115.0,,,,,
2018020714,MTL,FLA,2019-01-15,-120.0,100.0,6.5,100.0,-120.0,,,,,
2018020715,DET,ANA,2019-01-15,-110.0,-110.0,5.5,-105.0,-115.0,,,,,
2018020716,NSH,WSH,2019-01-15,-160.0,140.0,6.0,-115.0,-105.0,,,,,
2018020717,MIN,LAK,2019-01-15,-155.0,135.0,5.5,100.0,-120.0,,,,,
2018020718,WPG,VGK,2019-01-15,-117.0,-103.0,6.5,-105.0,-115.0,,,,,
2018020719,DAL,TBL,2019-01-15,135.0,-155.0,6.5,100.0,-120.0,,,,,
2018020720,SJS,PIT,2019-01-15,-135.0,115.0,6.5,-120.0,100.0,,,,,
2018020721,OTT,COL,2019-01-16,147.0,-163.0,6.5,-140.0,120.0,,,,,
2018020722,PHI,BOS,2019-01-16,135.0,-155.0,6.0,100.0,-120.0,,,,,
2018020723,CGY,BUF,2019-01-16,-225.0,185.0,6.5,100.0,-120.0,,,,,
2018020724,VAN,EDM,2019-01-16,-118.0,-102.0,5.5,-115.0,-105.0,,,,,
2018020725,ARI,SJS,2019-01-16,128.0,-148.0,6.0,-115.0,-105.0,,,,,
2018020726,BOS,STL,2019-01-17,-165.0,144.0,5.5,105.0,-125.0,,,,,
2018020727,NYI,NJD,2019-01-17,-165.0,145.0,6.0,103.0,-115.0,,,,,
2018020728,NYR,CHI,2019-01-17,-125.0,105.0,6.5,-115.0,-105.0,,,,,
2018020729,TBL,TOR,2019-01-17,-145.0,125.0,6.5,-121.0,108.0,,,,,
2018020730,NSH,WPG,2019-01-17,-162.0,142.0,6.0,-115.0,-105.0,,,,,
2018020731,MIN,ANA,2019-01-17,-170.0,148.0,5.5,105.0,-125.0,,,,,
2018020732,DAL,LAK,2019-01-17,-182.0,157.0,5.5,125.0,-145.0,,,,,
2018020733,FLA,TOR,2019-01-18,105.0,-125.0,6.5,-125.0,105.0,,,,,
2018020734,CBJ,MTL,2019-01-18,-140.0,120.0,6.0,-125.0,105.0,,,,,
2018020735,WSH,NYI,2019-01-18,-185.0,160.0,6.0,-115.0,-105.0,,,,,
2018020736,CAR,OTT,2019-01-18,-245.0,205.0,6.5,-115.0,-105.0,,,,,
2018020737,CGY,DET,2019-01-18,-265.0,225.0,6.5,100.0,-120.0,,,,,
2018020738,ARI,PIT,2019-01-18,140.0,-160.0,6.0,-130.0,110.0,,,,,
2018020739,VAN,BUF,2019-01-18,-108.0,-102.0,5.5,-115.0,-105.0,,,,,
2018020740,NJD,ANA,2019-01-19,-135.0,115.0,5.5,110.0,-130.0,,,,,
2018020741,COL,LAK,2019-01-19,-180.0,155.0,5.5,-110.0,-110.0,,,,,
2018020742,BOS,NYR,2019-01-19,-260.0,210.0,6.0,-115.0,-105.0,,,,,
2018020743,MTL,PHI,2019-01-19,-120.0,100.0,6.0,-110.0,-110.0,,,,,
2018020744,TBL,SJS,2019-01-19,-165.0,145.0,6.5,-135.0,115.0,,,,,
2018020745,STL,OTT,2019-01-19,-215.0,180.0,6.5,110.0,-130.0,,,,,
2018020746,DAL,WPG,2019-01-19,-105.0,-115.0,6.0,-105.0,-115.0,,,,,
2018020747,NSH,FLA,2019-01-19,-218.0,182.0,6.0,-115.0,-105.0,,,,,
2018020748,MIN,CBJ,2019-01-19,-123.0,103.0,6.0,105.0,-125.0,,,,,
2018020749,EDM,CGY,2019-01-19,110.0,-130.0,6.5,100.0,-120.0,,,,,
2018020750,VGK,PIT,2019-01-19,-160.0,140.0,6.5,-110.0,-110.0,,,,,
2018020751,CHI,WSH,2019-01-20,126.0,-146.0,6.5,-125.0,105.0,,,,,
2018020752,NYI,ANA,2019-01-20,-235.0,200.0,5.5,120.0,-137.0,,,,,
2018020753,VAN,DET,2019-01-20,-151.0,131.0,6.0,-120.0,100.0,,,,,
2018020754,TOR,ARI,2019-01-20,-280.0,230.0,6.0,-120.0,100.0,,,,,
2018020755,EDM,CAR,2019-01-20,105.0,-125.0,6.0,-110.0,-110.0,,,,,
2018020756,COL,NSH,2019-01-21,-110.0,-110.0,6.0,-120.0,100.0,,,,,
2018020757,VGK,MIN,2019-01-21,-173.0,150.0,6.0,-105.0,-115.0,,,,,
2018020758,FLA,SJS,2019-01-21,100.0,-120.0,6.5,-120.0,100.0,,,,,
2018020759,LAK,STL,2019-01-21,109.0,-131.0,5.5,115.0,-135.0,,,,,
2018020760,WSH,SJS,2019-01-22,-135.0,115.0,6.5,110.0,-130.0,,,,,
2018020761,OTT,ARI,2019-01-22,-115.0,-105.0,6.0,-125.0,105.0,,,,,
2018020762,CHI,NYI,2019-01-22,120.0,-141.0,6.0,106.0,-119.0,,,,,
2018020763,CGY,CAR,2019-01-22,-195.0,166.0,6.5,-110.0,-110.0,,,,,
2018020764,EDM,DET,2019-01-22,-140.0,120.0,6.0,-110.0,-110.0,,,,,
2018020765,TOR,WSH,2019-01-23,-190.0,165.0,6.5,-115.0,-105.0,,,,,
2018020766,MTL,ARI,2019-01-23,-215.0,185.0,6.0,110.0,-130.0,,,,,
2018020767,COL,MIN,2019-01-23,-120.0,100.0,6.0,-110.0,-110.0,,,,,
2018020768,VGK,NSH,2019-01-23,-140.0,120.0,6.0,-105.0,-120.0,,,,,
2018020769,ANA,STL,2019-01-23,110.0,-130.0,5.5,120.0,-140.0,,,,,
2018020770,VAN,CAR,2019-01-23,-125.0,105.0,5.5,-130.0,110.0,,,,,
2018020771,PHI,WPG,2019-01-28,120.0,-140.0,6.5,-110.0,-110.0,,,,,
2018020772,PIT,NJD,2019-01-28,-240.0,200.0,6.5,-105.0,-115.0,,,,,
2018020773,BOS,WPG,2019-01-29,-158.0,138.0,6.0,-110.0,-110.0,,,,,
2018020774,NYR,PHI,2019-01-29,-110.0,-110.0,6.5,-110.0,-110.0,,,,,
2018020775,CBJ,BUF,2019-01-29,-170.0,148.0,6.0,-110.0,-110.0,,,,,
2018020776,PIT,TBL,2019-01-30,-102.0,-118.0,6.5,-145.0,125.0,,,,,
2018020777,DAL,BUF,2019-01-30,-173.0,150.0,5.5,-108.0,-112.0,,,,,
2018020778,BOS,PHI,2019-01-31,-210.0,180.0,6.0,-101.0,-119.0,,,,,
2018020779,NJD,NYR,2019-01-31,-130.0,110.0,6.0,-115.0,-105.0,,,,,
2018020780,WPG,CBJ,2019-01-31,-145.0,125.0,6.5,-115.0,-105.0,,,,,
2018020781,BUF,CHI,2019-02-01,-160.0,140.0,6.0,-135.0,115.0,,,,,
2018020782,FLA,NSH,2019-02-01,103.0,-114.0,6.5,105.0,-125.0,,,,,
2018020783,NYI,TBL,2019-02-01,125.0,-145.0,6.5,-108.0,-112.0,,,,,
2018020784,PIT,OTT,2019-02-01,-245.0,205.0,6.5,-135.0,115.0,,,,,
2018020785,WSH,CGY,2019-02-01,-105.0,-115.0,6.5,-115.0,-105.0,,,,,
2018020786,DET,TOR,2019-02-01,163.0,-190.0,6.5,-115.0,-105.0,,,,,
2018020787,CAR,VGK,2019-02-01,-113.0,-107.0,6.0,-115.0,-105.0,,,,,
2018020788,DAL,MIN,2019-02-01,-125.0,105.0,5.5,110.0,-130.0,,,,,
2018020789,PHI,EDM,2019-02-02,-159.0,135.0,6.0,-122.0,102.0,,,,,
2018020790,MTL,NJD,2019-02-02,-165.0,145.0,6.0,-115.0,-105.0,,,,,
2018020791,TOR,PIT,2019-02-02,-140.0,120.0,6.5,-137.0,120.0,,,,,
2018020792,OTT,DET,2019-02-02,-130.0,110.0,6.0,-135.0,115.0,,,,,
2018020793,FLA,VGK,2019-02-02,125.0,-145.0,6.0,-123.0,102.0,,,,,
2018020794,NYI,LAK,2019-02-02,-170.0,150.0,5.5,105.0,-125.0,,,,,
2018020795,NYR,TBL,2019-02-02,135.0,-155.0,6.5,-130.0,110.0,,,,,
2018020796,CBJ,STL,2019-02-02,-125.0,105.0,6.0,-110.0,-110.0,,,,,
2018020797,WPG,ANA,2019-02-02,-200.0,170.0,5.5,-110.0,-110.0,,,,,
2018020798,NSH,DAL,2019-02-02,-170.0,150.0,5.5,115.0,-135.0,,,,,
2018020799,MIN,CHI,2019-02-02,-183.0,158.0,6.0,-110.0,-101.0,,,,,
2018020800,COL,VAN,2019-02-02,-165.0,145.0,6.5,-105.0,-115.0,,,,,
2018020801,SJS,ARI,2019-02-02,-215.0,185.0,6.0,-115.0,-105.0,,,,,
2018020802,WSH,BOS,2019-02-03,-115.0,-105.0,6.0,-120.0,100.0,,,,,
2018020803,MTL,EDM,2019-02-03,-167.0,151.0,6.0,109.0,-122.0,,,,,
2018020804,CAR,CGY,2019-02-03,100.0,-110.0,6.5,-115.0,-105.0,,,,,
2018020805,TOR,ANA,2019-02-04,-260.0,220.0,6.0,-115.0,-105.0,,,,,
2018020806,NYR,LAK,2019-02-04,-135.0,115.0,5.5,108.0,-121.0,,,,,
2018020807,PHI,VAN,2019-02-04,-160.0,140.0,6.0,-115.0,-105.0,,,,,
2018020808,DAL,ARI,2019-02-04,-175.0,155.0,5.5,120.0,-140.0,,,,,
2018020809,BOS,NYI,2019-02-05,-165.0,145.0,5.5,105.0,-125.0,,,,,
2018020810,BUF,MIN,2019-02-05,-105.0,-115.0,5.5,-105.0,-115.0,,,,,
2018020811,FLA,STL,2019-02-05,-105.0,-115.0,6.0,100.0,-120.0,,,,,
2018020812,NJD,LAK,2019-02-05,-155.0,135.0,5.5,110.0,-125.0,,,,,
2018020813,PIT,CAR,2019-02-05,-142.0,122.0,6.5,-110.0,-110.0,,,,,
2018020814,WSH,VAN,2019-02-05,-225.0,185.0,6.5,105.0,-125.0,,,,,
2018020815,MTL,ANA,2019-02-05,-225.0,185.0,5.5,-115.0,-105.0,,,,,
2018020816,TBL,VGK,2019-02-05,-155.0,135.0,6.5,-112.0,-108.0,,,,,
2018020817,NSH,ARI,2019-02-05,-290.0,240.0,5.5,-103.0,-117.0,,,,,
2018020818,WPG,SJS,2019-02-05,-130.0,110.0,6.5,-140.0,120.0,,,,,
2018020819,COL,CBJ,2019-02-05,-120.0,100.0,6.5,-115.0,-105.0,,,,,
2018020820,EDM,CHI,2019-02-05,-150.0,130.0,6.5,-133.0,117.0,,,,,
2018020821,TOR,OTT,2019-02-06,-325.0,265.0,6.5,-125.0,105.0,,,,,
2018020822,NYR,BOS,2019-02-06,135.0,-155.0,6.0,100.0,-120.0,,,,,
2018020823,BUF,CAR,2019-02-07,100.0,-120.0,6.0,-110.0,-110.0,,,,,
2018020824,FLA,PIT,2019-02-07,-105.0,-115.0,6.5,-120.0,100.0,,,,,
2018020825,NJD,NYI,2019-02-07,125.0,-145.0,5.5,-115.0,-105.0,,,,,
2018020826,PHI,LAK,2019-02-07,-170.0,148.0,5.5,100.0,-120.0,,,,,
2018020827,WSH,COL,2019-02-07,-140.0,120.0,6.5,-130.0,110.0,,,,,
2018020828,MTL,WPG,2019-02-07,-105.0,-115.0,6.0,-105.0,-105.0,,,,,
2018020829,OTT,ANA,2019-02-07,-115.0,-105.0,6.0,100.0,-120.0,,,,,
2018020830,DET,VGK,2019-02-07,145.0,-165.0,5.5,-110.0,-110.0,,,,,
2018020831,TBL,STL,2019-02-07,-185.0,160.0,6.0,-110.0,-110.0,,,,,
2018020832,NSH,DAL,2019-02-07,-160.0,140.0,5.5,113.0,-127.0,,,,,
2018020833,MIN,EDM,2019-02-07,-170.0,153.0,5.5,-125.0,105.0,,,,,
2018020834,CHI,VAN,2019-02-07,-135.0,115.0,6.5,-115.0,-105.0,,,,,
2018020835,CGY,SJS,2019-02-07,-140.0,120.0,6.5,-125.0,111.0,,,,,
2018020836,ARI,CBJ,2019-02-07,115.0,-135.0,6.0,-105.0,-115.0,,,,,
2018020837,NYR,CAR,2019-02-08,-110.0,-110.0,6.0,-114.0,102.0,,,,,
2018020838,BOS,LAK,2019-02-09,-245.0,205.0,5.5,115.0,-135.0,,,,,
2018020839,BUF,DET,2019-02-09,-145.0,125.0,6.0,-115.0,-105.0,,,,,
2018020840,NJD,MIN,2019-02-09,110.0,-130.0,5.5,-115.0,-105.0,,,,,
2018020841,NYI,COL,2019-02-09,-145.0,125.0,6.0,100.0,-120.0,,,,,
2018020842,PHI,ANA,2019-02-09,-240.0,200.0,6.0,100.0,-120.0,,,,,
2018020843,OTT,WPG,2019-02-09,145.0,-161.0,6.5,-115.0,-105.0,,,,,
2018020844,STL,NSH,2019-02-09,-109.0,-111.0,5.5,115.0,-135.0,,,,,
2018020845,ARI,DAL,2019-02-09,115.0,-135.0,5.5,120.0,-140.0,,,,,
2018020846,MTL,TOR,2019-02-09,111.0,-123.0,6.5,-105.0,-115.0,,,,,
2018020847,TBL,PIT,2019-02-09,-180.0,155.0,6.5,-130.0,110.0,,,,,
2018020848,WSH,FLA,2019-02-09,-160.0,140.0,6.5,100.0,-120.0,,,,,
2018020849,EDM,SJS,2019-02-09,125.0,-145.0,6.5,-116.0,104.0,,,,,
2018020850,VAN,CGY,2019-02-09,140.0,-160.0,6.5,100.0,-120.0,,,,,
2018020851,VGK,CBJ,2019-02-09,-175.0,155.0,6.0,-127.0,107.0,,,,,
2018020852,NSH,STL,2019-02-10,-161.0,145.0,5.5,110.0,-130.0,,,,,
2018020853,BOS,COL,2019-02-10,-180.0,160.0,6.0,-115.0,-105.0,,,,,
2018020854,BUF,WPG,2019-02-10,117.0,-137.0,6.5,-110.0,-110.0,,,,,
2018020855,NJD,CAR,2019-02-10,140.0,-160.0,6.0,-110.0,-110.0,,,,,
2018020856,NYI,MIN,2019-02-10,-140.0,120.0,5.5,100.0,-120.0,,,,,
2018020857,CHI,DET,2019-02-10,-153.0,133.0,6.5,-120.0,100.0,,,,,
2018020858,FLA,TBL,2019-02-10,110.0,-130.0,6.5,-112.0,-108.0,,,,,
2018020859,NYR,TOR,2019-02-10,138.0,-158.0,6.5,-110.0,-105.0,,,,,
2018020860,PHI,PIT,2019-02-11,100.0,-120.0,6.5,-110.0,-110.0,,,,,
2018020861,WSH,LAK,2019-02-11,-180.0,155.0,5.5,-125.0,105.0,,,,,
2018020862,VAN,SJS,2019-02-11,153.0,-170.0,6.5,-110.0,-110.0,,,,,
2018020863,BOS,CHI,2019-02-12,-195.0,170.0,6.5,110.0,-130.0,,,,,
2018020864,BUF,NYI,2019-02-12,105.0,-125.0,5.5,-105.0,-115.0,,,,,
2018020865,FLA,DAL,2019-02-12,-115.0,-105.0,5.5,-110.0,-110.0,,,,,
2018020866,CBJ,WSH,2019-02-12,-147.0,127.0,6.5,-120.0,100.0,,,,,
2018020867,OTT,CAR,2019-02-12,125.0,-145.0,6.0,-125.0,105.0,,,,,
2018020868,TBL,CGY,2019-02-12,-145.0,125.0,6.5,-130.0,110.0,,,,,
2018020869,STL,NJD,2019-02-12,-235.0,195.0,5.5,-115.0,-105.0,,,,,
2018020870,NSH,DET,2019-02-12,-245.0,205.0,5.5,-115.0,-105.0,,,,,
2018020871,MIN,PHI,2019-02-12,-159.0,135.0,6.0,105.0,-125.0,,,,,
2018020872,WPG,NYR,2019-02-12,-210.0,180.0,6.5,-110.0,-110.0,,,,,
2018020873,COL,TOR,2019-02-12,120.0,-140.0,6.5,-130.0,110.0,,,,,
2018020874,VGK,ARI,2019-02-12,-240.0,200.0,5.5,-115.0,-105.0,,,,,
2018020875,PIT,EDM,2019-02-13,-175.0,155.0,6.5,-120.0,100.0,,,,,
2018020876,ANA,VAN,2019-02-13,110.0,-130.0,5.5,-130.0,110.0,,,,,
2018020877,FLA,CGY,2019-02-14,118.0,-130.0,6.5,-115.0,-105.0,,,,,
2018020878,CBJ,NYI,2019-02-14,-140.0,120.0,5.5,-105.0,-115.0,,,,,
2018020879,DET,OTT,2019-02-14,-135.0,122.0,6.0,-120.0,107.0,,,,,
2018020880,TBL,DAL,2019-02-14,-210.0,176.0,6.0,-125.0,105.0,,,,,
2018020881,NSH,MTL,2019-02-14,-158.0,138.0,5.5,-104.0,-106.0,,,,,
2018020882,WPG,COL,2019-02-14,-175.0,155.0,6.5,-130.0,110.0,,,,,
2018020883,CHI,NJD,2019-02-14,-150.0,130.0,6.5,-123.0,110.0,,,,,
2018020884,ARI,STL,2019-02-14,137.0,-157.0,5.5,-105.0,-115.0,,,,,
2018020885,VGK,TOR,2019-02-14,-110.0,-110.0,6.5,103.0,-115.0,,,,,
2018020886,LAK,VAN,2019-02-14,-142.0,122.0,5.5,110.0,-124.0,,,,,
2018020887,SJS,WSH,2019-02-14,-165.0,149.0,6.5,-130.0,110.0,,,,,
2018020888,BUF,NYR,2019-02-15,-148.0,128.0,6.0,105.0,-125.0,,,,,
2018020889,CAR,EDM,2019-02-15,-180.0,158.0,6.0,100.0,-120.0,,,,,
2018020890,MIN,NJD,2019-02-15,-265.0,225.0,6.0,105.0,-125.0,,,,,
2018020891,ANA,BOS,2019-02-15,165.0,-190.0,5.5,120.0,-137.0,,,,,
2018020892,PHI,DET,2019-02-16,-180.0,155.0,6.0,-105.0,-115.0,,,,,
2018020893,PIT,CGY,2019-02-16,-140.0,120.0,6.5,-140.0,120.0,,,,,
2018020894,COL,STL,2019-02-16,105.0,-125.0,6.0,105.0,-125.0,,,,,
2018020895,TBL,MTL,2019-02-16,-210.0,180.0,6.0,-130.0,110.0,,,,,
2018020896,NYI,EDM,2019-02-16,-215.0,185.0,5.5,100.0,-120.0,,,,,
2018020897,WPG,OTT,2019-02-16,-225.0,190.0,6.5,-125.0,105.0,,,,,
2018020898,ARI,TOR,2019-02-16,155.0,-175.0,6.0,-119.0,106.0,,,,,
2018020899,CAR,DAL,2019-02-16,-126.0,106.0,5.5,111.0,-125.0,,,,,
2018020900,CHI,CBJ,2019-02-16,105.0,-125.0,6.5,-126.0,112.0,,,,,
2018020901,VGK,NSH,2019-02-16,-130.0,110.0,5.5,-115.0,-105.0,,,,,
2018020902,SJS,VAN,2019-02-16,-280.0,230.0,6.5,-110.0,-110.0,,,,,
2018020903,LAK,BOS,2019-02-16,115.0,-135.0,5.5,115.0,-130.0,,,,,
2018020904,PIT,NYR,2019-02-17,-235.0,195.0,6.5,-125.0,105.0,,,,,
2018020905,MIN,STL,2019-02-17,-115.0,104.0,5.5,115.0,-135.0,,,,,
2018020906,NJD,BUF,2019-02-17,110.0,-130.0,6.0,100.0,-120.0,,,,,
2018020907,DET,PHI,2019-02-17,120.0,-140.0,6.0,-102.0,-109.0,,,,,
2018020908,FLA,MTL,2019-02-17,-135.0,115.0,6.0,100.0,-120.0,,,,,
2018020909,ANA,WSH,2019-02-17,155.0,-180.0,5.5,102.0,-114.0,,,,,
2018020910,CGY,ARI,2019-02-18,-225.0,185.0,6.0,-125.0,105.0,,,,,
2018020911,CBJ,TBL,2019-02-18,130.0,-150.0,6.5,-105.0,-115.0,,,,,
2018020912,CHI,OTT,2019-02-18,-156.0,141.0,7.0,-110.0,-110.0,,,,,
2018020913,COL,VGK,2019-02-18,105.0,-125.0,6.0,-125.0,105.0,,,,,
2018020914,LAK,WSH,2019-02-18,101.0,-111.0,5.5,-125.0,105.0,,,,,
2018020915,SJS,BOS,2019-02-18,-145.0,125.0,6.0,100.0,-120.0,,,,,
2018020916,FLA,BUF,2019-02-19,-150.0,130.0,6.0,-110.0,-110.0,,,,,
2018020917,NJD,PIT,2019-02-19,150.0,-170.0,6.5,-130.0,110.0,,,,,
2018020918,PHI,TBL,2019-02-19,-105.0,-115.0,6.5,-120.0,107.0,,,,,
2018020919,CAR,NYR,2019-02-19,-220.0,185.0,6.0,-120.0,100.0,,,,,
2018020920,MTL,CBJ,2019-02-19,-135.0,115.0,6.0,-110.0,-110.0,,,,,
2018020921,STL,TOR,2019-02-19,-115.0,-105.0,6.0,-105.0,-115.0,,,,,
2018020922,MIN,ANA,2019-02-19,-213.0,175.0,5.5,115.0,-135.0,,,,,
2018020923,DAL,NSH,2019-02-19,-105.0,-115.0,5.5,125.0,-145.0,,,,,
2018020924,EDM,ARI,2019-02-19,-145.0,131.0,5.5,100.0,-120.0,,,,,
2018020925,DET,CHI,2019-02-20,-125.0,105.0,6.5,-130.0,110.0,,,,,
2018020926,COL,WPG,2019-02-20,-109.0,-101.0,6.5,-105.0,-115.0,,,,,
2018020927,CGY,NYI,2019-02-20,-145.0,125.0,6.0,105.0,-125.0,,,,,
2018020928,VGK,BOS,2019-02-20,-140.0,120.0,5.5,-115.0,-105.0,,,,,
2018020929,TOR,WSH,2019-02-21,-175.0,155.0,6.5,-130.0,110.0,,,,,
2018020930,FLA,CAR,2019-02-21,-110.0,-110.0,6.0,100.0,-120.0,,,,,
2018020931,NJD,OTT,2019-02-21,-160.0,140.0,6.5,-120.0,100.0,,,,,
2018020932,NYR,MIN,2019-02-21,-115.0,-105.0,6.0,100.0,-120.0,,,,,
2018020933,PIT,SJS,2019-02-21,-110.0,-110.0,7.0,105.0,-125.0,,,,,
2018020934,MTL,PHI,2019-02-21,-145.0,125.0,6.0,100.0,-120.0,,,,,
2018020935,TBL,BUF,2019-02-21,-310.0,250.0,6.5,-120.0,100.0,,,,,
2018020936,NSH,LAK,2019-02-21,-225.0,188.0,5.5,125.0,-145.0,,,,,
2018020937,DAL,STL,2019-02-21,100.0,-120.0,5.5,140.0,-160.0,,,,,
2018020938,EDM,NYI,2019-02-21,101.0,-121.0,5.5,100.0,-120.0,,,,,
2018020939,VAN,ARI,2019-02-21,-119.0,-101.0,5.5,100.0,-120.0,,,,,
2018020940,OTT,CBJ,2019-02-22,200.0,-224.0,6.5,105.0,-125.0,,,,,
2018020941,DET,MIN,2019-02-22,-105.0,-115.0,5.5,-110.0,-110.0,,,,,
2018020942,CHI,COL,2019-02-22,106.0,-125.0,7.0,-111.0,-109.0,,,,,
2018020943,CGY,ANA,2019-02-22,-275.0,225.0,6.0,107.0,-120.0,,,,,
2018020944,VGK,WPG,2019-02-22,-155.0,135.0,6.0,-110.0,-110.0,,,,,
2018020945,BUF,WSH,2019-02-23,112.0,-124.0,6.0,-105.0,-115.0,,,,,
2018020946,NYR,NJD,2019-02-23,-130.0,110.0,6.0,-115.0,-105.0,,,,,
2018020947,STL,BOS,2019-02-23,-130.0,110.0,5.5,120.0,-140.0,,,,,
2018020948,FLA,LAK,2019-02-23,-165.0,145.0,5.5,113.0,-127.0,,,,,
2018020949,CBJ,SJS,2019-02-23,105.0,-125.0,6.5,-132.0,110.0,,,,,
2018020950,DAL,CAR,2019-02-23,-109.0,-111.0,5.5,119.0,-139.0,,,,,
2018020951,NSH,COL,2019-02-23,-200.0,170.0,6.5,-105.0,-115.0,,,,,
2018020952,TOR,MTL,2019-02-23,-190.0,165.0,6.0,-130.0,110.0,,,,,
2018020953,PHI,PIT,2019-02-23,125.0,-145.0,6.5,-110.0,-110.0,,,,,
2018020954,EDM,ANA,2019-02-23,-150.0,130.0,5.5,115.0,-135.0,,,,,
2018020955,VAN,NYI,2019-02-23,108.0,-128.0,5.5,100.0,-120.0,,,,,
2018020956,WSH,NYR,2019-02-24,-213.0,178.0,6.5,100.0,-120.0,,,,,
2018020957,DET,SJS,2019-02-24,160.0,-185.0,6.5,-115.0,-105.0,,,,,
2018020958,CHI,DAL,2019-02-24,-110.0,-110.0,6.5,-120.0,100.0,,,,,
2018020959,OTT,CGY,2019-02-24,205.0,-245.0,6.5,-110.0,-110.0,,,,,
2018020960,MIN,STL,2019-02-24,-125.0,105.0,5.5,120.0,-140.0,,,,,
2018020961,ARI,WPG,2019-02-24,110.0,-130.0,6.0,-112.0,-108.0,,,,,
2018020962,TOR,BUF,2019-02-25,-245.0,205.0,6.5,-110.0,-110.0,,,,,
2018020963,NJD,MTL,2019-02-25,135.0,-159.0,6.0,-105.0,-115.0,,,,,
2018020964,TBL,LAK,2019-02-25,-400.0,320.0,6.0,-115.0,-105.0,,,,,
2018020965,NSH,EDM,2019-02-25,-265.0,225.0,5.5,105.0,-125.0,,,,,
2018020966,COL,FLA,2019-02-25,-145.0,125.0,6.5,-117.0,105.0,,,,,
2018020967,VAN,ANA,2019-02-25,-155.0,135.0,5.5,125.0,-145.0,,,,,
2018020968,BOS,SJS,2019-02-26,-105.0,-115.0,6.5,-115.0,-105.0,,,,,
2018020969,NYI,CGY,2019-02-26,-115.0,-105.0,6.0,110.0,-130.0,,,,,
2018020970,PHI,BUF,2019-02-26,-150.0,130.0,6.5,111.0,-125.0,,,,,
2018020971,WSH,OTT,2019-02-26,-330.0,270.0,6.5,100.0,-120.0,,,,,
2018020972,CAR,LAK,2019-02-26,-270.0,230.0,5.5,100.0,-120.0,,,,,
2018020973,CBJ,PIT,2019-02-26,-152.0,132.0,6.5,-135.0,115.0,,,,,
2018020974,DET,MTL,2019-02-26,110.0,-121.0,6.0,107.0,-120.0,,,,,
2018020975,STL,NSH,2019-02-26,-155.0,135.0,5.5,105.0,-125.0,,,,,
2018020976,WPG,MIN,2019-02-26,-150.0,130.0,6.0,-115.0,-105.0,,,,,
2018020977,ARI,FLA,2019-02-26,-130.0,110.0,6.0,-105.0,-115.0,,,,,
2018020978,VGK,DAL,2019-02-26,-205.0,175.0,5.5,105.0,-125.0,,,,,
2018020979,TOR,EDM,2019-02-27,-245.0,205.0,6.5,-135.0,115.0,,,,,
2018020980,NJD,CGY,2019-02-27,176.0,-210.0,6.5,107.0,-127.0,,,,,
2018020981,NYR,TBL,2019-02-27,195.0,-230.0,6.5,-145.0,125.0,,,,,
2018020982,COL,VAN,2019-02-27,-185.0,160.0,6.5,100.0,-120.0,,,,,
2018020983,ANA,CHI,2019-02-27,105.0,-125.0,6.0,-135.0,115.0,,,,,
2018020984,BOS,TBL,2019-02-28,-125.0,105.0,6.5,-105.0,-105.0,,,,,
2018020985,NYI,TOR,2019-02-28,-130.0,110.0,5.5,-125.0,111.0,,,,,
2018020986,CBJ,PHI,2019-02-28,-195.0,168.0,6.5,107.0,-120.0,,,,,
2018020987,OTT,EDM,2019-02-28,120.0,-140.0,6.0,-110.0,-101.0,,,,,
2018020988,ARI,VAN,2019-02-28,-175.0,155.0,5.5,-110.0,-110.0,,,,,
2018020989,VGK,FLA,2019-02-28,-190.0,165.0,6.5,100.0,-120.0,,,,,
2018020990,LAK,DAL,2019-02-28,103.0,-114.0,5.5,128.0,-147.0,,,,,
2018020991,BUF,PIT,2019-03-01,104.0,-124.0,6.5,-130.0,110.0,,,,,
2018020992,NJD,PHI,2019-03-01,105.0,-125.0,6.5,-110.0,-110.0,,,,,
2018020993,NYI,WSH,2019-03-01,-105.0,-115.0,6.0,-120.0,100.0,,,,,
2018020994,NYR,MTL,2019-03-01,115.0,-135.0,6.0,-110.0,-110.0,,,,,
2018020995,CAR,STL,2019-03-01,-135.0,115.0,5.5,107.0,-127.0,,,,,
2018020996,WPG,NSH,2019-03-01,-105.0,-115.0,6.0,-115.0,-105.0,,,,,
2018020997,ANA,VGK,2019-03-01,165.0,-190.0,5.5,-105.0,-115.0,,,,,
2018020998,SJS,COL,2019-03-01,-160.0,140.0,6.5,-135.0,115.0,,,,,
2018020999,CBJ,EDM,2019-03-02,-210.0,175.0,6.5,-100.0,-111.0,,,,,
2018021000,LAK,CHI,2019-03-02,105.0,-125.0,6.5,-125.0,105.0,,,,,
2018021001,BOS,NJD,2019-03-02,-355.0,285.0,6.0,116.0,-131.0,,,,,
2018021002,TOR,BUF,2019-03-02,-265.0,218.0,6.5,-117.0,105.0,,,,,
2018021003,MTL,PIT,2019-03-02,-123.0,103.0,6.5,-120.0,100.0,,,,,
2018021004,TBL,OTT,2019-03-02,-535.0,410.0,6.5,-130.0,110.0,,,,,
2018021005,FLA,CAR,2019-03-02,105.0,-125.0,6.0,-130.0,115.0,,,,,
2018021006,STL,DAL,2019-03-02,-165.0,145.0,5.5,115.0,-145.0,,,,,
2018021007,ARI,DET,2019-03-02,-195.0,168.0,5.5,-115.0,-105.0,,,,,
2018021008,CGY,MIN,2019-03-02,-195.0,168.0,6.0,110.0,-130.0,,,,,
2018021009,NYR,WSH,2019-03-03,135.0,-155.0,6.5,-120.0,100.0,,,,,
2018021010,NYI,PHI,2019-03-03,-170.0,150.0,6.0,100.0,-120.0,,,,,
2018021011,VGK,VAN,2019-03-03,-270.0,220.0,6.0,102.0,-114.0,,,,,
2018021012,ANA,COL,2019-03-03,108.0,-119.0,5.5,-120.0,100.0,,,,,
2018021013,FLA,OTT,2019-03-03,-270.0,225.0,6.5,-109.0,-102.0,,,,,
2018021014,CBJ,WPG,2019-03-03,-135.0,115.0,6.5,104.0,-116.0,,,,,
2018021015,MIN,NSH,2019-03-03,120.0,-140.0,5.5,-105.0,-115.0,,,,,
2018021016,SJS,CHI,2019-03-03,-340.0,280.0,7.0,-135.0,115.0,,,,,
2018021017,BUF,EDM,2019-03-04,-130.0,110.0,6.0,-119.0,-101.0,,,,,
2018021018,CGY,TOR,2019-03-04,-132.0,120.0,6.5,-140.0,120.0,,,,,
2018021019,BOS,CAR,2019-03-05,-125.0,105.0,5.5,100.0,-120.0,,,,,
2018021020,NJD,CBJ,2019-03-05,195.0,-230.0,6.5,110.0,-130.0,,,,,
2018021021,NYI,OTT,2019-03-05,-320.0,260.0,6.0,107.0,-120.0,,,,,
2018021022,PIT,FLA,2019-03-05,-180.0,155.0,7.0,100.0,-120.0,,,,,
2018021023,TBL,WPG,2019-03-05,-200.0,170.0,6.5,-125.0,105.0,,,,,
2018021024,NSH,MIN,2019-03-05,-181.0,156.0,5.5,110.0,-130.0,,,,,
2018021025,DAL,NYR,2019-03-05,-196.0,160.0,5.5,-115.0,-105.0,,,,,
2018021026,COL,DET,2019-03-05,-250.0,205.0,6.5,-110.0,-110.0,,,,,
2018021027,ARI,ANA,2019-03-05,-160.0,140.0,5.5,139.0,-161.0,,,,,
2018021028,LAK,MTL,2019-03-05,120.0,-133.0,5.5,-104.0,-106.0,,,,,
2018021029,PHI,WSH,2019-03-06,110.0,-130.0,6.5,-119.0,-101.0,,,,,
2018021030,VAN,TOR,2019-03-06,176.0,-210.0,6.5,-114.0,102.0,,,,,
2018021031,ANA,STL,2019-03-06,165.0,-190.0,5.5,129.0,-148.0,,,,,
2018021032,VGK,CGY,2019-03-06,-155.0,135.0,6.5,-105.0,-115.0,,,,,
2018021033,BOS,FLA,2019-03-07,-205.0,175.0,6.0,105.0,-125.0,,,,,
2018021034,PIT,CBJ,2019-03-07,-130.0,110.0,6.5,-130.0,110.0,,,,,
2018021035,OTT,NYI,2019-03-07,173.0,-193.0,5.5,-115.0,-105.0,,,,,
2018021036,DET,NYR,2019-03-07,-105.0,-115.0,5.5,-120.0,100.0,,,,,
2018021037,TBL,MIN,2019-03-07,-260.0,220.0,6.0,-125.0,105.0,,,,,
2018021038,CHI,BUF,2019-03-07,-126.0,114.0,7.0,-130.0,110.0,,,,,
2018021039,DAL,COL,2019-03-07,-130.0,110.0,5.5,-120.0,100.0,,,,,
2018021040,EDM,VAN,2019-03-07,-187.0,168.0,6.0,105.0,-125.0,,,,,
2018021041,ARI,CGY,2019-03-07,108.0,-119.0,6.0,105.0,-125.0,,,,,
2018021042,LAK,STL,2019-03-07,163.0,-190.0,5.5,115.0,-135.0,,,,,
2018021043,SJS,MTL,2019-03-07,-180.0,155.0,6.5,-110.0,-110.0,,,,,
2018021044,FLA,MIN,2019-03-08,104.0,-115.0,6.0,-127.0,113.0,,,,,
2018021045,WSH,NJD,2019-03-08,-370.0,322.0,6.5,100.0,-120.0,,,,,
2018021046,CAR,WPG,2019-03-08,-160.0,140.0,6.5,-115.0,-105.0,,,,,
2018021047,ANA,MTL,2019-03-08,117.0,-137.0,5.5,118.0,-138.0,,,,,
2018021048,COL,BUF,2019-03-09,-145.0,125.0,6.5,-120.0,100.0,,,,,
2018021049,SJS,STL,2019-03-09,-140.0,120.0,6.0,-115.0,-105.0,,,,,
2018021050,BOS,OTT,2019-03-09,-445.0,355.0,6.0,-125.0,105.0,,,,,
2018021051,TBL,DET,2019-03-09,-450.0,351.0,6.5,-115.0,-105.0,,,,,
2018021052,NYI,PHI,2019-03-09,-145.0,125.0,6.0,107.0,-120.0,,,,,
2018021053,NYR,NJD,2019-03-09,-175.0,155.0,6.0,110.0,-130.0,,,,,
2018021054,CBJ,PIT,2019-03-09,-143.0,123.0,6.5,-135.0,119.0,,,,,
2018021055,EDM,TOR,2019-03-09,148.0,-170.0,6.5,-150.0,130.0,,,,,
2018021056,NSH,CAR,2019-03-09,-155.0,135.0,5.5,-120.0,100.0,,,,,
2018021057,DAL,CHI,2019-03-09,-180.0,158.0,7.0,110.0,-130.0,,,,,
2018021058,ARI,LAK,2019-03-09,-178.0,153.0,5.0,-135.0,115.0,,,,,
2018021059,VAN,VGK,2019-03-09,175.0,-205.0,5.5,-110.0,-110.0,,,,,
2018021060,FLA,DET,2019-03-10,-225.0,188.0,6.5,100.0,-120.0,,,,,
2018021061,WSH,WPG,2019-03-10,-143.0,129.0,6.5,-125.0,105.0,,,,,
2018021062,PIT,BOS,2019-03-10,-120.0,100.0,6.5,109.0,-122.0,,,,,
2018021063,CGY,VGK,2019-03-10,-145.0,125.0,6.0,-125.0,105.0,,,,,
2018021064,ANA,LAK,2019-03-10,-210.0,188.0,5.0,-150.0,130.0,,,,,
2018021065,TOR,TBL,2019-03-11,-110.0,-110.0,6.5,-145.0,125.0,,,,,
2018021066,NYI,CBJ,2019-03-11,-110.0,-110.0,5.5,100.0,-120.0,,,,,
2018021067,PHI,OTT,2019-03-11,-275.0,226.0,6.5,-110.0,-110.0,,,,,
2018021068,MIN,SJS,2019-03-11,102.0,-122.0,6.0,-130.0,110.0,,,,,
2018021069,CHI,ARI,2019-03-11,-120.0,100.0,6.5,-124.0,110.0,,,,,
2018021070,COL,CAR,2019-03-11,100.0,-110.0,6.0,-125.0,105.0,,,,,
2018021071,EDM,NYR,2019-03-11,-164.0,148.0,6.0,-105.0,-115.0,,,,,
2018021072,BUF,DAL,2019-03-12,127.0,-140.0,5.5,105.0,-125.0,,,,,
2018021073,PIT,WSH,2019-03-12,-125.0,105.0,6.5,-115.0,-105.0,,,,,
2018021074,CBJ,BOS,2019-03-12,-105.0,-115.0,6.0,-110.0,-120.0,,,,,
2018021075,MTL,DET,2019-03-12,-360.0,290.0,5.5,-124.0,110.0,,,,,
2018021076,STL,ARI,2019-03-12,-230.0,190.0,5.5,117.0,-133.0,,,,,
2018021077,WPG,SJS,2019-03-12,-134.0,114.0,6.5,-130.0,110.0,,,,,
2018021078,CGY,NJD,2019-03-12,-440.0,350.0,6.0,-120.0,100.0,,,,,
2018021079,ANA,NSH,2019-03-12,135.0,-149.0,5.5,120.0,-140.0,,,,,
2018021080,TOR,CHI,2019-03-13,-240.0,195.0,7.0,-143.0,119.0,,,,,
2018021081,EDM,NJD,2019-03-13,-326.0,286.0,6.0,103.0,-125.0,,,,,
2018021082,VAN,NYR,2019-03-13,-125.0,105.0,5.5,-125.0,105.0,,,,,
2018021083,BUF,PIT,2019-03-14,151.0,-175.0,6.5,100.0,-120.0,,,,,
2018021084,NYI,MTL,2019-03-14,-128.0,108.0,5.5,105.0,-125.0,,,,,
2018021085,PHI,WSH,2019-03-14,110.0,-130.0,6.5,-140.0,120.0,,,,,
2018021086,OTT,STL,2019-03-14,215.0,-265.0,6.0,110.0,-130.0,,,,,
2018021087,DET,TBL,2019-03-14,301.0,-345.0,6.5,-130.0,110.0,,,,,
2018021088,MIN,DAL,2019-03-14,-118.0,-102.0,5.0,-125.0,105.0,,,,,
2018021089,WPG,BOS,2019-03-14,-122.0,102.0,6.0,-124.0,110.0,,,,,
2018021090,ARI,ANA,2019-03-14,-155.0,135.0,5.5,126.0,-144.0,,,,,
2018021091,LAK,NSH,2019-03-14,170.0,-200.0,5.5,115.0,-135.0,,,,,
2018021092,SJS,FLA,2019-03-14,-205.0,175.0,7.0,100.0,-120.0,,,,,
2018021093,TOR,PHI,2019-03-15,-220.0,180.0,7.0,100.0,-120.0,,,,,
2018021094,CBJ,CAR,2019-03-15,-140.0,120.0,5.5,-101.0,-110.0,,,,,
2018021095,DAL,VGK,2019-03-15,130.0,-150.0,5.5,100.0,-125.0,,,,,
2018021096,COL,ANA,2019-03-15,-205.0,175.0,5.5,101.0,-112.0,,,,,
2018021097,CGY,NYR,2019-03-15,-290.0,245.0,6.0,-125.0,104.0,,,,,
2018021098,VAN,NJD,2019-03-15,-185.0,155.0,6.0,-120.0,100.0,,,,,
2018021099,PIT,STL,2019-03-16,-135.0,115.0,6.0,-135.0,115.0,,,,,
2018021100,DET,NYI,2019-03-16,200.0,-235.0,5.5,-105.0,-115.0,,,,,
2018021101,LAK,FLA,2019-03-16,135.0,-155.0,5.5,-120.0,100.0,,,,,
2018021102,BOS,CBJ,2019-03-16,-175.0,155.0,6.0,-110.0,-110.0,,,,,
2018021103,MTL,CHI,2019-03-16,-155.0,140.0,7.0,100.0,-120.0,,,,,
2018021104,OTT,TOR,2019-03-16,225.0,-265.0,7.0,-105.0,-115.0,,,,,
2018021105,TBL,WSH,2019-03-16,-180.0,158.0,6.5,-153.0,133.0,,,,,
2018021106,CAR,BUF,2019-03-16,-222.0,180.0,6.0,-105.0,-115.0,,,,,
2018021107,WPG,CGY,2019-03-16,-130.0,105.0,6.5,-150.0,130.0,,,,,
2018021108,MIN,NYR,2019-03-16,-215.0,180.0,5.5,100.0,-120.0,,,,,
2018021109,ARI,EDM,2019-03-16,-140.0,120.0,5.5,110.0,-124.0,,,,,
2018021110,SJS,NSH,2019-03-16,-148.0,127.0,6.5,-120.0,100.0,,,,,
2018021111,COL,NJD,2019-03-17,-263.0,215.0,6.0,-125.0,105.0,,,,,
2018021112,BUF,STL,2019-03-17,127.0,-140.0,5.5,100.0,-125.0,,,,,
2018021113,MIN,NYI,2019-03-17,-115.0,-105.0,5.5,130.0,-150.0,,,,,
2018021114,DAL,VAN,2019-03-17,-230.0,195.0,5.5,125.0,-145.0,,,,,
2018021115,PIT,PHI,2019-03-17,-155.0,135.0,6.5,-135.0,115.0,,,,,
2018021116,ANA,FLA,2019-03-17,100.0,-120.0,5.5,-125.0,105.0,,,,,
2018021117,VGK,EDM,2019-03-17,-245.0,205.0,6.0,-125.0,105.0,,,,,
2018021118,TBL,ARI,2019-03-18,-275.0,225.0,6.5,-115.0,-105.0,,,,,
2018021119,CHI,VAN,2019-03-18,-238.0,212.0,6.5,-135.0,115.0,,,,,
2018021120,LAK,WPG,2019-03-18,150.0,-170.0,6.0,105.0,-125.0,,,,,
2018021121,SJS,VGK,2019-03-18,-185.0,160.0,6.5,-133.0,117.0,,,,,
2018021122,NJD,WSH,2019-03-19,193.0,-231.0,6.0,-120.0,100.0,,,,,
2018021123,NYI,BOS,2019-03-19,103.0,-114.0,5.5,130.0,-149.0,,,,,
2018021124,NYR,DET,2019-03-19,-147.0,133.0,5.5,-115.0,-105.0,,,,,
2018021125,PHI,MTL,2019-03-19,-115.0,-105.0,6.0,-105.0,-115.0,,,,,
2018021126,CAR,PIT,2019-03-19,-135.0,115.0,6.5,100.0,-120.0,,,,,
2018021127,STL,EDM,2019-03-19,-220.0,180.0,5.5,-105.0,-115.0,,,,,
2018021128,NSH,TOR,2019-03-19,-125.0,105.0,6.5,-115.0,-105.0,,,,,
2018021129,MIN,COL,2019-03-19,-130.0,110.0,5.5,105.0,-130.0,,,,,
2018021130,DAL,FLA,2019-03-19,-150.0,130.0,5.5,105.0,-125.0,,,,,
2018021131,CGY,CBJ,2019-03-19,-133.0,120.0,6.5,-110.0,-110.0,,,,,
2018021132,BUF,TOR,2019-03-20,125.0,-145.0,6.5,-130.0,105.0,,,,,
2018021133,WSH,TBL,2019-03-20,115.0,-135.0,7.0,105.0,-125.0,,,,,
2018021134,VAN,OTT,2019-03-20,-185.0,160.0,6.0,-105.0,-115.0,,,,,
2018021135,ANA,WPG,2019-03-20,130.0,-150.0,6.0,-110.0,-110.0,,,,,
2018021136,FLA,ARI,2019-03-21,-130.0,105.0,5.5,-120.0,100.0,,,,,
2018021137,NJD,BOS,2019-03-21,270.0,-330.0,5.5,-130.0,107.0,,,,,
2018021138,CAR,TBL,2019-03-21,-145.0,125.0,6.5,-145.0,125.0,,,,,
2018021139,MTL,NYI,2019-03-21,-150.0,130.0,5.0,-125.0,105.0,,,,,
2018021140,STL,DET,2019-03-21,-365.0,295.0,5.5,-110.0,-110.0,,,,,
2018021141,NSH,PIT,2019-03-21,-141.0,115.0,6.0,-115.0,-105.0,,,,,
2018021142,CHI,PHI,2019-03-21,-125.0,105.0,6.5,-149.0,125.0,,,,,
2018021143,DAL,COL,2019-03-21,-155.0,135.0,5.5,120.0,-140.0,,,,,
2018021144,CGY,OTT,2019-03-21,-476.0,375.0,6.5,-139.0,122.0,,,,,
2018021145,EDM,CBJ,2019-03-21,115.0,-127.0,6.0,-142.0,124.0,,,,,
2018021146,VGK,WPG,2019-03-21,-180.0,155.0,6.5,-120.0,100.0,,,,,
2018021147,LAK,SJS,2019-03-21,188.0,-225.0,6.0,-115.0,-105.0,,,,,
2018021148,WSH,MIN,2019-03-22,-177.0,159.0,6.0,-115.0,-105.0,,,,,
2018021149,ANA,SJS,2019-03-22,125.0,-145.0,5.5,-145.0,115.0,,,,,
2018021150,NJD,ARI,2019-03-23,137.0,-152.0,5.5,120.0,-140.0,,,,,
2018021151,PHI,NYI,2019-03-23,-125.0,105.0,5.5,-110.0,-110.0,,,,,
2018021152,COL,CHI,2019-03-23,-145.0,125.0,6.5,-120.0,100.0,,,,,
2018021153,EDM,OTT,2019-03-23,-260.0,220.0,6.5,-125.0,105.0,,,,,
2018021154,TOR,NYR,2019-03-23,-385.0,305.0,6.5,-110.0,-110.0,,,,,
2018021155,MTL,BUF,2019-03-23,-205.0,175.0,5.5,-115.0,-105.0,,,,,
2018021156,FLA,BOS,2019-03-23,125.0,-145.0,6.0,-110.0,-110.0,,,,,
2018021157,CAR,MIN,2019-03-23,-195.0,175.0,5.5,105.0,-125.0,,,,,
2018021158,WPG,NSH,2019-03-23,-105.0,-115.0,6.0,100.0,-120.0,,,,,
2018021159,STL,TBL,2019-03-23,-105.0,-115.0,6.0,-137.0,120.0,,,,,
2018021160,DAL,PIT,2019-03-23,-118.0,-103.0,5.5,-105.0,-115.0,,,,,
2018021161,VAN,CGY,2019-03-23,155.0,-175.0,6.0,-130.0,110.0,,,,,
2018021162,VGK,DET,2019-03-23,-410.0,330.0,6.0,-110.0,-110.0,,,,,
2018021163,LAK,ANA,2019-03-23,-134.0,114.0,5.0,-130.0,110.0,,,,,
2018021164,WSH,PHI,2019-03-24,-205.0,175.0,6.5,-140.0,120.0,,,,,
2018021165,NYI,ARI,2019-03-24,-145.0,125.0,5.5,130.0,-150.0,,,,,
2018021166,CAR,MTL,2019-03-24,-170.0,150.0,5.5,-120.0,100.0,,,,,
2018021167,CHI,COL,2019-03-24,-120.0,100.0,6.5,-125.0,105.0,,,,,
2018021168,VAN,CBJ,2019-03-24,150.0,-170.0,6.0,103.0,-115.0,,,,,
2018021169,TOR,FLA,2019-03-25,-210.0,180.0,6.5,-130.0,110.0,,,,,
2018021170,NJD,BUF,2019-03-25,-105.0,-115.0,5.5,-130.0,110.0,,,,,
2018021171,NYR,PIT,2019-03-25,160.0,-185.0,6.0,-130.0,110.0,,,,,
2018021172,TBL,BOS,2019-03-25,-159.0,130.0,6.0,-120.0,100.0,,,,,
2018021173,STL,VGK,2019-03-25,-140.0,120.0,5.5,-130.0,110.0,,,,,
2018021174,MIN,NSH,2019-03-25,100.0,-120.0,5.0,-142.0,124.0,,,,,
2018021175,WPG,DAL,2019-03-25,-140.0,120.0,5.5,119.0,-135.0,,,,,
2018021176,CGY,LAK,2019-03-25,-325.0,265.0,6.0,104.0,-116.0,,,,,
2018021177,SJS,DET,2019-03-25,-388.0,336.0,6.5,100.0,-120.0,,,,,
2018021178,WSH,CAR,2019-03-26,-130.0,110.0,6.0,-120.0,100.0,,,,,
2018021179,CBJ,NYI,2019-03-26,-165.0,145.0,5.5,130.0,-154.0,,,,,
2018021180,MTL,FLA,2019-03-26,-200.0,170.0,6.0,-115.0,-105.0,,,,,
2018021181,OTT,BUF,2019-03-26,105.0,-130.0,6.0,-140.0,120.0,,,,,
2018021182,EDM,LAK,2019-03-26,-190.0,165.0,6.0,100.0,-120.0,,,,,
2018021183,VAN,ANA,2019-03-26,-132.0,112.0,5.5,120.0,-140.0,,,,,
2018021184,ARI,CHI,2019-03-26,-130.0,118.0,6.0,103.0,-115.0,,,,,
2018021185,PHI,TOR,2019-03-27,131.0,-151.0,7.0,120.0,-140.0,,,,,
2018021186,BOS,NYR,2019-03-27,-345.0,285.0,6.0,-105.0,-115.0,,,,,
2018021187,CGY,DAL,2019-03-27,-155.0,135.0,5.5,-101.0,-119.0,,,,,
2018021188,COL,VGK,2019-03-27,100.0,-120.0,5.5,-110.0,-110.0,,,,,
2018021189,BUF,DET,2019-03-28,-156.0,141.0,6.0,100.0,-120.0,,,,,
2018021190,CAR,WSH,2019-03-28,-145.0,125.0,6.0,-108.0,-103.0,,,,,
2018021191,CBJ,MTL,2019-03-28,-147.0,127.0,5.5,115.0,-135.0,,,,,
2018021192,OTT,FLA,2019-03-28,120.0,-140.0,6.5,-149.0,125.0,,,,,
2018021193,WPG,NYI,2019-03-28,-165.0,145.0,5.5,-105.0,-115.0,,,,,
2018021194,EDM,DAL,2019-03-28,-110.0,-110.0,5.5,100.0,-120.0,,,,,
2018021195,VAN,LAK,2019-03-28,-138.0,118.0,5.5,-110.0,-110.0,,,,,
2018021196,SJS,CHI,2019-03-28,-200.0,170.0,6.5,-125.0,105.0,,,,,
2018021197,NYR,STL,2019-03-29,190.0,-238.0,5.5,-125.0,105.0,,,,,
2018021198,PIT,NSH,2019-03-29,-125.0,105.0,6.0,-105.0,-120.0,,,,,
2018021199,DET,NJD,2019-03-29,-110.0,-110.0,5.5,-130.0,105.0,,,,,
2018021200,COL,ARI,2019-03-29,-160.0,140.0,5.5,124.0,-142.0,,,,,
2018021201,CGY,ANA,2019-03-29,-270.0,222.0,5.5,100.0,-120.0,,,,,
2018021202,VGK,MIN,2019-03-29,-189.0,170.0,5.5,-120.0,100.0,,,,,
2018021203,CAR,PHI,2019-03-30,-210.0,175.0,6.0,-125.0,105.0,,,,,
2018021204,BOS,FLA,2019-03-30,-230.0,190.0,6.5,-115.0,-105.0,,,,,
2018021205,OTT,TOR,2019-03-30,190.0,-225.0,7.0,120.0,-140.0,,,,,
2018021206,TBL,WSH,2019-03-30,-185.0,160.0,7.0,105.0,-125.0,,,,,
2018021207,NJD,STL,2019-03-30,185.0,-227.0,5.5,-120.0,100.0,,,,,
2018021208,NYI,BUF,2019-03-30,-225.0,185.0,5.5,110.0,-130.0,,,,,
2018021209,WPG,MTL,2019-03-30,-145.0,125.0,5.5,-130.0,105.0,,,,,
2018021210,NSH,CBJ,2019-03-30,-115.0,-105.0,5.5,100.0,-120.0,,,,,
2018021211,SJS,VGK,2019-03-30,-145.0,125.0,6.5,-105.0,-115.0,,,,,
2018021212,EDM,ANA,2019-03-30,-155.0,135.0,5.5,-130.0,105.0,,,,,
2018021213,VAN,DAL,2019-03-30,125.0,-145.0,5.5,120.0,-140.0,,,,,
2018021214,LAK,CHI,2019-03-30,110.0,-130.0,6.0,-135.0,115.0,,,,,
2018021215,PHI,NYR,2019-03-31,-169.0,145.0,6.5,-110.0,-110.0,,,,,
2018021216,PIT,CAR,2019-03-31,-146.0,132.0,6.0,-105.0,-115.0,,,,,
2018021217,ARI,MIN,2019-03-31,-115.0,-105.0,5.0,-120.0,100.0,,,,,
2018021218,BUF,CBJ,2019-03-31,180.0,-222.0,5.5,-130.0,110.0,,,,,
2018021219,DET,BOS,2019-03-31,180.0,-215.0,5.5,-130.0,110.0,,,,,
2018021220,SJS,CGY,2019-03-31,-110.0,-110.0,6.5,-120.0,100.0,,,,,
2018021221,FLA,WSH,2019-04-01,105.0,-125.0,6.5,-145.0,125.0,,,,,
2018021222,NJD,NYR,2019-04-01,-114.0,103.0,5.5,-130.0,110.0,,,,,
2018021223,NYI,TOR,2019-04-01,-105.0,-115.0,6.0,-105.0,-115.0,,,,,
2018021224,OTT,TBL,2019-04-01,245.0,-290.0,6.5,-130.0,110.0,,,,,
2018021225,STL,COL,2019-04-01,-160.0,140.0,5.5,110.0,-130.0,,,,,
2018021226,CHI,WPG,2019-04-01,110.0,-121.0,6.5,-115.0,-105.0,,,,,
2018021227,VGK,EDM,2019-04-01,-230.0,190.0,6.5,100.0,-120.0,,,,,
2018021228,LAK,CGY,2019-04-01,-102.0,-118.0,6.0,115.0,-130.0,,,,,
2018021229,BUF,NSH,2019-04-02,168.0,-195.0,5.5,-110.0,-110.0,,,,,
2018021230,CBJ,BOS,2019-04-02,-140.0,120.0,5.5,-130.0,110.0,,,,,
2018021231,TOR,CAR,2019-04-02,100.0,-120.0,6.5,-110.0,-110.0,,,,,
2018021232,MTL,TBL,2019-04-02,-130.0,105.0,6.5,-110.0,-110.0,,,,,
2018021233,DET,PIT,2019-04-02,170.0,-195.0,6.0,-120.0,100.0,,,,,
2018021234,MIN,WPG,2019-04-02,-135.0,115.0,5.5,-107.0,-113.0,,,,,
2018021235,DAL,PHI,2019-04-02,-195.0,170.0,5.5,110.0,-123.0,,,,,
2018021236,COL,EDM,2019-04-02,-220.0,180.0,5.5,-125.0,105.0,,,,,
2018021237,VAN,SJS,2019-04-02,155.0,-180.0,6.5,-105.0,-115.0,,,,,
2018021238,ARI,LAK,2019-04-02,-225.0,190.0,5.0,-119.0,106.0,,,,,
2018021239,NYR,OTT,2019-04-03,-173.0,150.0,6.0,-130.0,110.0,,,,,
2018021240,CHI,STL,2019-04-03,135.0,-155.0,6.0,-120.0,100.0,,,,,
2018021241,ANA,CGY,2019-04-03,130.0,-150.0,5.5,-125.0,105.0,,,,,
2018021242,BUF,OTT,2019-04-04,-200.0,170.0,6.0,-135.0,115.0,,,,,
2018021243,TOR,TBL,2019-04-04,-105.0,-115.0,7.0,105.0,-125.0,,,,,
2018021244,FLA,NYI,2019-04-04,-107.0,-113.0,5.5,-128.0,113.0,,,,,
2018021245,PIT,DET,2019-04-04,-270.0,220.0,6.0,-125.0,105.0,,,,,
2018021246,WSH,MTL,2019-04-04,-140.0,120.0,6.0,-110.0,-110.0,,,,,
2018021247,CAR,NJD,2019-04-04,-355.0,285.0,6.0,105.0,-125.0,,,,,
2018021248,STL,PHI,2019-04-04,-204.0,170.0,6.0,-105.0,-115.0,,,,,
2018021249,NSH,VAN,2019-04-04,-244.0,200.0,5.5,100.0,-120.0,,,,,
2018021250,MIN,BOS,2019-04-04,-115.0,104.0,5.5,-110.0,-110.0,,,,,
2018021251,COL,WPG,2019-04-04,-120.0,100.0,6.0,-115.0,-105.0,,,,,
2018021252,EDM,SJS,2019-04-04,120.0,-140.0,6.5,-139.0,119.0,,,,,
2018021253,VGK,ARI,2019-04-04,-230.0,195.0,5.5,100.0,-120.0,,,,,
2018021254,NYR,CBJ,2019-04-05,220.0,-270.0,6.0,-105.0,-115.0,,,,,
2018021255,CHI,DAL,2019-04-05,-115.0,-105.0,6.5,115.0,-135.0,,,,,
2018021256,ANA,LAK,2019-04-05,-155.0,140.0,5.5,110.0,-130.0,,,,,
2018021257,BOS,TBL,2019-04-06,-122.0,102.0,6.5,105.0,-125.0,,,,,
2018021258,STL,VAN,2019-04-06,-285.0,234.0,5.5,-120.0,100.0,,,,,
2018021259,MTL,TOR,2019-04-06,-110.0,-110.0,6.5,-110.0,-110.0,,,,,
2018021260,OTT,CBJ,2019-04-06,150.0,-170.0,6.5,-105.0,-115.0,,,,,
2018021261,DET,BUF,2019-04-06,-118.0,-102.0,6.0,-115.0,-105.0,,,,,
2018021262,FLA,NJD,2019-04-06,-205.0,175.0,6.0,-142.0,124.0,,,,,
2018021263,PHI,CAR,2019-04-06,125.0,-138.0,6.0,-141.0,115.0,,,,,
2018021264,PIT,NYR,2019-04-06,-303.0,240.0,6.5,-110.0,-110.0,,,,,
2018021265,WSH,NYI,2019-04-06,-117.0,-103.0,5.5,-110.0,-110.0,,,,,
2018021266,NSH,CHI,2019-04-06,-245.0,205.0,6.0,-133.0,113.0,,,,,
2018021267,DAL,MIN,2019-04-06,-157.0,137.0,5.5,117.0,-133.0,,,,,
2018021268,CGY,EDM,2019-04-06,-190.0,165.0,6.5,-105.0,-115.0,,,,,
2018021269,ARI,WPG,2019-04-06,134.0,-148.0,5.5,103.0,-123.0,,,,,
2018021270,LAK,VGK,2019-04-06,144.0,-160.0,5.5,-125.0,105.0,,,,,
2018021271,SJS,COL,2019-04-06,-165.0,149.0,6.5,100.0,-120.0,,,,,
2019020001,TOR,OTT,2019-10-02,-325.0,263.0,6.5,-119.0,-101.0,,,,,
2019020002,STL,WSH,2019-10-02,-155.0,135.0,5.5,-115.0,-105.0,,,,,
2019020003,EDM,VAN,2019-10-02,-129.0,109.0,5.5,-115.0,-105.0,,,,,
2019020004,VGK,SJS,2019-10-02,-190.0,170.0,6.5,100.0,-113.0,,,,,
2019020005,TBL,FLA,2019-10-03,-180.0,160.0,6.5,-110.0,-110.0,,,,,
2019020006,NYR,WPG,2019-10-03,-115.0,-105.0,6.0,-120.0,100.0,,,,,
2019020007,PIT,BUF,2019-10-03,-185.0,165.0,6.5,100.0,-120.0,,,,,
2019020008,CAR,MTL,2019-10-03,-155.0,135.0,6.0,103.0,-116.0,,,,,
2019020009,NSH,MIN,2019-10-03,-170.0,150.0,5.5,115.0,-130.0,,,,,
2019020010,DAL,BOS,2019-10-03,-106.0,-104.0,5.5,105.0,-125.0,,,,,
2019020011,COL,CGY,2019-10-03,-125.0,105.0,6.5,-110.0,-110.0,,,,,
2019020012,ANA,ARI,2019-10-03,-113.0,102.0,5.5,120.0,-140.0,,,,,
2019020013,NJD,WPG,2019-10-04,-145.0,125.0,6.5,-115.0,-105.0,,,,,
2019020014,NYI,WSH,2019-10-04,-120.0,100.0,5.5,-110.0,-110.0,,,,,
2019020015,CBJ,TOR,2019-10-04,137.0,-152.0,6.5,-120.0,100.0,,,,,
2019020016,PHI,CHI,2019-10-04,-120.0,100.0,6.5,-110.0,-110.0,,,,,
2019020017,SJS,VGK,2019-10-04,104.0,-115.0,6.5,-105.0,-115.0,,,,,
2019020018,BUF,NJD,2019-10-05,-115.0,-105.0,5.5,-120.0,100.0,,,,,
2019020019,TOR,MTL,2019-10-05,-150.0,130.0,6.5,-130.0,110.0,,,,,
2019020020,OTT,NYR,2019-10-05,115.0,-135.0,6.5,-120.0,100.0,,,,,
2019020021,FLA,TBL,2019-10-05,105.0,-125.0,6.5,-120.0,100.0,,,,,
2019020022,PIT,CBJ,2019-10-05,-185.0,165.0,6.5,-101.0,-111.0,,,,,
2019020023,WSH,CAR,2019-10-05,-115.0,-105.0,6.0,-106.0,-106.0,,,,,
2019020024,STL,DAL,2019-10-05,-141.0,121.0,5.5,115.0,-135.0,,,,,
2019020025,NSH,DET,2019-10-05,-255.0,211.0,5.5,-120.0,100.0,,,,,
2019020026,COL,MIN,2019-10-05,-155.0,140.0,6.0,100.0,-120.0,,,,,
2019020027,ARI,BOS,2019-10-05,125.0,-145.0,5.5,100.0,-120.0,,,,,
2019020028,CGY,VAN,2019-10-05,-200.0,178.0,6.0,-110.0,-110.0,,,,,
2019020029,EDM,LAK,2019-10-05,-150.0,130.0,5.5,-105.0,-115.0,,,,,
2019020030,ANA,SJS,2019-10-05,-115.0,-105.0,5.5,-115.0,-105.0,,,,,
2019020031,CAR,TBL,2019-10-06,100.0,-120.0,6.5,102.0,-114.0,,,,,
2019020032,DET,DAL,2019-10-06,140.0,-160.0,5.5,-110.0,-110.0,,,,,
2019020033,NYI,WPG,2019-10-06,-140.0,120.0,6.5,100.0,-121.0,,,,,
2019020034,TOR,STL,2019-10-07,-140.0,120.0,6.0,-105.0,-115.0,,,,,
2019020035,CBJ,BUF,2019-10-07,-115.0,-105.0,6.0,-105.0,-115.0,,,,,
2019020036,FLA,CAR,2019-10-08,-125.0,105.0,6.5,-105.0,-115.0,,,,,
2019020037,NYI,EDM,2019-10-08,-163.0,143.0,6.0,100.0,-120.0,,,,,
2019020038,PIT,WPG,2019-10-08,-161.0,144.0,6.5,-135.0,115.0,,,,,
2019020039,WSH,DAL,2019-10-08,-150.0,130.0,5.5,110.0,-130.0,,,,,
2019020040,DET,ANA,2019-10-08,105.0,-125.0,5.5,106.0,-119.0,,,,,
2019020041,NSH,SJS,2019-10-08,-170.0,150.0,6.0,-115.0,-105.0,,,,,
2019020042,CGY,LAK,2019-10-08,-235.0,195.0,5.5,-125.0,105.0,,,,,
2019020043,VGK,BOS,2019-10-08,-135.0,125.0,5.5,100.0,-120.0,,,,,
2019020044,BUF,MTL,2019-10-09,-115.0,-105.0,6.0,-115.0,-105.0,,,,,
2019020045,PHI,NJD,2019-10-09,-125.0,105.0,6.0,-125.0,105.0,,,,,
2019020046,VAN,LAK,2019-10-09,-161.0,144.0,5.5,-110.0,-110.0,,,,,
2019020047,TOR,TBL,2019-10-10,-112.0,102.0,6.5,-135.0,115.0,,,,,
2019020048,MTL,DET,2019-10-10,-203.0,171.0,6.0,-115.0,-105.0,,,,,
2019020049,NJD,EDM,2019-10-10,-125.0,105.0,6.5,-110.0,-110.0,,,,,
2019020050,PIT,ANA,2019-10-10,-145.0,125.0,5.5,-105.0,-115.0,,,,,
2019020051,OTT,STL,2019-10-10,170.0,-190.0,6.0,-115.0,-105.0,,,,,
2019020052,NSH,WSH,2019-10-10,-139.0,125.0,6.0,-110.0,-110.0,,,,,
2019020053,WPG,MIN,2019-10-10,-120.0,100.0,6.0,-105.0,-115.0,,,,,
2019020054,CHI,SJS,2019-10-10,-105.0,-115.0,6.5,-130.0,110.0,,,,,
2019020055,DAL,CGY,2019-10-10,-110.0,-110.0,5.5,-105.0,-115.0,,,,,
2019020056,COL,BOS,2019-10-10,-110.0,-110.0,5.5,-120.0,100.0,,,,,
2019020057,ARI,VGK,2019-10-10,105.0,-125.0,5.5,-120.0,100.0,,,,,
2019020058,BUF,FLA,2019-10-11,113.0,-125.0,6.5,-115.0,-105.0,,,,,
2019020059,CBJ,ANA,2019-10-11,-145.0,125.0,5.5,-105.0,-115.0,,,,,
2019020060,CAR,NYI,2019-10-11,-175.0,155.0,5.5,-110.0,-102.0,,,,,
2019020061,NYR,EDM,2019-10-12,-125.0,105.0,6.5,-110.0,-110.0,,,,,
2019020062,OTT,TBL,2019-10-12,225.0,-265.0,6.5,-140.0,120.0,,,,,
2019020063,LAK,NSH,2019-10-12,145.0,-165.0,6.0,-105.0,-115.0,,,,,
2019020064,BOS,NJD,2019-10-12,-210.0,180.0,6.0,107.0,-120.0,,,,,
2019020065,MTL,STL,2019-10-12,102.0,-113.0,5.5,-120.0,100.0,,,,,
2019020066,DET,TOR,2019-10-12,165.0,-185.0,6.5,-130.0,110.0,,,,,
2019020067,NYI,FLA,2019-10-12,-115.0,-105.0,6.0,-105.0,-115.0,,,,,
2019020068,CAR,CBJ,2019-10-12,-215.0,178.0,6.0,-120.0,100.0,,,,,
2019020069,CHI,WPG,2019-10-12,-130.0,110.0,6.5,-128.0,114.0,,,,,
2019020070,DAL,WSH,2019-10-12,-120.0,100.0,5.5,-105.0,-115.0,,,,,
2019020071,MIN,PIT,2019-10-12,-125.0,115.0,5.5,-104.0,-108.0,,,,,
2019020072,COL,ARI,2019-10-12,-150.0,130.0,6.0,100.0,-120.0,,,,,
2019020073,VAN,PHI,2019-10-12,-115.0,-105.0,6.0,-120.0,100.0,,,,,
2019020074,VGK,CGY,2019-10-12,-155.0,140.0,6.0,-125.0,105.0,,,,,
2019020075,WPG,PIT,2019-10-13,-120.0,109.0,6.5,-135.0,115.0,,,,,
2019020076,LAK,VGK,2019-10-13,140.0,-160.0,6.5,-110.0,-110.0,,,,,
2019020077,SJS,CGY,2019-10-13,-130.0,110.0,6.5,-117.0,-103.0,,,,,
2019020078,BOS,ANA,2019-10-14,-220.0,184.0,5.5,130.0,-150.0,,,,,
2019020079,OTT,MIN,2019-10-14,115.0,-135.0,6.5,-105.0,-115.0,,,,,
2019020080,NJD,FLA,2019-10-14,-106.0,-104.0,6.5,100.0,-120.0,,,,,
2019020081,NYI,STL,2019-10-14,115.0,-135.0,5.5,115.0,-135.0,,,,,
2019020082,BUF,DAL,2019-10-14,-104.0,-116.0,5.5,110.0,-130.0,,,,,
2019020083,WSH,COL,2019-10-14,-138.0,124.0,6.0,-115.0,-105.0,,,,,
2019020084,CHI,EDM,2019-10-14,-114.0,104.0,6.5,-120.0,100.0,,,,,
2019020085,TOR,MIN,2019-10-15,-230.0,185.0,6.5,100.0,-120.0,,,,,
2019020086,MTL,TBL,2019-10-15,115.0,-135.0,6.5,-120.0,100.0,,,,,
2019020087,WPG,ARI,2019-10-15,-125.0,105.0,6.0,-105.0,-115.0,,,,,
2019020088,CGY,PHI,2019-10-15,-145.0,125.0,6.0,-120.0,100.0,,,,,
2019020089,VAN,DET,2019-10-15,-150.0,130.0,6.0,-115.0,-105.0,,,,,
2019020090,VGK,NSH,2019-10-15,-130.0,120.0,6.5,100.0,-120.0,,,,,
2019020091,LAK,CAR,2019-10-15,145.0,-165.0,6.5,100.0,-120.0,,,,,
2019020092,PIT,COL,2019-10-16,-110.0,-110.0,6.5,-120.0,100.0,,,,,
2019020093,WSH,TOR,2019-10-16,-125.0,105.0,6.5,-130.0,110.0,,,,,
2019020094,CBJ,DAL,2019-10-16,-102.0,-108.0,5.5,115.0,-135.0,,,,,
2019020095,EDM,PHI,2019-10-16,-130.0,110.0,6.0,-120.0,100.0,,,,,
2019020096,ANA,BUF,2019-10-16,-130.0,110.0,5.5,110.0,-130.0,,,,,
2019020097,SJS,CAR,2019-10-16,-136.0,123.0,6.5,-105.0,-115.0,,,,,
2019020098,BOS,TBL,2019-10-17,-115.0,-105.0,6.0,-110.0,-110.0,,,,,
2019020099,MTL,MIN,2019-10-17,-165.0,145.0,6.0,-110.0,-110.0,,,,,
2019020100,NJD,NYR,2019-10-17,-125.0,105.0,6.5,-105.0,-115.0,,,,,
2019020101,STL,VAN,2019-10-17,-200.0,175.0,5.5,-115.0,-105.0,,,,,
2019020102,WPG,NYI,2019-10-17,-129.0,109.0,6.0,-105.0,-115.0,,,,,
2019020103,CGY,DET,2019-10-17,-240.0,200.0,6.0,-120.0,100.0,,,,,
2019020104,ARI,NSH,2019-10-17,100.0,-110.0,6.0,105.0,-125.0,,,,,
2019020105,VGK,OTT,2019-10-17,-330.0,267.0,6.5,-120.0,100.0,,,,,
2019020106,LAK,BUF,2019-10-17,-120.0,100.0,6.0,-110.0,-110.0,,,,,
2019020107,FLA,COL,2019-10-18,-133.0,113.0,6.5,-115.0,-105.0,,,,,
2019020108,PIT,DAL,2019-10-18,-145.0,125.0,5.5,-115.0,-105.0,,,,,
2019020109,WSH,NYR,2019-10-18,-230.0,195.0,6.5,-110.0,-110.0,,,,,
2019020110,CHI,CBJ,2019-10-18,-140.0,120.0,6.0,-110.0,-102.0,,,,,
2019020111,EDM,DET,2019-10-18,-210.0,180.0,6.5,-105.0,-115.0,,,,,
2019020112,ANA,CAR,2019-10-18,105.0,-125.0,5.5,-110.0,-110.0,,,,,
2019020113,NJD,VAN,2019-10-19,-130.0,110.0,6.0,-110.0,-110.0,,,,,
2019020114,STL,MTL,2019-10-19,-145.0,125.0,6.0,-115.0,-105.0,,,,,
2019020115,TOR,BOS,2019-10-19,-115.0,-105.0,6.5,105.0,-125.0,,,,,
2019020116,TBL,COL,2019-10-19,-205.0,185.0,6.5,-120.0,100.0,,,,,
2019020117,PHI,DAL,2019-10-19,-155.0,135.0,5.5,-105.0,-115.0,,,,,
2019020118,PIT,VGK,2019-10-19,110.0,-130.0,6.5,-110.0,-110.0,,,,,
2019020119,CBJ,NYI,2019-10-19,-115.0,105.0,5.5,100.0,-120.0,,,,,
2019020120,ARI,OTT,2019-10-19,-230.0,185.0,6.0,-110.0,-110.0,,,,,
2019020121,NSH,FLA,2019-10-19,-168.0,146.0,6.5,-105.0,-115.0,,,,,
2019020122,LAK,CGY,2019-10-19,135.0,-150.0,6.0,-110.0,-110.0,,,,,
2019020123,SJS,BUF,2019-10-19,-170.0,150.0,6.5,-105.0,-115.0,,,,,
2019020124,NYR,VAN,2019-10-20,-115.0,105.0,6.0,-120.0,100.0,,,,,
2019020125,MIN,MTL,2019-10-20,-125.0,105.0,6.0,-105.0,-115.0,,,,,
2019020126,CHI,WSH,2019-10-20,115.0,-135.0,6.5,-105.0,-115.0,,,,,
2019020127,WPG,EDM,2019-10-20,-131.0,118.0,6.5,-110.0,-110.0,,,,,
2019020128,ANA,CGY,2019-10-20,-140.0,120.0,5.5,-115.0,-105.0,,,,,
2019020129,TOR,CBJ,2019-10-21,-190.0,170.0,6.5,-110.0,-110.0,,,,,
2019020130,PHI,VGK,2019-10-21,-105.0,-115.0,6.5,-105.0,-115.0,,,,,
2019020131,STL,COL,2019-10-21,-140.0,120.0,6.0,102.0,-114.0,,,,,
2019020132,DAL,OTT,2019-10-21,-215.0,180.0,6.0,-105.0,-115.0,,,,,
2019020133,BOS,TOR,2019-10-22,-190.0,170.0,6.5,-108.0,-112.0,,,,,
2019020134,BUF,SJS,2019-10-22,-115.0,-105.0,6.5,-100.0,-112.0,,,,,
2019020135,FLA,PIT,2019-10-22,-135.0,115.0,6.0,-120.0,100.0,,,,,
2019020136,NYR,ARI,2019-10-22,100.0,-120.0,6.0,100.0,-120.0,,,,,
2019020137,DET,VAN,2019-10-22,100.0,-120.0,6.0,101.0,-113.0,,,,,
2019020138,NSH,ANA,2019-10-22,-155.0,135.0,5.5,-105.0,-115.0,,,,,
2019020139,MIN,EDM,2019-10-22,-120.0,100.0,6.0,110.0,-130.0,,,,,
2019020140,WPG,LAK,2019-10-22,-150.0,135.0,6.0,-120.0,100.0,,,,,
2019020141,CHI,VGK,2019-10-22,110.0,-120.0,6.5,-105.0,-115.0,,,,,
2019020142,CGY,WSH,2019-10-22,-120.0,100.0,6.0,-120.0,100.0,,,,,
2019020143,OTT,DET,2019-10-23,-133.0,113.0,6.0,-110.0,-110.0,,,,,
2019020144,TBL,PIT,2019-10-23,-240.0,199.0,6.5,-140.0,120.0,,,,,
2019020145,MTL,SJS,2019-10-24,-130.0,110.0,6.5,-120.0,100.0,,,,,
2019020146,NYI,ARI,2019-10-24,-115.0,-105.0,5.0,-135.0,115.0,,,,,
2019020147,NYR,BUF,2019-10-24,105.0,-125.0,6.5,100.0,-120.0,,,,,
2019020148,CBJ,CAR,2019-10-24,105.0,-125.0,6.0,-105.0,-115.0,,,,,
2019020149,STL,LAK,2019-10-24,-175.0,155.0,5.5,-123.0,103.0,,,,,
2019020150,NSH,MIN,2019-10-24,-175.0,155.0,6.0,-105.0,-115.0,,,,,
2019020151,CHI,PHI,2019-10-24,-115.0,-105.0,6.5,-105.0,-115.0,,,,,
2019020152,DAL,ANA,2019-10-24,-150.0,130.0,5.0,-130.0,110.0,,,,,
2019020153,CGY,FLA,2019-10-24,-140.0,120.0,6.0,-130.0,110.0,,,,,
2019020154,EDM,WSH,2019-10-24,110.0,-130.0,6.0,-120.0,100.0,,,,,
2019020155,VGK,COL,2019-10-25,-165.0,145.0,6.5,100.0,-120.0,,,,,
2019020156,TOR,SJS,2019-10-25,-185.0,165.0,6.5,-125.0,105.0,,,,,
2019020157,NJD,ARI,2019-10-25,-125.0,105.0,5.5,-113.0,-107.0,,,,,
2019020158,OTT,NYI,2019-10-25,105.0,-125.0,6.0,110.0,-130.0,,,,,
2019020159,DET,BUF,2019-10-25,-101.0,-109.0,6.0,-115.0,-105.0,,,,,
2019020160,VAN,WSH,2019-10-25,-110.0,-110.0,6.0,-120.0,100.0,,,,,
2019020161,CAR,CHI,2019-10-26,-190.0,170.0,6.5,-110.0,-110.0,,,,,
2019020162,BOS,STL,2019-10-26,-170.0,150.0,5.5,100.0,-120.0,,,,,
2019020163,MTL,TOR,2019-10-26,-135.0,115.0,6.5,-125.0,105.0,,,,,
2019020164,TBL,NSH,2019-10-26,-160.0,140.0,6.0,-118.0,105.0,,,,,
2019020165,PHI,CBJ,2019-10-26,-155.0,135.0,6.0,-113.0,-107.0,,,,,
2019020166,DAL,PIT,2019-10-26,-125.0,105.0,5.5,110.0,-130.0,,,,,
2019020167,MIN,LAK,2019-10-26,-135.0,115.0,5.5,-115.0,-105.0,,,,,
2019020168,WPG,CGY,2019-10-26,115.0,-135.0,6.0,-120.0,100.0,,,,,
2019020169,COL,ANA,2019-10-26,-155.0,135.0,5.5,-120.0,100.0,,,,,
2019020170,EDM,FLA,2019-10-27,-105.0,-115.0,6.5,105.0,-125.0,,,,,
2019020171,DET,STL,2019-10-27,120.0,-140.0,5.5,-116.0,-104.0,,,,,
2019020172,OTT,SJS,2019-10-27,142.0,-162.0,6.5,-115.0,-105.0,,,,,
2019020173,NYI,PHI,2019-10-27,-115.0,-105.0,5.5,-110.0,-110.0,,,,,
2019020174,NYR,BOS,2019-10-27,140.0,-160.0,6.0,-115.0,-105.0,,,,,
2019020175,CHI,LAK,2019-10-27,-135.0,115.0,6.0,-109.0,-103.0,,,,,
2019020176,VGK,ANA,2019-10-27,-250.0,220.0,5.5,-115.0,-105.0,,,,,
2019020177,BUF,ARI,2019-10-28,-125.0,105.0,5.5,100.0,-120.0,,,,,
2019020178,VAN,FLA,2019-10-28,-135.0,115.0,6.5,100.0,-120.0,,,,,
2019020179,BOS,SJS,2019-10-29,-215.0,180.0,6.0,-115.0,-105.0,,,,,
2019020180,TOR,WSH,2019-10-29,-135.0,115.0,6.5,-108.0,-104.0,,,,,
2019020181,NYR,TBL,2019-10-29,185.0,-225.0,6.5,-111.0,-102.0,,,,,
2019020182,PIT,PHI,2019-10-29,-145.0,125.0,6.5,103.0,-115.0,,,,,
2019020183,CAR,CGY,2019-10-29,-145.0,125.0,6.0,-110.0,-110.0,,,,,
2019020184,DET,EDM,2019-10-29,100.0,-120.0,6.0,100.0,-120.0,,,,,
2019020185,NSH,CHI,2019-10-29,-200.0,175.0,6.0,-112.0,-101.0,,,,,
2019020186,DAL,MIN,2019-10-29,-150.0,130.0,5.0,-125.0,105.0,,,,,
2019020187,ANA,WPG,2019-10-29,-105.0,-115.0,5.5,-120.0,100.0,,,,,
2019020188,NJD,TBL,2019-10-30,105.0,-125.0,6.5,-115.0,-105.0,,,,,
2019020189,CBJ,EDM,2019-10-30,-150.0,130.0,6.0,-115.0,-105.0,,,,,
2019020190,STL,MIN,2019-10-30,-175.0,155.0,5.5,110.0,-130.0,,,,,
2019020191,COL,FLA,2019-10-30,-135.0,115.0,6.5,-110.0,-110.0,,,,,
2019020192,ARI,MTL,2019-10-30,-125.0,105.0,6.0,-110.0,-110.0,,,,,
2019020193,LAK,VAN,2019-10-30,102.0,-112.0,6.0,-115.0,-105.0,,,,,
2019020194,NSH,CGY,2019-10-31,-160.0,140.0,6.0,100.0,-120.0,,,,,
2019020195,VGK,MTL,2019-10-31,-245.0,203.0,6.5,100.0,-120.0,,,,,
2019020196,NJD,PHI,2019-11-01,-117.0,-103.0,6.5,-110.0,-110.0,,,,,
2019020197,NYI,TBL,2019-11-01,105.0,-125.0,6.0,-120.0,100.0,,,,,
2019020198,WSH,BUF,2019-11-01,-190.0,165.0,6.5,103.0,-116.0,,,,,
2019020199,CAR,DET,2019-11-01,-275.0,226.0,6.0,-110.0,-110.0,,,,,
2019020200,STL,CBJ,2019-11-01,-169.0,152.0,5.5,-113.0,-107.0,,,,,
2019020201,COL,DAL,2019-11-01,-140.0,120.0,5.5,-105.0,-115.0,,,,,
2019020202,ANA,VAN,2019-11-01,-110.0,-110.0,5.5,-116.0,104.0,,,,,
2019020203,SJS,WPG,2019-11-01,-150.0,130.0,6.5,-115.0,-105.0,,,,,
2019020204,PIT,EDM,2019-11-02,-200.0,170.0,6.5,100.0,-120.0,,,,,
2019020205,NSH,NYR,2019-11-02,-259.0,225.0,6.5,-105.0,-115.0,,,,,
2019020206,BOS,OTT,2019-11-02,-380.0,320.0,6.0,-120.0,100.0,,,,,
2019020207,BUF,NYI,2019-11-02,-120.0,100.0,5.5,-110.0,-110.0,,,,,
2019020208,FLA,DET,2019-11-02,-270.0,220.0,6.5,-120.0,100.0,,,,,
2019020209,PHI,TOR,2019-11-02,115.0,-135.0,6.5,-120.0,100.0,,,,,
2019020210,CAR,NJD,2019-11-02,-200.0,175.0,6.5,-102.0,-120.0,,,,,
2019020211,CBJ,CGY,2019-11-02,115.0,-125.0,6.0,-120.0,100.0,,,,,
2019020212,DAL,MTL,2019-11-02,-117.0,106.0,5.5,-120.0,100.0,,,,,
2019020213,MIN,STL,2019-11-02,-130.0,110.0,5.5,105.0,-125.0,,,,,
2019020214,ARI,COL,2019-11-02,-145.0,125.0,5.5,-125.0,105.0,,,,,
2019020215,VGK,WPG,2019-11-02,-235.0,195.0,6.5,-135.0,115.0,,,,,
2019020216,SJS,VAN,2019-11-02,-144.0,124.0,6.5,-105.0,-115.0,,,,,
2019020217,LAK,CHI,2019-11-02,-135.0,115.0,6.0,-108.0,-105.0,,,,,
2019020218,WSH,CGY,2019-11-03,-165.0,150.0,6.5,-105.0,-115.0,,,,,
2019020219,ANA,CHI,2019-11-03,-145.0,125.0,5.5,-115.0,-105.0,,,,,
2019020220,BOS,PIT,2019-11-04,-160.0,140.0,6.0,-115.0,-105.0,,,,,
2019020221,NYR,OTT,2019-11-04,-160.0,140.0,6.5,-115.0,-105.0,,,,,
2019020222,DET,NSH,2019-11-04,183.0,-207.0,6.0,-117.0,104.0,,,,,
2019020223,EDM,ARI,2019-11-04,-110.0,-110.0,5.5,100.0,-120.0,,,,,
2019020224,MTL,BOS,2019-11-05,-106.0,-114.0,6.0,-113.0,-107.0,,,,,
2019020225,NYI,OTT,2019-11-05,-260.0,220.0,6.0,104.0,-117.0,,,,,
2019020226,PHI,CAR,2019-11-05,-109.0,-101.0,6.5,-115.0,-105.0,,,,,
2019020227,CBJ,VGK,2019-11-05,122.0,-142.0,6.5,-110.0,-110.0,,,,,
2019020228,TOR,LAK,2019-11-05,-240.0,210.0,6.5,-120.0,100.0,,,,,
2019020229,WPG,NJD,2019-11-05,-134.0,122.0,6.5,-120.0,100.0,,,,,
2019020230,DAL,COL,2019-11-05,-137.0,117.0,5.5,105.0,-125.0,,,,,
2019020231,CGY,ARI,2019-11-05,-160.0,140.0,5.5,-115.0,-105.0,,,,,
2019020232,VAN,STL,2019-11-05,-130.0,110.0,6.0,-110.0,-110.0,,,,,
2019020233,ANA,MIN,2019-11-05,-129.0,116.0,5.5,105.0,-125.0,,,,,
2019020234,SJS,CHI,2019-11-05,-150.0,130.0,6.5,-110.0,-110.0,,,,,
2019020235,NYR,DET,2019-11-06,-150.0,130.0,6.5,-105.0,-115.0,,,,,
2019020236,EDM,STL,2019-11-06,-145.0,125.0,5.5,-105.0,-115.0,,,,,
2019020237,TOR,VGK,2019-11-07,-150.0,130.0,6.5,-115.0,-105.0,,,,,
2019020238,FLA,WSH,2019-11-07,-114.0,104.0,6.5,-126.0,106.0,,,,,
2019020239,NYI,PIT,2019-11-07,-103.0,-117.0,5.5,-115.0,-105.0,,,,,
2019020240,PHI,MTL,2019-11-07,-119.0,108.0,6.5,-115.0,-105.0,,,,,
2019020241,CAR,NYR,2019-11-07,-270.0,222.0,6.5,-115.0,-105.0,,,,,
2019020242,OTT,LAK,2019-11-07,105.0,-125.0,6.5,-101.0,-112.0,,,,,
2019020243,CHI,VAN,2019-11-07,118.0,-130.0,6.0,-112.0,-108.0,,,,,
2019020244,COL,NSH,2019-11-07,115.0,-135.0,6.0,-110.0,-110.0,,,,,
2019020245,CGY,NJD,2019-11-07,-155.0,135.0,6.5,-105.0,-115.0,,,,,
2019020246,ARI,CBJ,2019-11-07,-145.0,125.0,5.5,-105.0,-115.0,,,,,
2019020247,SJS,MIN,2019-11-07,-145.0,132.0,6.0,100.0,-120.0,,,,,
2019020248,DET,BOS,2019-11-08,210.0,-239.0,6.0,-125.0,105.0,,,,,
2019020249,BUF,TBL,2019-11-08,150.0,-170.0,6.5,-115.0,-105.0,,,,,
2019020250,WPG,VAN,2019-11-08,-125.0,105.0,6.0,-109.0,-103.0,,,,,
2019020251,EDM,NJD,2019-11-08,-163.0,143.0,6.5,105.0,-125.0,,,,,
2019020252,NYI,FLA,2019-11-09,-110.0,-110.0,6.0,-115.0,-105.0,,,,,
2019020253,TOR,PHI,2019-11-09,-167.0,150.0,6.5,-120.0,100.0,,,,,
2019020254,MTL,LAK,2019-11-09,-195.0,166.0,6.5,100.0,-120.0,,,,,
2019020255,OTT,CAR,2019-11-09,150.0,-170.0,6.5,-105.0,-115.0,,,,,
2019020256,TBL,BUF,2019-11-09,-165.0,145.0,6.5,-115.0,-105.0,,,,,
2019020257,PIT,CHI,2019-11-09,-218.0,183.0,6.5,100.0,-120.0,,,,,
2019020258,WSH,VGK,2019-11-09,-120.0,100.0,6.5,-115.0,-105.0,,,,,
2019020259,ARI,MIN,2019-11-09,-145.0,125.0,5.5,115.0,-135.0,,,,,
2019020260,COL,CBJ,2019-11-09,-137.0,117.0,6.0,100.0,-120.0,,,,,
2019020261,CGY,STL,2019-11-09,-150.0,130.0,5.5,-111.0,-101.0,,,,,
2019020262,SJS,NSH,2019-11-09,105.0,-125.0,6.5,-105.0,-115.0,,,,,
2019020263,NYR,FLA,2019-11-10,100.0,-120.0,6.5,-120.0,100.0,,,,,
2019020264,WPG,DAL,2019-11-10,-115.0,105.0,5.5,100.0,-120.0,,,,,
2019020265,VAN,NJD,2019-11-10,-165.0,145.0,6.0,-107.0,-105.0,,,,,
2019020266,DET,VGK,2019-11-10,135.0,-150.0,6.5,-105.0,-115.0,,,,,
2019020267,BOS,PHI,2019-11-10,-200.0,175.0,6.0,-120.0,100.0,,,,,
2019020268,CHI,TOR,2019-11-10,100.0,-120.0,6.5,-119.0,-101.0,,,,,
2019020269,ANA,EDM,2019-11-10,-125.0,105.0,5.5,100.0,-120.0,,,,,
2019020270,WSH,ARI,2019-11-11,-180.0,160.0,6.0,-115.0,-105.0,,,,,
2019020271,CAR,OTT,2019-11-11,-245.0,203.0,6.0,-113.0,100.0,,,,,
2019020272,BOS,FLA,2019-11-12,-165.0,145.0,6.5,-105.0,-115.0,,,,,
2019020273,MTL,CBJ,2019-11-12,-184.0,165.0,6.0,-115.0,-105.0,,,,,
2019020274,NYR,PIT,2019-11-12,125.0,-135.0,6.5,-103.0,-117.0,,,,,
2019020275,STL,ARI,2019-11-12,-165.0,148.0,5.5,105.0,-125.0,,,,,
2019020276,WPG,COL,2019-11-12,-116.0,-104.0,6.0,-125.0,105.0,,,,,
2019020277,VAN,NSH,2019-11-12,105.0,-125.0,6.0,-115.0,-105.0,,,,,
2019020278,ANA,DET,2019-11-12,-170.0,150.0,5.5,-120.0,100.0,,,,,
2019020279,LAK,MIN,2019-11-12,-102.0,-118.0,6.0,-110.0,-110.0,,,,,
2019020280,SJS,EDM,2019-11-12,-135.0,115.0,6.0,-120.0,100.0,,,,,
2019020281,NJD,OTT,2019-11-13,-180.0,160.0,6.5,100.0,-120.0,,,,,
2019020282,NYI,TOR,2019-11-13,-112.0,-108.0,6.0,-110.0,-110.0,,,,,
2019020283,PHI,WSH,2019-11-13,100.0,-120.0,6.5,-115.0,103.0,,,,,
2019020284,CGY,DAL,2019-11-13,-140.0,120.0,5.5,105.0,-125.0,,,,,
2019020285,VGK,CHI,2019-11-13,-250.0,220.0,6.5,100.0,-120.0,,,,,
2019020286,BUF,CAR,2019-11-14,118.0,-131.0,6.0,-115.0,-105.0,,,,,
2019020287,TBL,NYR,2019-11-14,-275.0,235.0,6.5,-120.0,100.0,,,,,
2019020288,FLA,WPG,2019-11-14,-175.0,155.0,6.5,-115.0,-105.0,,,,,
2019020289,MIN,ARI,2019-11-14,-115.0,105.0,5.5,115.0,-135.0,,,,,
2019020290,EDM,COL,2019-11-14,-135.0,115.0,6.0,-119.0,-101.0,,,,,
2019020291,VAN,DAL,2019-11-14,-150.0,130.0,5.5,115.0,-135.0,,,,,
2019020292,ANA,SJS,2019-11-14,-105.0,-115.0,6.0,100.0,-120.0,,,,,
2019020293,LAK,DET,2019-11-14,-148.0,128.0,6.0,-105.0,-115.0,,,,,
2019020294,TOR,BOS,2019-11-15,-115.0,-105.0,6.5,100.0,-120.0,,,,,
2019020295,NJD,PIT,2019-11-15,100.0,-120.0,6.0,-108.0,-112.0,,,,,
2019020296,WSH,MTL,2019-11-15,-154.0,139.0,6.5,-115.0,-105.0,,,,,
2019020297,CBJ,STL,2019-11-15,-102.0,-108.0,5.5,-115.0,-105.0,,,,,
2019020298,OTT,PHI,2019-11-15,120.0,-140.0,6.5,-105.0,-115.0,,,,,
2019020299,MIN,CAR,2019-11-16,100.0,-120.0,6.0,100.0,-120.0,,,,,
2019020300,TBL,WPG,2019-11-16,-230.0,190.0,6.5,-120.0,100.0,,,,,
2019020301,EDM,DAL,2019-11-16,-120.0,100.0,5.5,115.0,-135.0,,,,,
2019020302,ARI,CGY,2019-11-16,-115.0,-105.0,5.5,100.0,-120.0,,,,,
2019020303,BOS,WSH,2019-11-16,-119.0,-101.0,6.5,110.0,-130.0,,,,,
2019020304,BUF,OTT,2019-11-16,-190.0,170.0,6.5,100.0,-120.0,,,,,
2019020305,MTL,NJD,2019-11-16,-155.0,135.0,6.5,100.0,-120.0,,,,,
2019020306,FLA,NYR,2019-11-16,-203.0,180.0,6.5,-130.0,110.0,,,,,
2019020307,PHI,NYI,2019-11-16,-105.0,-113.0,6.0,100.0,-120.0,,,,,
2019020308,PIT,TOR,2019-11-16,-130.0,110.0,6.5,-110.0,-110.0,,,,,
2019020309,STL,ANA,2019-11-16,-165.0,145.0,5.5,107.0,-127.0,,,,,
2019020310,NSH,CHI,2019-11-16,-200.0,180.0,6.5,-110.0,-110.0,,,,,
2019020311,VAN,COL,2019-11-16,-150.0,130.0,6.5,-105.0,-115.0,,,,,
2019020312,LAK,VGK,2019-11-16,130.0,-140.0,6.0,-115.0,100.0,,,,,
2019020313,SJS,DET,2019-11-16,-220.0,185.0,6.5,-105.0,-115.0,,,,,
2019020314,CHI,BUF,2019-11-17,-133.0,113.0,6.5,-110.0,-110.0,,,,,
2019020315,VGK,CGY,2019-11-17,-161.0,144.0,6.0,-120.0,100.0,,,,,
2019020316,WSH,ANA,2019-11-18,-225.0,185.0,6.0,-110.0,-110.0,,,,,
2019020317,ARI,LAK,2019-11-18,-170.0,150.0,5.5,100.0,-120.0,,,,,
2019020318,BUF,MIN,2019-11-19,-110.0,-110.0,5.5,-120.0,100.0,,,,,
2019020319,FLA,PHI,2019-11-19,-140.0,120.0,6.5,-109.0,-103.0,,,,,
2019020320,NJD,BOS,2019-11-19,122.0,-142.0,5.5,-120.0,100.0,,,,,
2019020321,PIT,NYI,2019-11-19,-130.0,110.0,5.5,-105.0,-115.0,,,,,
2019020322,CBJ,MTL,2019-11-19,100.0,-120.0,6.0,-105.0,-115.0,,,,,
2019020323,DET,OTT,2019-11-19,-115.0,105.0,6.0,-120.0,100.0,,,,,
2019020324,STL,TBL,2019-11-19,105.0,-125.0,6.0,-122.0,102.0,,,,,
2019020325,NSH,WPG,2019-11-19,-180.0,158.0,6.5,-105.0,-115.0,,,,,
2019020326,CHI,CAR,2019-11-19,110.0,-120.0,6.5,-110.0,-110.0,,,,,
2019020327,DAL,VAN,2019-11-19,-144.0,130.0,5.5,110.0,-130.0,,,,,
2019020328,CGY,COL,2019-11-19,-125.0,105.0,6.0,-115.0,-105.0,,,,,
2019020329,VGK,TOR,2019-11-19,-158.0,143.0,6.5,-108.0,-104.0,,,,,
2019020330,SJS,EDM,2019-11-19,-135.0,115.0,6.5,-125.0,105.0,,,,,
2019020331,MTL,OTT,2019-11-20,-199.0,177.0,6.5,-116.0,103.0,,,,,
2019020332,NYR,WSH,2019-11-20,145.0,-165.0,6.5,-125.0,105.0,,,,,
2019020333,BOS,BUF,2019-11-21,-250.0,210.0,5.5,-120.0,100.0,,,,,
2019020334,FLA,ANA,2019-11-21,-175.0,155.0,6.5,-101.0,-119.0,,,,,
2019020335,NYI,PIT,2019-11-21,-135.0,115.0,5.5,-111.0,-101.0,,,,,
2019020336,CAR,PHI,2019-11-21,-150.0,135.0,6.0,-117.0,104.0,,,,,
2019020337,CBJ,DET,2019-11-21,-183.0,164.0,6.0,100.0,-120.0,,,,,
2019020338,STL,CGY,2019-11-21,-135.0,115.0,5.5,100.0,-120.0,,,,,
2019020339,NSH,VAN,2019-11-21,-166.0,149.0,6.0,-113.0,-107.0,,,,,
2019020340,MIN,COL,2019-11-21,-115.0,-105.0,6.0,-105.0,-115.0,,,,,
2019020341,CHI,TBL,2019-11-21,113.0,-125.0,6.5,-115.0,-105.0,,,,,
2019020342,DAL,WPG,2019-11-21,-158.0,143.0,5.5,100.0,-120.0,,,,,
2019020343,ARI,TOR,2019-11-21,-110.0,-110.0,6.0,-115.0,-105.0,,,,,
2019020344,VGK,SJS,2019-11-21,-185.0,165.0,6.5,-108.0,-104.0,,,,,
2019020345,LAK,EDM,2019-11-21,114.0,-126.0,6.0,-115.0,-105.0,,,,,
2019020346,PIT,NJD,2019-11-22,-137.0,117.0,6.0,-120.0,100.0,,,,,
2019020347,OTT,NYR,2019-11-22,-115.0,-105.0,6.5,-115.0,-105.0,,,,,
2019020348,WSH,VAN,2019-11-23,-180.0,160.0,6.5,-120.0,100.0,,,,,
2019020349,PHI,CGY,2019-11-23,-120.0,100.0,6.0,-105.0,-115.0,,,,,
2019020350,LAK,ARI,2019-11-23,105.0,-125.0,5.5,105.0,-125.0,,,,,
2019020351,BOS,MIN,2019-11-23,-211.0,186.0,5.5,-115.0,-105.0,,,,,
2019020352,MTL,NYR,2019-11-23,-220.0,185.0,6.5,-120.0,100.0,,,,,
2019020353,TBL,ANA,2019-11-23,-230.0,205.0,6.5,100.0,-120.0,,,,,
2019020354,NJD,DET,2019-11-23,-155.0,140.0,6.5,100.0,-120.0,,,,,
2019020355,CAR,FLA,2019-11-23,-150.0,130.0,6.5,-120.0,107.0,,,,,
2019020356,WPG,CBJ,2019-11-23,-125.0,115.0,6.0,-105.0,-115.0,,,,,
2019020357,COL,TOR,2019-11-23,100.0,-120.0,6.5,-110.0,-110.0,,,,,
2019020358,STL,NSH,2019-11-23,-120.0,100.0,5.5,-115.0,-105.0,,,,,
2019020359,DAL,CHI,2019-11-23,-175.0,157.0,5.5,-120.0,100.0,,,,,
2019020360,VGK,EDM,2019-11-23,-181.0,162.0,6.5,-105.0,-115.0,,,,,
2019020361,SJS,NYI,2019-11-23,-109.0,-111.0,6.0,100.0,-120.0,,,,,
2019020362,FLA,BUF,2019-11-24,-140.0,130.0,6.5,-105.0,-115.0,,,,,
2019020363,DET,CAR,2019-11-24,165.0,-185.0,6.5,100.0,-120.0,,,,,
2019020364,ARI,EDM,2019-11-24,-125.0,113.0,5.5,-105.0,-115.0,,,,,
2019020365,TBL,BUF,2019-11-25,-225.0,185.0,6.5,-113.0,-107.0,,,,,
2019020366,NYR,MIN,2019-11-25,105.0,-125.0,6.5,100.0,-120.0,,,,,
2019020367,PHI,VAN,2019-11-25,-135.0,115.0,6.0,-105.0,-115.0,,,,,
2019020368,PIT,CGY,2019-11-25,-150.0,130.0,6.0,100.0,-120.0,,,,,
2019020369,CBJ,OTT,2019-11-25,-160.0,140.0,6.0,-115.0,-105.0,,,,,
2019020370,NSH,STL,2019-11-25,-140.0,120.0,5.5,-120.0,100.0,,,,,
2019020371,DAL,VGK,2019-11-25,-143.0,123.0,5.5,103.0,-115.0,,,,,
2019020372,ANA,NYI,2019-11-25,107.0,-118.0,5.5,100.0,-120.0,,,,,
2019020373,LAK,SJS,2019-11-25,-102.0,-108.0,6.0,100.0,-120.0,,,,,
2019020374,MTL,BOS,2019-11-26,100.0,-120.0,6.0,-110.0,-110.0,,,,,
2019020375,NJD,MIN,2019-11-26,-140.0,120.0,6.0,-110.0,-110.0,,,,,
2019020376,CHI,DAL,2019-11-26,-105.0,-115.0,5.5,-107.0,-105.0,,,,,
2019020377,BUF,CGY,2019-11-27,107.0,-127.0,5.5,-105.0,-115.0,,,,,
2019020378,OTT,BOS,2019-11-27,135.0,-155.0,6.0,105.0,-125.0,,,,,
2019020379,DET,TOR,2019-11-27,195.0,-235.0,6.5,100.0,-120.0,,,,,
2019020380,TBL,STL,2019-11-27,-155.0,140.0,6.0,-115.0,-105.0,,,,,
2019020381,NYR,CAR,2019-11-27,135.0,-150.0,6.5,-115.0,-105.0,,,,,
2019020382,PIT,VAN,2019-11-27,-160.0,140.0,6.0,-105.0,-115.0,,,,,
2019020383,WSH,FLA,2019-11-27,-170.0,150.0,6.5,-135.0,115.0,,,,,
2019020384,CBJ,PHI,2019-11-27,-115.0,-105.0,5.5,-115.0,-105.0,,,,,
2019020385,NSH,VGK,2019-11-27,-140.0,120.0,6.0,-125.0,105.0,,,,,
2019020386,ARI,ANA,2019-11-27,-145.0,125.0,5.5,119.0,-135.0,,,,,
2019020387,COL,EDM,2019-11-27,-125.0,105.0,6.5,-105.0,-115.0,,,,,
2019020388,LAK,NYI,2019-11-27,115.0,-135.0,5.5,100.0,-120.0,,,,,
2019020389,SJS,WPG,2019-11-27,-135.0,115.0,6.5,100.0,-120.0,,,,,
2019020390,MTL,NJD,2019-11-28,-160.0,140.0,6.0,-120.0,100.0,,,,,
2019020391,BOS,NYR,2019-11-29,-215.0,178.0,6.5,-110.0,-110.0,,,,,
2019020392,BUF,TOR,2019-11-29,130.0,-144.0,6.5,-115.0,-105.0,,,,,
2019020393,PHI,DET,2019-11-29,-270.0,220.0,6.0,-110.0,-110.0,,,,,
2019020394,CHI,COL,2019-11-29,-120.0,108.0,6.0,-120.0,100.0,,,,,
2019020395,MIN,OTT,2019-11-29,-170.0,150.0,5.5,-120.0,100.0,,,,,
2019020396,ANA,WPG,2019-11-29,-125.0,105.0,5.5,-110.0,-110.0,,,,,
2019020397,SJS,LAK,2019-11-29,-160.0,140.0,6.0,-112.0,-108.0,,,,,
2019020398,WSH,TBL,2019-11-29,-125.0,105.0,6.5,-125.0,105.0,,,,,
2019020399,VGK,ARI,2019-11-29,-150.0,130.0,5.5,-120.0,100.0,,,,,
2019020400,CBJ,PIT,2019-11-29,105.0,-125.0,6.0,-105.0,-115.0,,,,,
2019020401,CAR,NSH,2019-11-29,-132.0,120.0,6.5,-115.0,-105.0,,,,,
2019020402,DAL,STL,2019-11-29,-150.0,135.0,5.0,-141.0,121.0,,,,,
2019020403,NJD,NYR,2019-11-30,-150.0,135.0,6.5,-105.0,-115.0,,,,,
2019020404,MTL,PHI,2019-11-30,-130.0,110.0,6.5,100.0,-120.0,,,,,
2019020405,TOR,BUF,2019-11-30,-241.0,211.0,6.5,-115.0,-105.0,,,,,
2019020406,DET,WSH,2019-11-30,185.0,-220.0,6.5,100.0,-120.0,,,,,
2019020407,TBL,CAR,2019-11-30,-145.0,125.0,6.5,-125.0,105.0,,,,,
2019020408,FLA,NSH,2019-11-30,-120.0,100.0,6.5,-130.0,110.0,,,,,
2019020409,NYI,CBJ,2019-11-30,-200.0,175.0,5.5,100.0,-120.0,,,,,
2019020410,CGY,OTT,2019-11-30,-240.0,199.0,6.0,-105.0,-115.0,,,,,
2019020411,STL,PIT,2019-11-30,-120.0,100.0,6.0,-102.0,-118.0,,,,,
2019020412,ARI,SJS,2019-11-30,-125.0,105.0,5.5,100.0,-120.0,,,,,
2019020413,COL,CHI,2019-11-30,-160.0,145.0,6.5,100.0,-120.0,,,,,
2019020414,EDM,VAN,2019-11-30,-125.0,115.0,6.0,-115.0,-105.0,,,,,
2019020415,LAK,WPG,2019-11-30,-115.0,-105.0,6.0,-105.0,-115.0,,,,,
2019020416,MIN,DAL,2019-12-01,-106.0,-114.0,5.0,-142.0,120.0,,,,,
2019020417,BOS,MTL,2019-12-01,-185.0,165.0,6.5,100.0,-120.0,,,,,
2019020418,VAN,EDM,2019-12-01,-120.0,100.0,6.0,-105.0,-115.0,,,,,
2019020419,BUF,NJD,2019-12-02,-120.0,100.0,6.0,-110.0,-110.0,,,,,
2019020420,NYR,VGK,2019-12-02,120.0,-140.0,6.5,100.0,-120.0,,,,,
2019020421,DET,NYI,2019-12-02,185.0,-220.0,5.5,-115.0,-105.0,,,,,
2019020422,CHI,STL,2019-12-02,112.0,-132.0,6.0,100.0,-120.0,,,,,
2019020423,ANA,LAK,2019-12-02,-145.0,125.0,5.5,100.0,-120.0,,,,,
2019020424,BOS,CAR,2019-12-03,-150.0,130.0,6.0,100.0,-120.0,,,,,
2019020425,MTL,NYI,2019-12-03,-120.0,100.0,6.0,100.0,-120.0,,,,,
2019020426,FLA,MIN,2019-12-03,-130.0,110.0,6.0,-125.0,105.0,,,,,
2019020427,NJD,VGK,2019-12-03,120.0,-140.0,6.0,-120.0,100.0,,,,,
2019020428,PHI,TOR,2019-12-03,100.0,-110.0,6.5,-105.0,-115.0,,,,,
2019020429,CBJ,ARI,2019-12-03,-110.0,-110.0,5.5,125.0,-145.0,,,,,
2019020430,NSH,TBL,2019-12-03,-105.0,-115.0,6.5,-110.0,-110.0,,,,,
2019020431,WPG,DAL,2019-12-03,-105.0,-115.0,5.5,115.0,-135.0,,,,,
2019020432,VAN,OTT,2019-12-03,-161.0,145.0,6.0,-115.0,-105.0,,,,,
2019020433,SJS,WSH,2019-12-03,-104.0,-116.0,6.5,-115.0,-105.0,,,,,
2019020434,TOR,COL,2019-12-04,-130.0,110.0,6.5,-125.0,105.0,,,,,
2019020435,PIT,STL,2019-12-04,-110.0,-110.0,6.0,-105.0,-115.0,,,,,
2019020436,EDM,OTT,2019-12-04,-210.0,175.0,6.0,-113.0,101.0,,,,,
2019020437,LAK,WSH,2019-12-04,130.0,-150.0,6.5,100.0,-120.0,,,,,
2019020438,BOS,CHI,2019-12-05,-235.0,195.0,6.0,100.0,-120.0,,,,,
2019020439,MTL,COL,2019-12-05,-105.0,-105.0,6.5,-115.0,-105.0,,,,,
2019020440,TBL,MIN,2019-12-05,-220.0,180.0,6.5,105.0,-125.0,,,,,
2019020441,NYI,VGK,2019-12-05,-120.0,100.0,5.5,-105.0,-115.0,,,,,
2019020442,PHI,ARI,2019-12-05,-145.0,125.0,5.5,104.0,-116.0,,,,,
2019020443,CAR,SJS,2019-12-05,-160.0,140.0,6.0,-120.0,100.0,,,,,
2019020444,CBJ,NYR,2019-12-05,-140.0,120.0,6.0,-112.0,-108.0,,,,,
2019020445,DAL,WPG,2019-12-05,-150.0,130.0,5.5,110.0,-130.0,,,,,
2019020446,CGY,BUF,2019-12-05,-160.0,140.0,5.5,-115.0,-105.0,,,,,
2019020447,NJD,CHI,2019-12-06,-132.0,122.0,6.5,-105.0,-115.0,,,,,
2019020448,NYR,MTL,2019-12-06,-101.0,-109.0,6.5,-110.0,-110.0,,,,,
2019020449,PIT,ARI,2019-12-06,-175.0,155.0,5.5,100.0,-120.0,,,,,
2019020450,EDM,LAK,2019-12-06,-165.0,150.0,6.0,-110.0,-110.0,,,,,
2019020451,ANA,WSH,2019-12-06,135.0,-150.0,6.0,-105.0,-115.0,,,,,
2019020452,PHI,OTT,2019-12-07,-208.0,174.0,6.0,-108.0,-112.0,,,,,
2019020453,VAN,BUF,2019-12-07,-150.0,130.0,6.0,-115.0,-105.0,,,,,
2019020454,BOS,COL,2019-12-07,-145.0,125.0,5.5,-116.0,103.0,,,,,
2019020455,DET,PIT,2019-12-07,164.0,-183.0,6.0,-101.0,-119.0,,,,,
2019020456,TBL,SJS,2019-12-07,-190.0,170.0,6.5,-105.0,-115.0,,,,,
2019020457,FLA,CBJ,2019-12-07,-162.0,142.0,6.5,100.0,-120.0,,,,,
2019020458,CAR,MIN,2019-12-07,-155.0,135.0,5.5,-115.0,-105.0,,,,,
2019020459,STL,TOR,2019-12-07,-117.0,-103.0,6.0,-110.0,-110.0,,,,,
2019020460,NSH,NJD,2019-12-07,-255.0,215.0,6.0,-105.0,-115.0,,,,,
2019020461,DAL,NYI,2019-12-07,-145.0,132.0,5.0,-115.0,-105.0,,,,,
2019020462,CGY,LAK,2019-12-07,-215.0,180.0,5.5,-113.0,100.0,,,,,
2019020463,WPG,ANA,2019-12-08,-155.0,135.0,5.5,-105.0,-115.0,,,,,
2019020464,FLA,SJS,2019-12-08,-143.0,123.0,6.5,-115.0,-105.0,,,,,
2019020465,CHI,ARI,2019-12-08,-115.0,-105.0,5.5,100.0,-120.0,,,,,
2019020466,VGK,NYR,2019-12-08,-200.0,180.0,6.5,-105.0,-115.0,,,,,
2019020467,EDM,BUF,2019-12-08,-180.0,160.0,6.0,-125.0,105.0,,,,,
2019020468,TBL,NYI,2019-12-09,-175.0,155.0,6.0,-115.0,-105.0,,,,,
2019020469,WSH,CBJ,2019-12-09,-230.0,185.0,6.0,-110.0,-110.0,,,,,
2019020470,OTT,BOS,2019-12-09,159.0,-178.0,6.0,103.0,-123.0,,,,,
2019020471,COL,CGY,2019-12-09,-140.0,120.0,6.0,-110.0,-110.0,,,,,
2019020472,BUF,STL,2019-12-10,115.0,-135.0,5.5,-115.0,-105.0,,,,,
2019020473,FLA,TBL,2019-12-10,-109.0,-101.0,6.5,-125.0,105.0,,,,,
2019020474,PIT,MTL,2019-12-10,-140.0,130.0,6.0,-113.0,-107.0,,,,,
2019020475,NSH,SJS,2019-12-10,-170.0,148.0,6.5,-107.0,-105.0,,,,,
2019020476,MIN,ANA,2019-12-10,-147.0,127.0,5.5,110.0,-130.0,,,,,
2019020477,WPG,DET,2019-12-10,-250.0,207.0,6.0,-120.0,100.0,,,,,
2019020478,DAL,NJD,2019-12-10,-200.0,170.0,5.5,-105.0,-115.0,,,,,
2019020479,EDM,CAR,2019-12-10,102.0,-113.0,6.0,-105.0,-115.0,,,,,
2019020480,ARI,CGY,2019-12-10,-133.0,120.0,5.5,105.0,-125.0,,,,,
2019020481,VAN,TOR,2019-12-10,100.0,-120.0,6.5,-113.0,-107.0,,,,,
2019020482,VGK,CHI,2019-12-10,-210.0,175.0,6.5,-105.0,-115.0,,,,,
2019020483,LAK,NYR,2019-12-10,-125.0,105.0,6.0,100.0,-120.0,,,,,
2019020484,WSH,BOS,2019-12-11,-128.0,108.0,6.0,-108.0,-104.0,,,,,
2019020485,MTL,OTT,2019-12-11,-155.0,135.0,6.5,-110.0,-110.0,,,,,
2019020486,COL,PHI,2019-12-11,-160.0,140.0,6.0,-120.0,100.0,,,,,
2019020487,BUF,NSH,2019-12-12,125.0,-145.0,6.0,-105.0,-115.0,,,,,
2019020488,TBL,BOS,2019-12-12,-135.0,115.0,6.0,-110.0,-110.0,,,,,
2019020489,FLA,NYI,2019-12-12,-125.0,105.0,6.0,100.0,-120.0,,,,,
2019020490,PIT,CBJ,2019-12-12,-155.0,135.0,5.5,-120.0,100.0,,,,,
2019020491,DET,WPG,2019-12-12,184.0,-220.0,6.0,100.0,-120.0,,,,,
2019020492,STL,VGK,2019-12-12,-113.0,103.0,5.5,-110.0,-110.0,,,,,
2019020493,MIN,EDM,2019-12-12,-116.0,106.0,5.5,-115.0,-105.0,,,,,
2019020494,CGY,TOR,2019-12-12,105.0,-125.0,6.0,-125.0,105.0,,,,,
2019020495,ARI,CHI,2019-12-12,-155.0,135.0,5.5,-105.0,-115.0,,,,,
2019020496,VAN,CAR,2019-12-12,100.0,-111.0,6.0,-115.0,-105.0,,,,,
2019020497,ANA,LAK,2019-12-12,-145.0,125.0,5.5,115.0,-135.0,,,,,
2019020498,SJS,NYR,2019-12-12,-160.0,140.0,6.5,100.0,-120.0,,,,,
2019020499,DAL,VGK,2019-12-13,-160.0,144.0,5.5,110.0,-130.0,,,,,
2019020500,COL,NJD,2019-12-13,-240.0,200.0,6.5,-101.0,-119.0,,,,,
2019020501,OTT,CBJ,2019-12-14,-110.0,-110.0,5.5,-115.0,-105.0,,,,,
2019020502,NYI,BUF,2019-12-14,-167.0,150.0,5.5,105.0,-125.0,,,,,
2019020503,CGY,CAR,2019-12-14,-105.0,-115.0,6.0,100.0,-120.0,,,,,
2019020504,ANA,NYR,2019-12-14,-138.0,118.0,5.5,-115.0,-105.0,,,,,
2019020505,NSH,DAL,2019-12-14,-150.0,130.0,5.5,120.0,-140.0,,,,,
2019020506,MTL,DET,2019-12-14,-245.0,205.0,6.0,-119.0,-101.0,,,,,
2019020507,TBL,WSH,2019-12-14,-136.0,126.0,6.5,100.0,-120.0,,,,,
2019020508,FLA,BOS,2019-12-14,100.0,-120.0,6.0,-110.0,-110.0,,,,,
2019020509,PIT,LAK,2019-12-14,-200.0,170.0,5.5,-115.0,-105.0,,,,,
2019020510,MIN,PHI,2019-12-14,-125.0,105.0,5.5,-115.0,-105.0,,,,,
2019020511,EDM,TOR,2019-12-14,120.0,-130.0,6.5,-110.0,-110.0,,,,,
2019020512,STL,CHI,2019-12-14,-190.0,165.0,6.0,-110.0,-110.0,,,,,
2019020513,ARI,NJD,2019-12-14,-220.0,180.0,5.5,-105.0,-115.0,,,,,
2019020514,SJS,VAN,2019-12-14,-125.0,105.0,6.0,-115.0,-105.0,,,,,
2019020515,WPG,PHI,2019-12-15,-155.0,135.0,6.0,104.0,-117.0,,,,,
2019020516,DET,LAK,2019-12-15,110.0,-130.0,5.5,-119.0,-101.0,,,,,
2019020517,CHI,MIN,2019-12-15,-110.0,-110.0,5.5,-125.0,105.0,,,,,
2019020518,VGK,VAN,2019-12-15,-195.0,168.0,6.0,-110.0,-110.0,,,,,
2019020519,FLA,OTT,2019-12-16,-190.0,165.0,6.5,-110.0,-110.0,,,,,
2019020520,NYR,NSH,2019-12-16,110.0,-130.0,6.0,-115.0,-105.0,,,,,
2019020521,CBJ,WSH,2019-12-16,145.0,-165.0,6.0,-115.0,-105.0,,,,,
2019020522,STL,COL,2019-12-16,-118.0,-102.0,5.5,-115.0,-105.0,,,,,
2019020523,DAL,EDM,2019-12-16,-180.0,160.0,5.5,105.0,-125.0,,,,,
2019020524,BOS,LAK,2019-12-17,-270.0,234.0,5.5,-110.0,-110.0,,,,,
2019020525,TOR,BUF,2019-12-17,-200.0,175.0,6.5,100.0,-120.0,,,,,
2019020526,TBL,OTT,2019-12-17,-418.0,346.0,6.5,-110.0,-110.0,,,,,
2019020527,NYI,NSH,2019-12-17,-145.0,125.0,5.5,111.0,-125.0,,,,,
2019020528,PHI,ANA,2019-12-17,-135.0,115.0,5.5,-115.0,-105.0,,,,,
2019020529,DET,CBJ,2019-12-17,125.0,-145.0,6.0,-105.0,-115.0,,,,,
2019020530,WPG,CAR,2019-12-17,100.0,-120.0,6.0,100.0,-120.0,,,,,
2019020531,CGY,PIT,2019-12-17,-112.0,101.0,6.0,-105.0,-115.0,,,,,
2019020532,VAN,MTL,2019-12-17,-115.0,-105.0,6.0,100.0,-120.0,,,,,
2019020533,VGK,MIN,2019-12-17,-208.0,184.0,6.0,105.0,-125.0,,,,,
2019020534,SJS,ARI,2019-12-17,-105.0,-115.0,5.5,-115.0,-105.0,,,,,
2019020535,NJD,ANA,2019-12-18,-119.0,-101.0,5.5,-110.0,-110.0,,,,,
2019020536,CHI,COL,2019-12-18,130.0,-150.0,6.5,100.0,-120.0,,,,,
2019020537,STL,EDM,2019-12-18,-160.0,145.0,5.5,-120.0,100.0,,,,,
2019020538,BOS,NYI,2019-12-19,-188.0,167.0,5.5,115.0,-135.0,,,,,
2019020539,TBL,DAL,2019-12-19,-165.0,144.0,5.5,-120.0,100.0,,,,,
2019020540,PHI,BUF,2019-12-19,-145.0,125.0,6.0,-110.0,-110.0,,,,,
2019020541,CBJ,LAK,2019-12-19,-145.0,125.0,5.5,-120.0,100.0,,,,,
2019020542,OTT,NSH,2019-12-19,130.0,-144.0,6.5,100.0,-120.0,,,,,
2019020543,WPG,CHI,2019-12-19,-164.0,143.0,6.5,-105.0,-115.0,,,,,
2019020544,COL,CAR,2019-12-19,-120.0,100.0,6.0,-115.0,-105.0,,,,,
2019020545,CGY,MTL,2019-12-19,-132.0,112.0,5.5,-120.0,100.0,,,,,
2019020546,ARI,MIN,2019-12-19,-160.0,140.0,5.5,110.0,-130.0,,,,,
2019020547,VAN,VGK,2019-12-19,115.0,-135.0,6.0,-105.0,-115.0,,,,,
2019020548,FLA,DAL,2019-12-20,-122.0,110.0,5.5,-101.0,-111.0,,,,,
2019020549,NJD,WSH,2019-12-20,161.0,-187.0,6.0,-108.0,-112.0,,,,,
2019020550,NYR,TOR,2019-12-20,140.0,-160.0,6.5,105.0,-125.0,,,,,
2019020551,EDM,PIT,2019-12-20,100.0,-120.0,6.0,-105.0,-115.0,,,,,
2019020552,BUF,LAK,2019-12-21,-140.0,120.0,6.0,-105.0,-115.0,,,,,
2019020553,NYI,ANA,2019-12-21,-170.0,150.0,5.0,-130.0,110.0,,,,,
2019020554,MIN,WPG,2019-12-21,-127.0,107.0,5.5,-125.0,105.0,,,,,
2019020555,BOS,NSH,2019-12-21,-155.0,135.0,6.0,-101.0,-119.0,,,,,
2019020556,TOR,DET,2019-12-21,-270.0,230.0,6.5,-130.0,110.0,,,,,
2019020557,OTT,PHI,2019-12-21,120.0,-140.0,6.0,-115.0,-105.0,,,,,
2019020558,WSH,TBL,2019-12-21,-110.0,-110.0,6.5,-115.0,-105.0,,,,,
2019020559,CAR,FLA,2019-12-21,-182.0,163.0,6.5,100.0,-120.0,,,,,
2019020560,CBJ,NJD,2019-12-21,-194.0,172.0,5.5,-110.0,-110.0,,,,,
2019020561,EDM,MTL,2019-12-21,105.0,-115.0,6.0,100.0,-120.0,,,,,
2019020562,COL,CHI,2019-12-21,-215.0,178.0,6.5,100.0,-120.0,,,,,
2019020563,VAN,PIT,2019-12-21,-121.0,110.0,6.0,-105.0,-115.0,,,,,
2019020564,SJS,STL,2019-12-21,100.0,-120.0,5.5,-110.0,-110.0,,,,,
2019020565,NYR,ANA,2019-12-22,-170.0,152.0,5.5,-110.0,-110.0,,,,,
2019020566,DET,ARI,2019-12-22,190.0,-230.0,5.5,-115.0,-105.0,,,,,
2019020567,DAL,CGY,2019-12-22,-145.0,125.0,5.0,-145.0,125.0,,,,,
2019020568,SJS,VGK,2019-12-22,128.0,-142.0,6.0,-125.0,105.0,,,,,
2019020569,TOR,CAR,2019-12-23,-130.0,118.0,6.5,100.0,-120.0,,,,,
2019020570,MIN,CGY,2019-12-23,-130.0,110.0,5.5,-120.0,100.0,,,,,
2019020571,BOS,WSH,2019-12-23,-125.0,115.0,6.0,-105.0,-115.0,,,,,
2019020572,TBL,FLA,2019-12-23,-180.0,161.0,6.5,-120.0,100.0,,,,,
2019020573,NYI,CBJ,2019-12-23,-162.0,146.0,5.0,-140.0,120.0,,,,,
2019020574,PHI,NYR,2019-12-23,-175.0,155.0,6.0,-115.0,-105.0,,,,,
2019020575,OTT,BUF,2019-12-23,100.0,-120.0,6.5,105.0,-125.0,,,,,
2019020576,NSH,ARI,2019-12-23,-150.0,130.0,6.0,-110.0,-110.0,,,,,
2019020577,WPG,MTL,2019-12-23,-110.0,-110.0,6.0,-105.0,-115.0,,,,,
2019020578,CHI,NJD,2019-12-23,-155.0,135.0,6.0,-115.0,-105.0,,,,,
2019020579,VAN,EDM,2019-12-23,-140.0,120.0,6.0,-105.0,-115.0,,,,,
2019020580,VGK,COL,2019-12-23,-135.0,115.0,6.0,-115.0,-105.0,,,,,
2019020581,LAK,STL,2019-12-23,130.0,-140.0,5.5,110.0,-130.0,,,,,
2019020582,BUF,BOS,2019-12-27,120.0,-140.0,5.5,-120.0,100.0,,,,,
2019020583,NJD,TOR,2019-12-27,150.0,-170.0,6.0,-130.0,110.0,,,,,
2019020584,NYR,CAR,2019-12-27,135.0,-155.0,6.0,-115.0,-105.0,,,,,
2019020585,WSH,CBJ,2019-12-27,-215.0,185.0,6.0,-105.0,-115.0,,,,,
2019020586,NSH,PIT,2019-12-27,-140.0,120.0,6.0,-105.0,-115.0,,,,,
2019020587,WPG,STL,2019-12-27,114.0,-126.0,5.5,-115.0,-105.0,,,,,
2019020588,COL,MIN,2019-12-27,-200.0,170.0,6.0,-103.0,-109.0,,,,,
2019020589,CHI,NYI,2019-12-27,120.0,-140.0,5.5,-115.0,-105.0,,,,,
2019020590,EDM,CGY,2019-12-27,-105.0,-115.0,6.0,-105.0,-115.0,,,,,
2019020591,ANA,VGK,2019-12-27,130.0,-150.0,5.5,100.0,-120.0,,,,,
2019020592,SJS,LAK,2019-12-27,-150.0,135.0,6.0,100.0,-120.0,,,,,
2019020593,TOR,NYR,2019-12-28,-235.0,195.0,6.5,-105.0,-115.0,,,,,
2019020594,TBL,MTL,2019-12-28,-192.0,171.0,6.5,-105.0,-115.0,,,,,
2019020595,FLA,DET,2019-12-28,-300.0,250.0,6.5,-105.0,-115.0,,,,,
2019020596,PIT,NSH,2019-12-28,-124.0,104.0,6.0,-105.0,-115.0,,,,,
2019020597,CAR,WSH,2019-12-28,-120.0,100.0,6.0,-120.0,100.0,,,,,
2019020598,DAL,COL,2019-12-28,-120.0,109.0,5.5,-105.0,-115.0,,,,,
2019020599,VAN,LAK,2019-12-28,-174.0,156.0,6.0,105.0,-125.0,,,,,
2019020600,VGK,ARI,2019-12-28,-140.0,120.0,5.5,-115.0,-105.0,,,,,
2019020601,SJS,PHI,2019-12-28,110.0,-130.0,6.0,-110.0,-110.0,,,,,
2019020602,STL,WPG,2019-12-29,-185.0,165.0,6.0,100.0,-120.0,,,,,
2019020603,OTT,NJD,2019-12-29,-133.0,113.0,6.0,-120.0,100.0,,,,,
2019020604,CBJ,CHI,2019-12-29,-155.0,135.0,6.0,105.0,-125.0,,,,,
2019020605,MIN,NYI,2019-12-29,-110.0,-110.0,5.5,100.0,-120.0,,,,,
2019020606,BOS,BUF,2019-12-29,-225.0,188.0,5.5,-115.0,-105.0,,,,,
2019020607,TBL,DET,2019-12-29,-400.0,333.0,6.5,-111.0,-109.0,,,,,
2019020608,FLA,MTL,2019-12-29,-125.0,105.0,6.5,-105.0,-115.0,,,,,
2019020609,ARI,DAL,2019-12-29,-115.0,-105.0,5.0,-135.0,115.0,,,,,
2019020610,ANA,PHI,2019-12-29,-110.0,-110.0,5.5,-110.0,-110.0,,,,,
2019020611,CGY,VAN,2019-12-29,-198.0,176.0,6.0,100.0,-120.0,,,,,
2019020612,PIT,OTT,2019-12-30,-290.0,250.0,6.5,100.0,-120.0,,,,,
2019020613,NJD,BOS,2019-12-31,160.0,-180.0,5.5,-120.0,100.0,,,,,
2019020614,WSH,NYI,2019-12-31,-172.0,154.0,5.5,-120.0,100.0,,,,,
2019020615,VGK,ANA,2019-12-31,-235.0,200.0,5.5,-101.0,-119.0,,,,,
2019020616,MIN,TOR,2019-12-31,115.0,-135.0,6.0,-130.0,110.0,,,,,
2019020617,BUF,TBL,2019-12-31,150.0,-165.0,6.5,105.0,-125.0,,,,,
2019020618,CAR,MTL,2019-12-31,-176.0,158.0,6.5,-110.0,-110.0,,,,,
2019020619,CBJ,FLA,2019-12-31,100.0,-120.0,6.5,-110.0,-110.0,,,,,
2019020620,DET,SJS,2019-12-31,150.0,-170.0,6.0,-115.0,-105.0,,,,,
2019020621,COL,WPG,2019-12-31,-210.0,190.0,6.5,100.0,-120.0,,,,,
2019020622,CGY,CHI,2019-12-31,-185.0,165.0,6.0,-120.0,100.0,,,,,
2019020623,EDM,NYR,2019-12-31,-132.0,112.0,6.5,-105.0,-115.0,,,,,
2019020624,ARI,STL,2019-12-31,100.0,-120.0,5.5,115.0,-135.0,,,,,
2019020625,LAK,PHI,2019-12-31,100.0,-111.0,5.5,100.0,-120.0,,,,,
2019020626,DAL,NSH,2020-01-01,-125.0,105.0,5.5,116.0,-131.0,,,,,
2019020627,BOS,CBJ,2020-01-02,-230.0,192.0,5.5,-105.0,-115.0,,,,,
2019020628,BUF,EDM,2020-01-02,-125.0,105.0,6.0,-120.0,100.0,,,,,
2019020629,MTL,TBL,2020-01-02,127.0,-137.0,6.5,-120.0,100.0,,,,,
2019020630,NYI,NJD,2020-01-02,-217.0,192.0,5.5,100.0,-120.0,,,,,
2019020631,PIT,SJS,2020-01-02,-180.0,158.0,6.5,105.0,-125.0,,,,,
2019020632,OTT,FLA,2020-01-02,125.0,-145.0,6.5,-120.0,100.0,,,,,
2019020633,WPG,TOR,2020-01-02,125.0,-145.0,6.5,-125.0,105.0,,,,,
2019020634,COL,STL,2020-01-02,-135.0,115.0,6.0,100.0,-120.0,,,,,
2019020635,CGY,NYR,2020-01-02,-165.0,145.0,6.5,102.0,-115.0,,,,,
2019020636,ARI,ANA,2020-01-02,-170.0,150.0,5.0,-140.0,120.0,,,,,
2019020637,VAN,CHI,2020-01-02,-150.0,130.0,6.0,-120.0,100.0,,,,,
2019020638,VGK,PHI,2020-01-02,-175.0,151.0,6.0,-110.0,-110.0,,,,,
2019020639,CAR,WSH,2020-01-03,-115.0,-105.0,6.5,-105.0,-115.0,,,,,
2019020640,DAL,DET,2020-01-03,-320.0,260.0,5.5,100.0,-120.0,,,,,
2019020641,BOS,EDM,2020-01-04,-225.0,190.0,6.0,100.0,-120.0,,,,,
2019020642,CBJ,SJS,2020-01-04,-135.0,115.0,5.5,-120.0,100.0,,,,,
2019020643,MIN,WPG,2020-01-04,-137.0,124.0,6.0,-110.0,-110.0,,,,,
2019020644,VGK,STL,2020-01-04,-134.0,122.0,5.5,-120.0,100.0,,,,,
2019020645,BUF,FLA,2020-01-04,108.0,-119.0,6.5,-115.0,-105.0,,,,,
2019020646,TOR,NYI,2020-01-04,-150.0,135.0,6.0,-120.0,100.0,,,,,
2019020647,MTL,PIT,2020-01-04,-120.0,100.0,6.0,-115.0,-105.0,,,,,
2019020648,OTT,TBL,2020-01-04,185.0,-225.0,6.5,-118.0,105.0,,,,,
2019020649,NJD,COL,2020-01-04,175.0,-200.0,6.5,100.0,-120.0,,,,,
2019020650,ARI,PHI,2020-01-04,-130.0,120.0,5.5,-105.0,-115.0,,,,,
2019020651,VAN,NYR,2020-01-04,-155.0,135.0,6.5,-110.0,-110.0,,,,,
2019020652,LAK,NSH,2020-01-04,105.0,-125.0,6.0,-105.0,-115.0,,,,,
2019020653,WSH,SJS,2020-01-05,-250.0,210.0,6.5,-105.0,-115.0,,,,,
2019020654,PIT,FLA,2020-01-05,-160.0,140.0,6.5,100.0,-120.0,,,,,
2019020655,CAR,TBL,2020-01-05,-123.0,111.0,6.5,-115.0,-105.0,,,,,
2019020656,MIN,CGY,2020-01-05,100.0,-110.0,6.0,-101.0,-119.0,,,,,
2019020657,CHI,DET,2020-01-05,-205.0,182.0,6.5,-110.0,-110.0,,,,,
2019020658,ANA,NSH,2020-01-05,115.0,-125.0,5.5,-115.0,-105.0,,,,,
2019020659,TOR,EDM,2020-01-06,-210.0,190.0,6.5,-115.0,-105.0,,,,,
2019020660,MTL,WPG,2020-01-06,-140.0,130.0,6.5,100.0,-120.0,,,,,
2019020661,NYI,COL,2020-01-06,106.0,-126.0,5.5,-120.0,100.0,,,,,
2019020662,LAK,CBJ,2020-01-06,-110.0,-110.0,5.5,120.0,-140.0,,,,,
2019020663,TBL,VAN,2020-01-07,-210.0,180.0,6.5,-110.0,-110.0,,,,,
2019020664,FLA,ARI,2020-01-07,-137.0,124.0,6.0,-113.0,-107.0,,,,,
2019020665,NJD,NYI,2020-01-07,105.0,-125.0,5.5,110.0,-130.0,,,,,
2019020666,NYR,COL,2020-01-07,125.0,-145.0,6.5,-120.0,100.0,,,,,
2019020667,WSH,OTT,2020-01-07,-280.0,240.0,6.5,-130.0,110.0,,,,,
2019020668,CAR,PHI,2020-01-07,-165.0,145.0,6.5,100.0,-120.0,,,,,
2019020669,DET,MTL,2020-01-07,135.0,-155.0,6.0,-115.0,-105.0,,,,,
2019020670,STL,SJS,2020-01-07,-190.0,165.0,5.5,-110.0,-110.0,,,,,
2019020671,NSH,BOS,2020-01-07,100.0,-120.0,6.0,100.0,-120.0,,,,,
2019020672,CHI,CGY,2020-01-07,115.0,-135.0,6.5,-105.0,-115.0,,,,,
2019020673,VGK,PIT,2020-01-07,-174.0,156.0,6.0,-105.0,-115.0,,,,,
2019020674,ANA,CBJ,2020-01-07,-120.0,110.0,5.5,110.0,-130.0,,,,,
2019020675,TOR,WPG,2020-01-08,-195.0,174.0,6.5,-125.0,105.0,,,,,
2019020676,PHI,WSH,2020-01-08,110.0,-120.0,6.5,-105.0,-115.0,,,,,
2019020677,LAK,DAL,2020-01-08,120.0,-140.0,5.0,-140.0,120.0,,,,,
2019020678,BOS,WPG,2020-01-09,-243.0,213.0,6.0,-107.0,-113.0,,,,,
2019020679,MTL,EDM,2020-01-09,-130.0,110.0,6.0,-120.0,100.0,,,,,
2019020680,TBL,ARI,2020-01-09,-215.0,180.0,6.5,100.0,-120.0,,,,,
2019020681,FLA,VAN,2020-01-09,-150.0,130.0,6.5,-130.0,110.0,,,,,
2019020682,NYR,NJD,2020-01-09,-153.0,133.0,6.5,100.0,-120.0,,,,,
2019020683,STL,BUF,2020-01-09,-210.0,175.0,5.5,-115.0,-105.0,,,,,
2019020684,CHI,NSH,2020-01-09,120.0,-140.0,6.5,-107.0,-113.0,,,,,
2019020685,CGY,MIN,2020-01-09,-153.0,133.0,6.0,-110.0,-110.0,,,,,
2019020686,VGK,LAK,2020-01-09,-260.0,220.0,5.5,-115.0,102.0,,,,,
2019020687,ANA,DAL,2020-01-09,114.0,-125.0,5.0,-129.0,114.0,,,,,
2019020688,SJS,CBJ,2020-01-09,-122.0,112.0,5.5,-110.0,-110.0,,,,,
2019020689,DET,OTT,2020-01-10,100.0,-120.0,6.5,100.0,-120.0,,,,,
2019020690,CAR,ARI,2020-01-10,-175.0,155.0,5.5,-115.0,-105.0,,,,,
2019020691,COL,PIT,2020-01-10,-160.0,140.0,6.5,100.0,-120.0,,,,,
2019020692,BUF,VAN,2020-01-11,-110.0,-110.0,6.0,-110.0,-110.0,,,,,
2019020693,OTT,MTL,2020-01-11,125.0,-135.0,6.5,-110.0,-110.0,,,,,
2019020694,NYI,BOS,2020-01-11,111.0,-131.0,5.5,120.0,-140.0,,,,,
2019020695,PHI,TBL,2020-01-11,120.0,-130.0,6.5,-107.0,-105.0,,,,,
2019020696,WSH,NJD,2020-01-11,-300.0,250.0,6.5,-120.0,100.0,,,,,
2019020697,CAR,LAK,2020-01-11,-210.0,180.0,6.0,-105.0,-115.0,,,,,
2019020698,STL,NYR,2020-01-11,-200.0,170.0,6.0,-120.0,100.0,,,,,
2019020699,CHI,ANA,2020-01-11,-130.0,110.0,5.5,-120.0,100.0,,,,,
2019020700,CGY,EDM,2020-01-11,-145.0,125.0,6.0,-110.0,-110.0,,,,,
2019020701,VGK,CBJ,2020-01-11,-210.0,176.0,5.5,-111.0,-101.0,,,,,
2019020702,SJS,DAL,2020-01-11,107.0,-117.0,5.5,115.0,-135.0,,,,,
2019020703,WPG,NSH,2020-01-12,100.0,-120.0,6.5,-101.0,-119.0,,,,,
2019020704,MIN,VAN,2020-01-12,-155.0,140.0,6.0,-115.0,-105.0,,,,,
2019020705,DET,BUF,2020-01-12,110.0,-130.0,5.5,-110.0,-110.0,,,,,
2019020706,ARI,PIT,2020-01-12,100.0,-120.0,5.5,105.0,-125.0,,,,,
2019020707,FLA,TOR,2020-01-12,105.0,-125.0,6.5,-135.0,115.0,,,,,
2019020708,NJD,TBL,2020-01-12,182.0,-205.0,6.5,-115.0,-105.0,,,,,
2019020709,MTL,CGY,2020-01-13,-110.0,100.0,6.0,100.0,-120.0,,,,,
2019020710,NYR,NYI,2020-01-13,105.0,-125.0,6.0,-105.0,-115.0,,,,,
2019020711,PHI,BOS,2020-01-13,110.0,-130.0,5.5,-111.0,-102.0,,,,,
2019020712,WSH,CAR,2020-01-13,-140.0,120.0,6.5,-110.0,-110.0,,,,,
2019020713,STL,ANA,2020-01-13,-220.0,180.0,5.5,105.0,-125.0,,,,,
2019020714,BUF,VGK,2020-01-14,150.0,-170.0,6.0,-105.0,-115.0,,,,,
2019020715,TOR,NJD,2020-01-14,-280.0,242.0,6.5,-125.0,105.0,,,,,
2019020716,TBL,LAK,2020-01-14,-280.0,230.0,6.0,-106.0,-106.0,,,,,
2019020717,NYI,DET,2020-01-14,-245.0,203.0,5.5,-105.0,-115.0,,,,,
2019020718,PIT,MIN,2020-01-14,-170.0,155.0,6.0,-115.0,-105.0,,,,,
2019020719,CBJ,BOS,2020-01-14,125.0,-145.0,5.5,115.0,-135.0,,,,,
2019020720,OTT,CHI,2020-01-14,-110.0,-110.0,6.5,100.0,-120.0,,,,,
2019020721,WPG,VAN,2020-01-14,-130.0,110.0,6.5,105.0,-125.0,,,,,
2019020722,COL,DAL,2020-01-14,-140.0,120.0,5.5,105.0,-125.0,,,,,
2019020723,EDM,NSH,2020-01-14,105.0,-125.0,6.5,100.0,-120.0,,,,,
2019020724,ARI,SJS,2020-01-14,-135.0,115.0,5.5,115.0,-135.0,,,,,
2019020725,MTL,CHI,2020-01-15,-170.0,155.0,6.0,-110.0,-110.0,,,,,
2019020726,STL,PHI,2020-01-15,-190.0,165.0,6.0,-102.0,-110.0,,,,,
2019020727,BOS,PIT,2020-01-16,-125.0,105.0,6.0,-107.0,-113.0,,,,,
2019020728,TOR,CGY,2020-01-16,-150.0,130.0,6.5,-115.0,-105.0,,,,,
2019020729,FLA,LAK,2020-01-16,-175.0,155.0,6.5,-105.0,-115.0,,,,,
2019020730,NYI,NYR,2020-01-16,-155.0,135.0,6.0,-120.0,100.0,,,,,
2019020731,PHI,MTL,2020-01-16,-130.0,110.0,6.0,100.0,-120.0,,,,,
2019020732,WSH,NJD,2020-01-16,-320.0,260.0,6.5,-106.0,-106.0,,,,,
2019020733,CBJ,CAR,2020-01-16,115.0,-135.0,5.5,110.0,-130.0,,,,,
2019020734,OTT,VGK,2020-01-16,150.0,-170.0,6.0,-120.0,100.0,,,,,
2019020735,NSH,ANA,2020-01-16,-190.0,163.0,6.0,100.0,-120.0,,,,,
2019020736,MIN,TBL,2020-01-16,135.0,-155.0,6.5,-105.0,-115.0,,,,,
2019020737,DAL,BUF,2020-01-16,-210.0,175.0,5.0,-134.0,119.0,,,,,
2019020738,COL,SJS,2020-01-16,-230.0,185.0,6.5,100.0,-120.0,,,,,
2019020739,VAN,ARI,2020-01-16,-115.0,105.0,5.5,-115.0,-105.0,,,,,
2019020740,DET,PIT,2020-01-17,211.0,-255.0,6.0,-104.0,-108.0,,,,,
2019020741,CAR,ANA,2020-01-17,-220.0,180.0,5.5,-110.0,-110.0,,,,,
2019020742,WPG,TBL,2020-01-17,121.0,-141.0,6.0,-120.0,100.0,,,,,
2019020743,NYI,WSH,2020-01-18,115.0,-135.0,6.0,-105.0,-115.0,,,,,
2019020744,COL,STL,2020-01-18,-135.0,115.0,6.0,-105.0,-115.0,,,,,
2019020745,EDM,ARI,2020-01-18,-115.0,-105.0,5.5,-110.0,-110.0,,,,,
2019020746,OTT,CGY,2020-01-18,145.0,-165.0,6.0,105.0,-125.0,,,,,
2019020747,TOR,CHI,2020-01-18,-200.0,175.0,6.5,-135.0,115.0,,,,,
2019020748,MTL,VGK,2020-01-18,105.0,-125.0,6.0,-105.0,-115.0,,,,,
2019020749,DET,FLA,2020-01-18,197.0,-223.0,6.0,-125.0,105.0,,,,,
2019020750,PHI,LAK,2020-01-18,-150.0,135.0,5.5,-120.0,100.0,,,,,
2019020751,CBJ,NJD,2020-01-18,-190.0,165.0,5.5,-105.0,-115.0,,,,,
2019020752,NSH,BUF,2020-01-18,-185.0,165.0,6.0,-115.0,-105.0,,,,,
2019020753,MIN,DAL,2020-01-18,-110.0,-110.0,5.0,-135.0,115.0,,,,,
2019020754,VAN,SJS,2020-01-18,-140.0,120.0,6.0,-105.0,-115.0,,,,,
2019020755,PIT,BOS,2020-01-19,-119.0,108.0,6.0,100.0,-120.0,,,,,
2019020756,CAR,NYI,2020-01-19,-180.0,155.0,5.5,-110.0,-110.0,,,,,
2019020757,NYR,CBJ,2020-01-19,-133.0,120.0,6.0,-105.0,-115.0,,,,,
2019020758,CHI,WPG,2020-01-19,-111.0,-109.0,6.0,-115.0,-105.0,,,,,
2019020759,COL,DET,2020-01-20,-430.0,360.0,6.5,100.0,-120.0,,,,,
2019020760,MIN,FLA,2020-01-20,-110.0,-110.0,6.0,-120.0,100.0,,,,,
2019020761,BOS,VGK,2020-01-21,-151.0,136.0,6.0,100.0,-120.0,,,,,
2019020762,NYR,NYI,2020-01-21,-110.0,-110.0,6.0,-105.0,-115.0,,,,,
2019020763,PHI,PIT,2020-01-21,112.0,-122.0,6.0,-120.0,100.0,,,,,
2019020764,CAR,WPG,2020-01-21,-166.0,145.0,6.0,103.0,-123.0,,,,,
2019020765,CHI,FLA,2020-01-21,-115.0,-105.0,6.5,-115.0,-105.0,,,,,
2019020766,CBJ,WPG,2020-01-22,-192.0,171.0,5.5,-116.0,-104.0,,,,,
2019020767,MIN,DET,2020-01-22,-280.0,245.0,6.0,102.0,-115.0,,,,,
2019020768,MTL,WSH,2020-01-27,105.0,-125.0,6.0,-115.0,-105.0,,,,,
2019020769,OTT,NJD,2020-01-27,-125.0,105.0,6.5,100.0,-120.0,,,,,
2019020770,NSH,TOR,2020-01-27,-115.0,-105.0,6.5,-120.0,100.0,,,,,
2019020771,DAL,TBL,2020-01-27,115.0,-135.0,5.5,-110.0,-110.0,,,,,
2019020772,VAN,STL,2020-01-27,115.0,-135.0,6.0,100.0,-120.0,,,,,
2019020773,SJS,ANA,2020-01-27,-150.0,130.0,5.5,107.0,-120.0,,,,,
2019020774,BUF,OTT,2020-01-28,-190.0,170.0,6.0,-115.0,-105.0,,,,,
2019020775,CGY,STL,2020-01-28,-114.0,104.0,5.5,-110.0,-110.0,,,,,
2019020776,WSH,NSH,2020-01-29,-155.0,135.0,6.5,-110.0,-110.0,,,,,
2019020777,DAL,TOR,2020-01-29,-112.0,102.0,6.0,-102.0,-118.0,,,,,
2019020778,EDM,CGY,2020-01-29,-120.0,100.0,6.0,-125.0,105.0,,,,,
2019020779,ANA,ARI,2020-01-29,105.0,-125.0,5.0,-135.0,120.0,,,,,
2019020780,LAK,TBL,2020-01-29,200.0,-240.0,6.0,-110.0,-110.0,,,,,
2019020781,SJS,VAN,2020-01-29,-115.0,-105.0,6.0,-105.0,-115.0,,,,,
2019020782,BUF,MTL,2020-01-30,100.0,-120.0,6.0,-110.0,-110.0,,,,,
2019020783,NJD,NSH,2020-01-30,124.0,-137.0,6.0,-120.0,100.0,,,,,
2019020784,ARI,LAK,2020-01-30,-165.0,145.0,5.5,105.0,-125.0,,,,,
2019020785,NYR,DET,2020-01-31,-245.0,215.0,6.0,-125.0,105.0,,,,,
2019020786,PIT,PHI,2020-01-31,-190.0,163.0,6.0,-120.0,100.0,,,,,
2019020787,OTT,WSH,2020-01-31,175.0,-210.0,6.5,-120.0,100.0,,,,,
2019020788,CAR,VGK,2020-01-31,-140.0,120.0,6.0,-125.0,-115.0,,,,,
2019020789,WPG,BOS,2020-01-31,160.0,-185.0,6.0,-120.0,100.0,,,,,
2019020790,EDM,STL,2020-01-31,105.0,-125.0,6.0,-105.0,-115.0,,,,,
2019020791,ANA,TBL,2020-01-31,172.0,-193.0,6.0,100.0,-120.0,,,,,
2019020792,BUF,CBJ,2020-02-01,-105.0,-115.0,5.5,111.0,-125.0,,,,,
2019020793,NYI,VAN,2020-02-01,-135.0,115.0,5.5,-115.0,-105.0,,,,,
2019020794,MTL,FLA,2020-02-01,-120.0,100.0,6.5,100.0,-113.0,,,,,
2019020795,TOR,OTT,2020-02-01,-280.0,243.0,7.0,105.0,-125.0,,,,,
2019020796,DET,NYR,2020-02-01,151.0,-175.0,6.0,-115.0,-105.0,,,,,
2019020797,NJD,DAL,2020-02-01,140.0,-160.0,5.5,100.0,-120.0,,,,,
2019020798,PHI,COL,2020-02-01,132.0,-152.0,6.0,-120.0,100.0,,,,,
2019020799,WPG,STL,2020-02-01,129.0,-143.0,6.0,-105.0,-115.0,,,,,
2019020800,NSH,VGK,2020-02-01,-125.0,113.0,6.0,-125.0,105.0,,,,,
2019020801,MIN,BOS,2020-02-01,110.0,-130.0,5.5,-115.0,102.0,,,,,
2019020802,ARI,CHI,2020-02-01,-140.0,120.0,6.0,100.0,-120.0,,,,,
2019020803,CGY,EDM,2020-02-01,-160.0,140.0,6.0,-125.0,105.0,,,,,
2019020804,LAK,ANA,2020-02-01,-125.0,105.0,5.5,105.0,-125.0,,,,,
2019020805,SJS,TBL,2020-02-01,142.0,-162.0,6.0,-117.0,-103.0,,,,,
2019020806,WSH,PIT,2020-02-02,-145.0,125.0,6.5,-115.0,-105.0,,,,,
2019020807,MTL,CBJ,2020-02-02,-132.0,120.0,5.5,103.0,-115.0,,,,,
2019020808,CAR,VAN,2020-02-02,-185.0,165.0,6.0,100.0,-120.0,,,,,
2019020809,TOR,FLA,2020-02-03,-170.0,150.0,6.5,-135.0,115.0,,,,,
2019020810,NYR,DAL,2020-02-03,115.0,-135.0,5.5,-110.0,-110.0,,,,,
2019020811,DET,PHI,2020-02-03,185.0,-230.0,6.0,100.0,-120.0,,,,,
2019020812,BOS,VAN,2020-02-04,-200.0,175.0,6.0,100.0,-120.0,,,,,
2019020813,BUF,COL,2020-02-04,153.0,-177.0,6.0,-113.0,101.0,,,,,
2019020814,TBL,VGK,2020-02-04,-170.0,152.0,6.5,100.0,-120.0,,,,,
2019020815,NJD,MTL,2020-02-04,110.0,-130.0,6.0,-115.0,-105.0,,,,,
2019020816,NYI,DAL,2020-02-04,-127.0,115.0,5.0,-130.0,110.0,,,,,
2019020817,WSH,LAK,2020-02-04,-245.0,215.0,6.0,-120.0,100.0,,,,,
2019020818,CBJ,FLA,2020-02-04,-135.0,115.0,6.0,-105.0,-115.0,,,,,
2019020819,OTT,ANA,2020-02-04,-115.0,-105.0,6.0,100.0,-120.0,,,,,
2019020820,STL,CAR,2020-02-04,-140.0,120.0,5.5,-107.0,-113.0,,,,,
2019020821,MIN,CHI,2020-02-04,-125.0,105.0,6.0,-120.0,100.0,,,,,
2019020822,WPG,NSH,2020-02-04,100.0,-120.0,6.5,-101.0,-111.0,,,,,
2019020823,CGY,SJS,2020-02-04,-180.0,160.0,6.0,-105.0,-115.0,,,,,
2019020824,ARI,EDM,2020-02-04,-117.0,-103.0,5.5,-120.0,100.0,,,,,
2019020825,NYR,TOR,2020-02-05,125.0,-145.0,7.0,110.0,-130.0,,,,,
2019020826,CHI,BOS,2020-02-05,135.0,-155.0,6.0,-110.0,-110.0,,,,,
2019020827,BUF,DET,2020-02-06,-220.0,180.0,6.0,105.0,-125.0,,,,,
2019020828,MTL,ANA,2020-02-06,-154.0,134.0,5.5,104.0,-117.0,,,,,
2019020829,TBL,PIT,2020-02-06,-160.0,140.0,6.5,100.0,-120.0,,,,,
2019020830,FLA,VGK,2020-02-06,115.0,-135.0,6.5,-105.0,-115.0,,,,,
2019020831,NYI,LAK,2020-02-06,-180.0,158.0,5.5,105.0,-125.0,,,,,
2019020832,PHI,NJD,2020-02-06,-230.0,185.0,6.0,-105.0,-115.0,,,,,
2019020833,OTT,COL,2020-02-06,180.0,-200.0,6.5,-125.0,105.0,,,,,
2019020834,STL,WPG,2020-02-06,-200.0,170.0,6.0,100.0,-120.0,,,,,
2019020835,MIN,VAN,2020-02-06,-130.0,117.0,6.0,-105.0,-115.0,,,,,
2019020836,CGY,NSH,2020-02-06,-110.0,-110.0,6.0,-111.0,-102.0,,,,,
2019020837,EDM,SJS,2020-02-06,-168.0,148.0,6.0,-120.0,100.0,,,,,
2019020838,ARI,CAR,2020-02-06,100.0,-120.0,5.5,-105.0,-115.0,,,,,
2019020839,TOR,ANA,2020-02-07,-250.0,220.0,6.5,-105.0,-115.0,,,,,
2019020840,NYR,BUF,2020-02-07,-165.0,150.0,6.5,100.0,-120.0,,,,,
2019020841,CBJ,DET,2020-02-07,-350.0,290.0,5.5,-105.0,-115.0,,,,,
2019020842,DAL,MIN,2020-02-07,-190.0,165.0,5.5,110.0,-130.0,,,,,
2019020843,WPG,OTT,2020-02-08,-155.0,140.0,6.0,-115.0,-105.0,,,,,
2019020844,BOS,ARI,2020-02-08,-235.0,195.0,5.5,100.0,-120.0,,,,,
2019020845,MTL,TOR,2020-02-08,-114.0,103.0,6.5,-109.0,-105.0,,,,,
2019020846,TBL,NYI,2020-02-08,-200.0,175.0,6.0,-110.0,-110.0,,,,,
2019020847,FLA,PIT,2020-02-08,-101.0,-109.0,6.5,-125.0,105.0,,,,,
2019020848,NJD,LAK,2020-02-08,-120.0,100.0,6.0,100.0,-120.0,,,,,
2019020849,WSH,PHI,2020-02-08,-177.0,152.0,6.5,-105.0,-115.0,,,,,
2019020850,CBJ,COL,2020-02-08,123.0,-143.0,5.5,-110.0,-102.0,,,,,
2019020851,EDM,NSH,2020-02-08,-105.0,-115.0,6.5,-107.0,-113.0,,,,,
2019020852,STL,DAL,2020-02-08,-170.0,150.0,5.5,120.0,-140.0,,,,,
2019020853,VAN,CGY,2020-02-08,-132.0,112.0,6.0,-110.0,-110.0,,,,,
2019020854,VGK,CAR,2020-02-08,-145.0,125.0,6.0,-110.0,-110.0,,,,,
2019020855,DET,BOS,2020-02-09,278.0,-326.0,5.5,-115.0,-105.0,,,,,
2019020856,BUF,ANA,2020-02-09,-120.0,100.0,5.5,100.0,-120.0,,,,,
2019020857,NYR,LAK,2020-02-09,-179.0,160.0,6.0,-115.0,-105.0,,,,,
2019020858,WPG,CHI,2020-02-09,-115.0,105.0,6.5,100.0,-120.0,,,,,
2019020859,MIN,COL,2020-02-09,112.0,-132.0,6.5,-105.0,-115.0,,,,,
2019020860,MTL,ARI,2020-02-10,-143.0,129.0,5.5,-105.0,-115.0,,,,,
2019020861,PHI,FLA,2020-02-10,-135.0,115.0,6.5,-115.0,-105.0,,,,,
2019020862,WSH,NYI,2020-02-10,-175.0,151.0,6.0,-110.0,-110.0,,,,,
2019020863,CBJ,TBL,2020-02-10,135.0,-155.0,5.5,105.0,-125.0,,,,,
2019020864,VAN,NSH,2020-02-10,100.0,-120.0,6.0,-115.0,-105.0,,,,,
2019020865,SJS,CGY,2020-02-10,102.0,-122.0,6.0,100.0,-120.0,,,,,
2019020866,BUF,DET,2020-02-11,-200.0,175.0,5.5,-105.0,-115.0,,,,,
2019020867,TOR,ARI,2020-02-11,-200.0,175.0,6.0,-120.0,100.0,,,,,
2019020868,NJD,FLA,2020-02-11,105.0,-125.0,6.5,-115.0,-105.0,,,,,
2019020869,NYI,PHI,2020-02-11,-130.0,110.0,6.0,100.0,-120.0,,,,,
2019020870,PIT,TBL,2020-02-11,-130.0,110.0,6.0,-110.0,-110.0,,,,,
2019020871,MIN,VGK,2020-02-11,130.0,-150.0,6.0,-120.0,100.0,,,,,
2019020872,WPG,NYR,2020-02-11,-125.0,114.0,6.5,-102.0,-110.0,,,,,
2019020873,DAL,CAR,2020-02-11,-115.0,105.0,5.5,121.0,-137.0,,,,,
2019020874,COL,OTT,2020-02-11,-280.0,230.0,6.5,-110.0,-110.0,,,,,
2019020875,EDM,CHI,2020-02-11,-115.0,-105.0,6.0,-110.0,-110.0,,,,,
2019020877,BOS,MTL,2020-02-12,-210.0,175.0,5.5,-108.0,-104.0,,,,,
2019020878,LAK,CGY,2020-02-12,115.0,-125.0,5.5,-115.0,-105.0,,,,,
2019020879,VAN,CHI,2020-02-12,-150.0,135.0,6.5,100.0,-120.0,,,,,
2019020880,BUF,CBJ,2020-02-13,-105.0,-105.0,5.5,115.0,-135.0,,,,,
2019020881,TOR,DAL,2020-02-13,-143.0,123.0,5.5,-115.0,-105.0,,,,,
2019020882,TBL,EDM,2020-02-13,-190.0,170.0,6.0,-105.0,-115.0,,,,,
2019020883,FLA,PHI,2020-02-13,-125.0,105.0,6.5,-115.0,-105.0,,,,,
2019020884,NJD,DET,2020-02-13,-170.0,148.0,5.5,-120.0,100.0,,,,,
2019020885,OTT,ARI,2020-02-13,115.0,-127.0,5.5,-130.0,110.0,,,,,
2019020886,NSH,NYI,2020-02-13,-140.0,120.0,6.0,105.0,-125.0,,,,,
2019020887,MIN,NYR,2020-02-13,-135.0,115.0,6.0,-120.0,100.0,,,,,
2019020888,COL,WSH,2020-02-13,-135.0,115.0,6.5,-115.0,-105.0,,,,,
2019020889,VGK,STL,2020-02-13,-135.0,115.0,6.0,105.0,-125.0,,,,,
2019020890,ANA,CGY,2020-02-13,-110.0,-110.0,5.5,101.0,-114.0,,,,,
2019020891,PIT,MTL,2020-02-14,-173.0,155.0,6.0,100.0,-120.0,,,,,
2019020892,CBJ,NYR,2020-02-14,-145.0,125.0,5.5,-105.0,-115.0,,,,,
2019020893,WPG,SJS,2020-02-14,-155.0,140.0,6.0,-101.0,-119.0,,,,,
2019020894,CAR,NJD,2020-02-14,-271.0,235.0,6.0,-120.0,100.0,,,,,
2019020895,BOS,DET,2020-02-15,-550.0,425.0,5.5,-110.0,-110.0,,,,,
2019020896,STL,NSH,2020-02-15,-135.0,115.0,5.5,-120.0,100.0,,,,,
2019020897,TBL,PHI,2020-02-15,-195.0,175.0,6.0,-117.0,-103.0,,,,,
2019020898,FLA,EDM,2020-02-15,-155.0,135.0,6.5,-115.0,-105.0,,,,,
2019020899,MIN,SJS,2020-02-15,-210.0,190.0,6.0,-101.0,-119.0,,,,,
2019020900,MTL,DAL,2020-02-15,105.0,-125.0,5.5,115.0,-135.0,,,,,
2019020901,OTT,TOR,2020-02-15,150.0,-170.0,6.5,-125.0,105.0,,,,,
2019020902,COL,LAK,2020-02-15,-270.0,230.0,6.0,-110.0,-110.0,,,,,
2019020903,CGY,CHI,2020-02-15,-135.0,115.0,6.5,-102.0,-111.0,,,,,
2019020904,ARI,WSH,2020-02-15,115.0,-135.0,6.0,-110.0,-110.0,,,,,
2019020905,VGK,NYI,2020-02-15,-176.0,158.0,6.0,100.0,-120.0,,,,,
2019020906,PIT,DET,2020-02-16,-500.0,384.0,6.0,-103.0,-117.0,,,,,
2019020907,NYR,BOS,2020-02-16,135.0,-150.0,6.0,-110.0,-110.0,,,,,
2019020908,CAR,EDM,2020-02-16,-215.0,180.0,6.0,100.0,-120.0,,,,,
2019020909,VAN,ANA,2020-02-16,-148.0,128.0,5.5,-110.0,-110.0,,,,,
2019020910,OTT,DAL,2020-02-16,140.0,-160.0,5.5,-105.0,-115.0,,,,,
2019020911,NJD,CBJ,2020-02-16,110.0,-130.0,5.5,115.0,-135.0,,,,,
2019020912,NSH,STL,2020-02-16,-113.0,-107.0,5.5,-115.0,-105.0,,,,,
2019020913,BUF,TOR,2020-02-16,125.0,-145.0,6.5,-105.0,-115.0,,,,,
2019020914,WPG,CHI,2020-02-16,-145.0,125.0,6.5,105.0,-125.0,,,,,
2019020915,CGY,ANA,2020-02-17,-185.0,165.0,6.0,-105.0,-115.0,,,,,
2019020916,ARI,NYI,2020-02-17,-125.0,105.0,5.0,-140.0,120.0,,,,,
2019020917,SJS,FLA,2020-02-17,130.0,-150.0,6.0,-105.0,-115.0,,,,,
2019020918,VGK,WSH,2020-02-17,-135.0,115.0,6.5,-105.0,-115.0,,,,,
2019020919,COL,TBL,2020-02-17,-101.0,-119.0,6.5,100.0,-120.0,,,,,
2019020920,PHI,CBJ,2020-02-18,-152.0,132.0,5.5,100.0,-120.0,,,,,
2019020921,PIT,TOR,2020-02-18,-140.0,120.0,6.5,-120.0,100.0,,,,,
2019020922,OTT,BUF,2020-02-18,100.0,-120.0,6.0,-110.0,-110.0,,,,,
2019020923,DET,MTL,2020-02-18,173.0,-205.0,5.5,100.0,-120.0,,,,,
2019020924,STL,NJD,2020-02-18,-281.0,243.0,6.0,-110.0,-110.0,,,,,
2019020925,NSH,CAR,2020-02-18,-123.0,103.0,6.0,-110.0,-110.0,,,,,
2019020926,WPG,LAK,2020-02-18,-172.0,149.0,5.5,-115.0,-105.0,,,,,
2019020927,CHI,NYR,2020-02-19,-132.0,122.0,6.5,-105.0,-115.0,,,,,
2019020928,DAL,ARI,2020-02-19,-165.0,145.0,5.0,-125.0,105.0,,,,,
2019020929,EDM,BOS,2020-02-19,165.0,-185.0,6.0,105.0,-125.0,,,,,
2019020930,COL,NYI,2020-02-19,-150.0,130.0,5.5,-120.0,100.0,,,,,
2019020931,ANA,FLA,2020-02-19,115.0,-135.0,6.5,100.0,-120.0,,,,,
2019020932,VAN,MIN,2020-02-19,-133.0,120.0,6.0,110.0,-130.0,,,,,
2019020933,TOR,PIT,2020-02-20,-115.0,104.0,6.5,-109.0,-105.0,,,,,
2019020934,NJD,SJS,2020-02-20,-135.0,115.0,6.0,100.0,-120.0,,,,,
2019020935,WSH,MTL,2020-02-20,-186.0,166.0,6.5,-110.0,-110.0,,,,,
2019020936,CBJ,PHI,2020-02-20,-115.0,-105.0,5.5,105.0,-125.0,,,,,
2019020937,OTT,WPG,2020-02-20,105.0,-125.0,6.5,-113.0,-107.0,,,,,
2019020938,STL,ARI,2020-02-20,-175.0,155.0,5.5,110.0,-130.0,,,,,
2019020939,VGK,TBL,2020-02-20,-107.0,-113.0,6.5,105.0,-125.0,,,,,
2019020940,LAK,FLA,2020-02-20,125.0,-145.0,6.0,-115.0,-105.0,,,,,
2019020941,NYI,DET,2020-02-21,-310.0,255.0,5.5,105.0,-125.0,,,,,
2019020942,CAR,NYR,2020-02-21,-162.0,142.0,6.5,100.0,-120.0,,,,,
2019020943,CHI,NSH,2020-02-21,110.0,-130.0,6.5,-105.0,-115.0,,,,,
2019020944,DAL,STL,2020-02-21,-165.0,145.0,5.5,120.0,-140.0,,,,,
2019020945,CGY,BOS,2020-02-21,125.0,-145.0,5.5,-117.0,104.0,,,,,
2019020946,EDM,MIN,2020-02-21,-115.0,-105.0,5.5,-115.0,-105.0,,,,,
2019020947,ANA,COL,2020-02-21,145.0,-165.0,5.5,-115.0,-105.0,,,,,
2019020948,NJD,WSH,2020-02-22,177.0,-199.0,6.5,-110.0,-110.0,,,,,
2019020949,PHI,WPG,2020-02-22,-150.0,130.0,6.5,115.0,-135.0,,,,,
2019020950,PIT,BUF,2020-02-22,-230.0,195.0,6.0,-115.0,-105.0,,,,,
2019020951,TOR,CAR,2020-02-22,-160.0,144.0,6.5,-105.0,-115.0,,,,,
2019020952,OTT,MTL,2020-02-22,131.0,-151.0,6.5,100.0,-120.0,,,,,
2019020953,NYR,SJS,2020-02-22,-160.0,140.0,6.0,-120.0,100.0,,,,,
2019020954,NSH,CBJ,2020-02-22,-160.0,143.0,5.5,-105.0,-115.0,,,,,
2019020955,ARI,TBL,2020-02-22,149.0,-165.0,5.5,-105.0,-115.0,,,,,
2019020956,VAN,BOS,2020-02-22,122.0,-142.0,5.5,-115.0,-105.0,,,,,
2019020957,VGK,FLA,2020-02-22,-200.0,180.0,6.5,-125.0,105.0,,,,,
2019020958,LAK,COL,2020-02-22,135.0,-150.0,6.0,105.0,-125.0,,,,,
2019020959,WSH,PIT,2020-02-23,-135.0,115.0,6.5,-110.0,-110.0,,,,,
2019020960,BUF,WPG,2020-02-23,-108.0,-102.0,6.0,-120.0,100.0,,,,,
2019020961,DAL,CHI,2020-02-23,-190.0,170.0,5.5,-105.0,-115.0,,,,,
2019020962,NYI,SJS,2020-02-23,-228.0,200.0,5.5,110.0,-130.0,,,,,
2019020963,DET,CGY,2020-02-23,185.0,-220.0,6.0,-105.0,-115.0,,,,,
2019020964,MIN,STL,2020-02-23,100.0,-110.0,5.5,100.0,-120.0,,,,,
2019020965,ANA,VGK,2020-02-23,145.0,-165.0,6.0,105.0,-125.0,,,,,
2019020966,LAK,EDM,2020-02-23,125.0,-145.0,6.0,-100.0,-120.0,,,,,
2019020967,CBJ,OTT,2020-02-24,-230.0,192.0,5.5,-115.0,-105.0,,,,,
2019020968,BOS,CGY,2020-02-25,-200.0,175.0,6.0,100.0,-120.0,,,,,
2019020969,MTL,VAN,2020-02-25,-140.0,120.0,6.0,-120.0,100.0,,,,,
2019020970,TBL,TOR,2020-02-25,-180.0,160.0,6.5,-130.0,110.0,,,,,
2019020971,NYI,NYR,2020-02-25,-140.0,120.0,6.0,100.0,-120.0,,,,,
2019020972,PHI,SJS,2020-02-25,-240.0,190.0,6.0,105.0,-125.0,,,,,
2019020973,WSH,WPG,2020-02-25,-210.0,190.0,6.5,-115.0,-105.0,,,,,
2019020974,CAR,DAL,2020-02-25,-120.0,100.0,5.5,-110.0,-110.0,,,,,
2019020975,DET,NJD,2020-02-25,105.0,-125.0,5.5,-115.0,-105.0,,,,,
2019020976,STL,CHI,2020-02-25,-205.0,172.0,6.0,-105.0,-115.0,,,,,
2019020977,NSH,OTT,2020-02-25,-353.0,298.0,6.5,-110.0,-110.0,,,,,
2019020978,MIN,CBJ,2020-02-25,-158.0,138.0,5.5,-105.0,-115.0,,,,,
2019020979,ARI,FLA,2020-02-25,-135.0,115.0,6.0,-115.0,102.0,,,,,
2019020980,ANA,EDM,2020-02-25,131.0,-145.0,6.0,100.0,-120.0,,,,,
2019020981,COL,BUF,2020-02-26,-200.0,180.0,6.0,129.0,-149.0,,,,,
2019020982,VGK,EDM,2020-02-26,-225.0,188.0,6.5,-105.0,-115.0,,,,,
2019020983,LAK,PIT,2020-02-26,175.0,-210.0,6.0,-105.0,-115.0,,,,,
2019020984,BOS,DAL,2020-02-27,-170.0,150.0,5.0,-135.0,115.0,,,,,
2019020985,MTL,NYR,2020-02-27,-130.0,110.0,6.0,-113.0,101.0,,,,,
2019020986,TBL,CHI,2020-02-27,-232.0,204.0,6.5,-110.0,-110.0,,,,,
2019020987,FLA,TOR,2020-02-27,-105.0,-115.0,7.0,110.0,-130.0,,,,,
2019020988,OTT,VAN,2020-02-27,145.0,-165.0,6.5,-108.0,-112.0,,,,,
2019020989,DET,MIN,2020-02-27,200.0,-250.0,5.5,-115.0,-105.0,,,,,
2019020990,STL,NYI,2020-02-27,-165.0,145.0,5.5,100.0,-120.0,,,,,
2019020991,NSH,CGY,2020-02-27,-125.0,105.0,6.0,-112.0,-108.0,,,,,
2019020992,WPG,WSH,2020-02-27,126.0,-146.0,6.5,-115.0,-105.0,,,,,
2019020993,SJS,NJD,2020-02-27,-144.0,124.0,6.0,-105.0,-115.0,,,,,
2019020994,PHI,NYR,2020-02-28,-166.0,149.0,6.0,-120.0,100.0,,,,,
2019020995,CBJ,MIN,2020-02-28,-125.0,113.0,5.5,105.0,-118.0,,,,,
2019020996,CAR,COL,2020-02-28,-106.0,-114.0,6.0,-115.0,-105.0,,,,,
2019020997,VGK,BUF,2020-02-28,-265.0,235.0,6.0,-105.0,-115.0,,,,,
2019020998,ANA,PIT,2020-02-28,175.0,-200.0,6.0,100.0,-120.0,,,,,
2019020999,NYI,BOS,2020-02-29,125.0,-145.0,5.5,120.0,-140.0,,,,,
2019021000,TBL,CGY,2020-02-29,-170.0,150.0,6.5,101.0,-113.0,,,,,
2019021001,LAK,NJD,2020-02-29,-130.0,110.0,5.5,-105.0,-115.0,,,,,
2019021002,FLA,CHI,2020-02-29,-155.0,140.0,6.5,-135.0,115.0,,,,,
2019021003,TOR,VAN,2020-02-29,-175.0,155.0,6.5,-135.0,115.0,,,,,
2019021004,MTL,CAR,2020-02-29,-115.0,-105.0,6.0,-120.0,100.0,,,,,
2019021005,OTT,DET,2020-02-29,-180.0,158.0,6.0,100.0,-120.0,,,,,
2019021006,STL,DAL,2020-02-29,-135.0,115.0,5.0,-140.0,120.0,,,,,
2019021007,NSH,COL,2020-02-29,-135.0,115.0,5.5,-120.0,100.0,,,,,
2019021008,ARI,BUF,2020-02-29,-190.0,170.0,5.5,-105.0,-115.0,,,,,
2019021009,EDM,WPG,2020-02-29,-155.0,135.0,6.0,-104.0,-108.0,,,,,
2019021010,SJS,PIT,2020-02-29,150.0,-170.0,6.0,100.0,-120.0,,,,,
2019021011,NYR,PHI,2020-03-01,105.0,-125.0,6.0,-120.0,100.0,,,,,
2019021012,FLA,CGY,2020-03-01,-110.0,100.0,6.5,-130.0,110.0,,,,,
2019021013,CBJ,VAN,2020-03-01,-140.0,120.0,5.5,-115.0,-105.0,,,,,
2019021014,MIN,WSH,2020-03-01,115.0,-135.0,6.0,101.0,-113.0,,,,,
2019021015,ANA,NJD,2020-03-01,-152.0,137.0,5.5,-110.0,-110.0,,,,,
2019021016,VGK,LAK,2020-03-01,-350.0,290.0,5.5,-106.0,-106.0,,,,,
2019021017,DET,COL,2020-03-02,260.0,-300.0,5.5,-125.0,105.0,,,,,
2019021018,NSH,EDM,2020-03-02,-145.0,125.0,6.0,-115.0,-105.0,,,,,
2019021019,TBL,BOS,2020-03-03,-120.0,110.0,5.5,-120.0,100.0,,,,,
2019021020,NYI,MTL,2020-03-03,-140.0,127.0,5.5,100.0,-120.0,,,,,
2019021021,NYR,STL,2020-03-03,125.0,-135.0,6.0,-110.0,-110.0,,,,,
2019021022,PIT,OTT,2020-03-03,-315.0,269.0,6.5,-105.0,-115.0,,,,,
2019021023,MIN,NSH,2020-03-03,-129.0,109.0,6.0,-110.0,-110.0,,,,,
2019021024,WPG,BUF,2020-03-03,-160.0,140.0,5.5,-110.0,-110.0,,,,,
2019021025,CHI,ANA,2020-03-03,-178.0,159.0,6.0,-110.0,-110.0,,,,,
2019021026,DAL,EDM,2020-03-03,-160.0,140.0,5.5,-105.0,-115.0,,,,,
2019021027,VGK,NJD,2020-03-03,-305.0,249.0,5.5,-120.0,100.0,,,,,
2019021028,SJS,TOR,2020-03-03,140.0,-160.0,6.5,-105.0,-115.0,,,,,
2019021029,WSH,PHI,2020-03-04,-150.0,130.0,6.5,-105.0,-115.0,,,,,
2019021030,CGY,CBJ,2020-03-04,-180.0,160.0,5.5,102.0,-114.0,,,,,
2019021031,COL,ANA,2020-03-04,-336.0,286.0,5.5,-104.0,-108.0,,,,,
2019021032,VAN,ARI,2020-03-04,-117.0,106.0,5.5,-110.0,-110.0,,,,,
2019021033,BUF,PIT,2020-03-05,150.0,-170.0,6.0,-110.0,-110.0,,,,,
2019021034,TBL,MTL,2020-03-05,-200.0,170.0,6.0,100.0,-120.0,,,,,
2019021035,FLA,BOS,2020-03-05,130.0,-150.0,6.0,-105.0,-115.0,,,,,
2019021036,NYR,WSH,2020-03-05,110.0,-130.0,6.5,-115.0,-105.0,,,,,
2019021037,PHI,CAR,2020-03-05,-130.0,110.0,6.0,-110.0,-110.0,,,,,
2019021038,OTT,NYI,2020-03-05,135.0,-155.0,5.5,100.0,-120.0,,,,,
2019021039,NSH,DAL,2020-03-05,-110.0,-110.0,5.5,110.0,-130.0,,,,,
2019021040,CHI,EDM,2020-03-05,-110.0,-110.0,6.5,-115.0,-105.0,,,,,
2019021041,LAK,TOR,2020-03-05,145.0,-166.0,6.0,-105.0,-115.0,,,,,
2019021042,SJS,MIN,2020-03-05,120.0,-130.0,5.5,-110.0,-110.0,,,,,
2019021043,NJD,STL,2020-03-06,195.0,-235.0,5.5,-110.0,-110.0,,,,,
2019021044,DET,CHI,2020-03-06,170.0,-190.0,6.0,-105.0,-115.0,,,,,
2019021045,WPG,VGK,2020-03-06,110.0,-120.0,5.5,-116.0,103.0,,,,,
2019021046,CGY,ARI,2020-03-06,-145.0,125.0,5.5,102.0,-114.0,,,,,
2019021047,VAN,COL,2020-03-06,100.0,-110.0,5.5,-125.0,105.0,,,,,
2019021048,ANA,TOR,2020-03-06,151.0,-175.0,6.0,-104.0,-109.0,,,,,
2019021049,NYI,CAR,2020-03-07,-120.0,100.0,5.5,-105.0,-115.0,,,,,
2019021050,PIT,WSH,2020-03-07,-130.0,110.0,6.5,-105.0,-115.0,,,,,
2019021051,DAL,NSH,2020-03-07,-145.0,125.0,5.0,-140.0,120.0,,,,,
2019021052,LAK,MIN,2020-03-07,125.0,-145.0,5.5,120.0,-140.0,,,,,
2019021053,BOS,TBL,2020-03-07,-137.0,124.0,5.5,100.0,-120.0,,,,,
2019021054,FLA,MTL,2020-03-07,-150.0,135.0,6.0,-117.0,104.0,,,,,
2019021055,NYR,NJD,2020-03-07,-200.0,170.0,6.0,-120.0,100.0,,,,,
2019021056,PHI,BUF,2020-03-07,-210.0,175.0,5.5,-115.0,-105.0,,,,,
2019021057,SJS,OTT,2020-03-07,-158.0,138.0,6.0,-115.0,-105.0,,,,,
2019021058,EDM,CBJ,2020-03-07,-160.0,140.0,5.5,110.0,-130.0,,,,,
2019021059,PIT,CAR,2020-03-08,-170.0,155.0,6.0,105.0,-118.0,,,,,
2019021060,DET,TBL,2020-03-08,240.0,-300.0,6.0,100.0,-120.0,,,,,
2019021061,CHI,STL,2020-03-08,120.0,-140.0,6.0,-110.0,-110.0,,,,,
2019021062,CGY,VGK,2020-03-08,-105.0,-115.0,6.0,-110.0,-110.0,,,,,
2019021063,ANA,MIN,2020-03-08,120.0,-140.0,5.5,105.0,-125.0,,,,,
2019021064,VAN,CBJ,2020-03-08,-153.0,138.0,5.5,-119.0,-101.0,,,,,
2019021065,SJS,COL,2020-03-08,144.0,-165.0,5.5,-115.0,-105.0,,,,,
2019021066,BUF,WSH,2020-03-09,140.0,-155.0,6.5,-105.0,-115.0,,,,,
2019021067,WPG,ARI,2020-03-09,-125.0,105.0,5.5,105.0,-125.0,,,,,
2019021068,EDM,VGK,2020-03-09,-105.0,-115.0,6.0,105.0,-125.0,,,,,
2019021069,LAK,COL,2020-03-09,130.0,-150.0,5.5,105.0,-125.0,,,,,
2019021075,STL,FLA,2020-03-09,-160.0,140.0,6.0,-105.0,-115.0,,,,,
2019021070,TOR,TBL,2020-03-10,-117.0,106.0,6.5,100.0,-120.0,,,,,
2019021071,MTL,NSH,2020-03-10,-105.0,-115.0,5.5,-100.0,-112.0,,,,,
2019021072,NJD,PIT,2020-03-10,150.0,-170.0,6.0,-105.0,-115.0,,,,,
2019021073,PHI,BOS,2020-03-10,-108.0,-112.0,5.5,106.0,-119.0,,,,,
2019021074,DET,CAR,2020-03-10,218.0,-249.0,5.5,-120.0,100.0,,,,,
2019021076,DAL,NYR,2020-03-10,-165.0,145.0,5.5,-105.0,-115.0,,,,,
2019021077,VAN,NYI,2020-03-10,-125.0,105.0,5.5,-105.0,-115.0,,,,,
2019021078,ANA,OTT,2020-03-10,-135.0,115.0,6.0,100.0,-120.0,,,,,
2019020876,ANA,STL,2020-03-11,175.0,-200.0,6.5,-110.0,-110.0,,,,,
2019021079,CHI,SJS,2020-03-11,-165.0,145.0,6.0,105.0,-125.0,,,,,
2019021080,EDM,WPG,2020-03-11,-143.0,123.0,5.5,-115.0,-105.0,,,,,
2019021081,COL,NYR,2020-03-11,-150.0,135.0,6.0,-105.0,-115.0,,,,,
2019021082,LAK,OTT,2020-03-11,-165.0,145.0,6.0,100.0,-120.0,,,,,
2020020001,PHI,PIT,2021-01-13,-108.0,-111.0,6.0,115.0,-134.0,,,,,
2020020002,TBL,CHI,2021-01-13,-265.0,215.0,6.5,109.0,-120.0,,,,,
2020020003,TOR,MTL,2021-01-13,-145.0,125.0,6.0,-106.0,-108.0,,,,,
2020020004,EDM,VAN,2021-01-13,-149.0,130.0,6.0,-140.0,120.0,,,,,
2020020005,COL,STL,2021-01-13,-150.0,130.0,6.0,-101.0,-111.0,,,,,
2020020006,BUF,WSH,2021-01-14,115.0,-130.0,6.0,-110.0,-110.0,,,,,
2020020007,NJD,BOS,2021-01-14,162.0,-190.0,5.5,-110.0,-110.0,,,,,
2020020008,NYR,NYI,2021-01-14,-107.0,-110.0,6.0,-105.0,-109.0,,,,,
2020020010,DET,CAR,2021-01-14,195.0,-235.0,6.0,101.0,-110.0,,,,,
2020020011,NSH,CBJ,2021-01-14,-120.0,-105.0,5.5,-110.0,-110.0,,,,,
2020020012,WPG,CGY,2021-01-14,105.0,-124.0,5.5,-120.0,105.0,,,,,
2020020013,EDM,VAN,2021-01-14,-135.0,115.0,6.0,-140.0,124.0,,,,,
2020020014,ARI,SJS,2021-01-14,-135.0,115.0,5.5,-105.0,-118.0,,,,,
2020020015,VGK,ANA,2021-01-14,-227.0,190.0,6.0,105.0,-120.0,,,,,
2020020016,LAK,MIN,2021-01-14,120.0,-140.0,5.5,-110.0,-111.0,,,,,
2020020017,BUF,WSH,2021-01-15,105.0,-124.0,6.0,-120.0,-110.0,,,,,
2020020018,PHI,PIT,2021-01-15,-110.0,-105.0,6.0,-120.0,-108.0,,,,,
2020020019,TBL,CHI,2021-01-15,-260.0,211.0,6.5,102.0,-105.0,,,,,
2020020021,OTT,TOR,2021-01-15,175.0,-210.0,6.5,-120.0,-107.0,,,,,
2020020022,COL,STL,2021-01-15,-145.0,125.0,5.5,-125.0,105.0,,,,,
2020020023,NJD,BOS,2021-01-16,165.0,-195.0,5.5,-109.0,-110.0,,,,,
2020020024,NYR,NYI,2021-01-16,105.0,-125.0,6.0,-105.0,-115.0,,,,,
2020020025,DET,CAR,2021-01-16,200.0,-235.0,5.5,-120.0,-100.0,,,,,
2020020026,NSH,CBJ,2021-01-16,-118.0,101.0,5.5,-115.0,-105.0,,,,,
2020020027,OTT,TOR,2021-01-16,175.0,-208.0,6.5,-106.0,-112.0,,,,,
2020020028,CGY,VAN,2021-01-16,-148.0,125.0,6.5,105.0,-124.0,,,,,
2020020029,EDM,MTL,2021-01-16,-111.0,-105.0,6.5,-105.0,-115.0,,,,,
2020020030,ARI,SJS,2021-01-16,-130.0,110.0,5.5,-110.0,-105.0,,,,,
2020020031,VGK,ANA,2021-01-16,-225.0,190.0,6.0,-103.0,-115.0,,,,,
2020020032,LAK,MIN,2021-01-16,125.0,-142.0,5.5,100.0,-115.0,,,,,
2020020034,FLA,CHI,2021-01-17,-150.0,130.0,6.5,-110.0,110.0,,,,,
2020020035,PIT,WSH,2021-01-17,-130.0,110.0,6.5,-105.0,-111.0,,,,,
2020020036,NYI,BOS,2021-01-18,116.0,-135.0,5.5,110.0,-135.0,,,,,
2020020037,PHI,BUF,2021-01-18,-155.0,130.0,6.0,105.0,-120.0,,,,,
2020020038,DET,CBJ,2021-01-18,160.0,-185.0,5.5,102.0,-120.0,,,,,
2020020039,STL,SJS,2021-01-18,-189.0,160.0,5.5,-125.0,105.0,,,,,
2020020040,NSH,CAR,2021-01-18,-105.0,-125.0,6.0,100.0,-117.0,,,,,
2020020041,TOR,WPG,2021-01-18,-170.0,149.0,6.5,108.0,-119.0,,,,,
2020020042,CGY,VAN,2021-01-18,-150.0,129.0,6.0,-110.0,-105.0,,,,,
2020020043,EDM,MTL,2021-01-18,-111.0,-105.0,6.5,103.0,-115.0,,,,,
2020020044,VGK,ARI,2021-01-18,-200.0,173.0,5.5,-105.0,-110.0,,,,,
2020020045,ANA,MIN,2021-01-18,120.0,-140.0,5.5,-105.0,-115.0,,,,,
2020020046,NYR,NJD,2021-01-19,-150.0,130.0,6.0,-100.0,-109.0,,,,,
2020020047,PHI,BUF,2021-01-19,-145.0,125.0,6.0,107.0,-110.0,,,,,
2020020049,FLA,CHI,2021-01-19,-157.0,134.0,6.5,-105.0,-120.0,,,,,
2020020050,PIT,WSH,2021-01-19,-131.0,115.0,6.5,-105.0,-120.0,,,,,
2020020051,DET,CBJ,2021-01-19,150.0,-175.0,5.5,-100.0,-122.0,,,,,
2020020053,OTT,WPG,2021-01-19,-108.0,-110.0,6.0,-100.0,-117.0,,,,,
2020020054,LAK,COL,2021-01-19,210.0,-250.0,5.5,-120.0,105.0,,,,,
2020020055,STL,SJS,2021-01-20,-195.0,165.0,6.0,100.0,-114.0,,,,,
2020020056,TOR,EDM,2021-01-20,-157.0,135.0,6.5,-120.0,103.0,,,,,
2020020057,VAN,MTL,2021-01-20,111.0,-129.0,6.0,-115.0,-105.0,,,,,
2020020058,VGK,ARI,2021-01-20,-190.0,162.0,5.5,-110.0,-111.0,,,,,
2020020059,ANA,MIN,2021-01-20,120.0,-140.0,5.5,-100.0,-120.0,,,,,
2020020060,BOS,PHI,2021-01-21,-155.0,135.0,5.5,-105.0,-120.0,,,,,
2020020061,NYI,NJD,2021-01-21,-181.0,160.0,5.5,120.0,-139.0,,,,,
2020020063,CBJ,TBL,2021-01-21,139.0,-165.0,5.5,-110.0,-109.0,,,,,
2020020064,OTT,WPG,2021-01-21,105.0,-125.0,6.0,-105.0,-115.0,,,,,
2020020065,VAN,MTL,2021-01-21,130.0,-150.0,6.5,-105.0,-122.0,,,,,
2020020066,LAK,COL,2021-01-21,198.0,-235.0,5.5,-118.0,-100.0,,,,,
2020020067,WSH,BUF,2021-01-22,-100.0,-120.0,5.5,-120.0,-104.0,,,,,
2020020068,PIT,NYR,2021-01-22,-137.0,120.0,6.5,-109.0,-110.0,,,,,
2020020069,CHI,DET,2021-01-22,-135.0,115.0,6.0,105.0,-116.0,,,,,
2020020070,TOR,EDM,2021-01-22,-145.0,125.0,6.0,-115.0,-105.0,,,,,
2020020071,MIN,SJS,2021-01-22,-161.0,140.0,6.0,100.0,-120.0,,,,,
2020020072,DAL,NSH,2021-01-22,-111.0,-105.0,5.5,105.0,-115.0,,,,,
2020020073,ARI,VGK,2021-01-22,145.0,-170.0,5.5,-105.0,-111.0,,,,,
2020020074,ANA,COL,2021-01-22,160.0,-189.0,5.5,-105.0,-111.0,,,,,
2020020075,BOS,PHI,2021-01-23,-140.0,120.0,5.5,-115.0,105.0,,,,,
2020020077,CBJ,TBL,2021-01-23,152.0,-180.0,5.5,-105.0,-115.0,,,,,
2020020078,STL,LAK,2021-01-23,-210.0,175.0,5.5,-110.0,-110.0,,,,,
2020020079,WPG,OTT,2021-01-23,-155.0,130.0,6.0,-105.0,-110.0,,,,,
2020020080,VAN,MTL,2021-01-23,130.0,-152.0,6.0,-120.0,-100.0,,,,,
2020020081,NJD,NYI,2021-01-24,146.0,-168.0,5.5,106.0,-125.0,,,,,
2020020082,WSH,BUF,2021-01-24,105.0,-124.0,6.0,105.0,-121.0,,,,,
2020020083,PIT,NYR,2021-01-24,-137.0,118.0,6.5,-120.0,105.0,,,,,
2020020084,CHI,DET,2021-01-24,-135.0,115.0,6.0,103.0,-115.0,,,,,
2020020085,STL,LAK,2021-01-24,-200.0,170.0,5.5,-111.0,-105.0,,,,,
2020020086,WPG,EDM,2021-01-24,125.0,-141.0,6.5,-110.0,-110.0,,,,,
2020020087,CGY,TOR,2021-01-24,-100.0,-118.0,6.0,-120.0,105.0,,,,,
2020020088,MIN,SJS,2021-01-24,-145.0,125.0,5.5,-115.0,-105.0,,,,,
2020020089,DAL,NSH,2021-01-24,-110.0,-108.0,5.5,115.0,-135.0,,,,,
2020020090,ARI,VGK,2021-01-24,150.0,-175.0,5.5,-110.0,-105.0,,,,,
2020020091,ANA,COL,2021-01-24,165.0,-190.0,5.5,-105.0,-115.0,,,,,
2020020092,VAN,OTT,2021-01-25,-150.0,130.0,6.5,-105.0,-112.0,,,,,
2020020093,BOS,PIT,2021-01-26,-132.0,114.0,5.5,-120.0,102.0,,,,,
2020020094,BUF,NYR,2021-01-26,-110.0,-106.0,6.0,-115.0,-105.0,,,,,
2020020095,NJD,PHI,2021-01-26,135.0,-154.0,5.5,-127.0,111.0,,,,,
2020020096,WSH,NYI,2021-01-26,110.0,-128.0,5.5,105.0,-125.0,,,,,
2020020098,CBJ,FLA,2021-01-26,-115.0,-105.0,5.5,-110.0,-110.0,,,,,
2020020099,NSH,CHI,2021-01-26,-182.0,158.0,6.0,-125.0,105.0,,,,,
2020020100,WPG,EDM,2021-01-26,-105.0,-115.0,6.5,105.0,-116.0,,,,,
2020020101,CGY,TOR,2021-01-26,-105.0,-114.0,6.0,-115.0,-105.0,,,,,
2020020102,MIN,LAK,2021-01-26,-167.0,143.0,5.5,106.0,-111.0,,,,,
2020020103,DAL,DET,2021-01-26,-230.0,190.0,5.5,121.0,-145.0,,,,,
2020020104,COL,SJS,2021-01-26,-215.0,177.0,6.0,-110.0,-102.0,,,,,
2020020105,ARI,ANA,2021-01-26,-135.0,116.0,5.5,115.0,-135.0,,,,,
2020020106,VGK,STL,2021-01-26,-146.0,126.0,6.0,105.0,-124.0,,,,,
2020020107,NSH,CHI,2021-01-27,-178.0,151.0,6.0,-120.0,103.0,,,,,
2020020108,VAN,OTT,2021-01-27,-164.0,139.0,6.5,-111.0,-105.0,,,,,
2020020109,BOS,PIT,2021-01-28,-128.0,109.0,5.5,-105.0,-110.0,,,,,
2020020110,BUF,NYR,2021-01-28,105.0,-124.0,6.0,-105.0,-110.0,,,,,
2020020111,NJD,PHI,2021-01-28,140.0,-165.0,5.5,-130.0,110.0,,,,,
2020020112,WSH,NYI,2021-01-28,115.0,-135.0,5.5,112.0,-132.0,,,,,
2020020113,CAR,TBL,2021-01-28,132.0,-153.0,6.0,100.0,-118.0,,,,,
2020020114,CBJ,FLA,2021-01-28,-107.0,-109.0,5.5,102.0,-116.0,,,,,
2020020115,MTL,CGY,2021-01-28,-126.0,110.0,6.0,-105.0,-112.0,,,,,
2020020116,EDM,TOR,2021-01-28,111.0,-130.0,6.5,-105.0,-115.0,,,,,
2020020117,VAN,OTT,2021-01-28,-175.0,150.0,6.5,-105.0,-115.0,,,,,
2020020118,MIN,LAK,2021-01-28,-170.0,145.0,5.5,114.0,-134.0,,,,,
2020020119,DAL,DET,2021-01-28,-177.0,150.0,5.0,-133.0,113.0,,,,,
2020020120,COL,SJS,2021-01-28,-235.0,192.0,6.0,-117.0,100.0,,,,,
2020020121,ARI,ANA,2021-01-28,-130.0,110.0,5.0,-123.0,100.0,,,,,
2020020123,CHI,CBJ,2021-01-29,117.0,-134.0,5.5,-100.0,-110.0,,,,,
2020020124,BUF,NJD,2021-01-30,-157.0,135.0,5.5,-107.0,-110.0,,,,,
2020020125,NYR,PIT,2021-01-30,-104.0,-115.0,6.5,-114.0,106.0,,,,,
2020020126,PHI,NYI,2021-01-30,-115.0,-103.0,5.5,103.0,-120.0,,,,,
2020020127,WSH,BOS,2021-01-30,123.0,-140.0,5.5,-115.0,-101.0,,,,,
2020020128,CAR,DAL,2021-01-30,-120.0,104.0,5.5,110.0,-130.0,,,,,
2020020129,TBL,NSH,2021-01-30,-195.0,165.0,5.5,-120.0,103.0,,,,,
2020020130,DET,FLA,2021-01-30,149.0,-175.0,6.0,-108.0,-115.0,,,,,
2020020131,MTL,CGY,2021-01-30,-130.0,111.0,6.0,105.0,-122.0,,,,,
2020020132,WPG,VAN,2021-01-30,-127.0,109.0,6.5,-107.0,-100.0,,,,,
2020020133,EDM,TOR,2021-01-30,105.0,-124.0,6.5,-115.0,-105.0,,,,,
2020020134,MIN,COL,2021-01-30,135.0,-155.0,5.5,-125.0,105.0,,,,,
2020020135,ANA,STL,2021-01-30,137.0,-160.0,5.5,107.0,-126.0,,,,,
2020020136,BUF,NJD,2021-01-31,-151.0,130.0,5.5,-120.0,100.0,,,,,
2020020137,PHI,NYI,2021-01-31,-122.0,103.0,5.5,115.0,-135.0,,,,,
2020020138,CAR,DAL,2021-01-31,-120.0,100.0,5.5,100.0,-122.0,,,,,
2020020139,DET,FLA,2021-01-31,157.0,-184.0,5.5,-114.0,-101.0,,,,,
2020020140,CHI,CBJ,2021-01-31,-100.0,-120.0,5.5,-105.0,-112.0,,,,,
2020020141,EDM,OTT,2021-01-31,-195.0,165.0,6.5,-129.0,110.0,,,,,
2020020142,MIN,COL,2021-01-31,120.0,-140.0,5.5,-139.0,122.0,,,,,
2020020143,ANA,STL,2021-01-31,137.0,-160.0,5.5,112.0,-130.0,,,,,
2020020144,NYR,PIT,2021-02-01,-105.0,-111.0,6.5,-104.0,-114.0,,,,,
2020020145,WSH,BOS,2021-02-01,130.0,-151.0,5.5,-120.0,100.0,,,,,
2020020146,TBL,NSH,2021-02-01,-175.0,148.0,5.5,-127.0,106.0,,,,,
2020020147,MTL,VAN,2021-02-01,-170.0,145.0,6.5,100.0,-118.0,,,,,
2020020148,WPG,CGY,2021-02-01,105.0,-124.0,6.0,102.0,-119.0,,,,,
2020020152,CBJ,DAL,2021-02-02,-110.0,-107.0,5.0,-140.0,121.0,,,,,
2020020153,CHI,CAR,2021-02-02,146.0,-170.0,6.0,-113.0,100.0,,,,,
2020020154,STL,ARI,2021-02-02,-164.0,140.0,5.5,-113.0,-106.0,,,,,
2020020155,MTL,VAN,2021-02-02,-165.0,143.0,6.5,-110.0,-110.0,,,,,
2020020156,WPG,CGY,2021-02-02,105.0,-122.0,6.0,-115.0,-107.0,,,,,
2020020157,EDM,OTT,2021-02-02,-240.0,196.0,6.5,-130.0,112.0,,,,,
2020020158,COL,MIN,2021-02-02,-155.0,135.0,5.5,-109.0,-110.0,,,,,
2020020161,LAK,ANA,2021-02-02,-125.0,105.0,5.5,115.0,-135.0,,,,,
2020020159,PHI,BOS,2021-02-03,120.0,-140.0,5.5,-110.0,-110.0,,,,,
2020020160,TBL,DET,2021-02-03,-355.0,280.0,5.5,-115.0,-105.0,,,,,
2020020164,NYR,WSH,2021-02-04,-113.0,-105.0,6.5,100.0,-117.0,,,,,
2020020165,FLA,NSH,2021-02-04,-109.0,-108.0,6.0,-118.0,-104.0,,,,,
2020020167,CBJ,DAL,2021-02-04,110.0,-130.0,5.5,112.0,-134.0,,,,,
2020020168,CHI,CAR,2021-02-04,155.0,-180.0,6.0,-110.0,-110.0,,,,,
2020020169,STL,ARI,2021-02-04,-177.0,150.0,5.5,109.0,-129.0,,,,,
2020020170,MTL,OTT,2021-02-04,-316.0,263.0,6.5,-105.0,-113.0,,,,,
2020020171,TOR,VAN,2021-02-04,-170.0,142.0,6.5,-121.0,104.0,,,,,
2020020172,WPG,CGY,2021-02-04,115.0,-133.0,5.5,-120.0,105.0,,,,,
2020020174,PHI,BOS,2021-02-05,125.0,-144.0,5.5,-116.0,-104.0,,,,,
2020020175,TBL,DET,2021-02-05,-385.0,302.0,5.5,-112.0,-105.0,,,,,
2020020176,FLA,NSH,2021-02-05,-134.0,119.0,6.0,-110.0,-110.0,,,,,
2020020177,VGK,LAK,2021-02-05,-262.0,215.0,5.5,-125.0,107.0,,,,,
2020020178,ANA,SJS,2021-02-05,-115.0,-101.0,5.5,-112.0,-105.0,,,,,
2020020181,NYI,PIT,2021-02-06,-108.0,-105.0,5.5,-111.0,-105.0,,,,,
2020020183,OTT,MTL,2021-02-06,219.0,-270.0,6.5,-107.0,-110.0,,,,,
2020020184,TOR,VAN,2021-02-06,-177.0,152.0,6.5,-123.0,104.0,,,,,
2020020185,CGY,EDM,2021-02-06,-132.0,114.0,6.5,101.0,-119.0,,,,,
2020020187,ANA,SJS,2021-02-06,-111.0,-105.0,6.0,100.0,-115.0,,,,,
2020020550,STL,ARI,2021-02-06,-146.0,126.0,5.5,102.0,-119.0,,,,,
2020020188,WSH,PHI,2021-02-07,112.0,-127.0,6.0,-102.0,-111.0,,,,,
2020020189,FLA,DET,2021-02-07,-257.0,207.0,5.5,-115.0,-104.0,,,,,
2020020190,CBJ,CAR,2021-02-07,129.0,-146.0,5.5,-109.0,-110.0,,,,,
2020020193,DAL,CHI,2021-02-07,-169.0,142.0,5.5,-130.0,100.0,,,,,
2020020194,VGK,LAK,2021-02-07,-255.0,212.0,5.5,-112.0,-105.0,,,,,
2020020196,NYR,NYI,2021-02-08,-114.0,-105.0,5.5,-110.0,-110.0,,,,,
2020020197,CBJ,CAR,2021-02-08,129.0,-147.0,5.5,-124.0,100.0,,,,,
2020020198,NSH,TBL,2021-02-08,135.0,-160.0,5.5,-120.0,-105.0,,,,,
2020020199,OTT,EDM,2021-02-08,164.0,-187.0,6.5,-127.0,109.0,,,,,
2020020200,TOR,VAN,2021-02-08,-200.0,175.0,6.5,-125.0,106.0,,,,,
2020020203,FLA,DET,2021-02-09,-210.0,175.0,5.5,-125.0,105.0,,,,,
2020020204,NSH,TBL,2021-02-09,147.0,-170.0,5.5,-119.0,100.0,,,,,
2020020205,OTT,EDM,2021-02-09,165.0,-192.0,6.5,-115.0,-105.0,,,,,
2020020206,CGY,WPG,2021-02-09,-131.0,113.0,6.0,-102.0,-115.0,,,,,
2020020208,DAL,CHI,2021-02-09,-139.0,120.0,5.5,-115.0,-104.0,,,,,
2020020210,VGK,ANA,2021-02-09,-226.0,189.0,5.5,-106.0,-111.0,,,,,
2020020211,LAK,SJS,2021-02-09,105.0,-122.0,5.5,-125.0,106.0,,,,,
2020020212,NYR,BOS,2021-02-10,155.0,-180.0,5.5,-119.0,-104.0,,,,,
2020020213,MTL,TOR,2021-02-10,-115.0,-105.0,6.5,-110.0,-110.0,,,,,
2020020215,NYI,PIT,2021-02-11,-109.0,-110.0,5.5,106.0,-120.0,,,,,
2020020217,FLA,TBL,2021-02-11,130.0,-151.0,5.5,-120.0,100.0,,,,,
2020020218,CHI,CBJ,2021-02-11,-123.0,105.0,5.5,-104.0,-112.0,,,,,
2020020219,NSH,DET,2021-02-11,-170.0,145.0,5.5,-100.0,-115.0,,,,,
2020020220,MTL,EDM,2021-02-11,-154.0,134.0,6.5,-105.0,-115.0,,,,,
2020020221,WPG,OTT,2021-02-11,-215.0,180.0,6.0,-115.0,-105.0,,,,,
2020020222,VAN,CGY,2021-02-11,120.0,-138.0,6.0,-104.0,-109.0,,,,,
2020020224,DAL,CAR,2021-02-11,104.0,-122.0,5.5,-105.0,-115.0,,,,,
2020020226,VGK,ANA,2021-02-11,-212.0,176.0,5.5,-115.0,-105.0,,,,,
2020020227,LAK,SJS,2021-02-11,-100.0,-115.0,6.0,-116.0,-101.0,,,,,
2020020228,NYR,BOS,2021-02-12,155.0,-182.0,5.5,-110.0,-110.0,,,,,
2020020684,ARI,STL,2021-02-12,120.0,-140.0,5.5,107.0,-125.0,,,,,
2020020149,SJS,VGK,2021-02-13,161.0,-190.0,6.0,-122.0,103.0,,,,,
2020020230,NYI,BOS,2021-02-13,114.0,-133.0,5.0,-125.0,107.0,,,,,
2020020232,FLA,TBL,2021-02-13,120.0,-140.0,5.5,-130.0,105.0,,,,,
2020020233,CHI,CBJ,2021-02-13,-115.0,-101.0,5.5,-120.0,101.0,,,,,
2020020234,NSH,DET,2021-02-13,-170.0,146.0,5.5,102.0,-120.0,,,,,
2020020235,TOR,MTL,2021-02-13,-140.0,120.0,6.5,100.0,-115.0,,,,,
2020020236,WPG,OTT,2021-02-13,-227.0,190.0,6.0,-130.0,111.0,,,,,
2020020237,VAN,CGY,2021-02-13,114.0,-134.0,6.0,-109.0,-112.0,,,,,
2020020238,DAL,CAR,2021-02-13,100.0,-120.0,5.5,-121.0,100.0,,,,,
2020020239,ARI,STL,2021-02-13,-106.0,-110.0,5.5,100.0,-120.0,,,,,
2020020242,PIT,WSH,2021-02-14,-120.0,-105.0,6.5,-117.0,-100.0,,,,,
2020020243,VGK,COL,2021-02-14,-105.0,-113.0,6.0,100.0,-114.0,,,,,
2020020245,BUF,NYI,2021-02-15,105.0,-125.0,5.5,110.0,-126.0,,,,,
2020020246,DET,CHI,2021-02-15,108.0,-127.0,5.5,-113.0,-100.0,,,,,
2020020247,TOR,OTT,2021-02-15,-320.0,260.0,6.5,-115.0,-105.0,,,,,
2020020248,EDM,WPG,2021-02-15,-140.0,120.0,6.5,-105.0,-115.0,,,,,
2020020249,VAN,CGY,2021-02-15,111.0,-127.0,6.0,-110.0,-110.0,,,,,
2020020251,ARI,STL,2021-02-15,102.0,-120.0,5.5,100.0,-120.0,,,,,
2020020252,SJS,ANA,2021-02-15,-106.0,-111.0,5.5,-110.0,-107.0,,,,,
2020020256,TBL,FLA,2021-02-15,,,,,,,,,,
2020020253,BUF,NYI,2021-02-16,115.0,-135.0,5.5,100.0,-120.0,,,,,
2020020257,PIT,WSH,2021-02-16,-127.0,110.0,6.5,-131.0,114.0,,,,,
2020020259,VGK,COL,2021-02-16,-122.0,103.0,5.5,-110.0,-110.0,,,,,
2020020260,LAK,MIN,2021-02-16,135.0,-155.0,5.5,-110.0,-105.0,,,,,
2020020364,NYR,NJD,2021-02-16,-144.0,125.0,5.5,-120.0,100.0,,,,,
2020020062,CAR,FLA,2021-02-17,-140.0,120.0,6.5,-110.0,-105.0,,,,,
2020020261,DET,CHI,2021-02-17,120.0,-139.0,5.5,110.0,-129.0,,,,,
2020020262,TOR,OTT,2021-02-17,-320.0,260.0,6.5,-110.0,-108.0,,,,,
2020020263,CGY,VAN,2021-02-17,-160.0,140.0,6.0,104.0,-113.0,,,,,
2020020264,EDM,WPG,2021-02-17,-141.0,122.0,6.5,-110.0,-110.0,,,,,
2020020265,BOS,NJD,2021-02-18,-220.0,182.0,5.5,104.0,-118.0,,,,,
2020020266,PHI,NYR,2021-02-18,-115.0,-105.0,6.0,100.0,-120.0,,,,,
2020020267,PIT,NYI,2021-02-18,-115.0,104.0,5.5,-110.0,-105.0,,,,,
2020020268,CBJ,NSH,2021-02-18,-125.0,105.0,5.5,-120.0,-100.0,,,,,
2020020269,STL,SJS,2021-02-18,-180.0,160.0,5.5,-125.0,106.0,,,,,
2020020270,TOR,OTT,2021-02-18,-300.0,240.0,6.5,-120.0,-105.0,,,,,
2020020272,ARI,LAK,2021-02-18,-175.0,153.0,5.5,107.0,-125.0,,,,,
2020020273,ANA,MIN,2021-02-18,108.0,-125.0,5.5,105.0,-125.0,,,,,
2020020667,WSH,BUF,2021-02-18,-160.0,140.0,6.0,-112.0,-105.0,,,,,
2020020274,CAR,CHI,2021-02-19,-175.0,150.0,6.0,-125.0,107.0,,,,,
2020020275,DET,FLA,2021-02-19,159.0,-189.0,5.5,-110.0,-110.0,,,,,
2020020276,CGY,EDM,2021-02-19,-110.0,-110.0,6.5,-105.0,-113.0,,,,,
2020020277,VAN,WPG,2021-02-19,-125.0,105.0,6.5,-105.0,-105.0,,,,,
2020020278,NJD,BUF,2021-02-20,-135.0,115.0,5.5,-110.0,-110.0,,,,,
2020020279,WSH,NYR,2021-02-20,-148.0,125.0,6.0,-125.0,105.0,,,,,
2020020281,PIT,NYI,2021-02-20,-120.0,-105.0,5.5,-112.0,-105.0,,,,,
2020020282,CBJ,NSH,2021-02-20,-130.0,110.0,5.5,-110.0,-110.0,,,,,
2020020283,STL,SJS,2021-02-20,-190.0,160.0,5.5,-120.0,102.0,,,,,
2020020284,MTL,TOR,2021-02-20,-105.0,-111.0,6.5,-105.0,-114.0,,,,,
2020020285,EDM,CGY,2021-02-20,-130.0,110.0,6.0,-110.0,-110.0,,,,,
2020020287,COL,VGK,2021-02-20,-115.0,102.0,5.5,-105.0,-112.0,,,,,
2020020288,ARI,LAK,2021-02-20,-160.0,135.0,5.5,120.0,-140.0,,,,,
2020020289,ANA,MIN,2021-02-20,118.0,-135.0,5.5,115.0,-135.0,,,,,
2020020292,DET,FLA,2021-02-20,152.0,-175.0,5.5,-120.0,-100.0,,,,,
2020020543,CAR,TBL,2021-02-20,135.0,-160.0,6.5,105.0,-115.0,,,,,
2020020290,BOS,PHI,2021-02-21,-180.0,150.0,5.5,115.0,-135.0,,,,,
2020020293,OTT,MTL,2021-02-21,190.0,-229.0,6.0,-110.0,-110.0,,,,,
2020020294,VAN,WPG,2021-02-21,-112.0,-105.0,6.0,-125.0,107.0,,,,,
2020020392,WSH,NJD,2021-02-21,-160.0,135.0,6.5,-105.0,-111.0,,,,,
2020020009,FLA,DAL,2021-02-22,-125.0,105.0,5.5,-110.0,-110.0,,,,,
2020020097,CAR,TBL,2021-02-22,110.0,-127.0,6.0,-115.0,-105.0,,,,,
2020020150,NYI,BUF,2021-02-22,-170.0,145.0,5.0,-135.0,121.0,,,,,
2020020297,STL,LAK,2021-02-22,-182.0,159.0,5.5,102.0,-118.0,,,,,
2020020298,TOR,CGY,2021-02-22,-145.0,125.0,6.5,-100.0,-120.0,,,,,
2020020299,COL,VGK,2021-02-22,-140.0,120.0,5.5,-106.0,-110.0,,,,,
2020020300,ARI,ANA,2021-02-22,-160.0,135.0,5.0,-130.0,115.0,,,,,
2020020743,SJS,MIN,2021-02-22,134.0,-150.0,5.5,-115.0,-105.0,,,,,
2020020295,NJD,BUF,2021-02-23,-125.0,105.0,5.5,-115.0,-105.0,,,,,
2020020302,WSH,PIT,2021-02-23,-110.0,-106.0,6.5,-105.0,-110.0,,,,,
2020020304,CBJ,CHI,2021-02-23,-115.0,103.0,5.5,-115.0,-110.0,,,,,
2020020305,DET,NSH,2021-02-23,130.0,-150.0,5.5,-100.0,-120.0,,,,,
2020020306,OTT,MTL,2021-02-23,180.0,-220.0,6.0,-116.0,-105.0,,,,,
2020020307,VAN,EDM,2021-02-23,115.0,-134.0,6.5,-112.0,-106.0,,,,,
2020020173,COL,MIN,2021-02-24,-180.0,152.0,5.5,100.0,-125.0,,,,,
2020020296,TBL,CAR,2021-02-24,-156.0,137.0,6.0,-120.0,-102.0,,,,,
2020020303,FLA,DAL,2021-02-24,-134.0,114.0,5.5,-109.0,-110.0,,,,,
2020020308,PHI,NYR,2021-02-24,-131.0,115.0,5.5,-115.0,-104.0,,,,,
2020020309,STL,LAK,2021-02-24,-153.0,130.0,5.5,105.0,-127.0,,,,,
2020020310,TOR,CGY,2021-02-24,-150.0,129.0,6.5,-105.0,-107.0,,,,,
2020020311,ARI,ANA,2021-02-24,-163.0,138.0,5.0,-138.0,121.0,,,,,
2020020312,NYI,BOS,2021-02-25,110.0,-129.0,5.5,115.0,-140.0,,,,,
2020020313,WSH,PIT,2021-02-25,-108.0,-109.0,6.5,100.0,-122.0,,,,,
2020020314,TBL,CAR,2021-02-25,-142.0,120.0,6.5,101.0,-117.0,,,,,
2020020315,FLA,DAL,2021-02-25,-135.0,118.0,5.5,-112.0,-107.0,,,,,
2020020316,CBJ,CHI,2021-02-25,-134.0,116.0,6.0,-110.0,-110.0,,,,,
2020020317,DET,NSH,2021-02-25,135.0,-160.0,5.5,112.0,-140.0,,,,,
2020020318,OTT,CGY,2021-02-25,130.0,-152.0,6.0,-111.0,-115.0,,,,,
2020020319,WPG,MTL,2021-02-25,110.0,-129.0,6.0,-112.0,-116.0,,,,,
2020020320,VAN,EDM,2021-02-25,122.0,-143.0,6.5,-125.0,105.0,,,,,
2020020635,BUF,NJD,2021-02-25,105.0,-118.0,5.5,-105.0,-123.0,,,,,
2020020321,ARI,COL,2021-02-26,150.0,-170.0,5.5,102.0,-115.0,,,,,
2020020323,NYR,BOS,2021-02-26,140.0,-165.0,5.5,-105.0,-112.0,,,,,
2020020324,MIN,LAK,2021-02-26,-180.0,158.0,5.5,105.0,-125.0,,,,,
2020020322,BUF,PHI,2021-02-27,149.0,-167.0,5.5,-115.0,-105.0,,,,,
2020020327,NJD,WSH,2021-02-27,110.0,-130.0,6.0,-115.0,-110.0,,,,,
2020020328,NYI,PIT,2021-02-27,-118.0,100.0,5.5,-110.0,-110.0,,,,,
2020020329,TBL,DAL,2021-02-27,-190.0,165.0,5.5,115.0,-139.0,,,,,
2020020330,FLA,CAR,2021-02-27,105.0,-125.0,6.0,-125.0,108.0,,,,,
2020020331,CHI,DET,2021-02-27,-165.0,140.0,5.5,110.0,-130.0,,,,,
2020020332,NSH,CBJ,2021-02-27,-125.0,105.0,5.5,-120.0,105.0,,,,,
2020020333,OTT,CGY,2021-02-27,130.0,-150.0,5.5,-128.0,106.0,,,,,
2020020334,WPG,MTL,2021-02-27,120.0,-139.0,6.0,-105.0,-114.0,,,,,
2020020335,EDM,TOR,2021-02-27,-115.0,-105.0,6.5,-110.0,-105.0,,,,,
2020020336,MIN,LAK,2021-02-27,-175.0,150.0,5.5,105.0,-125.0,,,,,
2020020337,ARI,COL,2021-02-27,147.0,-170.0,5.5,106.0,-119.0,,,,,
2020020338,ANA,VGK,2021-02-27,175.0,-210.0,5.5,-105.0,-115.0,,,,,
2020020339,SJS,STL,2021-02-27,143.0,-166.0,5.5,-130.0,110.0,,,,,
2020020340,BUF,PHI,2021-02-28,138.0,-160.0,5.5,-124.0,-105.0,,,,,
2020020341,NYI,PIT,2021-02-28,-110.0,-106.0,5.5,-115.0,104.0,,,,,
2020020342,NYR,BOS,2021-02-28,143.0,-165.0,5.5,-115.0,-105.0,,,,,
2020020343,CHI,DET,2021-02-28,-213.0,180.0,5.5,-109.0,-110.0,,,,,
2020020344,NSH,CBJ,2021-02-28,-125.0,110.0,5.5,-115.0,-105.0,,,,,
2020020346,NJD,WSH,2021-02-28,135.0,-159.0,6.0,-125.0,106.0,,,,,
2020020345,WPG,VAN,2021-03-01,-140.0,120.0,6.5,-109.0,-110.0,,,,,
2020020348,FLA,CAR,2021-03-01,-115.0,-103.0,6.0,-110.0,-110.0,,,,,
2020020349,OTT,CGY,2021-03-01,137.0,-160.0,6.0,-105.0,-114.0,,,,,
2020020350,EDM,TOR,2021-03-01,-120.0,105.0,6.5,-115.0,-105.0,,,,,
2020020351,VGK,MIN,2021-03-01,-145.0,120.0,5.5,-105.0,-115.0,,,,,
2020020352,ANA,STL,2021-03-01,115.0,-135.0,5.5,-106.0,-111.0,,,,,
2020020353,SJS,COL,2021-03-01,190.0,-225.0,6.0,-110.0,-109.0,,,,,
2020020052,NSH,CAR,2021-03-02,106.0,-125.0,5.5,-118.0,-104.0,,,,,
2020020271,DAL,TBL,2021-03-02,160.0,-189.0,5.5,115.0,-135.0,,,,,
2020020301,NJD,NYI,2021-03-02,140.0,-165.0,5.5,105.0,-125.0,,,,,
2020020354,NYR,BUF,2021-03-02,-154.0,134.0,5.5,-101.0,-119.0,,,,,
2020020355,PIT,PHI,2021-03-02,108.0,-125.0,6.0,-105.0,-115.0,,,,,
2020020356,CBJ,DET,2021-03-02,-170.0,145.0,5.5,120.0,-139.0,,,,,
2020020357,MTL,OTT,2021-03-02,-260.0,215.0,6.5,105.0,-118.0,,,,,
2020020358,WPG,VAN,2021-03-02,-125.0,109.0,6.0,-125.0,108.0,,,,,
2020020359,BOS,WSH,2021-03-03,-150.0,130.0,6.0,-105.0,-114.0,,,,,
2020020360,EDM,TOR,2021-03-03,110.0,-125.0,6.5,-116.0,-105.0,,,,,
2020020361,VGK,MIN,2021-03-03,-145.0,125.0,5.5,-105.0,-115.0,,,,,
2020020362,ANA,STL,2021-03-03,150.0,-170.0,5.5,-105.0,-115.0,,,,,
2020020363,SJS,COL,2021-03-03,180.0,-215.0,6.0,-109.0,-105.0,,,,,
2020020742,LAK,ARI,2021-03-03,-105.0,-111.0,5.5,115.0,-137.0,,,,,
2020020163,NYI,BUF,2021-03-04,-190.0,160.0,5.0,-145.0,127.0,,,,,
2020020180,NJD,NYR,2021-03-04,102.0,-120.0,5.5,-115.0,-105.0,,,,,
2020020365,CAR,DET,2021-03-04,-295.0,240.0,5.5,-125.0,106.0,,,,,
2020020366,PIT,PHI,2021-03-04,-103.0,-115.0,6.0,-114.0,-110.0,,,,,
2020020367,CHI,TBL,2021-03-04,180.0,-215.0,5.5,-120.0,-110.0,,,,,
2020020368,NSH,FLA,2021-03-04,115.0,-135.0,5.5,-110.0,-110.0,,,,,
2020020369,MTL,WPG,2021-03-04,-155.0,135.0,5.5,-120.0,105.0,,,,,
2020020370,CGY,OTT,2021-03-04,-185.0,160.0,6.0,-105.0,-115.0,,,,,
2020020371,VAN,TOR,2021-03-04,143.0,-166.0,6.5,-120.0,102.0,,,,,
2020020372,DAL,CBJ,2021-03-04,-145.0,125.0,5.5,112.0,-135.0,,,,,
2020020373,BOS,WSH,2021-03-05,-135.0,115.0,6.0,100.0,-120.0,,,,,
2020020376,CHI,TBL,2021-03-05,165.0,-195.0,6.0,-110.0,-115.0,,,,,
2020020377,COL,ANA,2021-03-05,-225.0,191.0,5.5,-105.0,-115.0,,,,,
2020020378,ARI,MIN,2021-03-05,124.0,-144.0,5.5,115.0,-135.0,,,,,
2020020379,LAK,STL,2021-03-05,105.0,-125.0,5.5,-105.0,-120.0,,,,,
2020020380,SJS,VGK,2021-03-05,175.0,-215.0,6.0,-115.0,-105.0,,,,,
2020020374,NJD,NYR,2021-03-06,-104.0,-114.0,5.5,-118.0,-103.0,,,,,
2020020375,NYI,BUF,2021-03-06,-230.0,190.0,5.5,115.0,-135.0,,,,,
2020020381,NSH,FLA,2021-03-06,125.0,-145.0,5.5,-116.0,103.0,,,,,
2020020382,MTL,WPG,2021-03-06,-145.0,125.0,5.5,-128.0,105.0,,,,,
2020020383,EDM,CGY,2021-03-06,-125.0,105.0,6.5,105.0,-120.0,,,,,
2020020384,VAN,TOR,2021-03-06,162.0,-190.0,6.5,-105.0,-115.0,,,,,
2020020385,DAL,CBJ,2021-03-06,-135.0,116.0,5.0,-135.0,118.0,,,,,
2020020386,COL,ANA,2021-03-06,-220.0,182.0,5.5,-111.0,-105.0,,,,,
2020020387,ARI,MIN,2021-03-06,124.0,-145.0,5.5,115.0,-135.0,,,,,
2020020388,LAK,STL,2021-03-06,125.0,-144.0,5.5,-105.0,-115.0,,,,,
2020020389,SJS,VGK,2021-03-06,190.0,-227.0,6.0,-115.0,-105.0,,,,,
2020020668,PIT,PHI,2021-03-06,-110.0,-105.0,6.0,-110.0,-109.0,,,,,
2020020076,CAR,FLA,2021-03-07,-135.0,115.0,6.0,-116.0,-104.0,,,,,
2020020244,BOS,NJD,2021-03-07,-295.0,240.0,5.5,-110.0,-111.0,,,,,
2020020250,DAL,NSH,2021-03-07,-160.0,135.0,5.5,116.0,-140.0,,,,,
2020020391,NYI,BUF,2021-03-07,-225.0,190.0,5.5,110.0,-128.0,,,,,
2020020393,PIT,NYR,2021-03-07,-150.0,129.0,6.0,-115.0,-105.0,,,,,
2020020394,CHI,TBL,2021-03-07,180.0,-220.0,5.5,-115.0,-105.0,,,,,
2020020395,CGY,OTT,2021-03-07,-175.0,150.0,6.0,-103.0,-105.0,,,,,
2020020769,PHI,WSH,2021-03-07,-105.0,-113.0,6.0,-120.0,100.0,,,,,
2020020326,SJS,STL,2021-03-08,139.0,-162.0,6.0,-111.0,-105.0,,,,,
2020020396,EDM,OTT,2021-03-08,-246.0,200.0,6.5,-110.0,-105.0,,,,,
2020020397,VAN,MTL,2021-03-08,130.0,-148.0,6.0,-121.0,-100.0,,,,,
2020020398,MIN,VGK,2021-03-08,-109.0,-109.0,5.5,-113.0,-105.0,,,,,
2020020399,COL,ARI,2021-03-08,-187.0,160.0,5.5,110.0,-130.0,,,,,
2020020400,ANA,LAK,2021-03-08,110.0,-127.0,5.5,102.0,-132.0,,,,,
2020020401,NYI,BOS,2021-03-09,-105.0,-114.0,5.5,112.0,-138.0,,,,,
2020020402,PHI,BUF,2021-03-09,-252.0,210.0,6.0,-101.0,-120.0,,,,,
2020020403,WSH,NJD,2021-03-09,-190.0,162.0,6.0,102.0,-111.0,,,,,
2020020404,CAR,NSH,2021-03-09,-219.0,182.0,6.0,-102.0,-113.0,,,,,
2020020405,PIT,NYR,2021-03-09,-175.0,150.0,6.0,-109.0,-110.0,,,,,
2020020406,CBJ,FLA,2021-03-09,115.0,-134.0,5.5,-115.0,-105.0,,,,,
2020020407,DET,TBL,2021-03-09,280.0,-355.0,5.5,102.0,-121.0,,,,,
2020020408,TOR,WPG,2021-03-09,-182.0,156.0,6.5,-112.0,105.0,,,,,
2020020409,DAL,CHI,2021-03-09,-148.0,129.0,5.5,-103.0,-120.0,,,,,
2020020410,EDM,OTT,2021-03-10,-228.0,190.0,6.5,-118.0,-101.0,,,,,
2020020411,VAN,MTL,2021-03-10,140.0,-164.0,6.0,-103.0,-111.0,,,,,
2020020412,MIN,VGK,2021-03-10,-105.0,-115.0,5.5,101.0,-127.0,,,,,
2020020413,COL,ARI,2021-03-10,-235.0,192.0,5.5,110.0,-130.0,,,,,
2020020414,ANA,LAK,2021-03-10,107.0,-122.0,5.5,-107.0,-108.0,,,,,
2020020415,BOS,NYR,2021-03-11,-181.0,155.0,5.5,-101.0,-117.0,,,,,
2020020416,BUF,PIT,2021-03-11,180.0,-217.0,6.0,100.0,-119.0,,,,,
2020020417,NYI,NJD,2021-03-11,-210.0,175.0,5.5,-105.0,-117.0,,,,,
2020020418,PHI,WSH,2021-03-11,-124.0,106.0,6.5,100.0,-119.0,,,,,
2020020419,CAR,NSH,2021-03-11,-245.0,204.0,5.5,-134.0,111.0,,,,,
2020020420,CBJ,FLA,2021-03-11,113.0,-131.0,5.5,-112.0,-105.0,,,,,
2020020421,DET,TBL,2021-03-11,262.0,-335.0,5.5,110.0,-128.0,,,,,
2020020422,TOR,WPG,2021-03-11,-190.0,160.0,6.5,-100.0,-118.0,,,,,
2020020423,CGY,MTL,2021-03-11,-115.0,-105.0,5.5,-118.0,-104.0,,,,,
2020020424,DAL,CHI,2021-03-11,-158.0,135.0,5.5,-105.0,-120.0,,,,,
2020020425,STL,VGK,2021-03-12,102.0,-116.0,5.5,-118.0,103.0,,,,,
2020020426,EDM,OTT,2021-03-12,-247.0,203.0,6.5,-120.0,100.0,,,,,
2020020427,MIN,ARI,2021-03-12,-195.0,165.0,5.5,110.0,-130.0,,,,,
2020020428,COL,LAK,2021-03-12,-232.0,192.0,5.5,-110.0,-110.0,,,,,
2020020429,ANA,SJS,2021-03-12,-105.0,-115.0,6.0,101.0,-117.0,,,,,
2020020430,BOS,NYR,2021-03-13,-178.0,152.0,5.5,-115.0,-105.0,,,,,
2020020431,BUF,PIT,2021-03-13,198.0,-240.0,5.5,-123.0,102.0,,,,,
2020020432,NJD,NYI,2021-03-13,155.0,-181.0,5.5,-102.0,-120.0,,,,,
2020020433,PHI,WSH,2021-03-13,-120.0,100.0,6.5,-112.0,103.0,,,,,
2020020434,TBL,NSH,2021-03-13,-331.0,271.0,5.5,-105.0,-117.0,,,,,
2020020435,FLA,CHI,2021-03-13,-170.0,145.0,6.0,-125.0,110.0,,,,,
2020020436,CBJ,DAL,2021-03-13,108.0,-125.0,5.5,120.0,-144.0,,,,,
2020020437,STL,VGK,2021-03-13,110.0,-130.0,6.0,-107.0,-115.0,,,,,
2020020438,TOR,WPG,2021-03-13,-210.0,178.0,6.5,-105.0,-112.0,,,,,
2020020439,CGY,MTL,2021-03-13,101.0,-115.0,5.5,-115.0,-105.0,,,,,
2020020440,VAN,EDM,2021-03-13,107.0,-125.0,6.5,-111.0,-109.0,,,,,
2020020441,ANA,SJS,2021-03-13,105.0,-124.0,5.5,-139.0,123.0,,,,,
2020020442,DET,CAR,2021-03-14,185.0,-220.0,5.5,-125.0,105.0,,,,,
2020020443,OTT,TOR,2021-03-14,210.0,-254.0,6.5,-122.0,107.0,,,,,
2020020444,MIN,ARI,2021-03-14,-190.0,163.0,5.5,119.0,-135.0,,,,,
2020020445,COL,LAK,2021-03-14,-260.0,210.0,5.5,-105.0,-112.0,,,,,
2020020451,CBJ,DAL,2021-03-14,118.0,-136.0,5.5,115.0,-136.0,,,,,
2020020767,NJD,NYI,2021-03-14,154.0,-180.0,5.5,-112.0,-106.0,,,,,
2020020214,BUF,WSH,2021-03-15,186.0,-225.0,6.0,102.0,-118.0,,,,,
2020020446,NYR,PHI,2021-03-15,117.0,-135.0,6.0,-122.0,102.0,,,,,
2020020448,TBL,NSH,2021-03-15,-320.0,260.0,6.0,-106.0,-111.0,,,,,
2020020449,FLA,CHI,2021-03-15,-172.0,148.0,6.5,-101.0,110.0,,,,,
2020020450,PIT,BOS,2021-03-15,100.0,-119.0,5.5,-105.0,-114.0,,,,,
2020020452,OTT,VAN,2021-03-15,143.0,-165.0,6.5,-101.0,-119.0,,,,,
2020020453,WPG,MTL,2021-03-15,101.0,-117.0,5.5,-116.0,-100.0,,,,,
2020020454,CGY,EDM,2021-03-15,-125.0,107.0,6.0,-115.0,-105.0,,,,,
2020020455,VGK,SJS,2021-03-15,-225.0,190.0,6.0,-122.0,103.0,,,,,
2020020186,MIN,ARI,2021-03-16,-195.0,164.0,5.5,110.0,-130.0,,,,,
2020020286,DAL,TBL,2021-03-16,143.0,-163.0,5.5,115.0,-136.0,,,,,
2020020457,NJD,BUF,2021-03-16,-180.0,153.0,5.5,-113.0,-105.0,,,,,
2020020458,WSH,NYI,2021-03-16,-104.0,-112.0,5.5,-114.0,-105.0,,,,,
2020020459,PIT,BOS,2021-03-16,-115.0,100.0,5.5,-115.0,-105.0,,,,,
2020020460,DET,CAR,2021-03-16,195.0,-237.0,5.5,-125.0,107.0,,,,,
2020020568,COL,ANA,2021-03-16,-288.0,238.0,5.5,-125.0,105.0,,,,,
2020020462,NYR,PHI,2021-03-17,100.0,-120.0,6.0,-121.0,-105.0,,,,,
2020020463,OTT,VAN,2021-03-17,135.0,-155.0,6.5,-101.0,-110.0,,,,,
2020020464,WPG,MTL,2021-03-17,-106.0,-110.0,5.5,-120.0,-101.0,,,,,
2020020465,CGY,EDM,2021-03-17,-115.0,102.0,6.0,-115.0,-105.0,,,,,
2020020466,VGK,SJS,2021-03-17,-242.0,197.0,6.0,-120.0,-101.0,,,,,
2020020467,LAK,STL,2021-03-17,124.0,-142.0,5.5,100.0,-117.0,,,,,
2020020201,NJD,PIT,2021-03-18,140.0,-165.0,5.5,-120.0,101.0,,,,,
2020020468,BUF,BOS,2021-03-18,220.0,-265.0,5.5,109.0,-127.0,,,,,
2020020469,NYI,PHI,2021-03-18,-160.0,135.0,5.5,-105.0,-115.0,,,,,
2020020470,CAR,CBJ,2021-03-18,-195.0,165.0,5.5,-115.0,106.0,,,,,
2020020471,TBL,CHI,2021-03-18,-266.0,215.0,6.0,-110.0,-115.0,,,,,
2020020472,FLA,NSH,2021-03-18,-215.0,180.0,6.0,-105.0,-115.0,,,,,
2020020473,DET,DAL,2021-03-18,160.0,-190.0,5.5,118.0,-142.0,,,,,
2020020474,EDM,WPG,2021-03-18,-145.0,125.0,6.5,-105.0,-113.0,,,,,
2020020475,COL,MIN,2021-03-18,-165.0,140.0,5.5,-114.0,-105.0,,,,,
2020020476,ANA,ARI,2021-03-18,110.0,-125.0,5.5,108.0,-127.0,,,,,
2020020478,WSH,NYR,2021-03-19,-143.0,123.0,6.5,100.0,-120.0,,,,,
2020020479,MTL,VAN,2021-03-19,-180.0,152.0,6.0,-105.0,-115.0,,,,,
2020020480,TOR,CGY,2021-03-19,-150.0,130.0,6.0,-115.0,-103.0,,,,,
2020020481,LAK,VGK,2021-03-19,143.0,-165.0,5.5,-115.0,-105.0,,,,,
2020020482,SJS,STL,2021-03-19,125.0,-145.0,6.0,-115.0,-105.0,,,,,
2020020291,WSH,NYR,2021-03-20,-145.0,125.0,6.0,-120.0,100.0,,,,,
2020020461,ANA,ARI,2021-03-20,113.0,-130.0,5.5,112.0,-137.0,,,,,
2020020477,NJD,PIT,2021-03-20,140.0,-165.0,5.5,-124.0,-105.0,,,,,
2020020484,NYI,PHI,2021-03-20,-132.0,115.0,5.5,-121.0,-102.0,,,,,
2020020485,CAR,CBJ,2021-03-20,-186.0,160.0,5.5,-110.0,-110.0,,,,,
2020020486,TBL,CHI,2021-03-20,-250.0,210.0,6.0,-105.0,-115.0,,,,,
2020020487,FLA,NSH,2021-03-20,-200.0,174.0,6.0,-107.0,-112.0,,,,,
2020020488,DET,DAL,2021-03-20,170.0,-195.0,5.5,116.0,-140.0,,,,,
2020020489,MTL,VAN,2021-03-20,-190.0,160.0,6.0,-110.0,-110.0,,,,,
2020020490,TOR,CGY,2021-03-20,-168.0,148.0,6.5,102.0,-110.0,,,,,
2020020491,EDM,WPG,2021-03-20,-132.0,112.0,6.0,-125.0,-105.0,,,,,
2020020492,COL,MIN,2021-03-20,-180.0,152.0,5.5,-116.0,-100.0,,,,,
2020020493,SJS,STL,2021-03-20,120.0,-142.0,6.0,-120.0,104.0,,,,,
2020020151,PIT,NJD,2021-03-21,-202.0,174.0,5.5,-124.0,103.0,,,,,
2020020258,DAL,NSH,2021-03-21,-190.0,160.0,5.5,118.0,-140.0,,,,,
2020020495,LAK,VGK,2021-03-21,145.0,-170.0,5.5,-110.0,-111.0,,,,,
2020020828,TBL,FLA,2021-03-21,-141.0,121.0,6.5,100.0,-105.0,,,,,
2020020122,VGK,STL,2021-03-22,-135.0,113.0,5.5,-118.0,-105.0,,,,,
2020020496,NYR,BUF,2021-03-22,-250.0,205.0,5.5,-124.0,105.0,,,,,
2020020497,CBJ,CAR,2021-03-22,145.0,-165.0,5.5,-115.0,-105.0,,,,,
2020020499,OTT,CGY,2021-03-22,150.0,-175.0,6.5,102.0,-115.0,,,,,
2020020500,VAN,WPG,2021-03-22,111.0,-130.0,6.0,-105.0,-115.0,,,,,
2020020501,MIN,ANA,2021-03-22,-251.0,215.0,5.5,-108.0,-111.0,,,,,
2020020502,ARI,COL,2021-03-22,209.0,-245.0,5.5,105.0,-125.0,,,,,
2020020503,SJS,LAK,2021-03-22,-130.0,110.0,5.5,-125.0,105.0,,,,,
2020020755,PHI,NYI,2021-03-22,101.0,-120.0,5.5,-105.0,-113.0,,,,,
2020020504,PHI,NJD,2021-03-23,-160.0,135.0,6.0,-110.0,-113.0,,,,,
2020020505,CHI,FLA,2021-03-23,140.0,-165.0,6.5,104.0,-115.0,,,,,
2020020506,NSH,DET,2021-03-23,-170.0,145.0,5.5,105.0,-121.0,,,,,
2020020507,DAL,TBL,2021-03-23,155.0,-180.0,5.0,-135.0,113.0,,,,,
2020020508,ARI,COL,2021-03-23,200.0,-245.0,5.5,-120.0,-104.0,,,,,
2020020509,PIT,BUF,2021-03-24,-279.0,230.0,6.0,100.0,-115.0,,,,,
2020020511,OTT,CGY,2021-03-24,160.0,-190.0,6.0,-103.0,-113.0,,,,,
2020020512,VAN,WPG,2021-03-24,116.0,-135.0,5.5,-118.0,-105.0,,,,,
2020020513,MIN,ANA,2021-03-24,-250.0,210.0,5.5,-105.0,-124.0,,,,,
2020020514,SJS,LAK,2021-03-24,-105.0,-112.0,5.5,-115.0,-105.0,,,,,
2020020223,MIN,STL,2021-03-25,-120.0,-105.0,5.5,-105.0,-111.0,,,,,
2020020515,BOS,NYI,2021-03-25,-125.0,108.0,5.0,-139.0,115.0,,,,,
2020020516,PHI,NYR,2021-03-25,108.0,-125.0,6.5,100.0,-120.0,,,,,
2020020517,WSH,NJD,2021-03-25,-210.0,174.0,6.0,-105.0,-110.0,,,,,
2020020518,CBJ,CAR,2021-03-25,145.0,-170.0,5.5,-105.0,-114.0,,,,,
2020020519,CHI,FLA,2021-03-25,112.0,-130.0,6.5,-100.0,-120.0,,,,,
2020020520,NSH,DET,2021-03-25,-180.0,153.0,5.5,105.0,-124.0,,,,,
2020020521,OTT,TOR,2021-03-25,250.0,-305.0,6.5,-110.0,-110.0,,,,,
2020020522,DAL,TBL,2021-03-25,150.0,-175.0,5.5,114.0,-137.0,,,,,
2020020523,COL,VGK,2021-03-25,-180.0,152.0,5.5,-115.0,-105.0,,,,,
2020020532,PIT,BUF,2021-03-25,-320.0,265.0,6.0,-105.0,-115.0,,,,,
2020020524,WSH,NJD,2021-03-26,-225.0,185.0,6.0,-115.0,-105.0,,,,,
2020020525,STL,ANA,2021-03-26,-210.0,175.0,5.5,-110.0,-110.0,,,,,
2020020527,CGY,WPG,2021-03-26,-126.0,110.0,5.5,-115.0,-105.0,,,,,
2020020528,ARI,SJS,2021-03-26,-108.0,-108.0,5.5,-115.0,102.0,,,,,
2020020179,BOS,BUF,2021-03-27,-345.0,280.0,5.5,110.0,-134.0,,,,,
2020020530,PHI,NYR,2021-03-27,110.0,-130.0,6.5,-105.0,-115.0,,,,,
2020020531,CAR,TBL,2021-03-27,115.0,-133.0,5.5,-120.0,105.0,,,,,
2020020533,DET,CBJ,2021-03-27,148.0,-175.0,5.5,115.0,-135.0,,,,,
2020020534,CHI,NSH,2021-03-27,-120.0,102.0,5.5,-116.0,-104.0,,,,,
2020020536,TOR,EDM,2021-03-27,-157.0,135.0,6.5,-120.0,-105.0,,,,,
2020020537,CGY,WPG,2021-03-27,-125.0,105.0,6.0,102.0,-120.0,,,,,
2020020538,DAL,FLA,2021-03-27,-135.0,114.0,5.5,105.0,-123.0,,,,,
2020020539,COL,VGK,2021-03-27,-186.0,160.0,5.5,-118.0,-105.0,,,,,
2020020540,ARI,SJS,2021-03-27,-115.0,-105.0,5.5,-124.0,104.0,,,,,
2020020561,PIT,NYI,2021-03-27,-105.0,-115.0,5.5,-105.0,-121.0,,,,,
2020020535,STL,ANA,2021-03-28,-225.0,185.0,5.5,-103.0,-118.0,,,,,
2020020541,BOS,NJD,2021-03-28,-180.0,150.0,5.5,-115.0,-130.0,,,,,
2020020542,WSH,NYR,2021-03-28,-150.0,129.0,6.5,-105.0,-114.0,,,,,
2020020544,DET,CBJ,2021-03-28,155.0,-180.0,5.5,114.0,-135.0,,,,,
2020020545,CHI,NSH,2021-03-28,-127.0,108.0,5.5,-132.0,110.0,,,,,
2020020547,DAL,FLA,2021-03-28,-118.0,102.0,5.5,110.0,-130.0,,,,,
2020020548,BUF,PHI,2021-03-29,168.0,-200.0,5.5,-140.0,110.0,,,,,
2020020549,PIT,NYI,2021-03-29,-112.0,-105.0,5.5,106.0,-130.0,,,,,
2020020551,TOR,EDM,2021-03-29,-143.0,125.0,6.5,-115.0,-105.0,,,,,
2020020552,CGY,WPG,2021-03-29,-110.0,-105.0,5.5,-110.0,-109.0,,,,,
2020020553,COL,ANA,2021-03-29,-450.0,355.0,5.5,-125.0,105.0,,,,,
2020020554,VGK,LAK,2021-03-29,-220.0,183.0,5.5,-110.0,-110.0,,,,,
2020020555,SJS,MIN,2021-03-29,140.0,-165.0,5.5,-134.0,110.0,,,,,
2020020498,MTL,EDM,2021-03-30,-121.0,105.0,6.0,-120.0,102.0,,,,,
2020020556,BOS,NJD,2021-03-30,-212.0,175.0,5.5,116.0,-140.0,,,,,
2020020558,NYR,WSH,2021-03-30,-110.0,-109.0,6.0,-115.0,-110.0,,,,,
2020020559,TBL,CBJ,2021-03-30,-250.0,210.0,5.5,-105.0,-115.0,,,,,
2020020560,FLA,DET,2021-03-30,-220.0,180.0,5.5,-115.0,-105.0,,,,,
2020020562,CHI,CAR,2021-03-30,144.0,-165.0,6.0,-108.0,-115.0,,,,,
2020020563,NSH,DAL,2021-03-30,102.0,-120.0,5.5,114.0,-139.0,,,,,
2020020209,COL,ARI,2021-03-31,-370.0,290.0,5.5,-110.0,-110.0,,,,,
2020020557,BUF,PHI,2021-03-31,170.0,-200.0,6.0,110.0,-125.0,,,,,
2020020566,WPG,TOR,2021-03-31,122.0,-144.0,6.0,-106.0,-115.0,,,,,
2020020569,VGK,LAK,2021-03-31,-235.0,195.0,5.5,-106.0,-118.0,,,,,
2020020570,SJS,MIN,2021-03-31,134.0,-157.0,5.5,-125.0,113.0,,,,,
2020020571,BOS,PIT,2021-04-01,-124.0,105.0,5.5,-105.0,-115.0,,,,,
2020020572,BUF,NYR,2021-04-01,235.0,-292.0,6.0,100.0,-122.0,,,,,
2020020573,NYI,WSH,2021-04-01,-120.0,101.0,5.5,100.0,-125.0,,,,,
2020020574,TBL,CBJ,2021-04-01,-278.0,230.0,5.5,108.0,-129.0,,,,,
2020020575,FLA,DET,2021-04-01,-247.0,201.0,5.5,-119.0,101.0,,,,,
2020020576,CHI,CAR,2021-04-01,140.0,-165.0,6.0,-105.0,-109.0,,,,,
2020020577,NSH,DAL,2021-04-01,109.0,-125.0,5.0,-133.0,112.0,,,,,
2020020578,OTT,MTL,2021-04-01,157.0,-185.0,6.0,-105.0,-108.0,,,,,
2020020579,VGK,MIN,2021-04-01,-160.0,136.0,5.5,104.0,-125.0,,,,,
2020020580,NJD,WSH,2021-04-02,131.0,-155.0,6.0,-105.0,-112.0,,,,,
2020020581,WPG,TOR,2021-04-02,130.0,-153.0,6.0,-120.0,-101.0,,,,,
2020020582,EDM,CGY,2021-04-02,-146.0,125.0,6.0,-114.0,-106.0,,,,,
2020020583,ANA,ARI,2021-04-02,106.0,-125.0,5.5,110.0,-133.0,,,,,
2020020584,LAK,SJS,2021-04-02,-125.0,105.0,5.5,-125.0,104.0,,,,,
2020020723,COL,STL,2021-04-02,-220.0,180.0,6.0,-105.0,-107.0,,,,,
2020020585,BOS,PIT,2021-04-03,-115.0,-103.0,5.5,101.0,-120.0,,,,,
2020020586,BUF,NYR,2021-04-03,215.0,-262.0,5.5,-125.0,105.0,,,,,
2020020587,NYI,PHI,2021-04-03,-178.0,149.0,5.5,-134.0,111.0,,,,,
2020020588,CAR,DAL,2021-04-03,-162.0,139.0,5.5,100.0,-124.0,,,,,
2020020589,TBL,DET,2021-04-03,-450.0,332.0,5.5,-101.0,-121.0,,,,,
2020020590,FLA,CBJ,2021-04-03,-170.0,146.0,5.5,-107.0,-112.0,,,,,
2020020591,NSH,CHI,2021-04-03,-120.0,102.0,5.5,-110.0,-109.0,,,,,
2020020592,MTL,OTT,2021-04-03,-237.0,195.0,6.0,-104.0,-112.0,,,,,
2020020594,COL,STL,2021-04-03,-267.0,215.0,5.5,-126.0,108.0,,,,,
2020020595,VGK,MIN,2021-04-03,-159.0,134.0,5.5,-107.0,-113.0,,,,,
2020020596,LAK,SJS,2021-04-03,-118.0,102.0,5.5,-135.0,115.0,,,,,
2020020597,NJD,WSH,2021-04-04,152.0,-178.0,6.0,100.0,-119.0,,,,,
2020020598,CAR,DAL,2021-04-04,-185.0,157.0,5.5,-105.0,-116.0,,,,,
2020020599,TBL,DET,2021-04-04,-360.0,289.0,5.5,-110.0,-110.0,,,,,
2020020600,FLA,CBJ,2021-04-04,-190.0,162.0,5.5,-119.0,-105.0,,,,,
2020020603,CGY,TOR,2021-04-04,130.0,-152.0,6.0,-105.0,-115.0,,,,,
2020020604,ANA,ARI,2021-04-04,120.0,-140.0,5.5,114.0,-135.0,,,,,
2020020390,BOS,PHI,2021-04-05,-165.0,140.0,5.5,-110.0,-110.0,,,,,
2020020606,STL,VGK,2021-04-05,130.0,-150.0,5.5,-121.0,105.0,,,,,
2020020607,MTL,EDM,2021-04-05,-129.0,110.0,6.0,-121.0,103.0,,,,,
2020020608,CGY,TOR,2021-04-05,154.0,-180.0,5.5,-120.0,101.0,,,,,
2020020609,MIN,COL,2021-04-05,155.0,-182.0,5.5,-105.0,-114.0,,,,,
2020020610,LAK,ARI,2021-04-05,-135.0,115.0,5.5,105.0,-125.0,,,,,
2020020848,WPG,OTT,2021-04-05,-220.0,180.0,6.0,-111.0,-110.0,,,,,
2020020241,SJS,ANA,2021-04-06,-190.0,160.0,5.5,-114.0,-101.0,,,,,
2020020611,NJD,BUF,2021-04-06,-150.0,132.0,5.5,-106.0,-112.0,,,,,
2020020612,NYI,WSH,2021-04-06,-129.0,110.0,5.5,-118.0,-105.0,,,,,
2020020613,NYR,PIT,2021-04-06,-124.0,106.0,6.0,-118.0,102.0,,,,,
2020020614,PHI,BOS,2021-04-06,108.0,-127.0,5.5,-111.0,-108.0,,,,,
2020020615,CAR,FLA,2021-04-06,-157.0,135.0,6.0,-104.0,-115.0,,,,,
2020020616,CBJ,TBL,2021-04-06,190.0,-225.0,5.5,101.0,-126.0,,,,,
2020020617,DET,NSH,2021-04-06,140.0,-165.0,5.5,-113.0,-107.0,,,,,
2020020618,CHI,DAL,2021-04-06,100.0,-117.0,5.5,-104.0,-119.0,,,,,
2020020620,STL,VGK,2021-04-07,132.0,-155.0,5.5,-115.0,-105.0,,,,,
2020020621,OTT,EDM,2021-04-07,172.0,-207.0,6.5,-105.0,-115.0,,,,,
2020020622,TOR,MTL,2021-04-07,-153.0,132.0,6.0,-110.0,-108.0,,,,,
2020020623,MIN,COL,2021-04-07,160.0,-188.0,5.5,-124.0,103.0,,,,,
2020020624,LAK,ARI,2021-04-07,-105.0,-115.0,5.5,105.0,-125.0,,,,,
2020020625,BUF,NJD,2021-04-08,105.0,-125.0,5.5,-105.0,-123.0,,,,,
2020020626,NYI,PHI,2021-04-08,-180.0,152.0,5.5,-125.0,105.0,,,,,
2020020627,NYR,PIT,2021-04-08,-125.0,105.0,6.0,-125.0,109.0,,,,,
2020020628,WSH,BOS,2021-04-08,-125.0,106.0,5.5,-120.0,102.0,,,,,
2020020629,CAR,FLA,2021-04-08,-140.0,120.0,6.0,-120.0,101.0,,,,,
2020020630,CBJ,TBL,2021-04-08,180.0,-220.0,5.5,105.0,-125.0,,,,,
2020020631,DET,NSH,2021-04-08,130.0,-149.0,5.0,-136.0,117.0,,,,,
2020020632,CHI,DAL,2021-04-08,-104.0,-114.0,5.5,100.0,-120.0,,,,,
2020020633,MTL,WPG,2021-04-08,-120.0,104.0,5.5,-110.0,-110.0,,,,,
2020020638,OTT,EDM,2021-04-08,170.0,-200.0,6.5,102.0,-118.0,,,,,
2020020229,BUF,WSH,2021-04-09,230.0,-290.0,6.0,-105.0,-115.0,,,,,
2020020494,NJD,PIT,2021-04-09,160.0,-190.0,5.5,-120.0,-105.0,,,,,
2020020636,NYI,NYR,2021-04-09,-137.0,118.0,5.5,-118.0,-103.0,,,,,
2020020637,STL,MIN,2021-04-09,-102.0,-117.0,5.5,-105.0,-112.0,,,,,
2020020639,VGK,ARI,2021-04-09,-240.0,196.0,5.5,-115.0,-105.0,,,,,
2020020640,ANA,COL,2021-04-09,280.0,-350.0,5.5,-124.0,102.0,,,,,
2020020641,SJS,LAK,2021-04-09,-130.0,110.0,5.5,-121.0,105.0,,,,,
2020020605,PHI,BOS,2021-04-10,-100.0,-120.0,5.5,-114.0,-106.0,,,,,
2020020642,CAR,DET,2021-04-10,-360.0,280.0,5.5,-105.0,-114.0,,,,,
2020020643,CBJ,CHI,2021-04-10,110.0,-129.0,5.5,-115.0,106.0,,,,,
2020020644,NSH,TBL,2021-04-10,151.0,-180.0,5.5,110.0,-118.0,,,,,
2020020645,MTL,WPG,2021-04-10,-133.0,110.0,5.5,-115.0,-105.0,,,,,
2020020646,TOR,OTT,2021-04-10,-350.0,280.0,6.5,104.0,-120.0,,,,,
2020020648,DAL,FLA,2021-04-10,-110.0,-109.0,5.5,-105.0,-125.0,,,,,
2020020649,SJS,LAK,2021-04-10,-140.0,120.0,5.5,-122.0,105.0,,,,,
2020020654,STL,MIN,2021-04-10,111.0,-130.0,5.5,-115.0,-105.0,,,,,
2020020849,CGY,EDM,2021-04-10,101.0,-120.0,6.0,-108.0,-110.0,,,,,
2020020650,NJD,PIT,2021-04-11,144.0,-170.0,6.0,-110.0,-110.0,,,,,
2020020651,NYI,NYR,2021-04-11,-132.0,114.0,5.5,101.0,-120.0,,,,,
2020020652,PHI,BUF,2021-04-11,-215.0,180.0,5.5,-126.0,105.0,,,,,
2020020655,VGK,ARI,2021-04-11,-250.0,205.0,5.5,-120.0,-103.0,,,,,
2020020656,ANA,COL,2021-04-11,280.0,-340.0,5.5,-120.0,-103.0,,,,,
2020020714,BOS,WSH,2021-04-11,110.0,-125.0,5.5,-115.0,-105.0,,,,,
2020020788,NSH,DAL,2021-04-11,-103.0,-112.0,5.0,-131.0,110.0,,,,,
2020020225,COL,ARI,2021-04-12,-370.0,290.0,5.5,-120.0,-103.0,,,,,
2020020657,CAR,DET,2021-04-12,-380.0,295.0,5.5,-115.0,-105.0,,,,,
2020020658,CBJ,CHI,2021-04-12,120.0,-140.0,5.5,-122.0,105.0,,,,,
2020020660,MTL,TOR,2021-04-12,135.0,-155.0,6.0,105.0,-115.0,,,,,
2020020661,OTT,WPG,2021-04-12,170.0,-200.0,6.0,-115.0,-110.0,,,,,
2020020663,LAK,VGK,2021-04-12,150.0,-171.0,5.5,-107.0,-113.0,,,,,
2020020664,SJS,ANA,2021-04-12,-190.0,165.0,5.5,-126.0,105.0,,,,,
2020020195,BOS,BUF,2021-04-13,-320.0,262.0,5.5,-106.0,-114.0,,,,,
2020020202,WSH,PHI,2021-04-13,-165.0,140.0,6.5,-110.0,-110.0,,,,,
2020020659,NSH,TBL,2021-04-13,130.0,-152.0,5.5,104.0,-121.0,,,,,
2020020666,NJD,NYR,2021-04-13,158.0,-185.0,6.0,104.0,-115.0,,,,,
2020020669,TOR,CGY,2021-04-13,-156.0,132.0,6.0,100.0,-120.0,,,,,
2020020670,DAL,FLA,2021-04-13,102.0,-120.0,5.5,120.0,-141.0,,,,,
2020020182,STL,COL,2021-04-14,137.0,-163.0,5.5,-132.0,116.0,,,,,
2020020192,MIN,ARI,2021-04-14,-210.0,175.0,5.5,110.0,-130.0,,,,,
2020020671,MTL,CGY,2021-04-14,-165.0,140.0,5.5,101.0,-115.0,,,,,
2020020672,OTT,WPG,2021-04-14,162.0,-190.0,6.0,-121.0,102.0,,,,,
2020020674,LAK,VGK,2021-04-14,175.0,-207.0,5.5,-115.0,-105.0,,,,,
2020020675,SJS,ANA,2021-04-14,-176.0,149.0,5.5,-131.0,111.0,,,,,
2020020665,BOS,NYI,2021-04-15,-116.0,100.0,5.0,-135.0,115.0,,,,,
2020020676,NYR,NJD,2021-04-15,-220.0,177.0,6.0,103.0,-122.0,,,,,
2020020677,WSH,BUF,2021-04-15,-360.0,280.0,6.0,-113.0,-110.0,,,,,
2020020678,CAR,NSH,2021-04-15,-185.0,160.0,5.5,-110.0,-112.0,,,,,
2020020679,TBL,FLA,2021-04-15,-166.0,140.0,5.5,-110.0,-110.0,,,,,
2020020680,PIT,PHI,2021-04-15,-175.0,147.0,6.5,-110.0,-110.0,,,,,
2020020681,DET,CHI,2021-04-15,140.0,-160.0,5.5,-114.0,-106.0,,,,,
2020020682,TOR,WPG,2021-04-15,-145.0,125.0,5.5,-118.0,-103.0,,,,,
2020020683,DAL,CBJ,2021-04-15,-187.0,160.0,5.0,-140.0,120.0,,,,,
2020020685,BOS,NYI,2021-04-16,-120.0,-100.0,5.5,115.0,-137.0,,,,,
2020020686,MTL,CGY,2021-04-16,-139.0,120.0,5.5,-103.0,-120.0,,,,,
2020020687,MIN,SJS,2021-04-16,-190.0,163.0,5.5,-130.0,110.0,,,,,
2020020689,ANA,VGK,2021-04-16,200.0,-245.0,5.5,-105.0,-115.0,,,,,
2020020546,MTL,OTT,2021-04-17,-213.0,175.0,6.0,-111.0,-110.0,,,,,
2020020690,BUF,PIT,2021-04-17,208.0,-250.0,6.0,-105.0,-114.0,,,,,
2020020691,NYR,NJD,2021-04-17,-270.0,215.0,5.5,-120.0,-105.0,,,,,
2020020692,PHI,WSH,2021-04-17,130.0,-150.0,6.5,-117.0,105.0,,,,,
2020020693,CAR,NSH,2021-04-17,-175.0,151.0,5.5,-105.0,-118.0,,,,,
2020020694,TBL,FLA,2021-04-17,-165.0,143.0,5.5,-118.0,-105.0,,,,,
2020020695,DET,CHI,2021-04-17,120.0,-141.0,5.5,-105.0,-115.0,,,,,
2020020696,WPG,EDM,2021-04-17,-120.0,-105.0,6.0,-124.0,-105.0,,,,,
2020020698,MIN,SJS,2021-04-17,-181.0,157.0,6.0,-102.0,-116.0,,,,,
2020020699,DAL,CBJ,2021-04-17,-190.0,163.0,5.5,111.0,-137.0,,,,,
2020020700,ARI,STL,2021-04-17,120.0,-140.0,5.5,105.0,-130.0,,,,,
2020020697,VAN,TOR,2021-04-18,310.0,-407.0,6.0,-121.0,-105.0,,,,,
2020020701,BOS,WSH,2021-04-18,-154.0,133.0,5.5,-118.0,-105.0,,,,,
2020020702,NJD,NYR,2021-04-18,163.0,-192.0,6.0,-101.0,-117.0,,,,,
2020020703,PHI,NYI,2021-04-18,135.0,-158.0,5.5,-121.0,-100.0,,,,,
2020020705,ANA,VGK,2021-04-18,220.0,-270.0,5.5,-105.0,-115.0,,,,,
2020020715,BUF,PIT,2021-04-18,240.0,-290.0,6.0,102.0,-116.0,,,,,
2020020601,NSH,CHI,2021-04-19,-147.0,126.0,5.5,-100.0,-120.0,,,,,
2020020706,TBL,CAR,2021-04-19,-120.0,103.0,5.5,-109.0,-110.0,,,,,
2020020707,FLA,CBJ,2021-04-19,-220.0,182.0,5.5,-115.0,-104.0,,,,,
2020020708,CGY,OTT,2021-04-19,-220.0,185.0,6.0,104.0,-123.0,,,,,
2020020709,EDM,MTL,2021-04-19,-140.0,120.0,6.0,-104.0,-117.0,,,,,
2020020711,DAL,DET,2021-04-19,-265.0,215.0,5.0,-125.0,105.0,,,,,
2020020712,ARI,MIN,2021-04-19,125.0,-145.0,5.5,110.0,-131.0,,,,,
2020020713,VGK,SJS,2021-04-19,-270.0,220.0,6.0,-105.0,-113.0,,,,,
2020020166,PIT,NJD,2021-04-20,-265.0,220.0,6.0,-120.0,-103.0,,,,,
2020020483,BUF,BOS,2021-04-20,255.0,-310.0,5.5,-105.0,-125.0,,,,,
2020020710,VAN,TOR,2021-04-20,255.0,-320.0,6.5,-104.0,-118.0,,,,,
2020020717,NYI,NYR,2021-04-20,-122.0,105.0,5.5,108.0,-130.0,,,,,
2020020718,TBL,CAR,2021-04-20,-118.0,102.0,5.5,-120.0,-101.0,,,,,
2020020719,FLA,CBJ,2021-04-20,-200.0,170.0,5.5,-117.0,-105.0,,,,,
2020020722,DAL,DET,2021-04-20,-235.0,193.0,5.0,-139.0,118.0,,,,,
2020020724,LAK,ANA,2021-04-20,-165.0,140.0,5.5,105.0,-125.0,,,,,
2020020721,EDM,MTL,2021-04-21,-145.0,125.0,5.5,-125.0,105.0,,,,,
2020020725,CHI,NSH,2021-04-21,110.0,-130.0,5.5,-112.0,-109.0,,,,,
2020020727,ARI,MIN,2021-04-21,140.0,-162.0,5.5,106.0,-128.0,,,,,
2020020728,VGK,SJS,2021-04-21,-280.0,230.0,6.0,-103.0,-118.0,,,,,
2020020254,NYR,PHI,2021-04-22,-175.0,150.0,6.5,102.0,-120.0,,,,,
2020020726,WPG,TOR,2021-04-22,115.0,-135.0,6.0,-110.0,-110.0,,,,,
2020020729,BUF,BOS,2021-04-22,260.0,-320.0,5.5,-103.0,-118.0,,,,,
2020020730,NYI,WSH,2021-04-22,-125.0,107.0,5.5,-116.0,-105.0,,,,,
2020020731,TBL,CBJ,2021-04-22,-265.0,220.0,5.5,-120.0,104.0,,,,,
2020020732,FLA,CAR,2021-04-22,110.0,-130.0,6.0,100.0,-109.0,,,,,
2020020733,PIT,NJD,2021-04-22,-290.0,235.0,6.5,-104.0,-117.0,,,,,
2020020734,DET,DAL,2021-04-22,180.0,-220.0,5.0,-130.0,109.0,,,,,
2020020735,STL,COL,2021-04-22,135.0,-160.0,6.0,100.0,-117.0,,,,,
2020020737,VAN,OTT,2021-04-22,-145.0,125.0,6.0,-122.0,-110.0,,,,,
2020020240,LAK,MIN,2021-04-23,143.0,-170.0,5.5,-104.0,-120.0,,,,,
2020020736,CGY,MTL,2021-04-23,-120.0,105.0,5.5,-105.0,-119.0,,,,,
2020020738,BUF,BOS,2021-04-23,275.0,-355.0,5.5,-110.0,-110.0,,,,,
2020020739,NYR,PHI,2021-04-23,-161.0,140.0,6.5,-108.0,-112.0,,,,,
2020020740,CHI,NSH,2021-04-23,116.0,-135.0,5.5,-120.0,-103.0,,,,,
2020020325,ANA,VGK,2021-04-24,235.0,-290.0,5.5,-106.0,-114.0,,,,,
2020020744,NYI,WSH,2021-04-24,-139.0,118.0,5.5,110.0,-134.0,,,,,
2020020745,FLA,CAR,2021-04-24,-101.0,-115.0,6.0,100.0,-117.0,,,,,
2020020746,PIT,NJD,2021-04-24,-300.0,240.0,6.0,-120.0,-105.0,,,,,
2020020747,DET,DAL,2021-04-24,175.0,-210.0,5.0,-133.0,113.0,,,,,
2020020748,STL,COL,2021-04-24,136.0,-170.0,6.0,112.0,-115.0,,,,,
2020020749,WPG,TOR,2021-04-24,108.0,-125.0,6.0,-115.0,-103.0,,,,,
2020020750,CGY,MTL,2021-04-24,-130.0,112.0,5.5,-105.0,-117.0,,,,,
2020020751,VAN,OTT,2021-04-24,-143.0,124.0,6.0,-113.0,-110.0,,,,,
2020020752,LAK,ARI,2021-04-24,-105.0,-124.0,5.5,100.0,-125.0,,,,,
2020020753,SJS,MIN,2021-04-24,110.0,-130.0,6.0,100.0,-119.0,,,,,
2020020216,PHI,NJD,2021-04-25,-210.0,175.0,6.0,-112.0,-109.0,,,,,
2020020754,NYR,BUF,2021-04-25,-300.0,240.0,6.0,-115.0,-110.0,,,,,
2020020756,TBL,CBJ,2021-04-25,-315.0,252.0,5.5,-108.0,-112.0,,,,,
2020020757,PIT,BOS,2021-04-25,108.0,-126.0,5.5,-121.0,-106.0,,,,,
2020020191,STL,COL,2021-04-26,150.0,-175.0,6.0,-101.0,-117.0,,,,,
2020020758,NSH,FLA,2021-04-26,105.0,-125.0,5.5,-117.0,-105.0,,,,,
2020020759,OTT,VAN,2021-04-26,106.0,-125.0,6.0,100.0,-113.0,,,,,
2020020760,WPG,EDM,2021-04-26,-106.0,-110.0,6.0,-110.0,-109.0,,,,,
2020020761,CGY,MTL,2021-04-26,-135.0,113.0,5.5,105.0,-128.0,,,,,
2020020763,DAL,CAR,2021-04-26,108.0,-127.0,5.5,-105.0,-120.0,,,,,
2020020765,LAK,ANA,2021-04-26,-150.0,130.0,5.5,103.0,-124.0,,,,,
2020020766,SJS,ARI,2021-04-26,105.0,-125.0,5.5,-118.0,104.0,,,,,
2020020447,WSH,NYI,2021-04-27,-103.0,-115.0,5.5,105.0,-125.0,,,,,
2020020716,NJD,PHI,2021-04-27,114.0,-132.0,6.0,-113.0,-110.0,,,,,
2020020768,NYR,BUF,2021-04-27,-320.0,265.0,6.5,102.0,-105.0,,,,,
2020020770,PIT,BOS,2021-04-27,-105.0,-115.0,5.5,-110.0,-110.0,,,,,
2020020771,CBJ,DET,2021-04-27,-145.0,124.0,5.0,-137.0,116.0,,,,,
2020020772,CHI,TBL,2021-04-27,160.0,-190.0,6.0,100.0,-118.0,,,,,
2020020773,NSH,FLA,2021-04-27,102.0,-120.0,5.5,-125.0,105.0,,,,,
2020020774,DAL,CAR,2021-04-27,115.0,-135.0,5.5,108.0,-132.0,,,,,
2020020775,MTL,TOR,2021-04-28,140.0,-163.0,6.0,-105.0,-112.0,,,,,
2020020776,OTT,VAN,2021-04-28,-104.0,-115.0,6.0,-105.0,-114.0,,,,,
2020020777,WPG,EDM,2021-04-28,-104.0,-116.0,6.0,-115.0,-105.0,,,,,
2020020778,MIN,STL,2021-04-28,-159.0,138.0,5.5,-112.0,-108.0,,,,,
2020020779,VGK,COL,2021-04-28,-140.0,120.0,5.5,-125.0,104.0,,,,,
2020020780,LAK,ANA,2021-04-28,-165.0,143.0,5.5,114.0,-135.0,,,,,
2020020781,SJS,ARI,2021-04-28,102.0,-118.0,5.5,-111.0,-110.0,,,,,
2020020347,TBL,DAL,2021-04-29,-168.0,144.0,5.5,110.0,-130.0,,,,,
2020020762,MIN,STL,2021-04-29,-160.0,140.0,5.5,-115.0,-105.0,,,,,
2020020782,BOS,BUF,2021-04-29,-400.0,312.0,5.5,-114.0,-105.0,,,,,
2020020783,NJD,PHI,2021-04-29,105.0,-122.0,6.0,-127.0,111.0,,,,,
2020020784,NYR,NYI,2021-04-29,-125.0,105.0,5.5,115.0,-135.0,,,,,
2020020785,WSH,PIT,2021-04-29,-103.0,-115.0,5.5,-125.0,105.0,,,,,
2020020786,CAR,DET,2021-04-29,-370.0,295.0,5.5,-110.0,-108.0,,,,,
2020020787,CHI,FLA,2021-04-29,137.0,-161.0,6.5,102.0,-120.0,,,,,
2020020789,EDM,CGY,2021-04-29,-125.0,107.0,6.0,-105.0,-115.0,,,,,
2020020792,TOR,VAN,2021-04-29,-307.0,249.0,6.5,-115.0,103.0,,,,,
2020020791,MTL,WPG,2021-04-30,-105.0,-115.0,5.5,104.0,-125.0,,,,,
2020020793,COL,SJS,2021-04-30,-337.0,270.0,6.5,100.0,-115.0,,,,,
2020020794,ARI,VGK,2021-04-30,192.0,-230.0,5.5,-120.0,104.0,,,,,
2020020795,ANA,LAK,2021-04-30,113.0,-132.0,5.5,112.0,-134.0,,,,,
2020020207,MIN,STL,2021-05-01,-145.0,127.0,5.5,-112.0,-107.0,,,,,
2020020796,BOS,BUF,2021-05-01,-390.0,305.0,5.5,-120.0,105.0,,,,,
2020020797,NYI,NYR,2021-05-01,-145.0,125.0,5.5,107.0,-127.0,,,,,
2020020798,PHI,NJD,2021-05-01,-150.0,130.0,6.0,-125.0,110.0,,,,,
2020020799,WSH,PIT,2021-05-01,-105.0,-113.0,6.0,-116.0,-105.0,,,,,
2020020800,CAR,CBJ,2021-05-01,-345.0,272.0,5.5,-105.0,-115.0,,,,,
2020020801,DET,TBL,2021-05-01,235.0,-286.0,5.5,-106.0,-114.0,,,,,
2020020802,CHI,FLA,2021-05-01,133.0,-154.0,6.0,-125.0,110.0,,,,,
2020020804,NSH,DAL,2021-05-01,-110.0,-105.0,5.0,-140.0,124.0,,,,,
2020020805,MTL,OTT,2021-05-01,-155.0,132.0,6.0,105.0,-122.0,,,,,
2020020806,TOR,VAN,2021-05-01,-315.0,255.0,6.0,-117.0,-105.0,,,,,
2020020807,EDM,CGY,2021-05-01,-139.0,120.0,6.0,-103.0,-118.0,,,,,
2020020808,COL,SJS,2021-05-01,-320.0,260.0,6.0,-120.0,102.0,,,,,
2020020809,ARI,VGK,2021-05-01,180.0,-215.0,5.5,-105.0,-115.0,,,,,
2020020810,ANA,LAK,2021-05-01,122.0,-141.0,5.5,111.0,-130.0,,,,,
2020020811,DET,TBL,2021-05-02,260.0,-305.0,5.5,112.0,-134.0,,,,,
2020020020,FLA,DAL,2021-05-03,-130.0,110.0,5.5,-105.0,-120.0,,,,,
2020020812,BUF,NYI,2021-05-03,217.0,-262.0,5.5,105.0,-120.0,,,,,
2020020813,NJD,BOS,2021-05-03,206.0,-252.0,5.5,-115.0,-104.0,,,,,
2020020814,NYR,WSH,2021-05-03,102.0,-117.0,6.0,-120.0,-105.0,,,,,
2020020815,PHI,PIT,2021-05-03,151.0,-176.0,6.5,-100.0,-120.0,,,,,
2020020816,CAR,CHI,2021-05-03,-270.0,220.0,6.0,-120.0,105.0,,,,,
2020020817,CBJ,NSH,2021-05-03,150.0,-176.0,5.5,110.0,-133.0,,,,,
2020020818,STL,ANA,2021-05-03,-240.0,200.0,5.5,100.0,-116.0,,,,,
2020020819,MTL,TOR,2021-05-03,145.0,-165.0,6.0,-103.0,-118.0,,,,,
2020020820,OTT,WPG,2021-05-03,134.0,-155.0,6.0,105.0,-114.0,,,,,
2020020821,MIN,VGK,2021-05-03,-107.0,-125.0,5.5,-113.0,-106.0,,,,,
2020020822,ARI,LAK,2021-05-03,-157.0,135.0,5.5,110.0,-132.0,,,,,
2020020823,SJS,COL,2021-05-03,225.0,-275.0,6.0,-115.0,-105.0,,,,,
2020020829,VAN,EDM,2021-05-03,176.0,-210.0,6.0,-125.0,-110.0,,,,,
2020020824,BUF,NYI,2021-05-04,210.0,-250.0,5.5,-104.0,-118.0,,,,,
2020020825,NJD,BOS,2021-05-04,213.0,-260.0,5.5,-104.0,-116.0,,,,,
2020020826,PHI,PIT,2021-05-04,137.0,-160.0,6.5,-115.0,-105.0,,,,,
2020020827,CAR,CHI,2021-05-04,-300.0,245.0,6.5,-105.0,-114.0,,,,,
2020020844,VAN,EDM,2021-05-04,190.0,-210.0,6.0,106.0,-115.0,,,,,
2020020033,TBL,DAL,2021-05-05,-164.0,140.0,5.0,-141.0,117.0,,,,,
2020020564,OTT,MTL,2021-05-05,131.0,-150.0,5.5,-110.0,-113.0,,,,,
2020020830,NYR,WSH,2021-05-05,120.0,-140.0,6.0,-115.0,-105.0,,,,,
2020020831,CBJ,NSH,2021-05-05,160.0,-189.0,5.5,110.0,-130.0,,,,,
2020020832,STL,ANA,2021-05-05,-235.0,195.0,5.5,116.0,-140.0,,,,,
2020020834,CGY,WPG,2021-05-05,-125.0,105.0,5.5,-103.0,-118.0,,,,,
2020020835,MIN,VGK,2021-05-05,100.0,-115.0,6.0,100.0,-119.0,,,,,
2020020836,ARI,LAK,2021-05-05,-135.0,115.0,5.5,110.0,-132.0,,,,,
2020020837,SJS,COL,2021-05-05,240.0,-290.0,6.0,-118.0,-105.0,,,,,
2020020280,CAR,CHI,2021-05-06,-315.0,256.0,6.0,-125.0,109.0,,,,,
2020020593,EDM,VAN,2021-05-06,-250.0,210.0,6.0,-115.0,-105.0,,,,,
2020020838,BOS,NYR,2021-05-06,-290.0,237.0,5.5,-105.0,-115.0,,,,,
2020020839,NYI,NJD,2021-05-06,-237.0,197.0,5.5,114.0,-133.0,,,,,
2020020842,PIT,BUF,2021-05-06,-330.0,265.0,6.5,102.0,-102.0,,,,,
2020020847,TOR,MTL,2021-05-06,-235.0,195.0,6.0,-103.0,-115.0,,,,,
2020020048,TBL,DAL,2021-05-07,-135.0,115.0,5.5,100.0,-122.0,,,,,
2020020840,WSH,PHI,2021-05-07,-180.0,152.0,6.5,102.0,-120.0,,,,,
2020020845,CBJ,DET,2021-05-07,-134.0,115.0,5.0,-113.0,-110.0,,,,,
2020020850,MIN,ANA,2021-05-07,-295.0,235.0,5.5,-114.0,-106.0,,,,,
2020020851,VGK,STL,2021-05-07,-190.0,159.0,5.5,-120.0,-101.0,,,,,
2020020852,LAK,COL,2021-05-07,205.0,-250.0,5.5,-125.0,106.0,,,,,
2020020853,SJS,ARI,2021-05-07,-115.0,-102.0,5.5,-115.0,-103.0,,,,,
2020020662,EDM,VAN,2021-05-08,-260.0,215.0,6.0,-121.0,-105.0,,,,,
2020020854,BOS,NYR,2021-05-08,-335.0,265.0,5.5,-111.0,-107.0,,,,,
2020020855,NYI,NJD,2021-05-08,-200.0,170.0,5.5,112.0,-131.0,,,,,
2020020856,WSH,PHI,2021-05-08,-150.0,130.0,6.5,107.0,-115.0,,,,,
2020020857,FLA,TBL,2021-05-08,-115.0,-101.0,6.0,100.0,-117.0,,,,,
2020020858,PIT,BUF,2021-05-08,-370.0,295.0,6.5,-122.0,102.0,,,,,
2020020859,CBJ,DET,2021-05-08,-138.0,119.0,5.0,-122.0,101.0,,,,,
2020020861,NSH,CAR,2021-05-08,112.0,-130.0,5.5,-105.0,-113.0,,,,,
2020020862,TOR,MTL,2021-05-08,-217.0,180.0,6.0,-100.0,-121.0,,,,,
2020020863,WPG,OTT,2021-05-08,-170.0,150.0,5.5,-124.0,104.0,,,,,
2020020865,MIN,ANA,2021-05-08,-290.0,237.0,5.5,-105.0,-115.0,,,,,
2020020866,VGK,STL,2021-05-08,-235.0,195.0,5.5,-120.0,105.0,,,,,
2020020867,LAK,COL,2021-05-08,204.0,-245.0,5.5,-120.0,-101.0,,,,,
2020020868,SJS,ARI,2021-05-08,-110.0,-110.0,5.5,-120.0,-103.0,,,,,
2020020720,CGY,OTT,2021-05-09,-190.0,160.0,6.0,102.0,-121.0,,,,,
2020020843,CHI,DAL,2021-05-09,105.0,-120.0,5.5,-135.0,109.0,,,,,
2020020231,PHI,NJD,2021-05-10,-160.0,140.0,6.5,-102.0,-120.0,,,,,
2020020456,LAK,STL,2021-05-10,105.0,-125.0,5.5,115.0,-134.0,,,,,
2020020510,MTL,EDM,2021-05-10,-112.0,-105.0,6.0,-103.0,-118.0,,,,,
2020020529,BOS,NYI,2021-05-10,-164.0,141.0,5.0,-130.0,106.0,,,,,
2020020602,WPG,VAN,2021-05-10,-170.0,145.0,5.5,-120.0,-100.0,,,,,
2020020764,VGK,COL,2021-05-10,114.0,-130.0,6.0,105.0,-125.0,,,,,
2020020841,FLA,TBL,2021-05-10,-142.0,123.0,6.0,-105.0,-117.0,,,,,
2020020846,NSH,CAR,2021-05-10,130.0,-151.0,5.5,-118.0,-107.0,,,,,
2020020860,CHI,DAL,2021-05-10,116.0,-135.0,6.0,100.0,-118.0,,,,,
2020020619,WPG,VAN,2021-05-11,-185.0,160.0,5.5,-124.0,105.0,,,,,
2020020653,WSH,BOS,2021-05-11,-210.0,180.0,5.5,108.0,-130.0,,,,,
2020020162,SJS,VGK,2021-05-12,180.0,-217.0,6.0,-119.0,100.0,,,,,
2020020526,MTL,EDM,2021-05-12,130.0,-154.0,6.0,-111.0,-113.0,,,,,
2020020688,COL,LAK,2021-05-12,-355.0,285.0,5.5,-113.0,-106.0,,,,,
2020020790,STL,MIN,2021-05-12,140.0,-160.0,5.5,-119.0,100.0,,,,,
2020020833,OTT,TOR,2021-05-12,160.0,-190.0,6.5,-106.0,-115.0,,,,,
2020020647,CGY,VAN,2021-05-13,-170.0,148.0,5.5,-124.0,105.0,,,,,
2020020704,COL,LAK,2021-05-13,-470.0,359.0,5.5,-125.0,100.0,,,,,
2020020803,STL,MIN,2021-05-13,-115.0,-105.0,5.5,-115.0,-105.0,,,,,
2020020741,WPG,TOR,2021-05-14,135.0,-157.0,5.5,-115.0,-105.0,,,,,
2020020673,EDM,VAN,2021-05-15,-190.0,160.0,6.0,-120.0,103.0,,,,,
2020020567,VAN,CGY,2021-05-16,125.0,-146.0,6.0,100.0,-110.0,,,,,
2020020864,VAN,CGY,2021-05-18,-104.0,-117.0,6.0,100.0,-117.0,,,,,
2020020634,CGY,VAN,2021-05-19,-200.0,170.0,5.5,-118.0,104.0,,,,,
2021020001,TBL,PIT,2021-10-12,-284.0,227.0,5.5,-133.0,110.0,,,,,
2021020002,VGK,SEA,2021-10-12,-237.0,195.0,5.5,101.0,-127.0,,,,,
2021020003,TOR,MTL,2021-10-13,-190.0,162.0,5.5,-145.0,115.0,,,,,
2021020004,WSH,NYR,2021-10-13,-116.0,100.0,6.5,-102.0,-115.0,,,,,
2021020005,COL,CHI,2021-10-13,-188.0,160.0,6.5,-110.0,-114.0,,,,,
2021020006,EDM,VAN,2021-10-13,-213.0,179.0,6.5,-128.0,104.0,,,,,
2021020015,ANA,WPG,2021-10-13,120.0,-142.0,5.5,-105.0,-120.0,,,,,
2021020007,BUF,MTL,2021-10-14,122.0,-144.0,5.5,-130.0,102.0,,,,,
2021020008,OTT,TOR,2021-10-14,150.0,-180.0,6.5,-108.0,-112.0,,,,,
2021020009,DET,TBL,2021-10-14,184.0,-220.0,5.5,-110.0,-110.0,,,,,
2021020010,FLA,PIT,2021-10-14,-182.0,153.0,6.5,-108.0,-112.0,,,,,
2021020011,NYR,DAL,2021-10-14,-136.0,117.0,5.5,-135.0,105.0,,,,,
2021020012,CAR,NYI,2021-10-14,-127.0,107.0,5.5,-104.0,-119.0,,,,,
2021020013,CBJ,ARI,2021-10-14,-167.0,144.0,5.5,-106.0,-114.0,,,,,
2021020014,NSH,SEA,2021-10-14,-132.0,112.0,5.5,-121.0,-102.0,,,,,
2021020016,LAK,VGK,2021-10-14,141.0,-166.0,5.5,-111.0,-108.0,,,,,
2021020017,NJD,CHI,2021-10-15,-133.0,114.0,6.5,-104.0,-118.0,,,,,
2021020018,PHI,VAN,2021-10-15,-152.0,132.0,6.5,-102.0,-118.0,,,,,
2021020019,ANA,MIN,2021-10-15,149.0,-175.0,5.5,-100.0,-119.0,,,,,
2021020020,BOS,DAL,2021-10-16,-195.0,163.0,5.5,107.0,-127.0,,,,,
2021020021,BUF,ARI,2021-10-16,-126.0,108.0,5.5,-121.0,-104.0,,,,,
2021020022,TOR,OTT,2021-10-16,-271.0,225.0,6.5,-100.0,-123.0,,,,,
2021020023,MTL,NYR,2021-10-16,-111.0,-106.0,5.5,-119.0,-112.0,,,,,
2021020024,DET,VAN,2021-10-16,102.0,-119.0,5.5,-120.0,100.0,,,,,
2021020025,FLA,NYI,2021-10-16,-134.0,115.0,5.5,-121.0,-102.0,,,,,
2021020026,PIT,CHI,2021-10-16,-133.0,115.0,6.0,-120.0,-100.0,,,,,
2021020027,WSH,TBL,2021-10-16,106.0,-125.0,6.5,-105.0,-116.0,,,,,
2021020028,CBJ,SEA,2021-10-16,-104.0,-116.0,5.5,-119.0,-101.0,,,,,
2021020029,NSH,CAR,2021-10-16,-106.0,-112.0,5.5,-122.0,100.0,,,,,
2021020030,COL,STL,2021-10-16,-151.0,131.0,5.5,-119.0,100.0,,,,,
2021020031,EDM,CGY,2021-10-16,-152.0,130.0,6.5,-108.0,-111.0,,,,,
2021020032,LAK,MIN,2021-10-16,107.0,-120.0,6.0,-116.0,-105.0,,,,,
2021020033,SJS,WPG,2021-10-16,115.0,-135.0,6.5,-112.0,-105.0,,,,,
2021020034,OTT,DAL,2021-10-17,120.0,-139.0,5.5,100.0,-121.0,,,,,
2021020035,TOR,NYR,2021-10-18,-190.0,160.0,6.5,102.0,-122.0,,,,,
2021020036,PHI,SEA,2021-10-18,-139.0,118.0,5.5,-134.0,110.0,,,,,
2021020037,CGY,ANA,2021-10-18,-211.0,175.0,5.5,-105.0,-114.0,,,,,
2021020038,ARI,STL,2021-10-18,151.0,-180.0,5.5,-110.0,-112.0,,,,,
2021020039,BUF,VAN,2021-10-19,135.0,-160.0,6.0,-103.0,-120.0,,,,,
2021020040,MTL,SJS,2021-10-19,-164.0,138.0,6.0,-114.0,-105.0,,,,,
2021020041,DET,CBJ,2021-10-19,-119.0,102.0,5.5,101.0,-121.0,,,,,
2021020042,TBL,FLA,2021-10-19,-116.0,104.0,6.5,-110.0,-122.0,,,,,
2021020043,NJD,SEA,2021-10-19,-149.0,127.0,5.5,-131.0,109.0,,,,,
2021020044,PIT,DAL,2021-10-19,-130.0,111.0,5.5,-108.0,-111.0,,,,,
2021020045,WSH,COL,2021-10-19,-104.0,-116.0,6.0,-129.0,106.0,,,,,
2021020046,CHI,NYI,2021-10-19,107.0,-125.0,5.5,-110.0,-109.0,,,,,
2021020047,NSH,LAK,2021-10-19,-133.0,114.0,5.5,-105.0,-115.0,,,,,
2021020048,MIN,WPG,2021-10-19,-148.0,127.0,5.5,-120.0,101.0,,,,,
2021020049,EDM,ANA,2021-10-19,-300.0,242.0,6.0,-121.0,102.0,,,,,
2021020050,PHI,BOS,2021-10-20,119.0,-140.0,5.5,-132.0,110.0,,,,,
2021020051,VGK,STL,2021-10-20,-125.0,105.0,5.5,-132.0,109.0,,,,,
2021020052,MTL,CAR,2021-10-21,101.0,-125.0,5.5,-123.0,100.0,,,,,
2021020053,OTT,SJS,2021-10-21,-103.0,-115.0,5.5,-131.0,109.0,,,,,
2021020054,DET,CGY,2021-10-21,110.0,-129.0,5.5,-116.0,-105.0,,,,,
2021020055,FLA,COL,2021-10-21,-128.0,100.0,6.5,-130.0,102.0,,,,,
2021020056,NJD,WSH,2021-10-21,113.0,-132.0,6.5,100.0,-123.0,,,,,
2021020057,CBJ,NYI,2021-10-21,125.0,-148.0,5.5,112.0,-133.0,,,,,
2021020058,CHI,VAN,2021-10-21,-134.0,115.0,6.5,-110.0,-110.0,,,,,
2021020059,NSH,NYR,2021-10-21,-115.0,-104.0,5.5,-110.0,-110.0,,,,,
2021020060,WPG,ANA,2021-10-21,-187.0,160.0,5.5,-105.0,-113.0,,,,,
2021020061,ARI,EDM,2021-10-21,172.0,-206.0,6.5,-106.0,-114.0,,,,,
2021020062,BUF,BOS,2021-10-22,184.0,-225.0,5.5,-112.0,-106.0,,,,,
2021020063,TOR,SJS,2021-10-22,-247.0,205.0,6.5,-103.0,-107.0,,,,,
2021020064,DAL,LAK,2021-10-22,-170.0,144.0,5.5,116.0,-138.0,,,,,
2021020065,VGK,EDM,2021-10-22,-131.0,113.0,6.5,-104.0,-116.0,,,,,
2021020066,MTL,DET,2021-10-23,-177.0,150.0,5.5,108.0,-125.0,,,,,
2021020067,OTT,NYR,2021-10-23,120.0,-139.0,5.5,-133.0,110.0,,,,,
2021020068,TBL,COL,2021-10-23,-112.0,-103.0,6.5,102.0,-126.0,,,,,
2021020069,NJD,BUF,2021-10-23,-189.0,160.0,6.0,-105.0,-114.0,,,,,
2021020070,PHI,FLA,2021-10-23,125.0,-146.0,6.5,-111.0,-109.0,,,,,
2021020071,PIT,TOR,2021-10-23,137.0,-161.0,5.5,-136.0,113.0,,,,,
2021020072,WSH,CGY,2021-10-23,-158.0,134.0,6.5,100.0,-122.0,,,,,
2021020073,CBJ,CAR,2021-10-23,132.0,-157.0,5.5,-110.0,-109.0,,,,,
2021020074,STL,LAK,2021-10-23,-184.0,155.0,5.5,-105.0,-115.0,,,,,
2021020075,MIN,ANA,2021-10-23,-250.0,210.0,5.5,-110.0,-110.0,,,,,
2021020076,WPG,NSH,2021-10-23,-131.0,113.0,5.5,-113.0,-106.0,,,,,
2021020077,ARI,NYI,2021-10-23,171.0,-200.0,5.5,-105.0,-116.0,,,,,
2021020078,SEA,VAN,2021-10-23,-140.0,120.0,5.5,-131.0,109.0,,,,,
2021020079,BOS,SJS,2021-10-24,-214.0,172.0,5.5,-133.0,110.0,,,,,
2021020080,CHI,DET,2021-10-24,-164.0,138.0,5.5,-118.0,-104.0,,,,,
2021020081,MIN,NSH,2021-10-24,-180.0,150.0,5.5,-115.0,-105.0,,,,,
2021020082,VGK,NYI,2021-10-24,-125.0,108.0,5.5,-108.0,-110.0,,,,,
2021020083,BUF,TBL,2021-10-25,154.0,-183.0,6.5,-103.0,-117.0,,,,,
2021020084,OTT,WSH,2021-10-25,147.0,-172.0,6.5,102.0,-126.0,,,,,
2021020085,FLA,ARI,2021-10-25,-410.0,325.0,6.5,100.0,-121.0,,,,,
2021020086,NYR,CGY,2021-10-25,-143.0,123.0,5.5,-105.0,-114.0,,,,,
2021020087,CAR,TOR,2021-10-25,-119.0,102.0,6.5,-108.0,-111.0,,,,,
2021020088,CBJ,DAL,2021-10-25,112.0,-131.0,5.5,111.0,-134.0,,,,,
2021020089,STL,LAK,2021-10-25,-195.0,162.0,5.5,-142.0,116.0,,,,,
2021020090,NJD,CGY,2021-10-26,-118.0,-105.0,5.5,-128.0,105.0,,,,,
2021020091,PIT,TBL,2021-10-26,105.0,-125.0,5.5,-109.0,-110.0,,,,,
2021020092,NSH,SJS,2021-10-26,-140.0,119.0,6.0,100.0,-120.0,,,,,
2021020093,COL,VGK,2021-10-26,-193.0,165.0,5.5,-135.0,115.0,,,,,
2021020094,VAN,MIN,2021-10-26,100.0,-123.0,5.5,-134.0,110.0,,,,,
2021020095,ANA,WPG,2021-10-26,120.0,-141.0,5.5,-109.0,-110.0,,,,,
2021020096,SEA,MTL,2021-10-26,-129.0,111.0,5.5,-113.0,-106.0,,,,,
2021020097,FLA,BOS,2021-10-27,-131.0,111.0,5.5,-130.0,106.0,,,,,
2021020098,WSH,DET,2021-10-27,-212.0,175.0,6.5,-105.0,-114.0,,,,,
2021020099,CHI,TOR,2021-10-27,188.0,-230.0,6.5,106.0,-130.0,,,,,
2021020100,DAL,VGK,2021-10-27,-170.0,145.0,5.5,112.0,-134.0,,,,,
2021020101,EDM,PHI,2021-10-27,-194.0,162.0,6.5,-140.0,118.0,,,,,
2021020102,TBL,ARI,2021-10-28,-334.0,265.0,5.5,-124.0,102.0,,,,,
2021020103,PIT,CGY,2021-10-28,-115.0,-102.0,5.5,-107.0,-111.0,,,,,
2021020104,CAR,BOS,2021-10-28,-146.0,124.0,5.5,-116.0,-105.0,,,,,
2021020105,STL,COL,2021-10-28,100.0,-118.0,6.5,110.0,-130.0,,,,,
2021020106,VAN,PHI,2021-10-28,-141.0,120.0,6.5,-114.0,-106.0,,,,,
2021020107,ANA,BUF,2021-10-28,-134.0,114.0,5.5,-110.0,-110.0,,,,,
2021020108,LAK,WPG,2021-10-28,-115.0,-104.0,5.5,-124.0,102.0,,,,,
2021020109,SJS,MTL,2021-10-28,-128.0,110.0,5.5,-115.0,-102.0,,,,,
2021020110,SEA,MIN,2021-10-28,-109.0,-109.0,5.5,-120.0,-100.0,,,,,
2021020111,DET,FLA,2021-10-29,156.0,-184.0,6.0,-115.0,100.0,,,,,
2021020112,NYR,CBJ,2021-10-29,-186.0,157.0,5.5,105.0,-126.0,,,,,
2021020113,WSH,ARI,2021-10-29,-337.0,262.0,6.0,-110.0,-114.0,,,,,
2021020114,CAR,CHI,2021-10-29,-223.0,181.0,6.0,-110.0,-110.0,,,,,
2021020115,DAL,OTT,2021-10-29,-205.0,175.0,5.5,-110.0,-109.0,,,,,
2021020116,VGK,ANA,2021-10-29,-220.0,185.0,5.5,-105.0,-114.0,,,,,
2021020117,BOS,FLA,2021-10-30,-140.0,120.0,5.5,-130.0,110.0,,,,,
2021020118,TOR,DET,2021-10-30,-317.0,245.0,5.5,-115.0,-110.0,,,,,
2021020119,PIT,NJD,2021-10-30,-167.0,145.0,5.5,-134.0,110.0,,,,,
2021020120,STL,CHI,2021-10-30,-200.0,172.0,6.0,-110.0,-115.0,,,,,
2021020121,NSH,NYI,2021-10-30,-104.0,-119.0,5.5,115.0,-138.0,,,,,
2021020122,COL,MIN,2021-10-30,-162.0,134.0,5.5,-125.0,105.0,,,,,
2021020123,CGY,PHI,2021-10-30,-152.0,126.0,6.0,-113.0,-105.0,,,,,
2021020124,VAN,EDM,2021-10-30,112.0,-133.0,6.5,-123.0,108.0,,,,,
2021020125,LAK,MTL,2021-10-30,-116.0,-105.0,5.5,-110.0,-111.0,,,,,
2021020126,SJS,WPG,2021-10-30,-103.0,-119.0,6.5,106.0,-130.0,,,,,
2021020127,NJD,CBJ,2021-10-31,-135.0,115.0,5.5,-120.0,-105.0,,,,,
2021020128,CAR,ARI,2021-10-31,-379.0,285.0,5.5,-115.0,-110.0,,,,,
2021020129,ANA,MTL,2021-10-31,-119.0,101.0,5.5,-110.0,-110.0,,,,,
2021020130,LAK,BUF,2021-10-31,-125.0,103.0,5.5,-120.0,-103.0,,,,,
2021020131,SEA,NYR,2021-10-31,110.0,-131.0,5.5,-105.0,-115.0,,,,,
2021020132,TBL,WSH,2021-11-01,-135.0,111.0,5.5,-128.0,-110.0,,,,,
2021020133,CHI,OTT,2021-11-01,-140.0,116.0,6.0,-113.0,-106.0,,,,,
2021020134,EDM,SEA,2021-11-01,-245.0,194.0,6.5,-105.0,-120.0,,,,,
2021020135,TOR,VGK,2021-11-02,-210.0,168.0,5.5,-118.0,-111.0,,,,,
2021020136,MTL,DET,2021-11-02,-141.0,115.0,5.5,-104.0,-118.0,,,,,
2021020137,PHI,ARI,2021-11-02,-237.0,195.0,5.5,-115.0,-105.0,,,,,
2021020138,MIN,OTT,2021-11-02,-215.0,175.0,5.5,-119.0,-103.0,,,,,
2021020139,WPG,DAL,2021-11-02,-107.0,-111.0,5.5,-112.0,-107.0,,,,,
2021020140,CGY,NSH,2021-11-02,-150.0,130.0,5.5,-110.0,-110.0,,,,,
2021020141,VAN,NYR,2021-11-02,110.0,-129.0,5.5,-110.0,-110.0,,,,,
2021020142,ANA,NJD,2021-11-02,110.0,-130.0,5.5,-110.0,-110.0,,,,,
2021020143,SJS,BUF,2021-11-02,-145.0,125.0,5.5,-105.0,-115.0,,,,,
2021020144,CHI,CAR,2021-11-03,130.0,-158.0,6.0,-115.0,-107.0,,,,,
2021020145,COL,CBJ,2021-11-03,-193.0,157.0,5.5,-111.0,-108.0,,,,,
2021020146,EDM,NSH,2021-11-03,-240.0,195.0,6.5,-100.0,-112.0,,,,,
2021020147,LAK,STL,2021-11-03,125.0,-155.0,5.5,-110.0,-110.0,,,,,
2021020148,BOS,DET,2021-11-04,-276.0,220.0,5.5,-104.0,-116.0,,,,,
2021020149,TOR,TBL,2021-11-04,-131.0,110.0,5.5,-118.0,-104.0,,,,,
2021020150,MTL,NYI,2021-11-04,114.0,-136.0,5.5,120.0,-147.0,,,,,
2021020151,OTT,VGK,2021-11-04,-104.0,-116.0,5.5,-114.0,-105.0,,,,,
2021020152,FLA,WSH,2021-11-04,-151.0,126.0,6.5,104.0,-128.0,,,,,
2021020153,PIT,PHI,2021-11-04,-133.0,110.0,6.0,-110.0,-115.0,,,,,
2021020154,CGY,DAL,2021-11-04,-153.0,125.0,5.5,110.0,-134.0,,,,,
2021020155,SJS,STL,2021-11-04,102.0,-125.0,5.5,-125.0,105.0,,,,,
2021020156,SEA,BUF,2021-11-04,-200.0,164.0,5.5,-110.0,-110.0,,,,,
2021020157,WPG,CHI,2021-11-05,-160.0,130.0,6.0,-125.0,-105.0,,,,,
2021020158,EDM,NYR,2021-11-05,-153.0,123.0,6.5,-100.0,-120.0,,,,,
2021020159,VAN,NSH,2021-11-05,-136.0,114.0,5.5,101.0,-120.0,,,,,
2021020160,ANA,ARI,2021-11-05,-173.0,145.0,5.5,113.0,-137.0,,,,,
2021020161,LAK,NJD,2021-11-05,-119.0,-100.0,5.5,-112.0,-107.0,,,,,
2021020162,BUF,DET,2021-11-06,-110.0,-105.0,5.5,107.0,-118.0,,,,,
2021020163,TOR,BOS,2021-11-06,-134.0,112.0,5.5,-111.0,-108.0,,,,,
2021020164,MTL,VGK,2021-11-06,-118.0,-102.0,5.5,-105.0,-115.0,,,,,
2021020165,OTT,TBL,2021-11-06,150.0,-175.0,6.0,-121.0,102.0,,,,,
2021020166,FLA,CAR,2021-11-06,-137.0,114.0,6.0,-120.0,100.0,,,,,
2021020167,PIT,MIN,2021-11-06,-120.0,-100.0,5.5,-125.0,105.0,,,,,
2021020168,WSH,PHI,2021-11-06,-164.0,138.0,6.5,102.0,-110.0,,,,,
2021020169,CBJ,COL,2021-11-06,153.0,-183.0,5.5,100.0,-121.0,,,,,
2021020170,WPG,NYI,2021-11-06,112.0,-137.0,5.5,-110.0,-108.0,,,,,
2021020171,CGY,NYR,2021-11-06,-160.0,135.0,5.5,110.0,-130.0,,,,,
2021020172,ARI,SEA,2021-11-06,164.0,-202.0,5.5,112.0,-134.0,,,,,
2021020173,SJS,NJD,2021-11-06,-132.0,111.0,5.5,-107.0,-113.0,,,,,
2021020174,DET,VGK,2021-11-07,-104.0,-116.0,5.5,-111.0,-108.0,,,,,
2021020175,CHI,NSH,2021-11-07,-110.0,-107.0,5.5,-116.0,-104.0,,,,,
2021020176,MIN,NYI,2021-11-07,-110.0,-110.0,5.5,-105.0,-116.0,,,,,
2021020177,VAN,DAL,2021-11-07,-105.0,-115.0,5.5,-105.0,-116.0,,,,,
2021020178,ANA,STL,2021-11-07,131.0,-160.0,5.5,-110.0,-110.0,,,,,
2021020179,TOR,LAK,2021-11-08,-278.0,220.0,5.5,-127.0,105.0,,,,,
2021020180,NYR,FLA,2021-11-08,-105.0,-116.0,5.5,-122.0,104.0,,,,,
2021020181,WSH,BUF,2021-11-08,-255.0,205.0,6.0,-103.0,-117.0,,,,,
2021020182,BOS,OTT,2021-11-09,-304.0,242.0,5.5,-130.0,110.0,,,,,
2021020183,MTL,LAK,2021-11-09,-143.0,121.0,5.5,-101.0,-124.0,,,,,
2021020184,DET,EDM,2021-11-09,145.0,-175.0,6.5,-103.0,-119.0,,,,,
2021020185,TBL,CAR,2021-11-09,-130.0,110.0,5.5,-115.0,-106.0,,,,,
2021020186,NJD,FLA,2021-11-09,124.0,-148.0,6.0,-118.0,-101.0,,,,,
2021020187,CHI,PIT,2021-11-09,119.0,-139.0,6.0,-115.0,-110.0,,,,,
2021020188,WPG,STL,2021-11-09,-119.0,-100.0,5.5,-121.0,100.0,,,,,
2021020189,CGY,SJS,2021-11-09,-245.0,192.0,5.5,-106.0,-115.0,,,,,
2021020190,VAN,ANA,2021-11-09,-154.0,129.0,5.5,-110.0,-110.0,,,,,
2021020191,VGK,SEA,2021-11-09,-119.0,100.0,5.5,-108.0,-113.0,,,,,
2021020192,PHI,TOR,2021-11-10,108.0,-130.0,6.0,-114.0,-105.0,,,,,
2021020193,DAL,NSH,2021-11-10,-152.0,130.0,5.5,115.0,-140.0,,,,,
2021020194,ARI,MIN,2021-11-10,177.0,-222.0,5.5,-128.0,105.0,,,,,
2021020195,BOS,EDM,2021-11-11,-142.0,117.0,6.5,100.0,-122.0,,,,,
2021020196,MTL,CGY,2021-11-11,116.0,-141.0,5.5,-105.0,-115.0,,,,,
2021020197,OTT,LAK,2021-11-11,-102.0,-115.0,5.5,-110.0,-110.0,,,,,
2021020198,DET,WSH,2021-11-11,114.0,-134.0,5.5,-124.0,102.0,,,,,
2021020199,NJD,NYI,2021-11-11,117.0,-141.0,5.5,102.0,-122.0,,,,,
2021020200,PIT,FLA,2021-11-11,105.0,-125.0,6.5,115.0,-135.0,,,,,
2021020201,STL,NSH,2021-11-11,-184.0,153.0,5.5,-109.0,-110.0,,,,,
2021020202,WPG,SJS,2021-11-11,-185.0,156.0,5.5,-117.0,-105.0,,,,,
2021020203,COL,VAN,2021-11-11,-187.0,156.0,5.5,-118.0,-104.0,,,,,
2021020204,VGK,MIN,2021-11-11,-110.0,-110.0,5.5,-115.0,-104.0,,,,,
2021020205,SEA,ANA,2021-11-11,-176.0,142.0,5.5,100.0,-129.0,,,,,
2021020206,BUF,EDM,2021-11-12,146.0,-176.0,6.5,-105.0,-115.0,,,,,
2021020207,TOR,CGY,2021-11-12,-183.0,153.0,5.5,-116.0,100.0,,,,,
2021020208,CAR,PHI,2021-11-12,-182.0,150.0,5.5,-130.0,110.0,,,,,
2021020209,CBJ,WSH,2021-11-12,111.0,-134.0,5.5,-119.0,-103.0,,,,,
2021020210,CHI,ARI,2021-11-12,-235.0,191.0,5.5,-110.0,-110.0,,,,,
2021020211,BUF,TOR,2021-11-13,165.0,-200.0,6.0,-126.0,106.0,,,,,
2021020212,OTT,PIT,2021-11-13,122.0,-146.0,5.5,-121.0,100.0,,,,,
2021020213,DET,MTL,2021-11-13,-117.0,-100.0,5.5,-110.0,-110.0,,,,,
2021020214,TBL,FLA,2021-11-13,-116.0,-104.0,5.5,-117.0,-104.0,,,,,
2021020215,NJD,BOS,2021-11-13,125.0,-152.0,5.5,-107.0,-114.0,,,,,
2021020216,CAR,STL,2021-11-13,-140.0,120.0,5.5,-130.0,110.0,,,,,
2021020217,CBJ,NYR,2021-11-13,112.0,-134.0,5.5,104.0,-125.0,,,,,
2021020218,NSH,ARI,2021-11-13,-303.0,245.0,5.5,-105.0,-125.0,,,,,
2021020219,DAL,PHI,2021-11-13,-165.0,140.0,5.5,-111.0,-109.0,,,,,
2021020220,WPG,LAK,2021-11-13,-196.0,157.0,5.5,-105.0,-116.0,,,,,
2021020221,COL,SJS,2021-11-13,-226.0,184.0,6.0,-121.0,-101.0,,,,,
2021020222,VGK,VAN,2021-11-13,-160.0,133.0,5.5,-119.0,100.0,,,,,
2021020223,SEA,MIN,2021-11-13,-105.0,-120.0,5.5,-114.0,-105.0,,,,,
2021020224,BOS,MTL,2021-11-14,-255.0,210.0,5.5,-104.0,-115.0,,,,,
2021020225,OTT,CGY,2021-11-14,182.0,-221.0,5.5,-115.0,-105.0,,,,,
2021020226,NYR,NJD,2021-11-14,-150.0,122.0,5.5,-118.0,-107.0,,,,,
2021020227,WSH,PIT,2021-11-14,-131.0,110.0,6.5,-105.0,-115.0,,,,,
2021020228,STL,EDM,2021-11-14,-105.0,-114.0,6.5,-104.0,-120.0,,,,,
2021020229,ANA,VAN,2021-11-14,-136.0,117.0,5.5,-112.0,-106.0,,,,,
2021020230,TBL,NYI,2021-11-15,-132.0,110.0,5.5,102.0,-124.0,,,,,
2021020231,CBJ,DET,2021-11-15,-130.0,111.0,5.5,-104.0,-115.0,,,,,
2021020232,TOR,NSH,2021-11-16,-205.0,166.0,5.5,-105.0,-116.0,,,,,
2021020233,FLA,NYI,2021-11-16,-175.0,147.0,5.5,-105.0,-113.0,,,,,
2021020235,NYR,MTL,2021-11-16,-200.0,167.0,5.5,-115.0,-105.0,,,,,
2021020236,PHI,CGY,2021-11-16,-103.0,-116.0,5.5,-104.0,-116.0,,,,,
2021020237,PIT,BUF,2021-11-16,-255.0,205.0,6.0,-100.0,-114.0,,,,,
2021020238,STL,ARI,2021-11-16,-326.0,250.0,5.5,-116.0,-104.0,,,,,
2021020239,DAL,DET,2021-11-16,-195.0,164.0,5.5,108.0,-129.0,,,,,
2021020240,MIN,SJS,2021-11-16,-178.0,148.0,5.5,-135.0,115.0,,,,,
2021020241,WPG,EDM,2021-11-16,-108.0,-110.0,6.5,-105.0,-114.0,,,,,
2021020242,VGK,CAR,2021-11-16,120.0,-149.0,5.5,-145.0,125.0,,,,,
2021020243,ANA,WSH,2021-11-16,104.0,-125.0,5.5,-122.0,104.0,,,,,
2021020244,VAN,COL,2021-11-17,136.0,-170.0,5.5,-138.0,112.0,,,,,
2021020245,LAK,WSH,2021-11-17,-106.0,-114.0,5.5,-102.0,-118.0,,,,,
2021020246,SEA,CHI,2021-11-17,-148.0,125.0,5.5,-118.0,-104.0,,,,,
2021020247,BUF,CGY,2021-11-18,157.0,-191.0,5.5,100.0,-120.0,,,,,
2021020248,TOR,NYR,2021-11-18,-184.0,149.0,5.5,-116.0,-100.0,,,,,
2021020249,MTL,PIT,2021-11-18,135.0,-157.0,5.5,-124.0,104.0,,,,,
2021020251,FLA,NJD,2021-11-18,-206.0,166.0,6.5,100.0,-123.0,,,,,
2021020252,PHI,TBL,2021-11-18,110.0,-132.0,5.5,-110.0,-110.0,,,,,
2021020253,STL,SJS,2021-11-18,-152.0,125.0,5.5,-135.0,115.0,,,,,
2021020254,MIN,DAL,2021-11-18,-140.0,120.0,5.5,-110.0,-110.0,,,,,
2021020255,EDM,WPG,2021-11-18,-152.0,130.0,6.5,-105.0,-115.0,,,,,
2021020256,ARI,CBJ,2021-11-18,138.0,-164.0,5.5,104.0,-118.0,,,,,
2021020257,VGK,DET,2021-11-18,-152.0,131.0,5.5,-113.0,-105.0,,,,,
2021020258,ANA,CAR,2021-11-18,132.0,-160.0,5.5,-113.0,-105.0,,,,,
2021020259,VAN,WPG,2021-11-19,-116.0,-105.0,5.5,-140.0,120.0,,,,,
2021020260,SEA,COL,2021-11-19,128.0,-153.0,5.5,-125.0,-106.0,,,,,
2021020261,TOR,PIT,2021-11-20,-166.0,137.0,5.5,-120.0,100.0,,,,,
2021020262,MTL,NSH,2021-11-20,103.0,-123.0,5.5,-102.0,-118.0,,,,,
2021020264,TBL,NJD,2021-11-20,-218.0,175.0,5.5,-110.0,-110.0,,,,,
2021020265,FLA,MIN,2021-11-20,-150.0,128.0,6.0,-114.0,-104.0,,,,,
2021020266,NYI,CGY,2021-11-20,106.0,-123.0,5.5,-102.0,-119.0,,,,,
2021020267,PHI,BOS,2021-11-20,124.0,-149.0,6.0,102.0,-121.0,,,,,
2021020268,DAL,STL,2021-11-20,-121.0,102.0,5.5,-119.0,-101.0,,,,,
2021020269,EDM,CHI,2021-11-20,-226.0,180.0,6.5,-129.0,107.0,,,,,
2021020270,ARI,DET,2021-11-20,120.0,-143.0,5.5,104.0,-122.0,,,,,
2021020271,VGK,CBJ,2021-11-20,-149.0,122.0,6.0,104.0,-115.0,,,,,
2021020272,LAK,CAR,2021-11-20,137.0,-164.0,5.5,-102.0,-119.0,,,,,
2021020273,SJS,WSH,2021-11-20,111.0,-135.0,6.0,-107.0,-113.0,,,,,
2021020274,BOS,CGY,2021-11-21,-166.0,139.0,5.5,-105.0,-116.0,,,,,
2021020275,TBL,MIN,2021-11-21,-125.0,104.0,6.5,110.0,-130.0,,,,,
2021020276,NYI,TOR,2021-11-21,105.0,-125.0,5.5,-118.0,100.0,,,,,
2021020277,NYR,BUF,2021-11-21,-260.0,205.0,5.5,-128.0,105.0,,,,,
2021020278,VAN,CHI,2021-11-21,-137.0,115.0,5.5,-126.0,107.0,,,,,
2021020279,LAK,ARI,2021-11-21,-265.0,207.0,5.5,101.0,-122.0,,,,,
2021020280,SEA,WSH,2021-11-21,-101.0,-123.0,5.5,-122.0,102.0,,,,,
2021020281,BUF,CBJ,2021-11-22,115.0,-134.0,5.5,-125.0,105.0,,,,,
2021020282,STL,VGK,2021-11-22,-152.0,129.0,5.5,-121.0,100.0,,,,,
2021020283,NSH,ANA,2021-11-22,-140.0,118.0,5.5,105.0,-124.0,,,,,
2021020284,WPG,PIT,2021-11-22,-120.0,102.0,5.5,-110.0,-110.0,,,,,
2021020285,COL,OTT,2021-11-22,-345.0,265.0,6.5,108.0,-132.0,,,,,
2021020286,SJS,CAR,2021-11-22,133.0,-155.0,6.0,-106.0,-112.0,,,,,
2021020287,TBL,PHI,2021-11-23,-185.0,152.0,5.5,-107.0,-112.0,,,,,
2021020288,DAL,EDM,2021-11-23,-118.0,-101.0,6.5,-113.0,-105.0,,,,,
2021020289,CGY,CHI,2021-11-23,-230.0,189.0,5.5,100.0,-119.0,,,,,
2021020290,BUF,BOS,2021-11-24,215.0,-272.0,5.5,-125.0,103.0,,,,,
2021020291,DET,STL,2021-11-24,112.0,-130.0,5.5,-134.0,110.0,,,,,
2021020292,FLA,PHI,2021-11-24,-247.0,202.0,6.5,-103.0,-120.0,,,,,
2021020293,NJD,MIN,2021-11-24,105.0,-126.0,6.0,-120.0,-100.0,,,,,
2021020294,NYI,NYR,2021-11-24,105.0,-125.0,5.5,-103.0,-118.0,,,,,
2021020295,PIT,VAN,2021-11-24,-220.0,175.0,5.5,-125.0,105.0,,,,,
2021020296,WSH,MTL,2021-11-24,-194.0,160.0,6.0,-116.0,-101.0,,,,,
2021020297,CBJ,WPG,2021-11-24,114.0,-136.0,5.5,-115.0,-105.0,,,,,
2021020298,NSH,VGK,2021-11-24,-122.0,103.0,5.5,-107.0,-112.0,,,,,
2021020299,COL,ANA,2021-11-24,-245.0,195.0,5.5,-125.0,102.0,,,,,
2021020300,ARI,EDM,2021-11-24,177.0,-220.0,6.0,-120.0,-103.0,,,,,
2021020301,LAK,TOR,2021-11-24,141.0,-175.0,5.5,-105.0,-128.0,,,,,
2021020302,SJS,OTT,2021-11-24,-182.0,147.0,5.5,-138.0,112.0,,,,,
2021020303,SEA,CAR,2021-11-24,126.0,-150.0,5.5,-112.0,-107.0,,,,,
2021020304,BOS,NYR,2021-11-26,-160.0,136.0,5.5,-114.0,-107.0,,,,,
2021020305,BUF,MTL,2021-11-26,-102.0,-118.0,6.5,-105.0,-116.0,,,,,
2021020306,TBL,SEA,2021-11-26,-204.0,166.0,5.5,113.0,-142.0,,,,,
2021020307,NYI,PIT,2021-11-26,127.0,-153.0,5.5,-103.0,-119.0,,,,,
2021020308,PHI,CAR,2021-11-26,115.0,-138.0,5.5,-126.0,-100.0,,,,,
2021020309,WSH,FLA,2021-11-26,-115.0,-108.0,6.0,-113.0,-106.0,,,,,
2021020310,CBJ,VAN,2021-11-26,-144.0,120.0,5.5,-123.0,101.0,,,,,
2021020311,CHI,STL,2021-11-26,120.0,-144.0,5.5,-119.0,-104.0,,,,,
2021020312,NSH,NJD,2021-11-26,-140.0,115.0,5.5,-114.0,-105.0,,,,,
2021020313,DAL,COL,2021-11-26,106.0,-128.0,5.5,-120.0,-102.0,,,,,
2021020314,MIN,WPG,2021-11-26,-131.0,108.0,5.5,-135.0,115.0,,,,,
2021020315,ANA,OTT,2021-11-26,-166.0,137.0,5.5,-113.0,-106.0,,,,,
2021020316,SJS,TOR,2021-11-26,128.0,-150.0,6.0,-118.0,-105.0,,,,,
2021020317,DET,BUF,2021-11-27,-195.0,165.0,5.5,-112.0,-106.0,,,,,
2021020318,FLA,SEA,2021-11-27,-215.0,175.0,6.0,-103.0,-120.0,,,,,
2021020319,PIT,MTL,2021-11-27,-222.0,180.0,5.5,-125.0,104.0,,,,,
2021020320,STL,CBJ,2021-11-27,-188.0,155.0,6.0,-120.0,-103.0,,,,,
2021020321,COL,NSH,2021-11-27,-211.0,173.0,6.5,102.0,-124.0,,,,,
2021020322,CGY,WPG,2021-11-27,-182.0,155.0,5.5,-110.0,-110.0,,,,,
2021020323,ARI,DAL,2021-11-27,150.0,-181.0,5.5,102.0,-124.0,,,,,
2021020324,VGK,EDM,2021-11-27,-134.0,112.0,6.5,-112.0,-108.0,,,,,
2021020325,LAK,OTT,2021-11-27,-204.0,165.0,5.5,-121.0,-100.0,,,,,
2021020326,BOS,VAN,2021-11-28,-296.0,230.0,5.5,-124.0,-101.0,,,,,
2021020327,NJD,PHI,2021-11-28,-141.0,118.0,6.0,-110.0,-107.0,,,,,
2021020329,CAR,WSH,2021-11-28,-158.0,131.0,5.5,-122.0,100.0,,,,,
2021020330,CHI,SJS,2021-11-28,-122.0,101.0,5.5,-116.0,-105.0,,,,,
2021020331,MIN,TBL,2021-11-28,-110.0,-110.0,5.5,-104.0,-117.0,,,,,
2021020332,ANA,TOR,2021-11-28,155.0,-186.0,5.5,-104.0,-117.0,,,,,
2021020333,BUF,SEA,2021-11-29,116.0,-139.0,5.5,100.0,-122.0,,,,,
2021020334,MTL,VAN,2021-11-29,-130.0,110.0,5.5,-116.0,-105.0,,,,,
2021020335,WPG,ARI,2021-11-29,-343.0,260.0,5.5,-120.0,-101.0,,,,,
2021020336,CGY,PIT,2021-11-29,-144.0,121.0,5.5,101.0,-118.0,,,,,
2021020337,BOS,DET,2021-11-30,-225.0,180.0,5.5,-104.0,-117.0,,,,,
2021020338,FLA,WSH,2021-11-30,-140.0,118.0,6.0,-117.0,-103.0,,,,,
2021020339,NJD,SJS,2021-11-30,-149.0,126.0,5.5,-120.0,-104.0,,,,,
2021020341,STL,TBL,2021-11-30,-160.0,131.0,5.5,-120.0,100.0,,,,,
2021020342,NSH,CBJ,2021-11-30,-159.0,132.0,5.5,-104.0,-118.0,,,,,
2021020343,DAL,CAR,2021-11-30,-110.0,-109.0,5.5,-107.0,-113.0,,,,,
2021020344,MIN,ARI,2021-11-30,-372.0,282.0,5.5,-132.0,108.0,,,,,
2021020345,LAK,ANA,2021-11-30,-125.0,104.0,5.5,-104.0,-120.0,,,,,
2021020346,TOR,COL,2021-12-01,-131.0,107.0,6.0,-107.0,-112.0,,,,,
2021020347,OTT,VAN,2021-12-01,101.0,-121.0,5.5,-115.0,-105.0,,,,,
2021020348,DET,SEA,2021-12-01,-110.0,-110.0,5.5,107.0,-131.0,,,,,
2021020349,NYR,PHI,2021-12-01,-194.0,160.0,5.5,-127.0,106.0,,,,,
2021020350,EDM,PIT,2021-12-01,-127.0,105.0,6.5,-102.0,-120.0,,,,,
2021020351,ANA,VGK,2021-12-01,136.0,-163.0,5.5,-122.0,102.0,,,,,
2021020352,MTL,COL,2021-12-02,157.0,-189.0,6.5,-117.0,-104.0,,,,,
2021020353,TBL,STL,2021-12-02,-157.0,127.0,5.5,-111.0,-108.0,,,,,
2021020354,FLA,BUF,2021-12-02,-327.0,247.0,6.5,-102.0,-125.0,,,,,
2021020355,NYI,SJS,2021-12-02,-141.0,119.0,5.5,105.0,-128.0,,,,,
2021020356,WSH,CHI,2021-12-02,-205.0,170.0,6.5,-110.0,-110.0,,,,,
2021020357,CAR,OTT,2021-12-02,-350.0,275.0,6.0,-114.0,-106.0,,,,,
2021020358,NSH,BOS,2021-12-02,-105.0,-114.0,5.5,116.0,-143.0,,,,,
2021020359,DAL,CBJ,2021-12-02,-221.0,175.0,5.5,-116.0,-104.0,,,,,
2021020360,MIN,NJD,2021-12-02,-175.0,145.0,6.5,-104.0,-116.0,,,,,
2021020361,LAK,CGY,2021-12-02,129.0,-153.0,5.5,113.0,-141.0,,,,,
2021020362,NYR,SJS,2021-12-03,-215.0,172.0,5.5,-110.0,-110.0,,,,,
2021020363,WPG,NJD,2021-12-03,-195.0,165.0,5.5,-130.0,110.0,,,,,
2021020364,ARI,VGK,2021-12-03,187.0,-235.0,6.0,-108.0,-109.0,,,,,
2021020365,ANA,CGY,2021-12-03,110.0,-130.0,5.5,104.0,-125.0,,,,,
2021020366,SEA,EDM,2021-12-03,115.0,-138.0,6.5,-107.0,-113.0,,,,,
2021020367,BOS,TBL,2021-12-04,-104.0,-114.0,5.5,107.0,-133.0,,,,,
2021020368,OTT,COL,2021-12-04,190.0,-242.0,6.5,-112.0,-102.0,,,,,
2021020369,DET,NYI,2021-12-04,-109.0,-108.0,5.5,110.0,-130.0,,,,,
2021020370,FLA,STL,2021-12-04,-190.0,155.0,6.5,-117.0,-104.0,,,,,
2021020371,NYR,CHI,2021-12-04,-175.0,145.0,6.0,-124.0,105.0,,,,,
2021020372,WSH,CBJ,2021-12-04,-265.0,210.0,6.0,-128.0,104.0,,,,,
2021020373,CAR,BUF,2021-12-04,-307.0,242.0,6.0,-120.0,-108.0,,,,,
2021020374,NSH,MTL,2021-12-04,-230.0,188.0,5.5,-112.0,-106.0,,,,,
2021020375,MIN,TOR,2021-12-04,-105.0,-114.0,6.0,-112.0,-107.0,,,,,
2021020376,VAN,PIT,2021-12-04,116.0,-141.0,5.5,-118.0,-104.0,,,,,
2021020377,NYI,CHI,2021-12-05,-149.0,125.0,5.5,107.0,-133.0,,,,,
2021020378,PHI,TBL,2021-12-05,-105.0,-115.0,6.0,104.0,-112.0,,,,,
2021020379,CBJ,SJS,2021-12-05,-104.0,-115.0,5.5,-110.0,-110.0,,,,,
2021020380,WPG,TOR,2021-12-05,-120.0,-100.0,6.5,-113.0,-107.0,,,,,
2021020381,EDM,LAK,2021-12-05,-220.0,175.0,6.5,-111.0,-112.0,,,,,
2021020382,VGK,CGY,2021-12-05,-125.0,104.0,5.5,-118.0,-104.0,,,,,
2021020234,NJD,OTT,2021-12-06,-188.0,157.0,6.5,-104.0,-117.0,,,,,
2021020383,PHI,COL,2021-12-06,169.0,-209.0,6.5,-116.0,-105.0,,,,,
2021020384,WSH,ANA,2021-12-06,-215.0,170.0,6.0,-104.0,-115.0,,,,,
2021020385,DAL,ARI,2021-12-06,-360.0,275.0,5.5,-107.0,-113.0,,,,,
2021020386,VAN,LAK,2021-12-06,-143.0,120.0,5.5,-114.0,-105.0,,,,,
2021020387,SEA,PIT,2021-12-06,-104.0,-121.0,5.5,-128.0,-105.0,,,,,
2021020388,BUF,ANA,2021-12-07,108.0,-128.0,6.0,-115.0,-106.0,,,,,
2021020389,TOR,CBJ,2021-12-07,-283.0,220.0,5.5,-134.0,110.0,,,,,
2021020390,MTL,TBL,2021-12-07,192.0,-237.0,5.5,101.0,-125.0,,,,,
2021020391,OTT,NYI,2021-12-07,121.0,-147.0,5.5,112.0,-137.0,,,,,
2021020392,DET,NSH,2021-12-07,-105.0,-112.0,5.5,-101.0,-120.0,,,,,
2021020393,CHI,NYR,2021-12-07,-102.0,-120.0,5.5,-112.0,-107.0,,,,,
2021020394,STL,FLA,2021-12-07,129.0,-153.0,6.5,-110.0,-110.0,,,,,
2021020395,WPG,CAR,2021-12-07,-110.0,-109.0,5.5,-124.0,102.0,,,,,
2021020396,EDM,MIN,2021-12-07,-120.0,-102.0,6.5,-130.0,110.0,,,,,
2021020397,SJS,CGY,2021-12-07,122.0,-145.0,5.5,109.0,-135.0,,,,,
2021020398,NJD,PHI,2021-12-08,-154.0,128.0,6.5,-103.0,-120.0,,,,,
2021020399,NYR,COL,2021-12-08,142.0,-172.0,6.5,-115.0,105.0,,,,,
2021020400,VAN,BOS,2021-12-08,120.0,-143.0,5.5,-112.0,-107.0,,,,,
2021020401,VGK,DAL,2021-12-08,-143.0,120.0,5.5,-113.0,-107.0,,,,,
2021020402,TOR,TBL,2021-12-09,-140.0,118.0,5.5,104.0,-125.0,,,,,
2021020403,MTL,CHI,2021-12-09,115.0,-139.0,5.5,-105.0,-118.0,,,,,
2021020404,NYI,NSH,2021-12-09,-118.0,-104.0,5.5,105.0,-125.0,,,,,
2021020405,CBJ,ANA,2021-12-09,-108.0,-110.0,5.5,-114.0,-105.0,,,,,
2021020406,STL,DET,2021-12-09,-175.0,140.0,6.0,-112.0,-111.0,,,,,
2021020407,CGY,CAR,2021-12-09,-137.0,114.0,5.5,-113.0,-106.0,,,,,
2021020408,EDM,BOS,2021-12-09,-132.0,110.0,6.5,-105.0,-106.0,,,,,
2021020409,LAK,DAL,2021-12-09,-105.0,-120.0,5.5,107.0,-130.0,,,,,
2021020410,SJS,MIN,2021-12-09,129.0,-151.0,6.0,-117.0,-103.0,,,,,
2021020411,SEA,WPG,2021-12-09,-105.0,-117.0,5.5,-118.0,-104.0,,,,,
2021020412,BUF,NYR,2021-12-10,160.0,-190.0,6.0,-114.0,-104.0,,,,,
2021020413,NJD,NSH,2021-12-10,-115.0,-105.0,5.5,-127.0,106.0,,,,,
2021020414,WSH,PIT,2021-12-10,-145.0,123.0,6.0,-113.0,-106.0,,,,,
2021020415,COL,DET,2021-12-10,-392.0,305.0,6.5,-109.0,-111.0,,,,,
2021020416,ARI,FLA,2021-12-10,260.0,-335.0,6.0,-113.0,-107.0,,,,,
2021020417,VAN,WPG,2021-12-10,-137.0,115.0,6.0,-120.0,-101.0,,,,,
2021020418,VGK,PHI,2021-12-10,-250.0,210.0,6.5,-104.0,-118.0,,,,,
2021020419,BUF,WSH,2021-12-11,188.0,-225.0,6.0,-111.0,-107.0,,,,,
2021020420,TOR,CHI,2021-12-11,-250.0,210.0,6.5,100.0,110.0,,,,,
2021020421,OTT,TBL,2021-12-11,160.0,-195.0,6.5,104.0,-120.0,,,,,
2021020422,NYI,NJD,2021-12-11,-182.0,150.0,5.5,108.0,-133.0,,,,,
2021020423,PIT,ANA,2021-12-11,-149.0,124.0,5.5,-122.0,102.0,,,,,
2021020424,STL,MTL,2021-12-11,-245.0,195.0,6.0,-103.0,-117.0,,,,,
2021020425,CGY,BOS,2021-12-11,-137.0,116.0,5.5,-104.0,-125.0,,,,,
2021020426,EDM,CAR,2021-12-11,-117.0,-104.0,6.5,-110.0,-110.0,,,,,
2021020427,ARI,PHI,2021-12-11,125.0,-145.0,5.5,-105.0,-115.0,,,,,
2021020428,LAK,MIN,2021-12-11,112.0,-136.0,6.5,100.0,-112.0,,,,,
2021020429,SJS,DAL,2021-12-11,-105.0,-115.0,5.5,104.0,-118.0,,,,,
2021020430,SEA,CBJ,2021-12-11,-154.0,128.0,5.5,-133.0,-110.0,,,,,
2021020431,NYR,NSH,2021-12-12,-141.0,120.0,5.5,-118.0,-103.0,,,,,
2021020432,STL,ANA,2021-12-12,-135.0,112.0,6.0,-112.0,-109.0,,,,,
2021020433,COL,FLA,2021-12-12,-150.0,125.0,6.5,-110.0,-109.0,,,,,
2021020434,VAN,CAR,2021-12-12,-105.0,-115.0,5.5,-121.0,101.0,,,,,
2021020435,VGK,MIN,2021-12-12,-161.0,132.0,6.0,-118.0,-109.0,,,,,
2021020437,BOS,VGK,2021-12-14,-109.0,-110.0,5.5,-123.0,100.0,,,,,
2021020438,DET,NYI,2021-12-14,-112.0,-106.0,5.5,110.0,-134.0,,,,,
2021020439,TBL,LAK,2021-12-14,-195.0,160.0,5.5,108.0,-132.0,,,,,
2021020440,FLA,OTT,2021-12-14,-270.0,215.0,6.5,100.0,-116.0,,,,,
2021020441,PHI,NJD,2021-12-14,-127.0,107.0,6.0,-117.0,-101.0,,,,,
2021020442,PIT,MTL,2021-12-14,-315.0,252.0,5.5,108.0,-130.0,,,,,
2021020444,DAL,STL,2021-12-14,-165.0,135.0,5.5,-108.0,-112.0,,,,,
2021020446,WPG,BUF,2021-12-14,-275.0,215.0,5.5,-126.0,104.0,,,,,
2021020447,COL,NYR,2021-12-14,-200.0,164.0,6.5,-103.0,-116.0,,,,,
2021020448,EDM,TOR,2021-12-14,101.0,-122.0,6.5,-110.0,-108.0,,,,,
2021020449,VAN,CBJ,2021-12-14,-145.0,122.0,5.5,-110.0,-110.0,,,,,
2021020450,SJS,SEA,2021-12-14,-137.0,115.0,5.5,-111.0,-110.0,,,,,
2021020451,CHI,WSH,2021-12-15,126.0,-152.0,5.5,-120.0,-103.0,,,,,
2021020452,ARI,NYR,2021-12-15,170.0,-207.0,5.5,-112.0,-107.0,,,,,
2021020453,ANA,SEA,2021-12-15,-175.0,140.0,5.5,-115.0,-105.0,,,,,
2021020454,MTL,PHI,2021-12-16,145.0,-177.0,6.0,-120.0,103.0,,,,,
2021020455,TBL,OTT,2021-12-16,-245.0,198.0,6.0,104.0,-124.0,,,,,
2021020456,FLA,LAK,2021-12-16,-160.0,130.0,5.5,-120.0,-105.0,,,,,
2021020457,NJD,VGK,2021-12-16,160.0,-190.0,6.0,-125.0,100.0,,,,,
2021020458,NYI,BOS,2021-12-16,-120.0,-105.0,5.5,110.0,-130.0,,,,,
2021020459,CAR,DET,2021-12-16,-195.0,160.0,5.5,-104.0,-118.0,,,,,
2021020460,NSH,COL,2021-12-16,146.0,-175.0,6.0,-107.0,-108.0,,,,,
2021020461,MIN,BUF,2021-12-16,-340.0,265.0,6.5,-110.0,-111.0,,,,,
2021020463,EDM,CBJ,2021-12-16,-200.0,163.0,6.5,-114.0,-101.0,,,,,
2021020464,SJS,VAN,2021-12-16,-115.0,-105.0,5.5,-110.0,-111.0,,,,,
2021020465,NYR,VGK,2021-12-17,115.0,-140.0,6.5,103.0,-122.0,,,,,
2021020466,PIT,BUF,2021-12-17,-345.0,270.0,5.5,-118.0,-102.0,,,,,
2021020467,CHI,NSH,2021-12-17,-143.0,120.0,5.5,104.0,-125.0,,,,,
2021020468,STL,DAL,2021-12-17,-106.0,-113.0,5.5,-118.0,-104.0,,,,,
2021020469,WPG,WSH,2021-12-17,-126.0,106.0,6.0,-104.0,-117.0,,,,,
2021020470,ANA,ARI,2021-12-17,-327.0,252.0,5.5,112.0,-134.0,,,,,
2021020472,DET,NJD,2021-12-18,-127.0,108.0,6.5,-110.0,-109.0,,,,,
2021020473,PHI,OTT,2021-12-18,-125.0,108.0,6.5,-109.0,-108.0,,,,,
2021020474,CAR,LAK,2021-12-18,-167.0,144.0,5.5,112.0,-134.0,,,,,
2021020475,DAL,CHI,2021-12-18,-190.0,160.0,5.5,-111.0,-110.0,,,,,
2021020480,SEA,EDM,2021-12-18,-105.0,-118.0,6.5,-100.0,-120.0,,,,,
2021020482,NJD,PIT,2021-12-19,175.0,-215.0,6.5,102.0,-122.0,,,,,
2021020483,NYI,VGK,2021-12-19,114.0,-137.0,5.5,-104.0,-118.0,,,,,
2021020484,WSH,LAK,2021-12-19,-250.0,190.0,5.5,-110.0,-110.0,,,,,
2021020486,WPG,STL,2021-12-19,-137.0,114.0,5.5,-118.0,-110.0,,,,,
2021020492,DAL,MIN,2021-12-20,-111.0,-109.0,5.5,-120.0,-105.0,,,,,
2021020501,VGK,TBL,2021-12-21,-121.0,103.0,5.5,-130.0,108.0,,,,,
2021020537,TBL,MTL,2021-12-28,-302.0,237.0,6.0,-121.0,100.0,,,,,
2021020539,LAK,VGK,2021-12-28,112.0,-134.0,5.5,-127.0,107.0,,,,,
2021020540,SJS,ARI,2021-12-28,-225.0,188.0,5.5,-103.0,-120.0,,,,,
2021020541,BUF,NJD,2021-12-29,112.0,-135.0,6.5,110.0,-132.0,,,,,
2021020544,FLA,NYR,2021-12-29,-195.0,160.0,6.5,107.0,-129.0,,,,,
2021020546,WSH,NSH,2021-12-29,-175.0,140.0,5.5,-131.0,109.0,,,,,
2021020547,STL,EDM,2021-12-29,-132.0,110.0,6.5,-118.0,-105.0,,,,,
2021020550,ANA,VAN,2021-12-29,-118.0,-105.0,5.5,-118.0,-104.0,,,,,
2021020551,SEA,PHI,2021-12-29,-132.0,110.0,6.5,-100.0,-120.0,,,,,
2021020552,FLA,TBL,2021-12-30,-157.0,130.0,6.5,-120.0,-105.0,,,,,
2021020553,NYI,BUF,2021-12-30,-205.0,170.0,5.5,-110.0,-110.0,,,,,
2021020554,CAR,MTL,2021-12-30,-435.0,330.0,6.0,102.0,-121.0,,,,,
2021020555,CBJ,NSH,2021-12-30,-107.0,-113.0,6.0,101.0,-121.0,,,,,
2021020556,LAK,VAN,2021-12-30,-145.0,116.0,5.5,-114.0,-106.0,,,,,
2021020557,SJS,PHI,2021-12-30,-175.0,140.0,6.0,-107.0,-112.0,,,,,
2021020558,SEA,CGY,2021-12-30,163.0,-200.0,5.5,-110.0,-110.0,,,,,
2021020560,DET,WSH,2021-12-31,143.0,-180.0,6.5,-109.0,-111.0,,,,,
2021020561,TBL,NYR,2021-12-31,-120.0,-103.0,6.5,-102.0,-126.0,,,,,
2021020562,NJD,EDM,2021-12-31,133.0,-162.0,6.5,-118.0,-105.0,,,,,
2021020565,VGK,ANA,2021-12-31,-195.0,160.0,6.5,108.0,-131.0,,,,,
2021020566,BOS,BUF,2022-01-01,-335.0,260.0,5.5,-117.0,-102.0,,,,,
2021020567,TOR,OTT,2022-01-01,-360.0,275.0,6.5,105.0,-125.0,,,,,
2021020568,FLA,MTL,2022-01-01,-667.0,460.0,6.5,-105.0,-118.0,,,,,
2021020569,NYI,EDM,2022-01-01,-110.0,-111.0,6.5,110.0,-132.0,,,,,
2021020570,CBJ,CAR,2022-01-01,170.0,-210.0,6.5,111.0,-134.0,,,,,
2021020571,NSH,CHI,2022-01-01,-215.0,170.0,5.5,-120.0,-104.0,,,,,
2021020572,MIN,STL,2022-01-01,-116.0,-104.0,6.0,-102.0,-117.0,,,,,
2021020573,LAK,PHI,2022-01-01,-175.0,140.0,5.5,-115.0,105.0,,,,,
2021020574,SEA,VAN,2022-01-01,-101.0,-117.0,5.5,-110.0,-109.0,,,,,
2021020575,DET,BOS,2022-01-02,125.0,-160.0,5.5,114.0,-136.0,,,,,
2021020576,NYR,TBL,2022-01-02,114.0,-136.0,5.5,-103.0,-117.0,,,,,
2021020577,PIT,SJS,2022-01-02,-181.0,147.0,6.0,-114.0,-106.0,,,,,
2021020578,WSH,NJD,2022-01-02,-242.0,195.0,6.5,-102.0,-117.0,,,,,
2021020579,CHI,CGY,2022-01-02,177.0,-215.0,5.5,-111.0,-108.0,,,,,
2021020580,COL,ANA,2022-01-02,-312.0,245.0,6.0,-104.0,-116.0,,,,,
2021020582,VGK,WPG,2022-01-02,-148.0,120.0,6.5,112.0,-134.0,,,,,
2021020585,NYR,EDM,2022-01-03,104.0,-124.0,6.5,-103.0,-117.0,,,,,
2021020586,BOS,NJD,2022-01-04,-315.0,245.0,5.5,-115.0,-105.0,,,,,
2021020588,DET,SJS,2022-01-04,-125.0,102.0,5.5,-111.0,-110.0,,,,,
2021020589,FLA,CGY,2022-01-04,-150.0,126.0,6.5,100.0,-121.0,,,,,
2021020590,CBJ,TBL,2022-01-04,199.0,-247.0,6.5,-102.0,-118.0,,,,,
2021020591,CHI,COL,2022-01-04,195.0,-245.0,6.5,102.0,-124.0,,,,,
2021020592,ARI,WPG,2022-01-04,180.0,-227.0,6.0,-101.0,-119.0,,,,,
2021020593,VGK,NSH,2022-01-04,-122.0,100.0,6.5,-108.0,-111.0,,,,,
2021020594,ANA,PHI,2022-01-04,-172.0,140.0,5.5,-105.0,-115.0,,,,,
2021020596,TOR,EDM,2022-01-05,-295.0,235.0,6.5,102.0,-124.0,,,,,
2021020597,PIT,STL,2022-01-05,-136.0,115.0,6.5,-104.0,105.0,,,,,
2021020599,BOS,MIN,2022-01-06,-160.0,130.0,6.5,-104.0,-116.0,,,,,
2021020600,BUF,SJS,2022-01-06,104.0,-120.0,5.5,-112.0,-107.0,,,,,
2021020602,TBL,CGY,2022-01-06,-205.0,162.0,6.0,-118.0,-105.0,,,,,
2021020603,NJD,CBJ,2022-01-06,-155.0,128.0,6.5,-112.0,-108.0,,,,,
2021020604,PHI,PIT,2022-01-06,197.0,-247.0,6.0,-102.0,-117.0,,,,,
2021020605,DAL,FLA,2022-01-06,110.0,-133.0,6.5,-106.0,-114.0,,,,,
2021020606,COL,WPG,2022-01-06,-245.0,195.0,6.5,-115.0,-105.0,,,,,
2021020607,ARI,CHI,2022-01-06,134.0,-167.0,5.5,104.0,-130.0,,,,,
2021020608,VGK,NYR,2022-01-06,-180.0,145.0,6.0,-118.0,-110.0,,,,,
2021020610,LAK,NSH,2022-01-06,114.0,-142.0,5.5,-106.0,-114.0,,,,,
2021020612,CAR,CGY,2022-01-07,-195.0,155.0,5.5,-135.0,115.0,,,,,
2021020613,STL,WSH,2022-01-07,-118.0,-105.0,6.5,-111.0,-111.0,,,,,
2021020615,TBL,BOS,2022-01-08,-189.0,155.0,5.5,-119.0,100.0,,,,,
2021020616,PHI,SJS,2022-01-08,105.0,-120.0,5.5,-126.0,105.0,,,,,
2021020617,CAR,FLA,2022-01-08,-120.0,-102.0,6.5,-119.0,-102.0,,,,,
2021020618,CBJ,NJD,2022-01-08,-130.0,108.0,6.5,-113.0,-106.0,,,,,
2021020619,DAL,PIT,2022-01-08,-103.0,-120.0,5.5,-115.0,-105.0,,,,,
2021020620,MIN,WSH,2022-01-08,-104.0,-125.0,6.5,-110.0,-110.0,,,,,
2021020622,COL,TOR,2022-01-08,-167.0,130.0,6.5,-134.0,110.0,,,,,
2021020624,ARI,NSH,2022-01-08,170.0,-215.0,5.5,-117.0,-105.0,,,,,
2021020626,VGK,CHI,2022-01-08,-250.0,200.0,6.5,102.0,-125.0,,,,,
2021020627,ANA,NYR,2022-01-08,-105.0,-115.0,5.5,-118.0,-104.0,,,,,
2021020628,LAK,DET,2022-01-08,-142.0,115.0,5.5,-104.0,-120.0,,,,,
2021020609,ANA,DET,2022-01-09,-136.0,112.0,5.5,-115.0,-105.0,,,,,
2021020629,STL,DAL,2022-01-09,-161.0,130.0,6.5,100.0,-121.0,,,,,
2021020632,WSH,BOS,2022-01-10,-114.0,-106.0,6.0,-116.0,-104.0,,,,,
2021020634,COL,SEA,2022-01-10,-385.0,290.0,6.5,-125.0,105.0,,,,,
2021020636,LAK,NYR,2022-01-10,-113.0,-106.0,5.5,-121.0,-104.0,,,,,
2021020637,BUF,TBL,2022-01-11,255.0,-333.0,5.5,-130.0,110.0,,,,,
2021020638,FLA,VAN,2022-01-11,-250.0,200.0,6.5,-123.0,101.0,,,,,
2021020640,CBJ,CHI,2022-01-11,-110.0,-110.0,6.5,105.0,-125.0,,,,,
2021020641,NSH,COL,2022-01-11,110.0,-142.0,6.5,-101.0,-119.0,,,,,
2021020643,VGK,TOR,2022-01-11,110.0,-140.0,6.0,-112.0,-107.0,,,,,
2021020644,ANA,PIT,2022-01-11,160.0,-195.0,5.5,-120.0,-105.0,,,,,
2021020645,SJS,DET,2022-01-11,-149.0,122.0,5.5,-105.0,-118.0,,,,,
2021020647,DAL,SEA,2022-01-12,-220.0,175.0,5.5,-135.0,115.0,,,,,
2021020649,ARI,TOR,2022-01-12,250.0,-333.0,6.0,-133.0,-105.0,,,,,
2021021000,BOS,MTL,2022-01-12,-400.0,310.0,6.0,-110.0,-109.0,,,,,
2021020650,BOS,PHI,2022-01-13,-275.0,210.0,5.5,-134.0,112.0,,,,,
2021020651,DET,WPG,2022-01-13,102.0,-125.0,5.5,-125.0,105.0,,,,,
2021020652,TBL,VAN,2022-01-13,-250.0,205.0,5.5,-117.0,-104.0,,,,,
2021020653,NYI,NJD,2022-01-13,-225.0,180.0,6.5,106.0,-129.0,,,,,
2021020654,CAR,CBJ,2022-01-13,-290.0,227.0,6.5,-115.0,-105.0,,,,,
2021020655,CHI,MTL,2022-01-13,-250.0,200.0,5.5,-106.0,-114.0,,,,,
2021020656,STL,SEA,2022-01-13,-220.0,175.0,6.0,-114.0,-105.0,,,,,
2021020657,NSH,BUF,2022-01-13,-428.0,324.0,6.0,-119.0,100.0,,,,,
2021020658,CGY,OTT,2022-01-13,-307.0,240.0,6.5,-110.0,-112.0,,,,,
2021020659,LAK,PIT,2022-01-13,125.0,-160.0,5.5,-118.0,-104.0,,,,,
2021020660,SJS,NYR,2022-01-13,111.0,-133.0,5.5,-116.0,-104.0,,,,,
2021020661,FLA,DAL,2022-01-14,-215.0,175.0,6.5,-125.0,100.0,,,,,
2021020662,MIN,ANA,2022-01-14,-186.0,150.0,5.5,-130.0,110.0,,,,,
2021020663,COL,ARI,2022-01-14,-670.0,460.0,6.5,-130.0,106.0,,,,,
2021020635,EDM,OTT,2022-01-15,-213.0,165.0,6.5,-123.0,100.0,,,,,
2021020665,BOS,NSH,2022-01-15,-167.0,139.0,5.5,-112.0,-107.0,,,,,
2021020667,DET,BUF,2022-01-15,-190.0,155.0,5.5,-119.0,-102.0,,,,,
2021020668,TBL,DAL,2022-01-15,-280.0,220.0,5.5,-120.0,-105.0,,,,,
2021020669,FLA,CBJ,2022-01-15,-322.0,250.0,7.0,-102.0,-120.0,,,,,
2021020670,NYI,WSH,2022-01-15,-104.0,-125.0,5.5,-111.0,-110.0,,,,,
2021020671,PHI,NYR,2022-01-15,126.0,-154.0,5.5,-114.0,-105.0,,,,,
2021020672,CAR,VAN,2022-01-15,-220.0,170.0,5.5,-134.0,112.0,,,,,
2021020673,CHI,ANA,2022-01-15,-175.0,143.0,5.5,-115.0,-105.0,,,,,
2021020674,STL,TOR,2022-01-15,148.0,-189.0,5.5,-126.0,104.0,,,,,
2021020677,ARI,COL,2022-01-15,310.0,-400.0,6.5,-112.0,-108.0,,,,,
2021020678,SJS,PIT,2022-01-15,135.0,-165.0,6.5,106.0,-127.0,,,,,
2021020679,SEA,LAK,2022-01-15,-104.0,-116.0,5.5,-113.0,-106.0,,,,,
2021020680,WSH,VAN,2022-01-16,-192.0,155.0,5.5,-120.0,-105.0,,,,,
2021020682,BUF,DET,2022-01-17,123.0,-147.0,5.5,-120.0,100.0,,,,,
2021020684,NYI,PHI,2022-01-17,-205.0,165.0,5.5,-102.0,-119.0,,,,,
2021020685,STL,NSH,2022-01-17,-126.0,105.0,5.5,-128.0,106.0,,,,,
2021020686,COL,MIN,2022-01-17,-255.0,205.0,6.5,-139.0,116.0,,,,,
2021020687,ARI,MTL,2022-01-17,-130.0,107.0,5.5,-104.0,-118.0,,,,,
2021020688,VGK,PIT,2022-01-17,-111.0,-110.0,6.5,102.0,-122.0,,,,,
2021020689,SJS,LAK,2022-01-17,-107.0,-114.0,5.5,108.0,-130.0,,,,,
2021020690,SEA,CHI,2022-01-17,-105.0,-118.0,5.5,-105.0,-115.0,,,,,
2021020340,PHI,NYI,2022-01-18,111.0,-132.0,5.5,118.0,-141.0,,,,,
2021020691,BOS,CAR,2022-01-18,-134.0,110.0,5.5,-118.0,-105.0,,,,,
2021020692,OTT,BUF,2022-01-18,-220.0,175.0,6.5,112.0,-134.0,,,,,
2021020695,WSH,WPG,2022-01-18,-129.0,108.0,6.0,-118.0,-101.0,,,,,
2021020696,NSH,VAN,2022-01-18,-136.0,115.0,5.5,-126.0,105.0,,,,,
2021020697,DAL,MTL,2022-01-18,-375.0,280.0,5.5,-110.0,-111.0,,,,,
2021020698,CGY,FLA,2022-01-18,125.0,-151.0,6.5,-122.0,101.0,,,,,
2021020700,LAK,TBL,2022-01-18,170.0,-215.0,5.5,-125.0,-105.0,,,,,
2021020701,NJD,ARI,2022-01-19,-220.0,175.0,6.5,111.0,-133.0,,,,,
2021020702,NYR,TOR,2022-01-19,122.0,-148.0,5.5,-114.0,-106.0,,,,,
2021020703,ANA,COL,2022-01-19,225.0,-295.0,6.5,-124.0,-100.0,,,,,
2021020704,BOS,WSH,2022-01-20,-183.0,152.0,6.0,101.0,-121.0,,,,,
2021020705,BUF,DAL,2022-01-20,175.0,-220.0,5.5,-112.0,-108.0,,,,,
2021020706,PHI,CBJ,2022-01-20,-125.0,104.0,6.5,-105.0,-118.0,,,,,
2021020707,PIT,OTT,2022-01-20,-315.0,245.0,6.5,-111.0,-110.0,,,,,
2021020708,NSH,WPG,2022-01-20,-152.0,125.0,6.0,-117.0,-104.0,,,,,
2021020709,EDM,FLA,2022-01-20,143.0,-177.0,7.0,-107.0,-112.0,,,,,
2021020710,VGK,MTL,2022-01-20,-360.0,275.0,6.0,-118.0,-105.0,,,,,
2021020711,LAK,COL,2022-01-20,165.0,-205.0,6.5,-118.0,-106.0,,,,,
2021020712,SEA,SJS,2022-01-20,-125.0,105.0,5.5,-110.0,-110.0,,,,,
2021020713,DET,DAL,2022-01-21,-104.0,-116.0,5.5,100.0,-122.0,,,,,
2021020714,NYI,ARI,2022-01-21,-286.0,225.0,5.5,115.0,-148.0,,,,,
2021020715,CAR,NYR,2022-01-21,-212.0,171.0,6.0,-136.0,114.0,,,,,
2021020716,CBJ,PIT,2022-01-21,180.0,-225.0,6.5,-130.0,106.0,,,,,
2021020717,CHI,MIN,2022-01-21,110.0,-134.0,6.0,-100.0,-118.0,,,,,
2021020718,VAN,FLA,2022-01-21,172.0,-215.0,6.5,-116.0,-105.0,,,,,
2021020719,ANA,TBL,2022-01-21,215.0,-276.0,5.5,-117.0,-102.0,,,,,
2021020720,SEA,STL,2022-01-21,155.0,-190.0,5.5,-134.0,112.0,,,,,
2021020721,BOS,WPG,2022-01-22,-177.0,145.0,6.5,-105.0,-115.0,,,,,
2021020722,BUF,PHI,2022-01-22,114.0,-142.0,5.5,-145.0,125.0,,,,,
2021020724,NJD,CAR,2022-01-22,146.0,-176.0,6.5,-108.0,-112.0,,,,,
2021020725,NYR,ARI,2022-01-22,-332.0,260.0,5.5,101.0,-122.0,,,,,
2021020726,WSH,OTT,2022-01-22,-215.0,175.0,6.5,-138.0,-110.0,,,,,
2021020727,NSH,DET,2022-01-22,-245.0,195.0,5.5,-114.0,-107.0,,,,,
2021020728,MIN,CHI,2022-01-22,-227.0,180.0,6.5,-107.0,-114.0,,,,,
2021020729,COL,MTL,2022-01-22,-702.0,490.0,6.5,-120.0,101.0,,,,,
2021020730,EDM,CGY,2022-01-22,104.0,-125.0,6.5,-109.0,-111.0,,,,,
2021020731,SJS,TBL,2022-01-22,128.0,-155.0,6.0,-120.0,-105.0,,,,,
2021021211,NYI,TOR,2022-01-22,,,,,,,,,,
2021020732,NJD,LAK,2022-01-23,116.0,-141.0,5.5,-128.0,106.0,,,,,
2021020733,PIT,WPG,2022-01-23,-237.0,189.0,6.5,-105.0,-115.0,,,,,
2021020734,CBJ,OTT,2022-01-23,-145.0,120.0,6.5,-105.0,-118.0,,,,,
2021020735,VAN,STL,2022-01-23,140.0,-165.0,6.0,-112.0,-105.0,,,,,
2021020736,SEA,FLA,2022-01-23,210.0,-278.0,6.5,104.0,-126.0,,,,,
2021020737,BOS,ANA,2022-01-24,-270.0,215.0,5.5,-115.0,-105.0,,,,,
2021020738,NYR,LAK,2022-01-24,-165.0,140.0,5.5,-111.0,-111.0,,,,,
2021020739,PHI,DAL,2022-01-24,150.0,-180.0,5.5,-113.0,-107.0,,,,,
2021020740,WSH,VGK,2022-01-24,-150.0,125.0,6.0,-124.0,-105.0,,,,,
2021020741,MIN,MTL,2022-01-24,-340.0,265.0,6.5,-110.0,-110.0,,,,,
2021020742,COL,CHI,2022-01-24,-337.0,260.0,6.5,-112.0,-107.0,,,,,
2021020743,CGY,STL,2022-01-24,-160.0,125.0,5.5,-128.0,104.0,,,,,
2021020744,OTT,BUF,2022-01-25,-182.0,150.0,6.5,-106.0,-114.0,,,,,
2021020745,NJD,DAL,2022-01-25,112.0,-138.0,6.0,-112.0,-107.0,,,,,
2021020746,NYI,PHI,2022-01-25,-265.0,212.0,5.5,-104.0,-119.0,,,,,
2021020747,PIT,ARI,2022-01-25,-480.0,360.0,6.5,100.0,-120.0,,,,,
2021020748,CAR,VGK,2022-01-25,-225.0,176.0,6.5,-105.0,-115.0,,,,,
2021020749,WPG,FLA,2022-01-25,145.0,-180.0,6.5,-118.0,-102.0,,,,,
2021020750,VAN,EDM,2022-01-25,124.0,-150.0,6.5,-121.0,-100.0,,,,,
2021020751,SEA,NSH,2022-01-25,145.0,-185.0,5.5,-120.0,-102.0,,,,,
2021020752,TOR,ANA,2022-01-26,-280.0,225.0,5.5,-123.0,102.0,,,,,
2021020753,DET,CHI,2022-01-26,-118.0,-105.0,5.5,-105.0,-115.0,,,,,
2021020754,WSH,SJS,2022-01-26,-220.0,175.0,5.5,-118.0,-105.0,,,,,
2021020755,CBJ,CGY,2022-01-26,170.0,-212.0,6.5,105.0,-126.0,,,,,
2021020756,COL,BOS,2022-01-26,-192.0,157.0,6.5,-116.0,-104.0,,,,,
2021020757,MTL,ANA,2022-01-27,125.0,-153.0,5.5,-119.0,-102.0,,,,,
2021020758,OTT,CAR,2022-01-27,201.0,-250.0,6.5,-103.0,-117.0,,,,,
2021020759,TBL,NJD,2022-01-27,-345.0,270.0,6.5,-105.0,-120.0,,,,,
2021020760,FLA,VGK,2022-01-27,-165.0,135.0,7.0,-105.0,-115.0,,,,,
2021020761,NYI,LAK,2022-01-27,-134.0,112.0,5.5,120.0,-143.0,,,,,
2021020762,PIT,SEA,2022-01-27,-350.0,275.0,6.5,100.0,-121.0,,,,,
2021020763,CBJ,NYR,2022-01-27,163.0,-200.0,6.5,-100.0,-125.0,,,,,
2021020764,STL,CGY,2022-01-27,-143.0,120.0,6.5,-112.0,-108.0,,,,,
2021020765,WPG,VAN,2022-01-27,-180.0,145.0,5.5,-118.0,-105.0,,,,,
2021020766,EDM,NSH,2022-01-27,-119.0,-103.0,6.5,105.0,-126.0,,,,,
2021020767,NYR,MIN,2022-01-28,116.0,-141.0,6.0,-111.0,-108.0,,,,,
2021020768,PIT,DET,2022-01-28,-285.0,210.0,6.5,-110.0,-110.0,,,,,
2021020769,CHI,COL,2022-01-28,160.0,-195.0,6.5,-110.0,-110.0,,,,,
2021020770,DAL,WSH,2022-01-28,-126.0,105.0,5.5,-125.0,105.0,,,,,
2021020771,ARI,BOS,2022-01-28,237.0,-305.0,6.0,-117.0,-102.0,,,,,
2021020772,MTL,EDM,2022-01-29,200.0,-250.0,6.5,-115.0,-105.0,,,,,
2021020773,OTT,ANA,2022-01-29,118.0,-140.0,5.5,-124.0,102.0,,,,,
2021020774,DET,TOR,2022-01-29,225.0,-303.0,6.5,105.0,-125.0,,,,,
2021020775,TBL,VGK,2022-01-29,-150.0,124.0,6.5,103.0,-125.0,,,,,
2021020776,FLA,SJS,2022-01-29,-335.0,260.0,6.5,-112.0,-107.0,,,,,
2021020778,PHI,LAK,2022-01-29,140.0,-167.0,5.5,-106.0,-114.0,,,,,
2021020779,CAR,NJD,2022-01-29,-305.0,240.0,6.5,-109.0,-112.0,,,,,
2021020780,STL,WPG,2022-01-29,-184.0,152.0,6.5,-111.0,-110.0,,,,,
2021020781,CGY,VAN,2022-01-29,-195.0,160.0,5.5,-118.0,-105.0,,,,,
2021020782,ARI,BUF,2022-01-29,-133.0,110.0,5.5,-118.0,-102.0,,,,,
2021020783,MTL,CBJ,2022-01-30,115.0,-139.0,6.5,-110.0,-111.0,,,,,
2021020784,NYI,MIN,2022-01-30,100.0,-121.0,5.5,-106.0,-114.0,,,,,
2021020785,NYR,SEA,2022-01-30,-175.0,144.0,6.0,-116.0,-102.0,,,,,
2021020786,PIT,LAK,2022-01-30,-232.0,189.0,5.5,-123.0,100.0,,,,,
2021020787,CAR,SJS,2022-01-30,-300.0,230.0,6.5,112.0,-134.0,,,,,
2021020789,DAL,BOS,2022-01-30,-129.0,103.0,5.5,-119.0,-102.0,,,,,
2021020790,COL,BUF,2022-01-30,-530.0,390.0,6.5,-109.0,-111.0,,,,,
2021020683,TOR,NJD,2022-01-31,-335.0,260.0,6.5,-106.0,-114.0,,,,,
2021020791,OTT,EDM,2022-01-31,170.0,-200.0,6.5,-115.0,-111.0,,,,,
2021020792,DET,ANA,2022-01-31,-104.0,-118.0,5.5,-118.0,-105.0,,,,,
2021020793,CBJ,FLA,2022-01-31,250.0,-315.0,7.0,106.0,-127.0,,,,,
2021020794,CHI,VAN,2022-01-31,-120.0,-103.0,5.5,-111.0,-111.0,,,,,
2021020795,BOS,SEA,2022-02-01,-265.0,205.0,5.5,-118.0,-106.0,,,,,
2021020797,TBL,SJS,2022-02-01,-330.0,255.0,5.5,-111.0,-110.0,,,,,
2021020798,NJD,TOR,2022-02-01,190.0,-240.0,6.5,-119.0,-102.0,,,,,
2021020799,NYI,OTT,2022-02-01,-278.0,220.0,5.5,-110.0,-111.0,,,,,
2021020800,NYR,FLA,2022-02-01,132.0,-159.0,6.5,-114.0,-107.0,,,,,
2021020801,PHI,WPG,2022-02-01,133.0,-159.0,5.5,-125.0,101.0,,,,,
2021020802,PIT,WSH,2022-02-01,-159.0,130.0,5.5,-134.0,110.0,,,,,
2021020803,NSH,VAN,2022-02-01,-200.0,162.0,5.5,110.0,-134.0,,,,,
2021020804,DAL,CGY,2022-02-01,104.0,-126.0,5.5,-130.0,110.0,,,,,
2021020805,COL,ARI,2022-02-01,-590.0,425.0,6.5,-106.0,-114.0,,,,,
2021020806,VGK,BUF,2022-02-01,-500.0,375.0,6.0,-130.0,106.0,,,,,
2021020777,NYI,SEA,2022-02-02,-225.0,180.0,5.5,118.0,-144.0,,,,,
2021020807,DET,LAK,2022-02-02,115.0,-139.0,5.5,108.0,-133.0,,,,,
2021020808,WSH,EDM,2022-02-02,101.0,-120.0,6.5,-107.0,-112.0,,,,,
2021020809,CHI,MIN,2022-02-02,145.0,-180.0,6.5,-106.0,-116.0,,,,,
2021020810,ARI,CGY,2022-02-02,242.0,-302.0,6.0,-108.0,-112.0,,,,,
2021020583,TOR,CAR,2022-02-07,-130.0,110.0,6.5,-111.0,-109.0,,,,,
2021021128,OTT,NJD,2022-02-07,-125.0,106.0,6.5,-111.0,-107.0,,,,,
2021020487,VAN,ARI,2022-02-08,-242.0,197.0,5.5,108.0,-131.0,,,,,
2021020510,OTT,CAR,2022-02-08,192.0,-235.0,6.0,-124.0,102.0,,,,,
2021020523,BOS,PIT,2022-02-08,-135.0,112.0,5.5,-120.0,-100.0,,,,,
2021020531,WPG,MIN,2022-02-08,132.0,-160.0,6.5,-103.0,-117.0,,,,,
2021020664,EDM,VGK,2022-02-08,-111.0,-108.0,6.5,-120.0,100.0,,,,,
2021020666,MTL,NJD,2022-02-08,-104.0,-115.0,6.5,-106.0,-112.0,,,,,
2021021293,WSH,CBJ,2022-02-08,-247.0,200.0,6.5,-110.0,-110.0,,,,,
2021020503,SEA,ARI,2022-02-09,-230.0,185.0,5.5,-120.0,100.0,,,,,
2021020530,DAL,NSH,2022-02-09,-107.0,-112.0,5.5,-119.0,101.0,,,,,
2021020598,VAN,NYI,2022-02-09,115.0,-137.0,5.0,-130.0,109.0,,,,,
2021020676,CGY,VGK,2022-02-09,-140.0,117.0,6.0,-111.0,-109.0,,,,,
2021020694,PHI,DET,2022-02-09,-113.0,-108.0,6.0,-116.0,-104.0,,,,,
2021020699,EDM,CHI,2022-02-09,-186.0,155.0,6.5,-100.0,-120.0,,,,,
2021020462,CGY,TOR,2022-02-10,118.0,-143.0,6.0,-121.0,102.0,,,,,
2021020477,COL,TBL,2022-02-10,-115.0,-105.0,6.0,-130.0,108.0,,,,,
2021020489,BUF,CBJ,2022-02-10,100.0,-117.0,6.5,-101.0,-116.0,,,,,
2021020494,BOS,CAR,2022-02-10,128.0,-150.0,5.5,-105.0,-114.0,,,,,
2021020529,STL,NJD,2022-02-10,-260.0,205.0,6.0,-120.0,-103.0,,,,,
2021020559,OTT,PIT,2022-02-10,175.0,-212.0,6.5,-101.0,-119.0,,,,,
2021020587,MTL,WSH,2022-02-10,205.0,-250.0,6.0,-115.0,-113.0,,,,,
2021020506,DAL,WPG,2022-02-11,-158.0,132.0,6.0,-110.0,-109.0,,,,,
2021020519,ARI,TBL,2022-02-11,235.0,-295.0,6.5,102.0,-120.0,,,,,
2021020623,EDM,NYI,2022-02-11,-149.0,125.0,6.0,100.0,-118.0,,,,,
2021021033,ANA,SEA,2022-02-11,-165.0,140.0,5.5,-103.0,-118.0,,,,,
2021020445,MIN,CAR,2022-02-12,-105.0,-115.0,6.5,-102.0,-112.0,,,,,
2021020479,VAN,TOR,2022-02-12,165.0,-205.0,6.0,-115.0,-105.0,,,,,
2021020499,NSH,WPG,2022-02-12,-200.0,165.0,6.0,101.0,-120.0,,,,,
2021020543,OTT,BOS,2022-02-12,124.0,-147.0,5.5,-111.0,-108.0,,,,,
2021020630,MTL,CBJ,2022-02-12,120.0,-144.0,6.5,-113.0,-106.0,,,,,
2021020642,CGY,NYI,2022-02-12,-215.0,175.0,5.5,104.0,-125.0,,,,,
2021020788,STL,CHI,2022-02-12,-222.0,180.0,6.0,-104.0,-116.0,,,,,
2021020811,DET,PHI,2022-02-12,-159.0,130.0,6.0,102.0,-122.0,,,,,
2021020526,WSH,OTT,2022-02-13,-250.0,207.0,6.0,-101.0,-115.0,,,,,
2021020563,DAL,COL,2022-02-13,140.0,-170.0,6.5,-107.0,-115.0,,,,,
2021020614,MTL,BUF,2022-02-13,-103.0,-116.0,6.5,101.0,-123.0,,,,,
2021020817,NJD,PIT,2022-02-13,190.0,-235.0,6.5,-107.0,-116.0,,,,,
2021020488,SEA,TOR,2022-02-14,212.0,-257.0,6.5,101.0,-123.0,,,,,
2021020517,MIN,DET,2022-02-14,-250.0,205.0,6.5,-105.0,-122.0,,,,,
2021020522,SJS,EDM,2022-02-14,131.0,-157.0,6.5,100.0,-116.0,,,,,
2021020548,WPG,CHI,2022-02-14,-168.0,140.0,5.5,-123.0,104.0,,,,,
2021020478,CGY,CBJ,2022-02-15,-303.0,235.0,6.5,-102.0,-120.0,,,,,
2021020495,OTT,STL,2022-02-15,180.0,-225.0,6.0,-117.0,-105.0,,,,,
2021020507,LAK,EDM,2022-02-15,-115.0,-106.0,6.5,-104.0,-115.0,,,,,
2021020514,PIT,PHI,2022-02-15,-337.0,260.0,6.5,-104.0,-116.0,,,,,
2021020524,BUF,NYI,2022-02-15,160.0,-195.0,5.5,-104.0,-120.0,,,,,
2021020549,COL,DAL,2022-02-15,-247.0,201.0,6.5,-103.0,-118.0,,,,,
2021020631,NJD,TBL,2022-02-15,245.0,-310.0,6.5,-104.0,-118.0,,,,,
2021021095,NSH,WSH,2022-02-15,-145.0,120.0,6.0,-105.0,-117.0,,,,,
2021021263,NYR,BOS,2022-02-15,-150.0,127.0,5.5,-104.0,-116.0,,,,,
2021020500,CGY,ANA,2022-02-16,-235.0,190.0,5.5,-120.0,-100.0,,,,,
2021020527,CAR,FLA,2022-02-16,-114.0,-108.0,6.5,-122.0,102.0,,,,,
2021020535,VGK,COL,2022-02-16,118.0,-140.0,6.5,-121.0,102.0,,,,,
2021020633,WPG,MIN,2022-02-16,118.0,-142.0,6.0,-115.0,-105.0,,,,,
2021020493,EDM,ANA,2022-02-17,-230.0,190.0,6.5,-106.0,-120.0,,,,,
2021020496,PHI,WSH,2022-02-17,150.0,-182.0,6.0,-110.0,-112.0,,,,,
2021020502,SJS,VAN,2022-02-17,100.0,-121.0,5.5,105.0,-124.0,,,,,
2021020525,NYR,DET,2022-02-17,-225.0,185.0,5.5,-129.0,109.0,,,,,
2021020538,CHI,CBJ,2022-02-17,-132.0,110.0,6.5,106.0,-115.0,,,,,
2021020542,TOR,PIT,2022-02-17,-152.0,128.0,6.5,-106.0,-114.0,,,,,
2021020621,WPG,SEA,2022-02-17,-143.0,120.0,6.5,-108.0,-113.0,,,,,
2021020796,MTL,STL,2022-02-17,227.0,-286.0,6.5,-112.0,-110.0,,,,,
2021021006,NYI,BOS,2022-02-17,-112.0,-107.0,5.5,110.0,-154.0,,,,,
2021021228,BUF,OTT,2022-02-17,-137.0,114.0,6.0,-125.0,-120.0,,,,,
2021020476,MIN,FLA,2022-02-18,108.0,-132.0,7.0,-103.0,-115.0,,,,,
2021020485,CAR,NSH,2022-02-18,-180.0,148.0,6.0,-100.0,-117.0,,,,,
2021020516,CHI,DAL,2022-02-18,135.0,-165.0,5.5,-108.0,-113.0,,,,,
2021020521,VGK,LAK,2022-02-18,-176.0,143.0,6.5,-104.0,-124.0,,,,,
2021020481,OTT,BOS,2022-02-19,160.0,-200.0,5.5,105.0,-125.0,,,,,
2021020504,BUF,COL,2022-02-19,310.0,-400.0,6.5,102.0,-125.0,,,,,
2021020509,TOR,STL,2022-02-19,-215.0,175.0,6.5,100.0,-124.0,,,,,
2021020518,CGY,SEA,2022-02-19,-305.0,240.0,6.0,-119.0,100.0,,,,,
2021020520,VAN,ANA,2022-02-19,-162.0,135.0,5.5,-115.0,-106.0,,,,,
2021020533,ARI,LAK,2022-02-19,145.0,-170.0,5.5,-122.0,-100.0,,,,,
2021020681,WPG,EDM,2022-02-19,107.0,-128.0,6.5,102.0,-120.0,,,,,
2021020263,OTT,NYR,2022-02-20,182.0,-227.0,5.5,-121.0,102.0,,,,,
2021020491,NYI,MTL,2022-02-20,-303.0,245.0,5.5,104.0,-124.0,,,,,
2021020498,CHI,FLA,2022-02-20,205.0,-255.0,6.5,-111.0,-109.0,,,,,
2021020515,CBJ,BUF,2022-02-20,-161.0,128.0,6.5,-129.0,105.0,,,,,
2021020581,ARI,DAL,2022-02-20,210.0,-265.0,5.5,-105.0,-115.0,,,,,
2021020648,EDM,MIN,2022-02-20,-105.0,-114.0,6.5,-118.0,-101.0,,,,,
2021021161,SJS,VGK,2022-02-20,145.0,-175.0,6.0,-115.0,-105.0,,,,,
2021021304,PIT,CAR,2022-02-20,-130.0,110.0,6.5,-115.0,-105.0,,,,,
2021020508,BOS,COL,2022-02-21,145.0,-177.0,6.0,-109.0,-109.0,,,,,
2021020534,VAN,SEA,2022-02-21,-182.0,150.0,5.5,-100.0,-120.0,,,,,
2021020564,CGY,WPG,2022-02-21,-250.0,205.0,6.0,-120.0,-108.0,,,,,
2021020601,MTL,TOR,2022-02-21,320.0,-420.0,6.5,106.0,-120.0,,,,,
2021020639,PHI,CAR,2022-02-21,200.0,-255.0,6.5,-104.0,-121.0,,,,,
2021020511,FLA,NSH,2022-02-22,-278.0,220.0,7.0,105.0,-125.0,,,,,
2021020528,CBJ,TOR,2022-02-22,207.0,-252.0,7.0,109.0,-130.0,,,,,
2021020536,ANA,SJS,2022-02-22,-159.0,132.0,5.5,-121.0,-101.0,,,,,
2021020584,OTT,MIN,2022-02-22,180.0,-227.0,6.5,-100.0,-118.0,,,,,
2021020595,SEA,NYI,2022-02-22,139.0,-165.0,5.0,-138.0,115.0,,,,,
2021020848,PHI,STL,2022-02-22,180.0,-222.0,6.5,-104.0,-115.0,,,,,
2021020490,DET,COL,2022-02-23,198.0,-250.0,6.5,-103.0,-118.0,,,,,
2021020812,TBL,EDM,2022-02-23,-205.0,165.0,6.5,-113.0,-110.0,,,,,
2021020813,DAL,WPG,2022-02-23,-150.0,125.0,5.5,-121.0,102.0,,,,,
2021020814,ARI,LAK,2022-02-23,176.0,-215.0,6.0,102.0,-122.0,,,,,
2021021273,MTL,BUF,2022-02-23,-116.0,-104.0,6.0,-116.0,-104.0,,,,,
2021020497,PIT,NJD,2022-02-24,-295.0,230.0,6.5,-110.0,-112.0,,,,,
2021020815,TOR,MIN,2022-02-24,-145.0,120.0,6.5,-131.0,106.0,,,,,
2021020816,FLA,CBJ,2022-02-24,-470.0,350.0,7.5,113.0,-136.0,,,,,
2021020818,NYR,WSH,2022-02-24,-120.0,101.0,5.5,-119.0,-103.0,,,,,
2021020819,NSH,DAL,2022-02-24,-156.0,130.0,5.5,-110.0,-111.0,,,,,
2021020820,VAN,CGY,2022-02-24,143.0,-174.0,5.5,-122.0,-105.0,,,,,
2021020821,SJS,NYI,2022-02-24,112.0,-132.0,5.5,110.0,-134.0,,,,,
2021020822,SEA,BOS,2022-02-24,180.0,-227.0,5.5,-111.0,-115.0,,,,,
2021020823,CAR,CBJ,2022-02-25,-340.0,270.0,6.5,-136.0,115.0,,,,,
2021020824,CHI,NJD,2022-02-25,-132.0,105.0,6.5,-110.0,-113.0,,,,,
2021020825,STL,BUF,2022-02-25,-320.0,255.0,6.0,-112.0,-111.0,,,,,
2021020826,COL,WPG,2022-02-25,-300.0,240.0,6.5,-120.0,-103.0,,,,,
2021020827,ARI,VGK,2022-02-25,203.0,-254.0,5.5,-118.0,-102.0,,,,,
2021020828,ANA,LAK,2022-02-25,-104.0,-118.0,5.5,-122.0,102.0,,,,,
2021020830,OTT,MTL,2022-02-26,-162.0,136.0,6.0,-108.0,-111.0,,,,,
2021020831,FLA,EDM,2022-02-26,-210.0,175.0,7.0,-120.0,-103.0,,,,,
2021020832,PHI,WSH,2022-02-26,148.0,-180.0,6.0,-117.0,-105.0,,,,,
2021020833,PIT,NYR,2022-02-26,-154.0,128.0,5.5,-124.0,104.0,,,,,
2021020834,NSH,TBL,2022-02-26,143.0,-175.0,6.5,105.0,-125.0,,,,,
2021020835,CGY,MIN,2022-02-26,-162.0,135.0,6.0,-119.0,-103.0,,,,,
2021020836,VGK,COL,2022-02-26,135.0,-175.0,6.5,102.0,-124.0,,,,,
2021020837,LAK,NYI,2022-02-26,-135.0,114.0,5.5,102.0,-123.0,,,,,
2021020838,SJS,BOS,2022-02-26,160.0,-195.0,5.5,-105.0,-129.0,,,,,
2021021275,DET,TOR,2022-02-26,175.0,-215.0,6.5,-105.0,-116.0,,,,,
2021020839,NYR,VAN,2022-02-27,-120.0,-101.0,6.0,100.0,-117.0,,,,,
2021020840,CAR,EDM,2022-02-27,-215.0,175.0,6.5,-121.0,102.0,,,,,
2021020841,CBJ,PIT,2022-02-27,152.0,-184.0,6.5,-122.0,104.0,,,,,
2021020842,CHI,STL,2022-02-27,145.0,-175.0,6.0,-107.0,-112.0,,,,,
2021020843,DAL,BUF,2022-02-27,-290.0,235.0,5.5,-128.0,108.0,,,,,
2021020844,ARI,WPG,2022-02-27,141.0,-171.0,6.0,-101.0,-114.0,,,,,
2021020845,ANA,NYI,2022-02-27,-120.0,-105.0,5.5,-105.0,-124.0,,,,,
2021020846,SJS,SEA,2022-02-27,-130.0,110.0,5.5,105.0,-130.0,,,,,
2021020847,NJD,VAN,2022-02-28,-132.0,110.0,6.5,-121.0,-101.0,,,,,
2021020849,WSH,TOR,2022-02-28,115.0,-139.0,6.5,-111.0,-110.0,,,,,
2021020850,LAK,BOS,2022-02-28,104.0,-122.0,5.5,-107.0,-113.0,,,,,
2021020851,DET,CAR,2022-03-01,170.0,-205.0,6.5,-114.0,-106.0,,,,,
2021020852,TBL,OTT,2022-03-01,-400.0,310.0,6.5,-102.0,-122.0,,,,,
2021020853,PHI,EDM,2022-03-01,140.0,-175.0,6.5,-110.0,-112.0,,,,,
2021020854,CBJ,NJD,2022-03-01,-114.0,-105.0,7.0,-119.0,101.0,,,,,
2021020855,MIN,CGY,2022-03-01,-103.0,-120.0,6.5,-115.0,-105.0,,,,,
2021020856,WPG,MTL,2022-03-01,-235.0,190.0,6.0,-116.0,-102.0,,,,,
2021020857,COL,NYI,2022-03-01,-293.0,240.0,6.0,100.0,-120.0,,,,,
2021020858,VGK,SJS,2022-03-01,-260.0,207.0,5.5,-123.0,103.0,,,,,
2021020859,ANA,BOS,2022-03-01,140.0,-167.0,5.5,-118.0,-104.0,,,,,
2021020860,TOR,BUF,2022-03-02,-420.0,320.0,6.5,-127.0,105.0,,,,,
2021020861,NYR,STL,2022-03-02,-105.0,-114.0,5.5,105.0,-126.0,,,,,
2021020862,DAL,LAK,2022-03-02,-143.0,118.0,5.5,-112.0,-109.0,,,,,
2021020863,SEA,NSH,2022-03-02,160.0,-200.0,5.5,-105.0,-115.0,,,,,
2021020864,TBL,PIT,2022-03-03,-175.0,140.0,6.5,104.0,-118.0,,,,,
2021020865,FLA,OTT,2022-03-03,-375.0,290.0,7.0,114.0,-136.0,,,,,
2021020866,NYI,VAN,2022-03-03,-120.0,-103.0,5.5,-104.0,-124.0,,,,,
2021020867,PHI,MIN,2022-03-03,160.0,-195.0,6.5,-105.0,-118.0,,,,,
2021020868,WSH,CAR,2022-03-03,105.0,-125.0,6.0,-103.0,-113.0,,,,,
2021020869,CHI,EDM,2022-03-03,123.0,-148.0,6.5,-100.0,-125.0,,,,,
2021020870,CGY,MTL,2022-03-03,-400.0,320.0,6.0,-121.0,-110.0,,,,,
2021020871,ARI,COL,2022-03-03,295.0,-382.0,6.5,-109.0,-110.0,,,,,
2021020872,VGK,BOS,2022-03-03,-105.0,-115.0,5.5,-108.0,-113.0,,,,,
2021020873,BUF,MIN,2022-03-04,175.0,-215.0,6.5,-117.0,-105.0,,,,,
2021020874,TBL,DET,2022-03-04,-272.0,217.0,6.5,-123.0,102.0,,,,,
2021020875,NYR,NJD,2022-03-04,-171.0,137.0,6.0,-122.0,-105.0,,,,,
2021020876,CAR,PIT,2022-03-04,-137.0,115.0,6.5,-118.0,105.0,,,,,
2021020877,CBJ,LAK,2022-03-04,118.0,-142.0,6.5,-130.0,109.0,,,,,
2021020878,WPG,DAL,2022-03-04,-122.0,103.0,6.0,-108.0,-111.0,,,,,
2021020879,ANA,VGK,2022-03-04,104.0,-125.0,6.0,-107.0,-110.0,,,,,
2021020880,TOR,VAN,2022-03-05,-212.0,175.0,6.5,-112.0,-107.0,,,,,
2021020881,FLA,DET,2022-03-05,-410.0,310.0,7.0,-130.0,107.0,,,,,
2021020882,NYI,STL,2022-03-05,122.0,-145.0,5.5,102.0,-122.0,,,,,
2021020883,PHI,CHI,2022-03-05,-128.0,106.0,6.5,100.0,-120.0,,,,,
2021020884,WSH,SEA,2022-03-05,-227.0,185.0,5.5,-120.0,100.0,,,,,
2021020885,CBJ,BOS,2022-03-05,205.0,-255.0,6.0,-111.0,-107.0,,,,,
2021020886,COL,CGY,2022-03-05,-175.0,145.0,6.5,-114.0,-109.0,,,,,
2021020887,EDM,MTL,2022-03-05,-237.0,192.0,6.5,-114.0,-109.0,,,,,
2021020888,ARI,OTT,2022-03-05,-105.0,-125.0,6.0,-118.0,100.0,,,,,
2021020889,SJS,NSH,2022-03-05,149.0,-178.0,5.5,-112.0,-108.0,,,,,
2021020890,BUF,LAK,2022-03-06,147.0,-179.0,6.5,-101.0,-118.0,,,,,
2021020891,NJD,STL,2022-03-06,115.0,-135.0,6.5,-124.0,105.0,,,,,
2021020892,CAR,SEA,2022-03-06,-330.0,260.0,6.5,-110.0,-109.0,,,,,
2021020893,CHI,TBL,2022-03-06,207.0,-255.0,6.5,-110.0,-111.0,,,,,
2021020894,MIN,DAL,2022-03-06,-150.0,125.0,6.5,-107.0,-118.0,,,,,
2021020895,WPG,NYR,2022-03-06,-111.0,-108.0,5.5,-122.0,101.0,,,,,
2021020896,VGK,OTT,2022-03-06,-302.0,242.0,6.0,-101.0,-115.0,,,,,
2021020897,ANA,SJS,2022-03-06,-190.0,160.0,6.0,-112.0,-114.0,,,,,
2021020532,CGY,EDM,2022-03-07,-215.0,175.0,6.5,-107.0,-115.0,,,,,
2021020898,BOS,LAK,2022-03-07,-197.0,162.0,5.5,-119.0,-101.0,,,,,
2021020899,BUF,FLA,2022-03-07,275.0,-357.0,7.0,107.0,-128.0,,,,,
2021020900,NYI,COL,2022-03-07,170.0,-210.0,6.0,102.0,-121.0,,,,,
2021020901,CBJ,TOR,2022-03-07,175.0,-215.0,7.0,-129.0,109.0,,,,,
2021020902,TOR,SEA,2022-03-08,-295.0,225.0,6.5,-118.0,-105.0,,,,,
2021020903,DET,ARI,2022-03-08,-175.0,145.0,6.5,-104.0,-117.0,,,,,
2021020904,NJD,COL,2022-03-08,170.0,-205.0,6.5,-120.0,102.0,,,,,
2021020905,PHI,VGK,2022-03-08,146.0,-177.0,6.5,-105.0,-114.0,,,,,
2021020906,PIT,FLA,2022-03-08,-104.0,-118.0,6.5,-130.0,106.0,,,,,
2021020907,CHI,ANA,2022-03-08,-124.0,104.0,6.0,100.0,-120.0,,,,,
2021020908,STL,OTT,2022-03-08,-275.0,215.0,6.0,-107.0,-108.0,,,,,
2021020909,NSH,DAL,2022-03-08,-134.0,112.0,5.5,-117.0,-103.0,,,,,
2021020910,MIN,NYR,2022-03-08,-171.0,142.0,6.5,-112.0,-107.0,,,,,
2021020911,WPG,TBL,2022-03-08,145.0,-175.0,6.0,-115.0,-104.0,,,,,
2021020912,CGY,WSH,2022-03-08,-129.0,109.0,6.5,-111.0,-108.0,,,,,
2021020913,EDM,WSH,2022-03-09,114.0,-137.0,6.5,-111.0,-110.0,,,,,
2021020914,VAN,MTL,2022-03-09,185.0,-225.0,6.5,-104.0,-121.0,,,,,
2021020693,NYI,CBJ,2022-03-10,-186.0,155.0,6.0,-108.0,-110.0,,,,,
2021020915,BOS,CHI,2022-03-10,-280.0,227.0,6.0,-107.0,-111.0,,,,,
2021020916,BUF,VGK,2022-03-10,175.0,-215.0,6.5,-104.0,-118.0,,,,,
2021020917,TOR,ARI,2022-03-10,-382.0,297.0,7.0,-112.0,-108.0,,,,,
2021020918,OTT,SEA,2022-03-10,-141.0,119.0,5.5,-118.0,-103.0,,,,,
2021020919,DET,MIN,2022-03-10,151.0,-182.0,6.5,-129.0,107.0,,,,,
2021020920,FLA,PHI,2022-03-10,-390.0,295.0,6.5,-130.0,107.0,,,,,
2021020921,NJD,WPG,2022-03-10,-132.0,-105.0,7.0,-123.0,104.0,,,,,
2021020923,CAR,COL,2022-03-10,-104.0,-118.0,6.5,-113.0,-107.0,,,,,
2021020924,STL,NYR,2022-03-10,-122.0,-100.0,5.5,-104.0,-120.0,,,,,
2021020925,NSH,ANA,2022-03-10,-197.0,162.0,5.5,-119.0,100.0,,,,,
2021020926,CGY,TBL,2022-03-10,-114.0,-105.0,6.0,-112.0,-109.0,,,,,
2021020927,LAK,SJS,2022-03-10,-205.0,170.0,5.5,-119.0,-100.0,,,,,
2021020928,NYI,WPG,2022-03-11,-123.0,106.0,6.0,-101.0,-121.0,,,,,
2021020929,PIT,VGK,2022-03-11,-186.0,155.0,6.5,100.0,-122.0,,,,,
2021020930,CBJ,MIN,2022-03-11,163.0,-200.0,7.0,-124.0,102.0,,,,,
2021020931,VAN,WSH,2022-03-11,-120.0,105.0,6.5,104.0,-118.0,,,,,
2021020932,BOS,ARI,2022-03-12,-360.0,280.0,6.0,-103.0,-114.0,,,,,
2021020933,MTL,SEA,2022-03-12,-117.0,-103.0,6.5,-105.0,-115.0,,,,,
2021020934,OTT,CHI,2022-03-12,-105.0,-115.0,5.5,-139.0,-110.0,,,,,
2021020935,NJD,ANA,2022-03-12,-154.0,130.0,6.5,100.0,-121.0,,,,,
2021020936,CAR,PHI,2022-03-12,-345.0,260.0,6.0,-125.0,104.0,,,,,
2021020937,NSH,STL,2022-03-12,-135.0,110.0,5.5,-124.0,103.0,,,,,
2021020938,DAL,NYR,2022-03-12,-125.0,105.0,5.5,102.0,-122.0,,,,,
2021020939,CGY,DET,2022-03-12,-360.0,280.0,6.5,-110.0,-114.0,,,,,
2021020940,EDM,TBL,2022-03-12,115.0,-136.0,7.0,-113.0,-107.0,,,,,
2021020941,SJS,LAK,2022-03-12,114.0,-137.0,5.5,-122.0,-104.0,,,,,
2021020942,BUF,TOR,2022-03-13,230.0,-295.0,6.5,-120.0,-100.0,,,,,
2021020943,NYI,ANA,2022-03-13,-188.0,156.0,5.5,-101.0,-121.0,,,,,
2021020944,PHI,MTL,2022-03-13,-161.0,134.0,6.0,-114.0,-105.0,,,,,
2021020945,PIT,CAR,2022-03-13,-137.0,115.0,6.5,-103.0,-124.0,,,,,
2021020946,CBJ,VGK,2022-03-13,135.0,-163.0,6.5,-104.0,-116.0,,,,,
2021020947,STL,WPG,2022-03-13,-143.0,112.0,6.5,-104.0,-118.0,,,,,
2021020948,MIN,NSH,2022-03-13,-185.0,148.0,6.5,-110.0,-110.0,,,,,
2021020949,COL,CGY,2022-03-13,-163.0,136.0,6.5,-104.0,-114.0,,,,,
2021020950,VAN,TBL,2022-03-13,125.0,-151.0,6.5,-116.0,-104.0,,,,,
2021020951,LAK,FLA,2022-03-13,185.0,-225.0,6.5,-114.0,-110.0,,,,,
2021020952,OTT,ARI,2022-03-14,-160.0,128.0,6.5,102.0,-122.0,,,,,
2021020953,TOR,DAL,2022-03-15,-134.0,113.0,6.5,-112.0,-108.0,,,,,
2021020954,MTL,ARI,2022-03-15,-159.0,134.0,6.5,-107.0,-104.0,,,,,
2021020955,NYR,ANA,2022-03-15,-180.0,150.0,6.0,-101.0,-114.0,,,,,
2021020956,WSH,NYI,2022-03-15,-156.0,130.0,5.5,-115.0,-105.0,,,,,
2021020957,CHI,BOS,2022-03-15,145.0,-180.0,6.0,100.0,-121.0,,,,,
2021020958,NSH,PIT,2022-03-15,-110.0,-110.0,6.0,-117.0,-103.0,,,,,
2021020959,WPG,VGK,2022-03-15,-130.0,107.0,6.5,-105.0,-116.0,,,,,
2021020960,EDM,DET,2022-03-15,-262.0,210.0,6.5,-112.0,-107.0,,,,,
2021020961,VAN,NJD,2022-03-15,-141.0,118.0,6.5,-105.0,-122.0,,,,,
2021020962,LAK,COL,2022-03-15,175.0,-220.0,6.0,-115.0,-112.0,,,,,
2021020963,SJS,FLA,2022-03-15,210.0,-265.0,6.5,-122.0,104.0,,,,,
2021020964,OTT,CBJ,2022-03-16,-134.0,112.0,6.5,-107.0,-113.0,,,,,
2021020965,MIN,BOS,2022-03-16,-122.0,104.0,6.0,-120.0,-102.0,,,,,
2021020966,CGY,NJD,2022-03-16,-345.0,265.0,6.5,-107.0,-115.0,,,,,
2021020967,SEA,TBL,2022-03-16,222.0,-288.0,6.0,-115.0,-103.0,,,,,
2021020328,NYR,NYI,2022-03-17,-142.0,118.0,5.5,105.0,-115.0,,,,,
2021020968,TOR,CAR,2022-03-17,-100.0,-120.0,6.5,-105.0,-115.0,,,,,
2021020969,MTL,DAL,2022-03-17,150.0,-180.0,5.5,-140.0,120.0,,,,,
2021020970,PHI,NSH,2022-03-17,146.0,-178.0,6.5,106.0,-130.0,,,,,
2021020971,CBJ,WSH,2022-03-17,172.0,-212.0,6.5,-130.0,105.0,,,,,
2021020972,STL,PIT,2022-03-17,105.0,-125.0,6.5,-103.0,-115.0,,,,,
2021020973,EDM,BUF,2022-03-17,-250.0,210.0,6.5,-120.0,-102.0,,,,,
2021020974,VAN,DET,2022-03-17,-220.0,180.0,6.5,-110.0,-110.0,,,,,
2021020975,VGK,FLA,2022-03-17,154.0,-184.0,6.5,-130.0,108.0,,,,,
2021020976,LAK,SJS,2022-03-17,-154.0,128.0,5.5,-107.0,-116.0,,,,,
2021020977,OTT,PHI,2022-03-18,-142.0,119.0,6.5,-100.0,-120.0,,,,,
2021020978,CAR,WSH,2022-03-18,-160.0,131.0,6.0,-115.0,-105.0,,,,,
2021020979,WPG,BOS,2022-03-18,-105.0,-112.0,6.0,-112.0,-106.0,,,,,
2021020980,CGY,BUF,2022-03-18,-440.0,342.0,6.5,-105.0,-117.0,,,,,
2021020981,ANA,FLA,2022-03-18,182.0,-228.0,6.5,-111.0,-114.0,,,,,
2021020982,SJS,COL,2022-03-18,237.0,-299.0,6.5,-108.0,-114.0,,,,,
2021020983,MTL,OTT,2022-03-19,-157.0,132.0,6.0,-114.0,-107.0,,,,,
2021020984,TBL,NYR,2022-03-19,-205.0,175.0,5.5,-112.0,-106.0,,,,,
2021020985,NYI,DAL,2022-03-19,-122.0,-105.0,5.5,-102.0,-125.0,,,,,
2021020986,CBJ,STL,2022-03-19,141.0,-167.0,6.5,-111.0,-108.0,,,,,
2021020987,NSH,TOR,2022-03-19,-105.0,-120.0,6.5,-105.0,-117.0,,,,,
2021020988,MIN,CHI,2022-03-19,-275.0,225.0,6.5,-129.0,108.0,,,,,
2021020989,EDM,NJD,2022-03-19,-235.0,191.0,7.0,-115.0,-106.0,,,,,
2021020990,VAN,CGY,2022-03-19,-104.0,-118.0,6.0,-124.0,105.0,,,,,
2021020991,ARI,PIT,2022-03-19,225.0,-275.0,6.5,-103.0,-117.0,,,,,
2021020992,VGK,LAK,2022-03-19,-133.0,110.0,6.0,-116.0,-101.0,,,,,
2021020993,SEA,DET,2022-03-19,-118.0,-104.0,6.0,-113.0,-106.0,,,,,
2021020994,PHI,NYI,2022-03-20,138.0,-162.0,5.5,-103.0,-117.0,,,,,
2021020995,WSH,DAL,2022-03-20,-169.0,142.0,6.0,-110.0,-108.0,,,,,
2021020996,CAR,NYR,2022-03-20,-245.0,205.0,6.0,-115.0,-103.0,,,,,
2021020997,CHI,WPG,2022-03-20,119.0,-138.0,6.5,-106.0,-114.0,,,,,
2021020998,VAN,BUF,2022-03-20,-205.0,168.0,6.5,-100.0,-118.0,,,,,
2021020999,SJS,ARI,2022-03-20,-200.0,169.0,6.0,-104.0,-113.0,,,,,
2021020646,MTL,BOS,2022-03-21,185.0,-220.0,5.5,-120.0,100.0,,,,,
2021021001,MIN,VGK,2022-03-21,-180.0,150.0,6.5,-118.0,100.0,,,,,
2021021002,COL,EDM,2022-03-21,-186.0,160.0,6.5,-130.0,110.0,,,,,
2021021003,ANA,NSH,2022-03-21,155.0,-185.0,5.5,-123.0,104.0,,,,,
2021021004,DET,PHI,2022-03-22,-139.0,120.0,6.0,-115.0,-108.0,,,,,
2021021005,NJD,NYR,2022-03-22,125.0,-143.0,6.5,101.0,-122.0,,,,,
2021021007,PIT,CBJ,2022-03-22,-355.0,280.0,6.5,-120.0,-102.0,,,,,
2021021008,WSH,STL,2022-03-22,-152.0,128.0,6.0,-108.0,-115.0,,,,,
2021021009,CAR,TBL,2022-03-22,-120.0,100.0,6.0,-114.0,-106.0,,,,,
2021021010,DAL,EDM,2022-03-22,-117.0,100.0,6.0,-121.0,100.0,,,,,
2021021011,WPG,VGK,2022-03-22,-170.0,144.0,6.0,-116.0,-104.0,,,,,
2021021012,CGY,SJS,2022-03-22,-335.0,265.0,6.0,-114.0,-103.0,,,,,
2021021013,LAK,NSH,2022-03-22,-125.0,106.0,6.0,100.0,-118.0,,,,,
2021021017,ARI,SEA,2022-03-22,-110.0,-111.0,6.0,-120.0,-101.0,,,,,
2021021021,NYI,OTT,2022-03-22,-215.0,175.0,5.5,-110.0,-108.0,,,,,
2021021014,BUF,PIT,2022-03-23,180.0,-220.0,6.5,-105.0,-114.0,,,,,
2021021015,TOR,NJD,2022-03-23,-295.0,245.0,7.0,-126.0,103.0,,,,,
2021021016,COL,VAN,2022-03-23,-278.0,230.0,6.5,-117.0,-103.0,,,,,
2021021018,ANA,CHI,2022-03-23,-122.0,105.0,6.0,-117.0,-105.0,,,,,
2021020545,NYI,DET,2022-03-24,-225.0,188.0,5.5,-120.0,102.0,,,,,
2021020675,WPG,OTT,2022-03-24,-225.0,188.0,6.5,-104.0,-116.0,,,,,
2021021019,BOS,TBL,2022-03-24,-106.0,-112.0,5.5,-109.0,-109.0,,,,,
2021021020,MTL,FLA,2022-03-24,230.0,-285.0,6.5,-117.0,-103.0,,,,,
2021021022,CAR,DAL,2022-03-24,-222.0,184.0,5.5,-117.0,-104.0,,,,,
2021021023,STL,PHI,2022-03-24,-265.0,210.0,6.0,-118.0,-118.0,,,,,
2021021024,MIN,VAN,2022-03-24,-207.0,172.0,6.5,-104.0,-115.0,,,,,
2021021025,EDM,SJS,2022-03-24,-245.0,195.0,6.5,-105.0,-114.0,,,,,
2021021026,VGK,NSH,2022-03-24,-104.0,-113.0,6.0,-114.0,-109.0,,,,,
2021021027,LAK,CHI,2022-03-24,-205.0,175.0,6.5,-104.0,-116.0,,,,,
2021021028,BUF,WSH,2022-03-25,163.0,-200.0,6.5,104.0,-121.0,,,,,
2021021029,NYR,PIT,2022-03-25,-105.0,-113.0,5.5,-105.0,-115.0,,,,,
2021021030,WPG,CBJ,2022-03-25,-160.0,132.0,6.5,-130.0,106.0,,,,,
2021021031,COL,PHI,2022-03-25,-385.0,310.0,6.5,-105.0,-118.0,,,,,
2021021032,CGY,ARI,2022-03-25,-390.0,310.0,6.0,-133.0,-105.0,,,,,
2021021034,BOS,NYI,2022-03-26,-190.0,162.0,5.5,-114.0,-105.0,,,,,
2021021035,MTL,TOR,2022-03-26,205.0,-250.0,6.5,-108.0,-114.0,,,,,
2021021036,OTT,FLA,2022-03-26,205.0,-247.0,6.5,-122.0,-102.0,,,,,
2021021037,DET,TBL,2022-03-26,185.0,-220.0,6.5,-115.0,105.0,,,,,
2021021038,WSH,NJD,2022-03-26,-175.0,145.0,6.5,-118.0,-100.0,,,,,
2021021039,STL,CAR,2022-03-26,112.0,-132.0,6.5,102.0,-122.0,,,,,
2021021040,DAL,VAN,2022-03-26,-148.0,125.0,5.5,-122.0,104.0,,,,,
2021021041,MIN,CBJ,2022-03-26,-290.0,230.0,6.5,-161.0,115.0,,,,,
2021021042,CGY,EDM,2022-03-26,-145.0,123.0,6.5,-106.0,-112.0,,,,,
2021021043,VGK,CHI,2022-03-26,-205.0,170.0,6.5,105.0,-118.0,,,,,
2021021044,LAK,SEA,2022-03-26,-195.0,165.0,6.0,-108.0,-110.0,,,,,
2021021045,SJS,ANA,2022-03-26,-133.0,113.0,6.0,100.0,-120.0,,,,,
2021021046,TOR,FLA,2022-03-27,-118.0,102.0,7.0,-132.0,108.0,,,,,
2021021047,NJD,MTL,2022-03-27,-182.0,155.0,6.5,-117.0,-103.0,,,,,
2021021048,NYI,TBL,2022-03-27,120.0,-143.0,5.5,-108.0,-110.0,,,,,
2021021049,NYR,BUF,2022-03-27,-260.0,205.0,6.0,-109.0,-110.0,,,,,
2021021050,PIT,DET,2022-03-27,-325.0,260.0,6.5,-105.0,-121.0,,,,,
2021021051,NSH,PHI,2022-03-27,-275.0,225.0,6.5,110.0,-125.0,,,,,
2021021052,MIN,COL,2022-03-27,114.0,-132.0,6.5,-113.0,-106.0,,,,,
2021021053,WPG,ARI,2022-03-27,-270.0,220.0,6.5,102.0,-120.0,,,,,
2021021054,WSH,CAR,2022-03-28,114.0,-136.0,6.5,-103.0,-117.0,,,,,
2021021055,CHI,BUF,2022-03-28,-165.0,140.0,6.5,-104.0,-116.0,,,,,
2021021056,STL,VAN,2022-03-28,-159.0,138.0,6.5,102.0,-121.0,,,,,
2021021057,EDM,ARI,2022-03-28,-400.0,322.0,6.5,-113.0,-106.0,,,,,
2021021058,LAK,SEA,2022-03-28,-200.0,170.0,6.0,-102.0,-114.0,,,,,
2021021059,BOS,TOR,2022-03-29,-143.0,123.0,6.5,-111.0,-109.0,,,,,
2021021060,TBL,CAR,2022-03-29,-141.0,120.0,6.0,-125.0,106.0,,,,,
2021021061,FLA,MTL,2022-03-29,-385.0,310.0,6.5,-130.0,110.0,,,,,
2021021062,PIT,NYR,2022-03-29,-165.0,140.0,5.5,-121.0,-105.0,,,,,
2021021063,CBJ,NYI,2022-03-29,123.0,-141.0,6.0,-115.0,-105.0,,,,,
2021021064,NSH,OTT,2022-03-29,-215.0,180.0,6.5,-106.0,-113.0,,,,,
2021021065,MIN,PHI,2022-03-29,-315.0,260.0,6.5,100.0,-118.0,,,,,
2021021066,CGY,COL,2022-03-29,-143.0,123.0,6.0,-108.0,-109.0,,,,,
2021021067,ANA,DAL,2022-03-29,148.0,-178.0,5.5,-118.0,100.0,,,,,
2021021068,BUF,WPG,2022-03-30,125.0,-146.0,6.5,100.0,-119.0,,,,,
2021021069,DET,NYR,2022-03-30,115.0,-138.0,6.5,-105.0,-121.0,,,,,
2021021070,EDM,LAK,2022-03-30,-192.0,160.0,6.5,-104.0,-114.0,,,,,
2021021071,VAN,STL,2022-03-30,-115.0,-101.0,6.0,-110.0,-107.0,,,,,
2021021072,ARI,SJS,2022-03-30,135.0,-161.0,6.0,-115.0,-103.0,,,,,
2021021073,SEA,VGK,2022-03-30,132.0,-161.0,6.0,-122.0,103.0,,,,,
2021021074,BOS,NJD,2022-03-31,-235.0,195.0,6.5,-115.0,-105.0,,,,,
2021021075,TOR,WPG,2022-03-31,-250.0,210.0,6.5,-128.0,106.0,,,,,
2021021076,FLA,CHI,2022-03-31,-345.0,280.0,7.5,112.0,-134.0,,,,,
2021021077,NYI,CBJ,2022-03-31,-192.0,160.0,6.5,103.0,-123.0,,,,,
2021021078,CAR,MTL,2022-03-31,-420.0,335.0,6.5,-100.0,-130.0,,,,,
2021021079,MIN,PIT,2022-03-31,-129.0,109.0,6.5,-130.0,100.0,,,,,
2021021080,COL,SJS,2022-03-31,-342.0,272.0,6.5,-105.0,-113.0,,,,,
2021021081,CGY,LAK,2022-03-31,-315.0,257.0,6.5,-106.0,-113.0,,,,,
2021021082,ANA,DAL,2022-03-31,145.0,-175.0,5.5,-110.0,-112.0,,,,,
2021021083,BUF,NSH,2022-04-01,160.0,-190.0,6.5,104.0,-122.0,,,,,
2021021084,DET,OTT,2022-04-01,-129.0,112.0,6.5,-110.0,-110.0,,,,,
2021021085,TBL,CHI,2022-04-01,-387.0,305.0,6.5,102.0,-120.0,,,,,
2021021086,NYR,NYI,2022-04-01,-175.0,147.0,5.5,107.0,-127.0,,,,,
2021021087,EDM,STL,2022-04-01,-154.0,128.0,7.0,105.0,-125.0,,,,,
2021021088,ARI,ANA,2022-04-01,100.0,-120.0,6.0,-108.0,-109.0,,,,,
2021021089,SEA,VGK,2022-04-01,147.0,-175.0,6.0,-105.0,-113.0,,,,,
2021021090,BOS,CBJ,2022-04-02,-360.0,290.0,6.5,-115.0,-111.0,,,,,
2021021091,TBL,MTL,2022-04-02,-295.0,240.0,6.5,100.0,-118.0,,,,,
2021021092,NJD,FLA,2022-04-02,160.0,-205.0,7.0,-109.0,-109.0,,,,,
2021021093,PHI,TOR,2022-04-02,225.0,-278.0,6.5,-124.0,104.0,,,,,
2021021094,CAR,MIN,2022-04-02,-161.0,133.0,6.0,-109.0,-110.0,,,,,
2021021096,WPG,LAK,2022-04-02,-125.0,106.0,6.0,-113.0,-112.0,,,,,
2021021097,COL,PIT,2022-04-02,-155.0,128.0,6.5,102.0,-121.0,,,,,
2021021098,CGY,STL,2022-04-02,-250.0,207.0,6.5,-108.0,-110.0,,,,,
2021021099,SJS,DAL,2022-04-02,125.0,-148.0,6.0,100.0,-118.0,,,,,
2021021100,BUF,FLA,2022-04-03,180.0,-215.0,7.0,-124.0,103.0,,,,,
2021021101,OTT,DET,2022-04-03,-156.0,130.0,6.5,-127.0,107.0,,,,,
2021021102,NJD,NYI,2022-04-03,106.0,-130.0,6.5,-100.0,-121.0,,,,,
2021021103,NYR,PHI,2022-04-03,-329.0,265.0,6.0,-117.0,-101.0,,,,,
2021021104,WSH,MIN,2022-04-03,-133.0,110.0,6.5,104.0,-118.0,,,,,
2021021105,CHI,ARI,2022-04-03,-210.0,175.0,6.5,-106.0,-113.0,,,,,
2021021106,VAN,VGK,2022-04-03,-109.0,-107.0,6.0,-116.0,-104.0,,,,,
2021021107,ANA,EDM,2022-04-03,175.0,-213.0,6.5,-125.0,-105.0,,,,,
2021021108,SEA,DAL,2022-04-03,128.0,-155.0,6.0,-103.0,-117.0,,,,,
2021021109,TBL,TOR,2022-04-04,-132.0,114.0,6.5,-115.0,-104.0,,,,,
2021021110,CBJ,BOS,2022-04-04,195.0,-235.0,6.5,-121.0,102.0,,,,,
2021021111,STL,ARI,2022-04-04,-410.0,315.0,6.5,-108.0,-113.0,,,,,
2021021112,LAK,CGY,2022-04-04,150.0,-178.0,6.0,-102.0,-118.0,,,,,
2021021113,BUF,CAR,2022-04-05,220.0,-278.0,6.5,100.0,-118.0,,,,,
2021021114,MTL,OTT,2022-04-05,104.0,-120.0,6.5,-105.0,-115.0,,,,,
2021021115,DET,BOS,2022-04-05,170.0,-205.0,6.5,102.0,-121.0,,,,,
2021021116,FLA,TOR,2022-04-05,-165.0,140.0,7.0,-127.0,108.0,,,,,
2021021117,NJD,NYR,2022-04-05,128.0,-150.0,6.5,-134.0,110.0,,,,,
2021021118,PHI,CBJ,2022-04-05,-136.0,115.0,6.5,-120.0,100.0,,,,,
2021021119,PIT,COL,2022-04-05,-111.0,-106.0,6.0,-114.0,-106.0,,,,,
2021021120,NSH,MIN,2022-04-05,-110.0,-110.0,6.5,110.0,-125.0,,,,,
2021021121,DAL,NYI,2022-04-05,-132.0,112.0,5.5,103.0,-121.0,,,,,
2021021122,SJS,EDM,2022-04-05,149.0,-178.0,6.5,-120.0,100.0,,,,,
2021021123,WSH,TBL,2022-04-06,124.0,-149.0,6.5,-108.0,-114.0,,,,,
2021021124,STL,SEA,2022-04-06,-240.0,200.0,6.0,-120.0,-110.0,,,,,
2021021125,WPG,DET,2022-04-06,-278.0,230.0,6.5,-108.0,-110.0,,,,,
2021021126,VGK,VAN,2022-04-06,-182.0,150.0,5.5,-117.0,-105.0,,,,,
2021021127,ANA,CGY,2022-04-06,215.0,-275.0,6.0,-113.0,-106.0,,,,,
2021020250,OTT,NSH,2022-04-07,150.0,-176.0,6.5,-106.0,-115.0,,,,,
2021020512,NJD,MTL,2022-04-07,-157.0,132.0,6.5,-137.0,116.0,,,,,
2021021129,NYR,PIT,2022-04-07,-126.0,105.0,6.0,100.0,-118.0,,,,,
2021021130,CAR,BUF,2022-04-07,-375.0,300.0,6.5,100.0,-118.0,,,,,
2021021131,CBJ,PHI,2022-04-07,-134.0,115.0,6.5,-105.0,-115.0,,,,,
2021021132,CHI,SEA,2022-04-07,-150.0,126.0,6.5,-105.0,-117.0,,,,,
2021021133,DAL,TOR,2022-04-07,132.0,-155.0,6.5,-129.0,105.0,,,,,
2021021134,ARI,VAN,2022-04-07,144.0,-175.0,6.0,-110.0,-110.0,,,,,
2021021135,LAK,EDM,2022-04-07,110.0,-127.0,6.5,-116.0,-105.0,,,,,
2021021136,SJS,CGY,2022-04-07,149.0,-181.0,6.5,-105.0,-120.0,,,,,
2021021137,TBL,BOS,2022-04-08,-157.0,135.0,5.5,-135.0,115.0,,,,,
2021021138,FLA,BUF,2022-04-08,-435.0,340.0,7.0,-130.0,110.0,,,,,
2021021139,CAR,NYI,2022-04-08,-177.0,150.0,5.5,-110.0,-109.0,,,,,
2021021140,STL,MIN,2022-04-08,-112.0,-110.0,6.5,102.0,-120.0,,,,,
2021021141,WPG,COL,2022-04-08,148.0,-176.0,6.5,100.0,-125.0,,,,,
2021021142,TOR,MTL,2022-04-09,-372.0,285.0,7.0,-103.0,-117.0,,,,,
2021021143,DET,CBJ,2022-04-09,-124.0,101.0,6.5,-127.0,105.0,,,,,
2021021144,NYR,OTT,2022-04-09,-247.0,202.0,6.0,105.0,-114.0,,,,,
2021021145,PHI,ANA,2022-04-09,-115.0,-104.0,6.5,100.0,-122.0,,,,,
2021021146,PIT,WSH,2022-04-09,-157.0,129.0,6.5,-114.0,-112.0,,,,,
2021021147,STL,NYI,2022-04-09,-129.0,108.0,5.5,-116.0,-107.0,,,,,
2021021148,NSH,FLA,2022-04-09,105.0,-121.0,7.0,-118.0,100.0,,,,,
2021021149,DAL,NJD,2022-04-09,-235.0,190.0,6.5,-114.0,-104.0,,,,,
2021021151,EDM,COL,2022-04-09,-110.0,-118.0,6.5,-120.0,100.0,,,,,
2021021152,VAN,SJS,2022-04-09,-153.0,130.0,5.5,-122.0,-100.0,,,,,
2021021153,VGK,ARI,2022-04-09,-400.0,325.0,6.5,-105.0,-115.0,,,,,
2021021154,SEA,CGY,2022-04-09,195.0,-235.0,5.5,-130.0,106.0,,,,,
2021021150,MIN,LAK,2022-04-10,-186.0,160.0,6.0,-105.0,-117.0,,,,,
2021021155,OTT,WPG,2022-04-10,148.0,-175.0,6.5,-100.0,-118.0,,,,,
2021021156,TBL,BUF,2022-04-10,-351.0,270.0,6.5,-116.0,-103.0,,,,,
2021021157,PIT,NSH,2022-04-10,-187.0,156.0,6.5,-116.0,-106.0,,,,,
2021021158,WSH,BOS,2022-04-10,107.0,-130.0,6.0,-110.0,-110.0,,,,,
2021021159,CAR,ANA,2022-04-10,-400.0,325.0,5.5,-124.0,105.0,,,,,
2021021160,CHI,DAL,2022-04-10,138.0,-159.0,5.5,-125.0,105.0,,,,,
2021021162,MTL,WPG,2022-04-11,107.0,-127.0,6.5,-113.0,-109.0,,,,,
2021020922,NYI,PIT,2022-04-12,-105.0,-114.0,5.5,-118.0,-100.0,,,,,
2021021163,MIN,EDM,2022-04-12,-133.0,112.0,6.5,-134.0,110.0,,,,,
2021021164,BOS,STL,2022-04-12,-132.0,113.0,6.0,-114.0,-105.0,,,,,
2021021165,TOR,BUF,2022-04-12,-392.0,310.0,7.0,-121.0,-110.0,,,,,
2021021166,DET,OTT,2022-04-12,-120.0,101.0,6.5,-116.0,-107.0,,,,,
2021021167,FLA,ANA,2022-04-12,-420.0,330.0,6.5,-134.0,114.0,,,,,
2021021168,NYR,CAR,2022-04-12,102.0,-120.0,5.5,-114.0,-105.0,,,,,
2021021170,WSH,PHI,2022-04-12,-247.0,205.0,6.5,-105.0,-115.0,,,,,
2021021173,DAL,TBL,2022-04-12,132.0,-158.0,6.0,-117.0,-110.0,,,,,
2021021174,CGY,SEA,2022-04-12,-405.0,305.0,6.0,-110.0,-113.0,,,,,
2021021175,VAN,VGK,2022-04-12,125.0,-148.0,6.0,-106.0,-110.0,,,,,
2021021176,ARI,NJD,2022-04-12,128.0,-152.0,6.5,-108.0,-112.0,,,,,
2021021187,CHI,LAK,2022-04-12,125.0,-148.0,6.0,-121.0,102.0,,,,,
2021021188,NSH,SJS,2022-04-12,-205.0,170.0,6.0,100.0,-118.0,,,,,
2021021177,PHI,NYR,2022-04-13,180.0,-215.0,6.0,-118.0,-105.0,,,,,
2021021178,CBJ,MTL,2022-04-13,-165.0,138.0,6.5,-107.0,-116.0,,,,,
2021021180,COL,LAK,2022-04-13,-265.0,220.0,6.0,-109.0,-109.0,,,,,
2021021171,CHI,SJS,2022-04-14,105.0,-122.0,6.0,100.0,-115.0,,,,,
2021021172,NSH,EDM,2022-04-14,-120.0,104.0,6.5,100.0,-118.0,,,,,
2021021181,BOS,OTT,2022-04-14,-265.0,215.0,6.0,-105.0,-115.0,,,,,
2021021182,BUF,STL,2022-04-14,160.0,-190.0,6.5,-115.0,-104.0,,,,,
2021021183,TOR,WSH,2022-04-14,-175.0,148.0,6.5,-135.0,115.0,,,,,
2021021184,TBL,ANA,2022-04-14,-352.0,280.0,6.0,100.0,-115.0,,,,,
2021021185,PIT,NYI,2022-04-14,-159.0,135.0,5.5,-117.0,-103.0,,,,,
2021021186,CAR,DET,2022-04-14,-375.0,287.0,6.5,-111.0,-109.0,,,,,
2021021189,DAL,MIN,2022-04-14,-105.0,-122.0,6.0,-105.0,-114.0,,,,,
2021021190,COL,NJD,2022-04-14,-250.0,210.0,6.5,-144.0,118.0,,,,,
2021021191,CGY,VGK,2022-04-14,-177.0,150.0,6.0,-120.0,-106.0,,,,,
2021021192,VAN,ARI,2022-04-14,-315.0,250.0,6.5,-102.0,-118.0,,,,,
2021021193,MTL,NYI,2022-04-15,138.0,-159.0,5.5,-121.0,102.0,,,,,
2021021194,FLA,WPG,2022-04-15,-275.0,225.0,6.5,-135.0,115.0,,,,,
2021021195,EDM,VGK,2022-04-16,-129.0,105.0,7.0,-111.0,-108.0,,,,,
2021021196,BOS,PIT,2022-04-16,-130.0,112.0,6.0,-106.0,-114.0,,,,,
2021021197,BUF,PHI,2022-04-16,-155.0,130.0,6.5,100.0,-120.0,,,,,
2021021198,MTL,WSH,2022-04-16,225.0,-290.0,6.5,-105.0,-115.0,,,,,
2021021199,OTT,TOR,2022-04-16,207.0,-262.0,6.5,-124.0,102.0,,,,,
2021021200,TBL,WPG,2022-04-16,-245.0,202.0,6.0,-121.0,102.0,,,,,
2021021201,NYR,DET,2022-04-16,-375.0,290.0,6.0,-120.0,100.0,,,,,
2021021202,STL,MIN,2022-04-16,-117.0,-104.0,6.5,-106.0,-114.0,,,,,
2021021203,NSH,CHI,2022-04-16,-304.0,245.0,6.0,-103.0,-115.0,,,,,
2021021204,DAL,SJS,2022-04-16,-240.0,198.0,5.5,-127.0,106.0,,,,,
2021021205,COL,CAR,2022-04-16,-139.0,114.0,6.0,-110.0,-108.0,,,,,
2021021206,CGY,ARI,2022-04-16,-560.0,420.0,6.5,104.0,-124.0,,,,,
2021021208,LAK,CBJ,2022-04-16,-200.0,163.0,6.5,-117.0,-105.0,,,,,
2021021209,SEA,NJD,2022-04-16,-115.0,-103.0,6.5,102.0,-117.0,,,,,
2021020723,TOR,NYI,2022-04-17,-185.0,152.0,6.5,100.0,-118.0,,,,,
2021021210,DET,FLA,2022-04-17,300.0,-387.0,7.5,-110.0,-113.0,,,,,
2021021212,PHI,BUF,2022-04-17,-104.0,-118.0,6.5,-106.0,-112.0,,,,,
2021021213,NSH,STL,2022-04-17,-105.0,-112.0,6.5,-115.0,-109.0,,,,,
2021021214,MIN,SJS,2022-04-17,-315.0,260.0,6.0,-118.0,-102.0,,,,,
2021021215,ANA,CBJ,2022-04-17,-160.0,134.0,6.5,101.0,-120.0,,,,,
2021020436,CHI,CGY,2022-04-18,262.0,-340.0,6.5,-123.0,-100.0,,,,,
2021020611,SEA,OTT,2022-04-18,-116.0,-101.0,6.0,-105.0,-116.0,,,,,
2021021216,COL,WSH,2022-04-18,-190.0,160.0,6.5,-144.0,118.0,,,,,
2021021217,VAN,DAL,2022-04-18,-110.0,-109.0,5.5,-115.0,-102.0,,,,,
2021021218,ARI,CAR,2022-04-18,322.0,-400.0,6.5,103.0,-124.0,,,,,
2021021219,VGK,NJD,2022-04-18,-340.0,265.0,6.5,-130.0,110.0,,,,,
2021020443,NSH,CGY,2022-04-19,112.0,-131.0,6.5,-105.0,-119.0,,,,,
2021020625,VAN,OTT,2022-04-19,-235.0,190.0,6.5,-120.0,100.0,,,,,
2021021220,TOR,PHI,2022-04-19,-455.0,345.0,7.0,100.0,-118.0,,,,,
2021021221,MTL,MIN,2022-04-19,210.0,-267.0,6.5,-115.0,100.0,,,,,
2021021222,TBL,DET,2022-04-19,-480.0,375.0,6.5,-105.0,-114.0,,,,,
2021021223,NYI,FLA,2022-04-19,171.0,-207.0,6.5,-135.0,110.0,,,,,
2021021224,NYR,WPG,2022-04-19,-215.0,175.0,6.0,-112.0,-107.0,,,,,
2021021225,STL,BOS,2022-04-19,-135.0,113.0,6.5,100.0,-114.0,,,,,
2021021226,ANA,LAK,2022-04-19,140.0,-162.0,6.0,-120.0,-105.0,,,,,
2021021227,SJS,CBJ,2022-04-19,-137.0,114.0,6.0,-120.0,-103.0,,,,,
2021021229,EDM,DAL,2022-04-20,-175.0,145.0,6.5,-102.0,-118.0,,,,,
2021021230,ARI,CHI,2022-04-20,142.0,-165.0,6.5,-114.0,-106.0,,,,,
2021021231,VGK,WSH,2022-04-20,-141.0,116.0,6.5,-113.0,-107.0,,,,,
2021021232,SEA,COL,2022-04-20,225.0,-280.0,6.5,-110.0,-110.0,,,,,
2021021233,MTL,PHI,2022-04-21,-143.0,125.0,6.5,104.0,-124.0,,,,,
2021021234,TBL,TOR,2022-04-21,-134.0,112.0,6.5,-132.0,110.0,,,,,
2021021235,FLA,DET,2022-04-21,-590.0,428.0,7.0,-117.0,-103.0,,,,,
2021021236,NJD,BUF,2022-04-21,-136.0,116.0,6.5,-130.0,110.0,,,,,
2021021237,NYI,NYR,2022-04-21,102.0,-118.0,5.5,-118.0,-104.0,,,,,
2021021238,PIT,BOS,2022-04-21,-120.0,102.0,6.0,100.0,-115.0,,,,,
2021021239,CAR,WPG,2022-04-21,-275.0,220.0,6.5,102.0,-112.0,,,,,
2021021240,MIN,VAN,2022-04-21,-178.0,150.0,6.0,-120.0,-105.0,,,,,
2021021241,CGY,DAL,2022-04-21,-220.0,185.0,6.0,102.0,-120.0,,,,,
2021021242,LAK,CHI,2022-04-21,-265.0,215.0,6.5,100.0,-120.0,,,,,
2021021243,SJS,STL,2022-04-21,158.0,-193.0,6.5,-103.0,-116.0,,,,,
2021021244,CBJ,OTT,2022-04-22,-108.0,-110.0,6.5,-110.0,-111.0,,,,,
2021021245,MIN,SEA,2022-04-22,-290.0,230.0,6.0,-115.0,-102.0,,,,,
2021021246,EDM,COL,2022-04-22,-118.0,102.0,6.5,-102.0,-117.0,,,,,
2021021247,ARI,WSH,2022-04-22,322.0,-412.0,6.5,-114.0,-109.0,,,,,
2021021248,BOS,NYR,2022-04-23,-148.0,125.0,5.5,-110.0,-110.0,,,,,
2021021249,BUF,NYI,2022-04-23,108.0,-126.0,6.0,102.0,-120.0,,,,,
2021021250,OTT,MTL,2022-04-23,-165.0,138.0,6.5,-105.0,-115.0,,,,,
2021021251,DET,PIT,2022-04-23,235.0,-295.0,6.5,-110.0,-110.0,,,,,
2021021252,TBL,NSH,2022-04-23,-142.0,121.0,6.5,-120.0,-104.0,,,,,
2021021253,FLA,TOR,2022-04-23,-148.0,119.0,7.5,106.0,-132.0,,,,,
2021021254,NJD,CAR,2022-04-23,197.0,-247.0,6.5,-121.0,102.0,,,,,
2021021255,DAL,SEA,2022-04-23,-287.0,235.0,6.0,100.0,-115.0,,,,,
2021021256,CGY,VAN,2022-04-23,-205.0,166.0,6.5,-113.0,-107.0,,,,,
2021021257,ARI,STL,2022-04-23,350.0,-435.0,6.5,-122.0,-105.0,,,,,
2021021258,LAK,ANA,2022-04-23,-250.0,205.0,6.0,100.0,-115.0,,,,,
2021021259,SJS,CHI,2022-04-23,-152.0,130.0,6.5,100.0,-120.0,,,,,
2021020471,MTL,BOS,2022-04-24,247.0,-307.0,6.0,-105.0,-110.0,,,,,
2021021260,FLA,TBL,2022-04-24,-124.0,106.0,6.5,-148.0,120.0,,,,,
2021021261,NJD,DET,2022-04-24,-163.0,137.0,6.5,-124.0,100.0,,,,,
2021021262,NYI,CAR,2022-04-24,160.0,-195.0,6.0,100.0,-120.0,,,,,
2021021264,PHI,PIT,2022-04-24,207.0,-262.0,6.5,-130.0,110.0,,,,,
2021021265,WSH,TOR,2022-04-24,-120.0,104.0,7.0,-110.0,-107.0,,,,,
2021021266,CBJ,EDM,2022-04-24,210.0,-255.0,6.5,-128.0,106.0,,,,,
2021021267,NSH,MIN,2022-04-24,105.0,-123.0,6.5,-110.0,-110.0,,,,,
2021021268,WPG,COL,2022-04-24,151.0,-183.0,6.5,-104.0,-116.0,,,,,
2021021269,VGK,SJS,2022-04-24,-340.0,270.0,6.5,-104.0,-125.0,,,,,
2021021270,ANA,STL,2022-04-24,165.0,-202.0,6.5,-110.0,-110.0,,,,,
2021021271,CHI,PHI,2022-04-25,-134.0,112.0,6.5,-118.0,-102.0,,,,,
2021020829,TOR,DET,2022-04-26,-475.0,360.0,6.5,-130.0,110.0,,,,,
2021021272,BOS,FLA,2022-04-26,100.0,-115.0,6.5,-141.0,112.0,,,,,
2021021274,OTT,NJD,2022-04-26,-150.0,126.0,6.5,-107.0,-110.0,,,,,
2021021276,TBL,CBJ,2022-04-26,-392.0,310.0,6.5,-123.0,-105.0,,,,,
2021021277,NYR,CAR,2022-04-26,-117.0,104.0,6.0,-112.0,-115.0,,,,,
2021021278,PIT,EDM,2022-04-26,-143.0,121.0,6.5,-129.0,108.0,,,,,
2021021279,WSH,NYI,2022-04-26,-175.0,147.0,5.5,-124.0,104.0,,,,,
2021021280,NSH,CGY,2022-04-26,117.0,-136.0,6.5,100.0,-122.0,,,,,
2021021281,DAL,VGK,2022-04-26,-110.0,-106.0,6.0,100.0,-113.0,,,,,
2021021282,MIN,ARI,2022-04-26,-612.0,430.0,6.5,-118.0,-105.0,,,,,
2021021283,COL,STL,2022-04-26,-167.0,143.0,6.5,-117.0,-105.0,,,,,
2021021284,VAN,SEA,2022-04-26,-195.0,163.0,6.5,-106.0,-108.0,,,,,
2021021285,SJS,ANA,2022-04-26,-150.0,125.0,5.5,-116.0,-111.0,,,,,
2021020505,NYR,MTL,2022-04-27,-182.0,150.0,6.5,102.0,-121.0,,,,,
2021021286,CHI,VGK,2022-04-27,165.0,-205.0,6.5,-122.0,104.0,,,,,
2021021287,DAL,ARI,2022-04-27,-500.0,333.0,6.0,-106.0,-113.0,,,,,
2021021288,WPG,PHI,2022-04-27,-210.0,175.0,6.5,-118.0,-104.0,,,,,
2021021289,SEA,LAK,2022-04-27,132.0,-155.0,6.0,-108.0,-112.0,,,,,
2021020513,NYI,WSH,2022-04-28,118.0,-140.0,6.0,-112.0,-107.0,,,,,
2021021290,BOS,BUF,2022-04-28,-315.0,250.0,6.0,-114.0,-105.0,,,,,
2021021291,OTT,FLA,2022-04-28,140.0,-164.0,7.0,100.0,-125.0,,,,,
2021021294,CAR,NJD,2022-04-28,-278.0,220.0,6.5,-110.0,-112.0,,,,,
2021021295,MIN,CGY,2022-04-28,-107.0,-110.0,6.5,-106.0,-112.0,,,,,
2021021296,COL,NSH,2022-04-28,-325.0,257.0,6.5,-110.0,-107.0,,,,,
2021021297,EDM,SJS,2022-04-28,-360.0,280.0,6.5,-127.0,-105.0,,,,,
2021021305,CBJ,TBL,2022-04-28,207.0,-252.0,6.5,-132.0,109.0,,,,,
2021021310,VAN,LAK,2022-04-28,-170.0,140.0,6.0,-109.0,-110.0,,,,,
2021021169,PIT,CBJ,2022-04-29,-400.0,325.0,6.5,-115.0,-105.0,,,,,
2021021207,EDM,VAN,2022-04-29,-134.0,110.0,6.5,105.0,-124.0,,,,,
2021021292,NYI,TBL,2022-04-29,140.0,-167.0,6.0,-105.0,-108.0,,,,,
2021021298,BUF,CHI,2022-04-29,-132.0,112.0,6.5,-112.0,-108.0,,,,,
2021021299,TOR,BOS,2022-04-29,-118.0,104.0,6.0,-103.0,-115.0,,,,,
2021021300,MTL,FLA,2022-04-29,152.0,-180.0,7.0,105.0,-124.0,,,,,
2021021301,NJD,DET,2022-04-29,-165.0,140.0,6.5,-109.0,-110.0,,,,,
2021021302,NYR,WSH,2022-04-29,-115.0,106.0,6.0,-109.0,-109.0,,,,,
2021021303,PHI,OTT,2022-04-29,-106.0,-109.0,6.5,-105.0,-120.0,,,,,
2021021306,STL,VGK,2022-04-29,-167.0,145.0,6.0,-117.0,-103.0,,,,,
2021021307,DAL,ANA,2022-04-29,-247.0,203.0,5.5,-121.0,104.0,,,,,
2021021308,MIN,COL,2022-04-29,-155.0,132.0,6.5,-108.0,-111.0,,,,,
2021021309,WPG,CGY,2022-04-29,117.0,-138.0,6.5,-108.0,-112.0,,,,,
2021021311,ARI,NSH,2022-04-29,191.0,-232.0,6.5,-117.0,-104.0,,,,,
2021021312,SEA,SJS,2022-04-29,-134.0,114.0,6.0,-115.0,-106.0,,,,,
2021021179,WPG,SEA,2022-05-01,-195.0,162.0,6.5,-110.0,-111.0,,,,,
2022020001,NSH,SJS,2022-10-07,-197.0,160.0,5.5,-135.0,108.0,,,,,
2022020002,SJS,NSH,2022-10-08,150.0,-181.0,6.0,-114.0,-110.0,,,,,
2022020003,NYR,TBL,2022-10-11,-136.0,112.0,5.5,-110.0,-116.0,,,,,
2022020004,LAK,VGK,2022-10-11,-118.0,-105.0,6.5,-102.0,-120.0,,,,,
2022020005,WSH,BOS,2022-10-12,-138.0,112.0,6.5,-100.0,-128.0,,,,,
2022020006,CAR,CBJ,2022-10-12,-289.0,225.0,6.5,-108.0,-115.0,,,,,
2022020007,MTL,TOR,2022-10-12,205.0,-252.0,6.5,-150.0,122.0,,,,,
2022020008,COL,CHI,2022-10-12,-425.0,312.0,6.5,-127.0,100.0,,,,,
2022020009,ANA,SEA,2022-10-12,-120.0,-105.0,5.5,-119.0,100.0,,,,,
2022020010,EDM,VAN,2022-10-12,-200.0,164.0,6.5,-120.0,-103.0,,,,,
2022020011,PIT,ARI,2022-10-13,-385.0,310.0,6.5,101.0,-120.0,,,,,
2022020012,PHI,NJD,2022-10-13,105.0,-125.0,6.0,-114.0,-105.0,,,,,
2022020013,BUF,OTT,2022-10-13,102.0,-120.0,6.5,-124.0,105.0,,,,,
2022020014,NYI,FLA,2022-10-13,120.0,-143.0,6.0,-120.0,-111.0,,,,,
2022020015,TOR,WSH,2022-10-13,-210.0,175.0,7.0,-127.0,102.0,,,,,
2022020016,NSH,DAL,2022-10-13,-130.0,112.0,5.5,-118.0,-104.0,,,,,
2022020017,MIN,NYR,2022-10-13,-130.0,112.0,6.0,100.0,-117.0,,,,,
2022020018,CGY,COL,2022-10-13,-135.0,114.0,6.5,-102.0,-118.0,,,,,
2022020019,VGK,CHI,2022-10-13,-375.0,285.0,6.5,-114.0,-105.0,,,,,
2022020020,LAK,SEA,2022-10-13,-180.0,146.0,6.5,-102.0,-120.0,,,,,
2022020021,CBJ,TBL,2022-10-14,170.0,-210.0,6.0,-112.0,-108.0,,,,,
2022020022,DET,MTL,2022-10-14,-167.0,140.0,6.5,-107.0,-112.0,,,,,
2022020023,WPG,NYR,2022-10-14,-149.0,117.0,6.5,-110.0,-110.0,,,,,
2022020024,SJS,CAR,2022-10-14,160.0,-200.0,6.0,-110.0,-109.0,,,,,
2022020025,BUF,FLA,2022-10-15,163.0,-192.0,7.0,111.0,-131.0,,,,,
2022020026,PHI,VAN,2022-10-15,138.0,-167.0,6.0,-117.0,-110.0,,,,,
2022020027,BOS,ARI,2022-10-15,-352.0,270.0,6.0,-124.0,105.0,,,,,
2022020028,NJD,DET,2022-10-15,-176.0,147.0,6.5,-130.0,106.0,,,,,
2022020029,WSH,MTL,2022-10-15,-302.0,242.0,6.5,-105.0,-116.0,,,,,
2022020030,TOR,OTT,2022-10-15,-235.0,192.0,7.0,-112.0,-104.0,,,,,
2022020031,PIT,TBL,2022-10-15,-165.0,140.0,6.5,100.0,-118.0,,,,,
2022020032,NYI,ANA,2022-10-15,-177.0,148.0,5.5,-113.0,-105.0,,,,,
2022020033,STL,CBJ,2022-10-15,-270.0,210.0,6.5,-106.0,-114.0,,,,,
2022020034,MIN,LAK,2022-10-15,-171.0,140.0,6.0,-122.0,101.0,,,,,
2022020035,DAL,NSH,2022-10-15,-129.0,105.0,5.5,-122.0,104.0,,,,,
2022020036,EDM,CGY,2022-10-15,-137.0,118.0,7.0,-114.0,-109.0,,,,,
2022020037,SEA,VGK,2022-10-15,112.0,-134.0,6.5,-114.0,-114.0,,,,,
2022020038,SJS,CHI,2022-10-15,-148.0,120.0,5.5,-121.0,-110.0,,,,,
2022020039,NYR,ANA,2022-10-17,-270.0,205.0,6.0,-117.0,-102.0,,,,,
2022020040,TOR,ARI,2022-10-17,-480.0,380.0,7.0,-117.0,-102.0,,,,,
2022020041,BOS,FLA,2022-10-17,114.0,-133.0,6.5,-103.0,-118.0,,,,,
2022020042,MTL,PIT,2022-10-17,210.0,-250.0,7.0,107.0,-132.0,,,,,
2022020043,WSH,VAN,2022-10-17,-135.0,114.0,6.5,-105.0,-120.0,,,,,
2022020044,DET,LAK,2022-10-17,112.0,-130.0,6.5,-110.0,-115.0,,,,,
2022020045,MIN,COL,2022-10-17,104.0,-121.0,6.5,-128.0,105.0,,,,,
2022020046,DAL,WPG,2022-10-17,-146.0,122.0,6.0,-124.0,-101.0,,,,,
2022020047,SEA,CAR,2022-10-17,146.0,-175.0,6.5,-110.0,-110.0,,,,,
2022020048,NJD,ANA,2022-10-18,-190.0,163.0,6.5,-118.0,-102.0,,,,,
2022020049,OTT,BOS,2022-10-18,-133.0,112.0,6.5,-105.0,-115.0,,,,,
2022020050,CBJ,VAN,2022-10-18,-110.0,-112.0,6.5,-103.0,-122.0,,,,,
2022020051,NYI,SJS,2022-10-18,-220.0,184.0,5.5,-118.0,-105.0,,,,,
2022020052,NSH,LAK,2022-10-18,-176.0,146.0,6.0,-110.0,-107.0,,,,,
2022020053,TBL,PHI,2022-10-18,-310.0,250.0,6.0,-118.0,102.0,,,,,
2022020054,EDM,BUF,2022-10-18,-232.0,189.0,7.0,-108.0,-110.0,,,,,
2022020055,CGY,VGK,2022-10-18,-161.0,132.0,6.5,-105.0,-115.0,,,,,
2022020056,FLA,PHI,2022-10-19,-370.0,290.0,6.5,-122.0,104.0,,,,,
2022020057,COL,WPG,2022-10-19,-250.0,200.0,6.5,-115.0,106.0,,,,,
2022020058,SEA,STL,2022-10-19,112.0,-134.0,6.0,-113.0,-106.0,,,,,
2022020059,BOS,ANA,2022-10-20,-225.0,175.0,6.5,-120.0,105.0,,,,,
2022020060,MTL,ARI,2022-10-20,-177.0,149.0,6.5,100.0,-119.0,,,,,
2022020061,TOR,DAL,2022-10-20,-182.0,150.0,6.5,-110.0,-107.0,,,,,
2022020062,PIT,LAK,2022-10-20,-187.0,156.0,6.5,-124.0,105.0,,,,,
2022020063,CBJ,NSH,2022-10-20,113.0,-134.0,6.5,-112.0,-106.0,,,,,
2022020064,NYR,SJS,2022-10-20,-292.0,225.0,6.5,104.0,-121.0,,,,,
2022020065,OTT,WSH,2022-10-20,-110.0,-106.0,6.5,-120.0,-103.0,,,,,
2022020066,NYI,NJD,2022-10-20,-143.0,125.0,6.5,102.0,-120.0,,,,,
2022020067,MIN,VAN,2022-10-20,-180.0,150.0,6.5,-115.0,-105.0,,,,,
2022020068,CGY,BUF,2022-10-20,-278.0,230.0,6.5,-118.0,-105.0,,,,,
2022020069,EDM,CAR,2022-10-20,-110.0,-107.0,6.5,-124.0,105.0,,,,,
2022020070,VGK,WPG,2022-10-20,-220.0,175.0,6.5,-133.0,111.0,,,,,
2022020071,FLA,TBL,2022-10-21,-110.0,-109.0,6.5,-136.0,113.0,,,,,
2022020072,CHI,DET,2022-10-21,100.0,-118.0,6.5,102.0,-121.0,,,,,
2022020073,COL,SEA,2022-10-21,-235.0,186.0,6.5,-135.0,108.0,,,,,
2022020074,BOS,MIN,2022-10-22,-113.0,-105.0,6.5,-122.0,-100.0,,,,,
2022020075,NJD,SJS,2022-10-22,-200.0,155.0,6.5,-115.0,-112.0,,,,,
2022020076,OTT,ARI,2022-10-22,-265.0,220.0,6.5,-128.0,104.0,,,,,
2022020077,EDM,STL,2022-10-22,-160.0,128.0,7.0,108.0,-127.0,,,,,
2022020078,MTL,DAL,2022-10-22,145.0,-175.0,6.0,-107.0,-107.0,,,,,
2022020079,WSH,LAK,2022-10-22,-136.0,115.0,6.5,102.0,-121.0,,,,,
2022020080,TBL,NYI,2022-10-22,-137.0,110.0,6.0,-133.0,102.0,,,,,
2022020081,CBJ,PIT,2022-10-22,144.0,-171.0,6.5,-130.0,108.0,,,,,
2022020082,WPG,TOR,2022-10-22,140.0,-175.0,6.5,-136.0,112.0,,,,,
2022020083,NSH,PHI,2022-10-22,-220.0,175.0,6.5,-100.0,-118.0,,,,,
2022020084,VAN,BUF,2022-10-22,-170.0,143.0,6.5,-106.0,-115.0,,,,,
2022020085,CGY,CAR,2022-10-22,-143.0,123.0,6.5,-104.0,-121.0,,,,,
2022020086,VGK,COL,2022-10-22,-132.0,112.0,6.5,-130.0,107.0,,,,,
2022020087,CHI,SEA,2022-10-23,118.0,-143.0,5.5,-139.0,-105.0,,,,,
2022020088,DET,ANA,2022-10-23,-136.0,116.0,6.5,100.0,-118.0,,,,,
2022020089,NYR,CBJ,2022-10-23,-260.0,210.0,6.5,-128.0,104.0,,,,,
2022020090,FLA,NYI,2022-10-23,-207.0,170.0,6.5,-106.0,-113.0,,,,,
2022020091,PHI,SJS,2022-10-23,-126.0,105.0,6.0,-120.0,-104.0,,,,,
2022020092,OTT,DAL,2022-10-24,-111.0,-108.0,6.5,-114.0,-106.0,,,,,
2022020093,NJD,WSH,2022-10-24,-134.0,114.0,6.5,-114.0,-106.0,,,,,
2022020094,EDM,PIT,2022-10-24,-134.0,110.0,7.0,-105.0,-125.0,,,,,
2022020095,WPG,STL,2022-10-24,-120.0,104.0,6.0,-121.0,-111.0,,,,,
2022020096,VGK,TOR,2022-10-24,-106.0,-115.0,6.5,-139.0,116.0,,,,,
2022020097,VAN,CAR,2022-10-24,140.0,-165.0,6.5,-106.0,-112.0,,,,,
2022020098,CBJ,ARI,2022-10-25,-232.0,191.0,6.5,-125.0,106.0,,,,,
2022020099,NYR,COL,2022-10-25,-108.0,-109.0,6.5,-109.0,-109.0,,,,,
2022020100,BOS,DAL,2022-10-25,-175.0,143.0,5.5,-124.0,-111.0,,,,,
2022020101,MTL,MIN,2022-10-25,175.0,-213.0,6.5,-125.0,106.0,,,,,
2022020102,DET,NJD,2022-10-25,-110.0,-105.0,6.5,-136.0,110.0,,,,,
2022020103,CHI,FLA,2022-10-25,195.0,-250.0,6.5,-108.0,-115.0,,,,,
2022020104,CGY,PIT,2022-10-25,-195.0,165.0,6.5,-123.0,104.0,,,,,
2022020105,SEA,BUF,2022-10-25,-136.0,116.0,6.5,-132.0,110.0,,,,,
2022020106,LAK,TBL,2022-10-25,114.0,-138.0,6.5,-101.0,-123.0,,,,,
2022020107,SJS,VGK,2022-10-25,135.0,-161.0,6.5,-105.0,-125.0,,,,,
2022020108,NYI,NYR,2022-10-26,-148.0,125.0,6.0,-108.0,-110.0,,,,,
2022020109,STL,EDM,2022-10-26,-103.0,-114.0,6.5,-114.0,-104.0,,,,,
2022020110,ANA,TBL,2022-10-26,114.0,-139.0,6.5,-122.0,-107.0,,,,,
2022020111,BOS,DET,2022-10-27,-250.0,200.0,6.5,-108.0,-115.0,,,,,
2022020112,PHI,FLA,2022-10-27,175.0,-220.0,6.5,-105.0,-114.0,,,,,
2022020113,OTT,MIN,2022-10-27,108.0,-129.0,6.5,-120.0,100.0,,,,,
2022020114,BUF,MTL,2022-10-27,-182.0,155.0,6.5,-135.0,110.0,,,,,
2022020115,NSH,STL,2022-10-27,-175.0,140.0,6.5,-100.0,-123.0,,,,,
2022020116,CHI,EDM,2022-10-27,174.0,-217.0,6.5,-112.0,-106.0,,,,,
2022020117,DAL,WSH,2022-10-27,-125.0,105.0,6.0,-105.0,-114.0,,,,,
2022020118,SEA,VAN,2022-10-27,-125.0,108.0,6.5,-105.0,-114.0,,,,,
2022020119,SJS,TOR,2022-10-27,185.0,-225.0,6.5,100.0,-120.0,,,,,
2022020120,LAK,WPG,2022-10-27,-137.0,116.0,6.5,-106.0,-115.0,,,,,
2022020121,VGK,ANA,2022-10-28,-297.0,230.0,6.5,104.0,-120.0,,,,,
2022020122,CBJ,BOS,2022-10-28,124.0,-146.0,6.5,-102.0,-116.0,,,,,
2022020123,NJD,COL,2022-10-28,108.0,-127.0,6.5,-113.0,-106.0,,,,,
2022020124,CAR,NYI,2022-10-28,-186.0,155.0,5.5,-117.0,-105.0,,,,,
2022020125,VAN,PIT,2022-10-28,165.0,-200.0,6.5,102.0,-120.0,,,,,
2022020126,ARI,WPG,2022-10-28,124.0,-147.0,6.5,-105.0,-113.0,,,,,
2022020127,DAL,NYR,2022-10-29,-110.0,-110.0,5.5,-112.0,-107.0,,,,,
2022020128,FLA,OTT,2022-10-29,-195.0,160.0,6.5,-133.0,102.0,,,,,
2022020129,SJS,TBL,2022-10-29,165.0,-205.0,6.0,-113.0,-107.0,,,,,
2022020130,PHI,CAR,2022-10-29,163.0,-195.0,6.0,-103.0,-117.0,,,,,
2022020131,BUF,CHI,2022-10-29,-189.0,155.0,6.5,-110.0,-112.0,,,,,
2022020132,DET,MIN,2022-10-29,130.0,-160.0,6.5,-115.0,105.0,,,,,
2022020133,STL,MTL,2022-10-29,-240.0,200.0,6.0,-118.0,-105.0,,,,,
2022020134,LAK,TOR,2022-10-29,120.0,-142.0,6.5,-112.0,-110.0,,,,,
2022020135,NYI,COL,2022-10-29,116.0,-140.0,6.0,-113.0,-110.0,,,,,
2022020136,NSH,WSH,2022-10-29,-130.0,112.0,6.5,-107.0,-112.0,,,,,
2022020137,CGY,EDM,2022-10-29,-159.0,135.0,6.5,-135.0,110.0,,,,,
2022020138,SEA,PIT,2022-10-29,110.0,-129.0,6.5,-113.0,-106.0,,,,,
2022020139,NJD,CBJ,2022-10-30,-205.0,170.0,6.5,-115.0,-107.0,,,,,
2022020140,CHI,MIN,2022-10-30,180.0,-222.0,6.5,-110.0,-103.0,,,,,
2022020141,ARI,NYR,2022-10-30,195.0,-235.0,6.5,-103.0,-124.0,,,,,
2022020142,ANA,TOR,2022-10-30,151.0,-182.0,6.5,-121.0,105.0,,,,,
2022020143,VGK,WPG,2022-10-30,-200.0,165.0,6.5,-104.0,-118.0,,,,,
2022020144,BUF,DET,2022-10-31,-152.0,122.0,6.5,-120.0,100.0,,,,,
2022020145,CAR,WSH,2022-10-31,-200.0,164.0,6.0,-115.0,-105.0,,,,,
2022020146,STL,LAK,2022-10-31,-124.0,106.0,6.0,-104.0,-115.0,,,,,
2022020147,PIT,BOS,2022-11-01,-121.0,105.0,6.5,104.0,-115.0,,,,,
2022020148,TBL,OTT,2022-11-01,-196.0,163.0,6.5,-105.0,-120.0,,,,,
2022020149,NYR,PHI,2022-11-01,-250.0,210.0,5.5,-135.0,-111.0,,,,,
2022020150,WSH,VGK,2022-11-01,143.0,-167.0,6.5,-100.0,-118.0,,,,,
2022020151,MIN,MTL,2022-11-01,-245.0,190.0,6.5,-104.0,-115.0,,,,,
2022020152,CHI,NYI,2022-11-01,164.0,-195.0,6.0,-126.0,101.0,,,,,
2022020153,DAL,LAK,2022-11-01,-139.0,114.0,6.5,100.0,-118.0,,,,,
2022020154,EDM,NSH,2022-11-01,-177.0,148.0,6.5,-124.0,100.0,,,,,
2022020155,CGY,SEA,2022-11-01,-222.0,184.0,6.5,-111.0,-111.0,,,,,
2022020156,ARI,FLA,2022-11-01,245.0,-303.0,6.5,-110.0,-114.0,,,,,
2022020157,VAN,NJD,2022-11-01,102.0,-120.0,6.5,-107.0,-112.0,,,,,
2022020158,SJS,ANA,2022-11-01,-136.0,115.0,5.5,-145.0,-111.0,,,,,
2022020159,TOR,PHI,2022-11-02,-335.0,260.0,6.5,-107.0,-114.0,,,,,
2022020160,BUF,PIT,2022-11-02,105.0,-122.0,6.5,-132.0,112.0,,,,,
2022020161,NYR,BOS,2022-11-03,-134.0,112.0,6.0,-109.0,-109.0,,,,,
2022020162,TBL,CAR,2022-11-03,-117.0,-105.0,6.0,-114.0,-107.0,,,,,
2022020163,OTT,VGK,2022-11-03,122.0,-143.0,6.5,-107.0,-112.0,,,,,
2022020164,DET,WSH,2022-11-03,-105.0,-121.0,6.0,-118.0,-107.0,,,,,
2022020165,WPG,MTL,2022-11-03,-210.0,175.0,6.0,-133.0,104.0,,,,,
2022020166,STL,NYI,2022-11-03,-119.0,104.0,6.0,-124.0,-101.0,,,,,
2022020167,MIN,SEA,2022-11-03,-177.0,142.0,6.5,-118.0,105.0,,,,,
2022020168,CHI,LAK,2022-11-03,150.0,-182.0,6.5,-109.0,-109.0,,,,,
2022020169,CGY,NSH,2022-11-03,-240.0,195.0,6.5,-117.0,-103.0,,,,,
2022020170,EDM,NJD,2022-11-03,-161.0,128.0,7.0,107.0,-125.0,,,,,
2022020171,VAN,ANA,2022-11-03,-184.0,148.0,6.5,-106.0,-114.0,,,,,
2022020172,ARI,DAL,2022-11-03,190.0,-232.0,6.0,-106.0,-112.0,,,,,
2022020173,SJS,FLA,2022-11-03,170.0,-210.0,6.5,104.0,-115.0,,,,,
2022020174,CAR,BUF,2022-11-04,-200.0,165.0,6.5,-115.0,-105.0,,,,,
2022020175,COL,CBJ,2022-11-04,-260.0,210.0,6.5,-113.0,-112.0,,,,,
2022020176,WPG,CHI,2022-11-05,-230.0,195.0,6.0,-125.0,-105.0,,,,,
2022020177,EDM,DAL,2022-11-05,-162.0,138.0,6.5,-158.0,128.0,,,,,
2022020178,WSH,ARI,2022-11-05,-303.0,235.0,6.5,-109.0,-110.0,,,,,
2022020179,TOR,BOS,2022-11-05,-127.0,108.0,6.5,-127.0,105.0,,,,,
2022020180,TBL,BUF,2022-11-05,-255.0,200.0,6.5,-128.0,104.0,,,,,
2022020181,DET,NYI,2022-11-05,110.0,-132.0,6.0,-119.0,-104.0,,,,,
2022020182,OTT,PHI,2022-11-05,-180.0,148.0,6.5,-112.0,-106.0,,,,,
2022020183,PIT,SEA,2022-11-05,-190.0,163.0,6.5,-115.0,-105.0,,,,,
2022020184,MTL,VGK,2022-11-05,175.0,-205.0,6.5,104.0,-122.0,,,,,
2022020185,CBJ,COL,2022-11-05,220.0,-295.0,6.5,-127.0,105.0,,,,,
2022020186,VAN,NSH,2022-11-05,-115.0,-106.0,6.5,-107.0,-112.0,,,,,
2022020187,CGY,NJD,2022-11-05,-167.0,140.0,6.5,-122.0,-104.0,,,,,
2022020188,SJS,ANA,2022-11-05,-145.0,121.0,6.5,-116.0,-103.0,,,,,
2022020189,LAK,FLA,2022-11-05,110.0,-132.0,6.5,-120.0,-103.0,,,,,
2022020190,NYR,DET,2022-11-06,-235.0,195.0,6.5,-115.0,106.0,,,,,
2022020191,CAR,TOR,2022-11-06,-162.0,138.0,6.5,-121.0,102.0,,,,,
2022020192,ANA,FLA,2022-11-06,145.0,-177.0,6.5,-115.0,-103.0,,,,,
2022020193,NYI,CGY,2022-11-07,104.0,-120.0,5.5,-145.0,110.0,,,,,
2022020194,BOS,STL,2022-11-07,-210.0,164.0,6.5,105.0,-135.0,,,,,
2022020195,WSH,EDM,2022-11-07,132.0,-162.0,6.5,-112.0,-107.0,,,,,
2022020196,BUF,ARI,2022-11-08,-240.0,195.0,6.5,-120.0,-103.0,,,,,
2022020197,NJD,CGY,2022-11-08,-143.0,120.0,6.5,-130.0,110.0,,,,,
2022020198,NYR,NYI,2022-11-08,-177.0,148.0,6.0,-101.0,-117.0,,,,,
2022020199,PHI,STL,2022-11-08,110.0,-130.0,6.0,-105.0,-110.0,,,,,
2022020200,OTT,VAN,2022-11-08,-122.0,100.0,7.0,110.0,-130.0,,,,,
2022020201,TOR,VGK,2022-11-08,-121.0,104.0,6.5,-109.0,-112.0,,,,,
2022020202,TBL,EDM,2022-11-08,-175.0,148.0,6.5,-144.0,118.0,,,,,
2022020203,DET,MTL,2022-11-08,-168.0,141.0,6.0,-105.0,-109.0,,,,,
2022020204,WPG,DAL,2022-11-08,-100.0,-120.0,6.0,-113.0,-110.0,,,,,
2022020205,SEA,NSH,2022-11-08,-121.0,102.0,6.5,104.0,-122.0,,,,,
2022020206,LAK,MIN,2022-11-08,-115.0,-105.0,6.5,-112.0,-110.0,,,,,
2022020207,FLA,CAR,2022-11-09,-100.0,-116.0,6.5,-126.0,105.0,,,,,
2022020208,WSH,PIT,2022-11-09,108.0,-123.0,6.5,-100.0,-112.0,,,,,
2022020209,MTL,VAN,2022-11-09,141.0,-168.0,6.5,-130.0,110.0,,,,,
2022020210,ANA,MIN,2022-11-09,134.0,-160.0,6.5,-112.0,-111.0,,,,,
2022020211,BOS,CGY,2022-11-10,-200.0,165.0,6.0,-117.0,-108.0,,,,,
2022020212,CAR,EDM,2022-11-10,-141.0,115.0,6.5,-125.0,105.0,,,,,
2022020213,NJD,OTT,2022-11-10,-186.0,157.0,6.5,-125.0,105.0,,,,,
2022020214,CBJ,PHI,2022-11-10,-110.0,-110.0,6.5,102.0,-124.0,,,,,
2022020215,BUF,VGK,2022-11-10,142.0,-167.0,6.5,-112.0,-114.0,,,,,
2022020216,NYI,ARI,2022-11-10,-290.0,235.0,6.0,-105.0,-110.0,,,,,
2022020217,DET,NYR,2022-11-10,136.0,-160.0,6.0,-111.0,-100.0,,,,,
2022020218,STL,SJS,2022-11-10,-167.0,145.0,6.0,-110.0,-110.0,,,,,
2022020219,COL,NSH,2022-11-10,-195.0,165.0,6.5,-105.0,-115.0,,,,,
2022020220,LAK,CHI,2022-11-10,-287.0,230.0,6.5,105.0,-125.0,,,,,
2022020221,TOR,PIT,2022-11-11,-154.0,129.0,6.5,-118.0,100.0,,,,,
2022020222,WSH,TBL,2022-11-11,117.0,-147.0,6.0,-111.0,100.0,,,,,
2022020223,DAL,SJS,2022-11-11,-247.0,202.0,6.0,-110.0,-107.0,,,,,
2022020224,SEA,MIN,2022-11-11,105.0,-123.0,6.0,-105.0,-104.0,,,,,
2022020225,PHI,OTT,2022-11-12,103.0,-123.0,6.5,-103.0,-117.0,,,,,
2022020226,FLA,EDM,2022-11-12,-172.0,145.0,7.0,-123.0,-104.0,,,,,
2022020227,NJD,ARI,2022-11-12,-305.0,245.0,6.5,-115.0,-110.0,,,,,
2022020228,BUF,BOS,2022-11-12,150.0,-180.0,6.5,-122.0,-105.0,,,,,
2022020229,MTL,PIT,2022-11-12,140.0,-168.0,6.5,-104.0,-117.0,,,,,
2022020230,TOR,VAN,2022-11-12,-173.0,148.0,6.5,-140.0,115.0,,,,,
2022020231,NYI,CBJ,2022-11-12,-245.0,205.0,6.0,-117.0,-110.0,,,,,
2022020232,NSH,NYR,2022-11-12,-106.0,-114.0,6.5,-105.0,-114.0,,,,,
2022020233,COL,CAR,2022-11-12,-123.0,100.0,6.5,105.0,-130.0,,,,,
2022020234,ANA,CHI,2022-11-12,-137.0,118.0,6.5,-105.0,-115.0,,,,,
2022020235,VGK,STL,2022-11-12,-205.0,172.0,6.5,-107.0,-112.0,,,,,
2022020236,CGY,WPG,2022-11-12,-165.0,135.0,6.0,-108.0,-110.0,,,,,
2022020237,LAK,DET,2022-11-12,-211.0,173.0,6.5,-110.0,-112.0,,,,,
2022020238,PHI,DAL,2022-11-13,155.0,-187.0,6.5,-104.0,-120.0,,,,,
2022020239,NYR,ARI,2022-11-13,-360.0,295.0,6.0,-120.0,-103.0,,,,,
2022020240,MIN,SJS,2022-11-13,-217.0,175.0,6.5,-107.0,-118.0,,,,,
2022020241,BOS,VAN,2022-11-13,-235.0,192.0,6.5,-105.0,-116.0,,,,,
2022020242,TBL,WSH,2022-11-13,-187.0,154.0,6.0,105.0,-124.0,,,,,
2022020243,SEA,WPG,2022-11-13,-159.0,135.0,6.5,-111.0,-117.0,,,,,
2022020244,OTT,NYI,2022-11-14,100.0,-122.0,6.5,104.0,-122.0,,,,,
2022020245,CHI,CAR,2022-11-14,198.0,-240.0,6.0,-104.0,-120.0,,,,,
2022020246,CGY,LAK,2022-11-14,-175.0,140.0,6.0,-120.0,-105.0,,,,,
2022020247,COL,STL,2022-11-14,-200.0,162.0,6.5,-113.0,-112.0,,,,,
2022020248,TBL,DAL,2022-11-15,-136.0,117.0,6.0,-119.0,-102.0,,,,,
2022020249,MTL,NJD,2022-11-15,157.0,-187.0,6.5,-112.0,-110.0,,,,,
2022020250,CBJ,PHI,2022-11-15,-103.0,-115.0,6.5,104.0,-122.0,,,,,
2022020251,PIT,TOR,2022-11-15,-105.0,-113.0,6.5,-122.0,102.0,,,,,
2022020252,BUF,VAN,2022-11-15,-110.0,-110.0,6.5,-132.0,110.0,,,,,
2022020253,FLA,WSH,2022-11-15,-207.0,166.0,6.5,-100.0,-125.0,,,,,
2022020254,NSH,MIN,2022-11-15,-110.0,-113.0,6.0,102.0,-121.0,,,,,
2022020255,ANA,DET,2022-11-15,100.0,-118.0,6.5,-105.0,-114.0,,,,,
2022020256,VGK,SJS,2022-11-15,-276.0,205.0,6.5,-101.0,-125.0,,,,,
2022020257,OTT,BUF,2022-11-16,-167.0,135.0,6.5,-135.0,109.0,,,,,
2022020258,CHI,STL,2022-11-16,150.0,-180.0,5.5,-130.0,106.0,,,,,
2022020259,EDM,LAK,2022-11-16,-145.0,115.0,6.5,-145.0,115.0,,,,,
2022020260,TBL,CGY,2022-11-17,-125.0,104.0,6.0,-115.0,-115.0,,,,,
2022020261,CAR,COL,2022-11-17,-130.0,110.0,6.5,-100.0,-125.0,,,,,
2022020262,FLA,DAL,2022-11-17,-165.0,138.0,6.5,-100.0,-120.0,,,,,
2022020263,CBJ,MTL,2022-11-17,-115.0,-106.0,6.5,-112.0,-110.0,,,,,
2022020264,TOR,NJD,2022-11-17,-145.0,121.0,6.5,-125.0,105.0,,,,,
2022020265,BOS,PHI,2022-11-17,-365.0,270.0,6.5,105.0,-134.0,,,,,
2022020266,WPG,ANA,2022-11-17,-235.0,185.0,6.5,-105.0,-125.0,,,,,
2022020267,NSH,NYI,2022-11-17,-115.0,-105.0,5.5,-124.0,102.0,,,,,
2022020268,MIN,PIT,2022-11-17,-110.0,-110.0,6.5,-110.0,-110.0,,,,,
2022020269,STL,WSH,2022-11-17,-115.0,-110.0,6.5,-105.0,-122.0,,,,,
2022020270,VGK,ARI,2022-11-17,-430.0,330.0,6.5,104.0,-120.0,,,,,
2022020271,SEA,NYR,2022-11-17,120.0,-145.0,6.0,-100.0,-120.0,,,,,
2022020272,SJS,DET,2022-11-17,-125.0,-105.0,6.0,-105.0,-115.0,,,,,
2022020273,VAN,LAK,2022-11-18,-115.0,-105.0,6.5,102.0,-120.0,,,,,
2022020274,OTT,NJD,2022-11-19,110.0,-130.0,6.5,-130.0,110.0,,,,,
2022020275,FLA,CGY,2022-11-19,-140.0,115.0,6.5,104.0,-125.0,,,,,
2022020276,TOR,BUF,2022-11-19,-280.0,225.0,6.5,-105.0,-120.0,,,,,
2022020277,BOS,CHI,2022-11-19,-460.0,360.0,6.0,-110.0,-115.0,,,,,
2022020278,WSH,COL,2022-11-19,100.0,-122.0,6.5,-100.0,-130.0,,,,,
2022020279,CBJ,DET,2022-11-19,118.0,-140.0,6.5,-120.0,105.0,,,,,
2022020280,MTL,PHI,2022-11-19,-135.0,105.0,6.5,100.0,-122.0,,,,,
2022020281,WPG,PIT,2022-11-19,105.0,-130.0,6.5,-110.0,-110.0,,,,,
2022020282,STL,ANA,2022-11-19,-190.0,155.0,6.5,105.0,-134.0,,,,,
2022020283,MIN,CAR,2022-11-19,105.0,-130.0,6.0,-120.0,-105.0,,,,,
2022020284,DAL,NYI,2022-11-19,-155.0,128.0,6.0,-100.0,-120.0,,,,,
2022020285,NSH,TBL,2022-11-19,112.0,-135.0,5.5,-145.0,110.0,,,,,
2022020286,SEA,LAK,2022-11-19,-125.0,-105.0,6.0,-110.0,-110.0,,,,,
2022020287,EDM,VGK,2022-11-19,-105.0,-115.0,6.5,-127.0,-100.0,,,,,
2022020288,SJS,NYR,2022-11-19,150.0,-180.0,6.5,105.0,-135.0,,,,,
2022020289,CBJ,FLA,2022-11-20,210.0,-260.0,6.5,-128.0,-100.0,,,,,
2022020290,CHI,PIT,2022-11-20,180.0,-235.0,6.5,-100.0,-120.0,,,,,
2022020291,TBL,BOS,2022-11-21,-115.0,-107.0,5.5,-142.0,116.0,,,,,
2022020292,PHI,CGY,2022-11-21,188.0,-230.0,5.5,-138.0,112.0,,,,,
2022020293,NJD,EDM,2022-11-21,-152.0,125.0,6.5,-145.0,110.0,,,,,
2022020294,WPG,CAR,2022-11-21,142.0,-177.0,5.5,-122.0,-105.0,,,,,
2022020295,TOR,NYI,2022-11-21,-176.0,145.0,6.5,-110.0,-109.0,,,,,
2022020296,STL,ANA,2022-11-21,-210.0,165.0,6.5,100.0,-122.0,,,,,
2022020297,NSH,ARI,2022-11-21,-252.0,203.0,6.0,-110.0,-110.0,,,,,
2022020298,DAL,COL,2022-11-21,-115.0,-110.0,6.5,104.0,-128.0,,,,,
2022020299,SJS,OTT,2022-11-21,-110.0,-120.0,6.5,-105.0,-115.0,,,,,
2022020300,VAN,VGK,2022-11-21,120.0,-150.0,6.5,-110.0,-110.0,,,,,
2022020301,MTL,BUF,2022-11-22,-118.0,-105.0,6.5,-122.0,-105.0,,,,,
2022020302,LAK,NYR,2022-11-22,122.0,-150.0,6.0,-105.0,-115.0,,,,,
2022020303,CAR,ARI,2022-11-23,-365.0,285.0,6.0,100.0,-120.0,,,,,
2022020304,FLA,BOS,2022-11-23,-113.0,-109.0,6.5,-115.0,-105.0,,,,,
2022020305,PIT,CGY,2022-11-23,-125.0,-100.0,6.5,-122.0,102.0,,,,,
2022020306,CBJ,MTL,2022-11-23,-120.0,100.0,6.5,-135.0,105.0,,,,,
2022020307,BUF,STL,2022-11-23,122.0,-148.0,6.5,-112.0,-112.0,,,,,
2022020308,NJD,TOR,2022-11-23,-137.0,114.0,6.5,-105.0,-118.0,,,,,
2022020309,MIN,WPG,2022-11-23,-160.0,135.0,6.0,100.0,-120.0,,,,,
2022020310,NYI,EDM,2022-11-23,-125.0,105.0,6.0,-120.0,100.0,,,,,
2022020311,DET,NSH,2022-11-23,-129.0,105.0,6.5,-104.0,-120.0,,,,,
2022020312,WSH,PHI,2022-11-23,-255.0,205.0,6.0,-100.0,-115.0,,,,,
2022020313,DAL,CHI,2022-11-23,-312.0,242.0,6.0,-100.0,-120.0,,,,,
2022020314,ANA,NYR,2022-11-23,130.0,-156.0,6.5,102.0,-124.0,,,,,
2022020315,VGK,OTT,2022-11-23,-260.0,205.0,6.5,-135.0,105.0,,,,,
2022020316,SEA,SJS,2022-11-23,-180.0,150.0,6.0,-100.0,-119.0,,,,,
2022020317,COL,VAN,2022-11-23,-210.0,170.0,6.5,-125.0,105.0,,,,,
2022020318,BOS,CAR,2022-11-25,-165.0,132.0,6.0,-122.0,-100.0,,,,,
2022020319,WSH,CGY,2022-11-25,104.0,-125.0,5.5,-145.0,110.0,,,,,
2022020321,CHI,MTL,2022-11-25,-125.0,104.0,6.5,-105.0,-117.0,,,,,
2022020322,MIN,TOR,2022-11-25,-115.0,-110.0,6.5,-105.0,-112.0,,,,,
2022020323,ANA,OTT,2022-11-25,130.0,-152.0,6.5,-105.0,-115.0,,,,,
2022020324,PHI,PIT,2022-11-25,195.0,-245.0,6.0,-120.0,-105.0,,,,,
2022020325,DET,ARI,2022-11-25,-200.0,164.0,6.5,105.0,-132.0,,,,,
2022020326,CBJ,NYI,2022-11-25,155.0,-190.0,6.5,-107.0,-117.0,,,,,
2022020327,BUF,NJD,2022-11-25,140.0,-170.0,6.5,-140.0,110.0,,,,,
2022020328,TBL,STL,2022-11-25,-195.0,163.0,6.5,105.0,-132.0,,,,,
2022020329,VGK,SEA,2022-11-25,-200.0,164.0,6.5,100.0,-122.0,,,,,
2022020330,DAL,WPG,2022-11-25,-170.0,140.0,6.0,100.0,-120.0,,,,,
2022020331,SJS,LAK,2022-11-25,115.0,-150.0,6.5,105.0,-132.0,,,,,
2022020332,NYR,EDM,2022-11-26,-165.0,140.0,6.5,-100.0,-120.0,,,,,
2022020333,CAR,CGY,2022-11-26,-137.0,114.0,6.5,-100.0,-122.0,,,,,
2022020334,FLA,STL,2022-11-26,-196.0,162.0,6.5,-110.0,-110.0,,,,,
2022020335,PIT,TOR,2022-11-26,-130.0,105.0,6.5,-125.0,105.0,,,,,
2022020336,NJD,WSH,2022-11-26,-195.0,165.0,6.5,-102.0,-120.0,,,,,
2022020337,NYI,PHI,2022-11-26,-232.0,187.0,5.5,-136.0,113.0,,,,,
2022020339,COL,DAL,2022-11-26,-175.0,146.0,6.5,-112.0,-103.0,,,,,
2022020340,VGK,VAN,2022-11-26,-200.0,150.0,6.5,-115.0,-105.0,,,,,
2022020341,MIN,ARI,2022-11-27,-310.0,250.0,6.5,-100.0,-124.0,,,,,
2022020342,CHI,WPG,2022-11-27,145.0,-170.0,5.5,-128.0,104.0,,,,,
2022020343,ANA,SEA,2022-11-27,142.0,-175.0,6.5,-110.0,-114.0,,,,,
2022020344,SJS,VAN,2022-11-27,-105.0,-118.0,6.5,-115.0,-112.0,,,,,
2022020345,LAK,OTT,2022-11-27,-160.0,130.0,6.5,-110.0,-113.0,,,,,
2022020346,NYR,NJD,2022-11-28,-115.0,-105.0,5.5,-135.0,110.0,,,,,
2022020347,BUF,TBL,2022-11-28,125.0,-148.0,6.5,-127.0,105.0,,,,,
2022020348,DET,TOR,2022-11-28,130.0,-160.0,6.5,-102.0,-120.0,,,,,
2022020349,CBJ,VGK,2022-11-28,217.0,-282.0,6.5,-125.0,-105.0,,,,,
2022020350,STL,DAL,2022-11-28,106.0,-120.0,6.5,104.0,-128.0,,,,,
2022020351,EDM,FLA,2022-11-28,-115.0,-115.0,6.5,-120.0,-100.0,,,,,
2022020352,PIT,CAR,2022-11-29,-118.0,-105.0,6.5,105.0,-135.0,,,,,
2022020353,PHI,NYI,2022-11-29,155.0,-200.0,5.5,-110.0,-115.0,,,,,
2022020354,MTL,SJS,2022-11-29,-114.0,-107.0,6.5,-110.0,-115.0,,,,,
2022020355,BOS,TBL,2022-11-29,-178.0,145.0,6.5,-104.0,-120.0,,,,,
2022020356,NSH,ANA,2022-11-29,-240.0,185.0,6.5,100.0,-122.0,,,,,
2022020357,WPG,COL,2022-11-29,112.0,-136.0,6.0,-110.0,-110.0,,,,,
2022020358,CGY,FLA,2022-11-29,-154.0,126.0,6.5,-102.0,-120.0,,,,,
2022020359,VAN,WSH,2022-11-29,-111.0,-110.0,6.5,-110.0,-110.0,,,,,
2022020360,LAK,SEA,2022-11-29,-130.0,105.0,5.5,-145.0,110.0,,,,,
2022020361,DET,BUF,2022-11-30,-130.0,110.0,6.5,-135.0,115.0,,,,,
2022020362,OTT,NYR,2022-11-30,-120.0,-105.0,6.5,-120.0,-105.0,,,,,
2022020363,TOR,SJS,2022-11-30,-315.0,240.0,6.5,-104.0,-120.0,,,,,
2022020364,CHI,EDM,2022-11-30,180.0,-225.0,6.5,-102.0,-120.0,,,,,
2022020365,BUF,COL,2022-12-01,147.0,-182.0,6.5,-115.0,-112.0,,,,,
2022020366,NJD,NSH,2022-12-01,-202.0,160.0,6.5,-100.0,-122.0,,,,,
2022020367,PHI,TBL,2022-12-01,180.0,-220.0,6.0,100.0,-115.0,,,,,
2022020368,PIT,VGK,2022-12-01,-120.0,-100.0,6.5,-102.0,-120.0,,,,,
2022020369,STL,CAR,2022-12-01,118.0,-142.0,5.5,-110.0,-120.0,,,,,
2022020370,MIN,EDM,2022-12-01,-167.0,133.0,6.5,-130.0,105.0,,,,,
2022020371,DAL,ANA,2022-12-01,-309.0,252.0,6.5,-108.0,-112.0,,,,,
2022020372,CGY,MTL,2022-12-01,-310.0,245.0,6.5,-102.0,-120.0,,,,,
2022020373,VAN,FLA,2022-12-01,-100.0,-128.0,6.5,-142.0,116.0,,,,,
2022020374,SEA,WSH,2022-12-01,-120.0,101.0,6.0,-114.0,-106.0,,,,,
2022020375,LAK,ARI,2022-12-01,-245.0,205.0,6.5,-105.0,-125.0,,,,,
2022020376,NYR,OTT,2022-12-02,-195.0,150.0,6.5,-110.0,-110.0,,,,,
2022020377,NYI,NSH,2022-12-02,-176.0,135.0,5.5,-145.0,110.0,,,,,
2022020378,WPG,CBJ,2022-12-02,-200.0,164.0,6.5,-112.0,-110.0,,,,,
2022020379,MIN,ANA,2022-12-03,-300.0,230.0,6.5,-102.0,-120.0,,,,,
2022020380,BOS,COL,2022-12-03,-170.0,140.0,6.5,104.0,-125.0,,,,,
2022020381,EDM,MTL,2022-12-03,-245.0,195.0,6.5,-121.0,-100.0,,,,,
2022020382,PHI,NJD,2022-12-03,180.0,-227.0,6.0,-105.0,-110.0,,,,,
2022020383,OTT,SJS,2022-12-03,-145.0,120.0,6.5,-112.0,-110.0,,,,,
2022020384,PIT,STL,2022-12-03,-192.0,152.0,6.5,100.0,-122.0,,,,,
2022020385,TBL,TOR,2022-12-03,-134.0,112.0,5.5,-145.0,110.0,,,,,
2022020386,DET,VGK,2022-12-03,122.0,-150.0,6.5,-115.0,-105.0,,,,,
2022020387,NYR,CHI,2022-12-03,-275.0,220.0,6.0,-115.0,-105.0,,,,,
2022020388,VAN,ARI,2022-12-03,-215.0,170.0,6.5,100.0,-120.0,,,,,
2022020389,SEA,FLA,2022-12-03,105.0,-125.0,6.5,102.0,-124.0,,,,,
2022020390,CGY,WSH,2022-12-03,-165.0,138.0,5.5,-135.0,110.0,,,,,
2022020391,LAK,CAR,2022-12-03,112.0,-138.0,5.5,-145.0,111.0,,,,,
2022020392,WPG,ANA,2022-12-04,-280.0,230.0,6.0,-115.0,-105.0,,,,,
2022020393,DAL,MIN,2022-12-04,-155.0,129.0,6.5,-105.0,-116.0,,,,,
2022020394,CBJ,DET,2022-12-04,-102.0,-120.0,6.5,-110.0,-112.0,,,,,
2022020395,BUF,SJS,2022-12-04,-155.0,125.0,6.5,-125.0,-105.0,,,,,
2022020396,NYI,CHI,2022-12-04,-300.0,230.0,5.5,-115.0,-105.0,,,,,
2022020397,PHI,COL,2022-12-05,162.0,-200.0,5.5,-120.0,-110.0,,,,,
2022020398,NYR,STL,2022-12-05,-174.0,142.0,6.0,-105.0,-115.0,,,,,
2022020399,BOS,VGK,2022-12-05,-190.0,157.0,6.5,-105.0,-122.0,,,,,
2022020400,EDM,WSH,2022-12-05,-165.0,126.0,6.5,-115.0,-105.0,,,,,
2022020401,CGY,ARI,2022-12-05,-340.0,275.0,6.5,105.0,-135.0,,,,,
2022020402,VAN,MTL,2022-12-05,-240.0,195.0,6.5,-120.0,-105.0,,,,,
2022020403,NJD,CHI,2022-12-06,-430.0,330.0,6.5,-100.0,-122.0,,,,,
2022020404,PIT,CBJ,2022-12-06,-297.0,235.0,6.5,-122.0,101.0,,,,,
2022020405,TBL,DET,2022-12-06,-255.0,205.0,6.5,-102.0,-122.0,,,,,
2022020406,OTT,LAK,2022-12-06,-115.0,-106.0,6.5,-120.0,-105.0,,,,,
2022020407,NYI,STL,2022-12-06,-185.0,145.0,5.5,-120.0,100.0,,,,,
2022020408,WPG,FLA,2022-12-06,-110.0,-115.0,6.5,104.0,-128.0,,,,,
2022020409,DAL,TOR,2022-12-06,-115.0,-105.0,6.5,104.0,-128.0,,,,,
2022020410,ANA,CAR,2022-12-06,230.0,-310.0,6.0,-110.0,-110.0,,,,,
2022020411,SEA,MTL,2022-12-06,-280.0,220.0,6.5,-104.0,-118.0,,,,,
2022020412,CBJ,BUF,2022-12-07,135.0,-162.0,6.5,-142.0,112.0,,,,,
2022020413,PHI,WSH,2022-12-07,116.0,-140.0,6.5,-110.0,-113.0,,,,,
2022020414,CGY,MIN,2022-12-07,-150.0,115.0,6.5,-100.0,-118.0,,,,,
2022020415,COL,BOS,2022-12-07,150.0,-177.0,6.0,-102.0,-115.0,,,,,
2022020416,EDM,ARI,2022-12-07,-310.0,240.0,6.5,-102.0,-121.0,,,,,
2022020417,VGK,NYR,2022-12-07,-130.0,110.0,5.5,-124.0,-110.0,,,,,
2022020418,SJS,VAN,2022-12-07,-102.0,-120.0,6.5,-125.0,-105.0,,,,,
2022020419,FLA,DET,2022-12-08,-210.0,172.0,6.5,-114.0,-106.0,,,,,
2022020420,TOR,LAK,2022-12-08,-184.0,152.0,5.5,-145.0,110.0,,,,,
2022020421,TBL,NSH,2022-12-08,-185.0,150.0,6.5,-100.0,-114.0,,,,,
2022020422,STL,WPG,2022-12-08,-100.0,-125.0,6.5,-100.0,-130.0,,,,,
2022020423,DAL,OTT,2022-12-08,-200.0,164.0,6.5,-125.0,-105.0,,,,,
2022020424,CBJ,CGY,2022-12-09,200.0,-260.0,6.5,-105.0,-115.0,,,,,
2022020425,NJD,NYI,2022-12-09,-225.0,188.0,6.0,-110.0,-110.0,,,,,
2022020426,BUF,PIT,2022-12-09,125.0,-151.0,6.5,-143.0,114.0,,,,,
2022020427,WSH,SEA,2022-12-09,-145.0,120.0,6.5,-100.0,-128.0,,,,,
2022020428,CHI,WPG,2022-12-09,123.0,-145.0,6.0,-125.0,105.0,,,,,
2022020429,EDM,MIN,2022-12-09,-125.0,105.0,6.5,-110.0,-115.0,,,,,
2022020430,COL,NYR,2022-12-09,126.0,-152.0,5.5,-115.0,-108.0,,,,,
2022020431,ARI,BOS,2022-12-09,275.0,-360.0,6.0,-115.0,-110.0,,,,,
2022020432,VGK,PHI,2022-12-09,-280.0,215.0,6.5,-107.0,-117.0,,,,,
2022020433,ANA,SJS,2022-12-09,-105.0,-115.0,6.5,-128.0,104.0,,,,,
2022020434,NSH,OTT,2022-12-10,-140.0,115.0,6.5,-110.0,-110.0,,,,,
2022020435,DAL,DET,2022-12-10,-205.0,168.0,6.5,-105.0,-115.0,,,,,
2022020436,TBL,FLA,2022-12-10,-152.0,130.0,6.5,-102.0,-120.0,,,,,
2022020437,PIT,BUF,2022-12-10,-230.0,180.0,6.5,-135.0,110.0,,,,,
2022020438,TOR,CGY,2022-12-10,-176.0,140.0,5.5,-130.0,-110.0,,,,,
2022020439,MTL,LAK,2022-12-10,145.0,-178.0,6.5,-105.0,-113.0,,,,,
2022020440,NYI,CAR,2022-12-10,112.0,-135.0,5.5,-120.0,-105.0,,,,,
2022020441,VAN,MIN,2022-12-10,-115.0,-110.0,6.5,-125.0,-105.0,,,,,
2022020442,STL,COL,2022-12-11,-105.0,-120.0,5.5,-135.0,110.0,,,,,
2022020443,CBJ,LAK,2022-12-11,125.0,-146.0,6.5,-102.0,-119.0,,,,,
2022020444,FLA,SEA,2022-12-11,-164.0,135.0,6.5,-120.0,-100.0,,,,,
2022020445,ARI,PHI,2022-12-11,-110.0,-110.0,5.5,-105.0,-115.0,,,,,
2022020446,WPG,WSH,2022-12-11,-130.0,108.0,6.0,-110.0,-110.0,,,,,
2022020447,VGK,BOS,2022-12-11,140.0,-170.0,6.0,100.0,-120.0,,,,,
2022020448,MTL,CGY,2022-12-12,164.0,-200.0,5.5,-130.0,106.0,,,,,
2022020449,PIT,DAL,2022-12-12,-130.0,108.0,6.5,-104.0,-120.0,,,,,
2022020450,NYR,NJD,2022-12-12,-110.0,-110.0,6.5,-100.0,-130.0,,,,,
2022020451,OTT,ANA,2022-12-12,-230.0,185.0,6.5,-125.0,105.0,,,,,
2022020452,MIN,EDM,2022-12-12,-130.0,108.0,6.5,-120.0,100.0,,,,,
2022020453,STL,NSH,2022-12-12,106.0,-120.0,6.0,-115.0,-105.0,,,,,
2022020454,TOR,ANA,2022-12-13,-510.0,382.0,6.5,-102.0,-120.0,,,,,
2022020455,FLA,CBJ,2022-12-13,-297.0,227.0,6.5,-123.0,-102.0,,,,,
2022020456,NJD,DAL,2022-12-13,-160.0,132.0,6.5,-104.0,-120.0,,,,,
2022020457,BUF,LAK,2022-12-13,-107.0,-115.0,6.5,-136.0,110.0,,,,,
2022020458,BOS,NYI,2022-12-13,-280.0,220.0,5.5,-127.0,102.0,,,,,
2022020459,TBL,SEA,2022-12-13,-215.0,160.0,6.5,-102.0,-117.0,,,,,
2022020460,DET,CAR,2022-12-13,145.0,-176.0,6.0,-105.0,-115.0,,,,,
2022020461,NSH,EDM,2022-12-13,108.0,-129.0,6.5,-120.0,-102.0,,,,,
2022020462,WPG,VGK,2022-12-13,-140.0,115.0,6.0,100.0,-110.0,,,,,
2022020463,CHI,WSH,2022-12-13,168.0,-215.0,6.5,-106.0,-120.0,,,,,
2022020464,COL,PHI,2022-12-13,-230.0,185.0,5.5,-135.0,107.0,,,,,
2022020465,SJS,ARI,2022-12-13,-175.0,145.0,6.0,-120.0,100.0,,,,,
2022020466,OTT,MTL,2022-12-14,-215.0,176.0,6.5,-105.0,-115.0,,,,,
2022020467,MIN,DET,2022-12-14,-275.0,220.0,6.0,-125.0,105.0,,,,,
2022020468,CGY,VAN,2022-12-14,-194.0,150.0,6.5,-100.0,-122.0,,,,,
2022020469,MTL,ANA,2022-12-15,-165.0,135.0,6.5,-100.0,-118.0,,,,,
2022020470,TBL,CBJ,2022-12-15,-350.0,257.0,6.5,-129.0,101.0,,,,,
2022020471,WSH,DAL,2022-12-15,-105.0,-115.0,6.0,-110.0,-110.0,,,,,
2022020472,BOS,LAK,2022-12-15,-255.0,205.0,6.5,105.0,-135.0,,,,,
2022020473,NJD,PHI,2022-12-15,-300.0,242.0,6.5,-105.0,-122.0,,,,,
2022020474,FLA,PIT,2022-12-15,-110.0,-115.0,6.5,102.0,-122.0,,,,,
2022020475,CAR,SEA,2022-12-15,-205.0,165.0,5.5,-120.0,105.0,,,,,
2022020476,NYR,TOR,2022-12-15,100.0,-125.0,5.5,-130.0,104.0,,,,,
2022020477,WPG,NSH,2022-12-15,-166.0,138.0,6.0,-115.0,-105.0,,,,,
2022020478,CHI,VGK,2022-12-15,172.0,-210.0,6.0,-110.0,-110.0,,,,,
2022020479,COL,BUF,2022-12-15,-205.0,155.0,6.5,-110.0,-115.0,,,,,
2022020480,EDM,STL,2022-12-15,-176.0,145.0,6.5,-102.0,-117.0,,,,,
2022020481,MIN,CHI,2022-12-16,-437.0,340.0,6.0,-110.0,-110.0,,,,,
2022020482,CGY,STL,2022-12-16,-240.0,187.0,5.5,-125.0,-105.0,,,,,
2022020483,ARI,NYI,2022-12-16,150.0,-185.0,5.5,-125.0,-105.0,,,,,
2022020484,BOS,CBJ,2022-12-17,-430.0,330.0,6.5,-105.0,-120.0,,,,,
2022020485,DET,OTT,2022-12-17,-110.0,-113.0,6.5,-100.0,-128.0,,,,,
2022020486,EDM,ANA,2022-12-17,-350.0,275.0,6.5,-130.0,110.0,,,,,
2022020487,CAR,DAL,2022-12-17,-157.0,133.0,5.5,-115.0,-110.0,,,,,
2022020488,NJD,FLA,2022-12-17,-135.0,106.0,6.5,-125.0,105.0,,,,,
2022020489,PHI,NYR,2022-12-17,140.0,-165.0,5.5,-120.0,105.0,,,,,
2022020490,MTL,TBL,2022-12-17,210.0,-260.0,6.0,-115.0,-105.0,,,,,
2022020491,WSH,TOR,2022-12-17,121.0,-148.0,6.0,-117.0,-102.0,,,,,
2022020492,ARI,BUF,2022-12-17,136.0,-170.0,6.5,-115.0,-110.0,,,,,
2022020493,COL,NSH,2022-12-17,-175.0,140.0,5.5,-115.0,-113.0,,,,,
2022020494,VGK,NYI,2022-12-17,-175.0,145.0,6.0,-100.0,-120.0,,,,,
2022020495,VAN,WPG,2022-12-17,102.0,-120.0,6.5,-105.0,-117.0,,,,,
2022020496,LAK,SJS,2022-12-17,-156.0,130.0,6.5,-102.0,-120.0,,,,,
2022020497,MIN,OTT,2022-12-18,-215.0,175.0,6.5,-100.0,-122.0,,,,,
2022020498,CAR,PIT,2022-12-18,-130.0,108.0,6.0,-110.0,-110.0,,,,,
2022020499,CHI,NYR,2022-12-18,200.0,-255.0,5.5,-118.0,-104.0,,,,,
2022020500,SEA,WPG,2022-12-18,-164.0,135.0,6.5,-100.0,-128.0,,,,,
2022020501,SJS,CGY,2022-12-18,155.0,-194.0,6.5,-102.0,-120.0,,,,,
2022020502,CBJ,DAL,2022-12-19,200.0,-240.0,6.5,-105.0,-120.0,,,,,
2022020503,WSH,DET,2022-12-19,-182.0,150.0,6.0,-110.0,-110.0,,,,,
2022020504,BOS,FLA,2022-12-19,-212.0,174.0,6.5,-104.0,-120.0,,,,,
2022020505,NSH,EDM,2022-12-19,-105.0,-122.0,6.5,-110.0,-110.0,,,,,
2022020506,COL,NYI,2022-12-19,-155.0,125.0,5.5,-110.0,-110.0,,,,,
2022020507,VGK,BUF,2022-12-19,-154.0,128.0,6.5,-120.0,-105.0,,,,,
2022020508,ARI,MTL,2022-12-19,-125.0,-105.0,5.5,-124.0,102.0,,,,,
2022020509,VAN,STL,2022-12-19,-110.0,-111.0,6.5,-100.0,-128.0,,,,,
2022020510,PHI,CBJ,2022-12-20,-182.0,150.0,6.5,100.0,-122.0,,,,,
2022020511,PIT,NYR,2022-12-20,-135.0,115.0,5.5,-128.0,104.0,,,,,
2022020512,CAR,NJD,2022-12-20,-125.0,-100.0,6.0,-114.0,-106.0,,,,,
2022020513,TOR,TBL,2022-12-20,-135.0,108.0,6.5,-100.0,-130.0,,,,,
2022020514,WPG,OTT,2022-12-20,-125.0,105.0,6.5,-118.0,-110.0,,,,,
2022020515,SEA,STL,2022-12-20,-190.0,160.0,5.5,-120.0,100.0,,,,,
2022020516,LAK,ANA,2022-12-20,-265.0,220.0,6.5,-115.0,-115.0,,,,,
2022020517,SJS,CGY,2022-12-20,160.0,-190.0,5.5,-120.0,-105.0,,,,,
2022020518,FLA,NJD,2022-12-21,-135.0,110.0,6.5,-125.0,-105.0,,,,,
2022020519,DET,TBL,2022-12-21,130.0,-162.0,6.5,-110.0,-120.0,,,,,
2022020520,COL,MTL,2022-12-21,-300.0,220.0,5.5,-120.0,-110.0,,,,,
2022020521,CHI,NSH,2022-12-21,172.0,-210.0,5.5,-122.0,100.0,,,,,
2022020522,DAL,EDM,2022-12-21,-145.0,120.0,6.5,-125.0,105.0,,,,,
2022020523,VGK,ARI,2022-12-21,-320.0,255.0,6.0,-105.0,-115.0,,,,,
2022020524,ANA,MIN,2022-12-21,235.0,-300.0,6.5,-105.0,-122.0,,,,,
2022020525,TOR,PHI,2022-12-22,-345.0,255.0,6.5,-100.0,-130.0,,,,,
2022020526,PIT,CAR,2022-12-22,-135.0,110.0,5.5,-120.0,-105.0,,,,,
2022020527,NYR,NYI,2022-12-22,-170.0,130.0,5.5,-115.0,-112.0,,,,,
2022020528,OTT,WSH,2022-12-22,110.0,-130.0,6.5,-105.0,-120.0,,,,,
2022020529,BOS,WPG,2022-12-22,-255.0,192.0,6.5,105.0,-134.0,,,,,
2022020530,VAN,SEA,2022-12-22,105.0,-120.0,6.5,-106.0,-115.0,,,,,
2022020531,LAK,CGY,2022-12-22,-100.0,-120.0,6.0,-115.0,-110.0,,,,,
2022020532,SJS,MIN,2022-12-22,135.0,-172.0,6.5,-105.0,-125.0,,,,,
2022020533,NJD,BOS,2022-12-23,-105.0,-120.0,6.5,105.0,-120.0,,,,,
2022020535,CAR,PHI,2022-12-23,-350.0,265.0,6.0,-105.0,-115.0,,,,,
2022020537,WSH,WPG,2022-12-23,-170.0,140.0,6.5,104.0,-128.0,,,,,
2022020538,NYI,FLA,2022-12-23,106.0,-130.0,6.0,-120.0,-100.0,,,,,
2022020539,NSH,COL,2022-12-23,104.0,-122.0,5.5,-117.0,-108.0,,,,,
2022020540,CHI,CBJ,2022-12-23,-113.0,-113.0,6.5,-105.0,-115.0,,,,,
2022020541,DAL,MTL,2022-12-23,-307.0,250.0,6.5,-100.0,-130.0,,,,,
2022020542,EDM,VAN,2022-12-23,-225.0,190.0,6.5,-142.0,112.0,,,,,
2022020543,ARI,LAK,2022-12-23,145.0,-170.0,6.0,-120.0,-105.0,,,,,
2022020544,ANA,CGY,2022-12-23,180.0,-225.0,6.5,-102.0,-123.0,,,,,
2022020545,VGK,STL,2022-12-23,-162.0,136.0,5.5,-120.0,-107.0,,,,,
2022020546,OTT,BOS,2022-12-27,162.0,-200.0,6.5,106.0,-120.0,,,,,
2022020548,CAR,CHI,2022-12-27,-500.0,333.0,6.5,-100.0,-130.0,,,,,
2022020549,NYR,WSH,2022-12-27,-163.0,135.0,5.5,-132.0,108.0,,,,,
2022020550,NYI,PIT,2022-12-27,115.0,-140.0,5.5,-135.0,106.0,,,,,
2022020551,NSH,DAL,2022-12-27,115.0,-140.0,6.0,100.0,-120.0,,,,,
2022020552,WPG,MIN,2022-12-27,102.0,-122.0,5.5,-135.0,106.0,,,,,
2022020553,STL,TOR,2022-12-27,150.0,-181.0,6.0,-105.0,-115.0,,,,,
2022020554,ARI,COL,2022-12-27,185.0,-235.0,5.5,-110.0,-115.0,,,,,
2022020555,CGY,EDM,2022-12-27,-140.0,115.0,6.5,-122.0,-100.0,,,,,
2022020556,VAN,SJS,2022-12-27,-135.0,112.0,6.5,-130.0,105.0,,,,,
2022020557,LAK,VGK,2022-12-27,-120.0,-105.0,6.5,-110.0,-115.0,,,,,
2022020558,NJD,BOS,2022-12-28,-105.0,-118.0,6.5,-105.0,-120.0,,,,,
2022020559,TBL,MTL,2022-12-28,-390.0,295.0,5.5,-138.0,112.0,,,,,
2022020560,PIT,DET,2022-12-28,-205.0,168.0,6.5,-105.0,-120.0,,,,,
2022020561,SEA,CGY,2022-12-28,-105.0,-117.0,6.5,-100.0,-128.0,,,,,
2022020562,ANA,VGK,2022-12-28,140.0,-170.0,6.0,-120.0,100.0,,,,,
2022020563,BUF,DET,2022-12-29,-180.0,145.0,6.5,-125.0,105.0,,,,,
2022020564,FLA,MTL,2022-12-29,-365.0,290.0,6.5,-120.0,-105.0,,,,,
2022020565,TBL,NYR,2022-12-29,-145.0,115.0,5.5,-118.0,-105.0,,,,,
2022020566,WSH,OTT,2022-12-29,-176.0,145.0,5.5,-145.0,110.0,,,,,
2022020567,NYI,CBJ,2022-12-29,-280.0,205.0,6.5,-104.0,-115.0,,,,,
2022020568,STL,CHI,2022-12-29,-260.0,198.0,6.0,-110.0,-112.0,,,,,
2022020569,MIN,DAL,2022-12-29,-122.0,100.0,5.5,-135.0,110.0,,,,,
2022020570,WPG,VAN,2022-12-29,-150.0,125.0,6.5,-105.0,-115.0,,,,,
2022020571,COL,LAK,2022-12-29,-145.0,125.0,5.5,-135.0,107.0,,,,,
2022020572,ARI,TOR,2022-12-29,250.0,-307.0,6.0,-115.0,-112.0,,,,,
2022020573,SJS,PHI,2022-12-29,-160.0,130.0,6.5,-110.0,-115.0,,,,,
2022020574,ANA,NSH,2022-12-30,150.0,-180.0,6.5,104.0,-128.0,,,,,
2022020575,CAR,FLA,2022-12-30,-185.0,150.0,6.0,-110.0,-110.0,,,,,
2022020576,PIT,NJD,2022-12-30,-115.0,-110.0,6.5,102.0,-124.0,,,,,
2022020577,SEA,EDM,2022-12-30,-125.0,-105.0,6.5,-110.0,-115.0,,,,,
2022020578,BOS,BUF,2022-12-31,-260.0,202.0,6.5,-125.0,-104.0,,,,,
2022020579,VGK,NSH,2022-12-31,-170.0,142.0,6.5,-100.0,-120.0,,,,,
2022020580,WSH,MTL,2022-12-31,-280.0,215.0,6.5,110.0,-145.0,,,,,
2022020581,LAK,PHI,2022-12-31,-235.0,190.0,6.5,-110.0,-116.0,,,,,
2022020582,TBL,ARI,2022-12-31,-360.0,280.0,5.5,-125.0,-105.0,,,,,
2022020583,CBJ,CHI,2022-12-31,-145.0,125.0,6.5,-100.0,-130.0,,,,,
2022020584,DET,OTT,2022-12-31,-110.0,-125.0,6.5,-122.0,100.0,,,,,
2022020585,COL,TOR,2022-12-31,-108.0,-120.0,5.5,-130.0,-102.0,,,,,
2022020586,DAL,SJS,2022-12-31,-250.0,198.0,6.5,100.0,-115.0,,,,,
2022020587,CGY,VAN,2022-12-31,-230.0,185.0,6.5,-110.0,-120.0,,,,,
2022020588,EDM,WPG,2022-12-31,-125.0,105.0,6.5,-102.0,-120.0,,,,,
2022020589,STL,MIN,2022-12-31,110.0,-136.0,5.5,-115.0,-111.0,,,,,
2022020590,NJD,CAR,2023-01-01,-102.0,-120.0,5.5,-125.0,-105.0,,,,,
2022020591,FLA,NYR,2023-01-01,-150.0,125.0,6.0,-120.0,-100.0,,,,,
2022020592,OTT,BUF,2023-01-01,-135.0,110.0,6.5,-135.0,110.0,,,,,
2022020593,CHI,SJS,2023-01-01,125.0,-145.0,6.5,-100.0,-120.0,,,,,
2022020594,SEA,NYI,2023-01-01,-125.0,101.0,6.0,-110.0,-110.0,,,,,
2022020595,BOS,PIT,2023-01-02,-185.0,150.0,6.5,-100.0,-128.0,,,,,
2022020596,COL,VGK,2023-01-02,-155.0,132.0,5.5,-130.0,-100.0,,,,,
2022020597,ANA,PHI,2023-01-02,-105.0,-120.0,6.5,-100.0,-118.0,,,,,
2022020598,FLA,ARI,2023-01-03,-350.0,260.0,6.5,104.0,-120.0,,,,,
2022020599,WSH,BUF,2023-01-03,-166.0,135.0,6.5,-115.0,-115.0,,,,,
2022020600,NYR,CAR,2023-01-03,106.0,-125.0,5.5,-110.0,-110.0,,,,,
2022020601,OTT,CBJ,2023-01-03,-225.0,180.0,6.5,-105.0,-115.0,,,,,
2022020602,TOR,STL,2023-01-03,-300.0,230.0,6.0,-110.0,-110.0,,,,,
2022020603,WPG,CGY,2023-01-03,120.0,-145.0,5.5,-122.0,-100.0,,,,,
2022020604,NSH,MTL,2023-01-03,-260.0,210.0,6.5,105.0,-130.0,,,,,
2022020605,CHI,TBL,2023-01-03,295.0,-377.0,6.5,-110.0,-110.0,,,,,
2022020606,EDM,SEA,2023-01-03,-165.0,136.0,6.5,-125.0,104.0,,,,,
2022020607,VAN,NYI,2023-01-03,-110.0,-110.0,6.5,100.0,-122.0,,,,,
2022020608,LAK,DAL,2023-01-03,105.0,-126.0,5.5,-150.0,115.0,,,,,
2022020609,DET,NJD,2023-01-04,130.0,-155.0,6.5,-105.0,-115.0,,,,,
2022020610,MIN,TBL,2023-01-04,-120.0,-107.0,6.5,100.0,-122.0,,,,,
2022020611,ANA,DAL,2023-01-04,180.0,-235.0,6.5,-100.0,-114.0,,,,,
2022020612,PHI,ARI,2023-01-05,-155.0,125.0,6.5,-100.0,-128.0,,,,,
2022020613,MTL,NYR,2023-01-05,165.0,-205.0,6.5,-100.0,-114.0,,,,,
2022020614,CAR,NSH,2023-01-05,-250.0,190.0,5.5,-150.0,115.0,,,,,
2022020615,TOR,SEA,2023-01-05,-235.0,180.0,6.5,-115.0,-109.0,,,,,
2022020616,NJD,STL,2023-01-05,-190.0,155.0,6.5,-106.0,-114.0,,,,,
2022020617,CBJ,WSH,2023-01-05,180.0,-225.0,6.5,-105.0,-115.0,,,,,
2022020618,EDM,NYI,2023-01-05,-160.0,132.0,6.0,-120.0,-105.0,,,,,
2022020619,VAN,COL,2023-01-05,130.0,-170.0,6.5,-104.0,-118.0,,,,,
2022020620,VGK,PIT,2023-01-05,-111.0,-108.0,6.5,-100.0,-112.0,,,,,
2022020621,LAK,BOS,2023-01-05,135.0,-180.0,5.5,-130.0,106.0,,,,,
2022020622,WSH,NSH,2023-01-06,-167.0,140.0,6.5,-100.0,-120.0,,,,,
2022020623,DET,FLA,2023-01-06,130.0,-154.0,6.5,-120.0,-100.0,,,,,
2022020624,WPG,TBL,2023-01-06,-110.0,-110.0,6.0,-110.0,-110.0,,,,,
2022020625,CHI,ARI,2023-01-06,-110.0,-110.0,6.0,-110.0,-110.0,,,,,
2022020626,CGY,NYI,2023-01-06,-225.0,180.0,5.5,-130.0,105.0,,,,,
2022020627,ANA,SJS,2023-01-06,134.0,-160.0,6.5,-105.0,-120.0,,,,,
2022020628,NJD,NYR,2023-01-07,-120.0,-105.0,6.0,-110.0,-110.0,,,,,
2022020629,CBJ,CAR,2023-01-07,280.0,-350.0,6.5,-110.0,-120.0,,,,,
2022020630,TOR,DET,2023-01-07,-350.0,274.0,6.5,-117.0,-105.0,,,,,
2022020631,BUF,MIN,2023-01-07,106.0,-125.0,6.5,-120.0,-102.0,,,,,
2022020632,OTT,SEA,2023-01-07,-115.0,-110.0,6.5,-104.0,-120.0,,,,,
2022020633,MTL,STL,2023-01-07,135.0,-164.0,6.5,-110.0,-110.0,,,,,
2022020634,EDM,COL,2023-01-07,-125.0,-105.0,6.5,-105.0,-115.0,,,,,
2022020635,VGK,LAK,2023-01-07,-155.0,125.0,6.5,100.0,-122.0,,,,,
2022020636,SJS,BOS,2023-01-07,205.0,-260.0,6.5,-100.0,-112.0,,,,,
2022020637,DAL,FLA,2023-01-08,-134.0,110.0,6.5,-115.0,-110.0,,,,,
2022020638,WPG,VAN,2023-01-08,-165.0,140.0,6.5,-115.0,-110.0,,,,,
2022020639,WSH,CBJ,2023-01-08,-365.0,287.0,6.5,-110.0,-110.0,,,,,
2022020640,CHI,CGY,2023-01-08,277.0,-350.0,5.5,-126.0,-100.0,,,,,
2022020641,ARI,PIT,2023-01-08,179.0,-227.0,6.5,-105.0,-115.0,,,,,
2022020642,MIN,STL,2023-01-08,-205.0,168.0,6.5,100.0,-130.0,,,,,
2022020643,PHI,TOR,2023-01-08,177.0,-217.0,6.5,-105.0,-125.0,,,,,
2022020644,ANA,BOS,2023-01-08,250.0,-315.0,6.5,104.0,-128.0,,,,,
2022020645,OTT,NSH,2023-01-09,-120.0,-102.0,6.5,105.0,-130.0,,,,,
2022020646,MTL,SEA,2023-01-09,175.0,-225.0,6.5,-100.0,-128.0,,,,,
2022020647,LAK,EDM,2023-01-09,-110.0,-110.0,6.5,-120.0,100.0,,,,,
2022020990,BUF,PHI,2023-01-09,-240.0,190.0,6.5,-130.0,110.0,,,,,
2022020648,TBL,CBJ,2023-01-10,-460.0,350.0,6.0,-120.0,-100.0,,,,,
2022020649,NYR,MIN,2023-01-10,-140.0,120.0,6.0,-100.0,-115.0,,,,,
2022020650,CAR,NJD,2023-01-10,-152.0,126.0,6.0,-120.0,-105.0,,,,,
2022020651,BUF,SEA,2023-01-10,-115.0,-105.0,6.5,-130.0,107.0,,,,,
2022020652,PIT,VAN,2023-01-10,-187.0,155.0,6.5,-130.0,110.0,,,,,
2022020653,NYI,DAL,2023-01-10,100.0,-120.0,5.5,-110.0,-110.0,,,,,
2022020654,DET,WPG,2023-01-10,115.0,-135.0,6.0,-115.0,-105.0,,,,,
2022020655,STL,CGY,2023-01-10,140.0,-170.0,6.0,-100.0,-120.0,,,,,
2022020656,COL,FLA,2023-01-10,-132.0,110.0,6.5,-102.0,-120.0,,,,,
2022020657,ARI,SJS,2023-01-10,115.0,-140.0,6.5,-102.0,-120.0,,,,,
2022020658,TOR,NSH,2023-01-11,-178.0,150.0,6.0,-100.0,-120.0,,,,,
2022020659,PHI,WSH,2023-01-11,145.0,-185.0,6.5,104.0,-128.0,,,,,
2022020660,ANA,EDM,2023-01-11,195.0,-255.0,6.5,-142.0,110.0,,,,,
2022020661,LAK,SJS,2023-01-11,-205.0,168.0,6.5,-115.0,-107.0,,,,,
2022020662,CBJ,CAR,2023-01-12,270.0,-360.0,6.5,-105.0,-120.0,,,,,
2022020663,NYR,DAL,2023-01-12,-130.0,110.0,5.5,-115.0,-105.0,,,,,
2022020664,MTL,NSH,2023-01-12,145.0,-172.0,6.5,-110.0,-115.0,,,,,
2022020665,BOS,SEA,2023-01-12,-230.0,188.0,6.0,-110.0,-110.0,,,,,
2022020666,DET,TOR,2023-01-12,116.0,-142.0,6.5,101.0,-120.0,,,,,
2022020667,TBL,VAN,2023-01-12,-275.0,220.0,6.5,-134.0,110.0,,,,,
2022020668,BUF,WPG,2023-01-12,-100.0,-125.0,6.5,-121.0,-100.0,,,,,
2022020669,NYI,MIN,2023-01-12,-110.0,-111.0,5.5,-120.0,-105.0,,,,,
2022020670,STL,CGY,2023-01-12,145.0,-175.0,6.0,-105.0,-115.0,,,,,
2022020671,CHI,COL,2023-01-12,262.0,-332.0,5.5,-145.0,110.0,,,,,
2022020672,ARI,OTT,2023-01-12,134.0,-160.0,6.5,-105.0,-115.0,,,,,
2022020673,VGK,FLA,2023-01-12,-120.0,-105.0,6.5,-125.0,-105.0,,,,,
2022020674,PIT,WPG,2023-01-13,-173.0,143.0,6.5,-120.0,-105.0,,,,,
2022020675,ANA,NJD,2023-01-13,260.0,-335.0,6.5,-115.0,-105.0,,,,,
2022020676,SJS,EDM,2023-01-13,140.0,-165.0,6.5,-158.0,128.0,,,,,
2022020677,DAL,CGY,2023-01-14,-115.0,-105.0,6.0,-110.0,-110.0,,,,,
2022020678,DET,CBJ,2023-01-14,-230.0,188.0,6.5,-115.0,-105.0,,,,,
2022020679,NYI,MTL,2023-01-14,-245.0,185.0,5.5,-114.0,-106.0,,,,,
2022020680,COL,OTT,2023-01-14,-162.0,134.0,6.5,-105.0,-115.0,,,,,
2022020681,WSH,PHI,2023-01-14,-225.0,180.0,6.5,-107.0,-119.0,,,,,
2022020682,CAR,PIT,2023-01-14,-210.0,171.0,6.5,-100.0,-119.0,,,,,
2022020683,BOS,TOR,2023-01-14,-151.0,128.0,6.0,-112.0,-112.0,,,,,
2022020684,FLA,VAN,2023-01-14,-225.0,180.0,6.5,-170.0,130.0,,,,,
2022020685,MIN,ARI,2023-01-14,-365.0,290.0,6.5,-119.0,-104.0,,,,,
2022020686,NSH,BUF,2023-01-14,-135.0,115.0,6.5,-115.0,-105.0,,,,,
2022020687,CHI,SEA,2023-01-14,190.0,-235.0,6.0,-110.0,-110.0,,,,,
2022020688,STL,TBL,2023-01-14,156.0,-191.0,6.5,-105.0,-125.0,,,,,
2022020689,VGK,EDM,2023-01-14,-135.0,110.0,6.5,-130.0,100.0,,,,,
2022020690,LAK,NJD,2023-01-14,-120.0,-105.0,6.5,-115.0,-105.0,,,,,
2022020691,NYR,MTL,2023-01-15,-380.0,300.0,6.0,-122.0,103.0,,,,,
2022020692,CAR,VAN,2023-01-15,-295.0,235.0,6.5,-128.0,105.0,,,,,
2022020693,WPG,ARI,2023-01-15,-375.0,290.0,6.5,104.0,-120.0,,,,,
2022020694,BUF,FLA,2023-01-16,105.0,-135.0,6.5,-150.0,115.0,,,,,
2022020695,BOS,PHI,2023-01-16,-320.0,250.0,6.5,105.0,-135.0,,,,,
2022020696,COL,DET,2023-01-16,-205.0,165.0,6.5,-105.0,-120.0,,,,,
2022020697,SJS,NJD,2023-01-16,165.0,-200.0,6.5,-115.0,-105.0,,,,,
2022020698,SEA,TBL,2023-01-16,118.0,-142.0,6.5,-106.0,-117.0,,,,,
2022020699,VGK,DAL,2023-01-16,-118.0,-102.0,5.5,-138.0,112.0,,,,,
2022020700,PIT,ANA,2023-01-16,-350.0,275.0,6.5,-115.0,-105.0,,,,,
2022020701,CBJ,NYR,2023-01-16,145.0,-182.0,6.5,-105.0,-120.0,,,,,
2022020702,NYI,WSH,2023-01-16,-115.0,-110.0,5.5,-110.0,-115.0,,,,,
2022020703,NSH,CGY,2023-01-16,115.0,-135.0,6.5,105.0,-135.0,,,,,
2022020704,STL,OTT,2023-01-16,-110.0,-112.0,6.5,101.0,-118.0,,,,,
2022020338,NSH,CBJ,2023-01-17,-215.0,172.0,6.5,-118.0,-110.0,,,,,
2022020705,PHI,ANA,2023-01-17,-220.0,175.0,6.5,-100.0,-130.0,,,,,
2022020706,TOR,FLA,2023-01-17,-185.0,145.0,6.5,-120.0,-105.0,,,,,
2022020707,WSH,MIN,2023-01-17,120.0,-140.0,6.0,100.0,-120.0,,,,,
2022020708,MTL,WPG,2023-01-17,200.0,-250.0,6.0,-115.0,-105.0,,,,,
2022020709,CHI,BUF,2023-01-17,160.0,-195.0,6.5,-120.0,105.0,,,,,
2022020710,ARI,DET,2023-01-17,-109.0,-130.0,6.5,-106.0,-115.0,,,,,
2022020711,EDM,SEA,2023-01-17,-184.0,150.0,6.5,-135.0,110.0,,,,,
2022020712,OTT,PIT,2023-01-18,-110.0,-113.0,6.5,-105.0,-115.0,,,,,
2022020713,NYI,BOS,2023-01-18,165.0,-200.0,5.5,-110.0,-110.0,,,,,
2022020714,CGY,COL,2023-01-18,-146.0,123.0,6.0,-105.0,-115.0,,,,,
2022020715,VAN,TBL,2023-01-18,136.0,-165.0,6.5,-142.0,115.0,,,,,
2022020716,SJS,DAL,2023-01-18,130.0,-160.0,6.5,105.0,-135.0,,,,,
2022020717,CBJ,ANA,2023-01-19,-165.0,140.0,6.5,-110.0,-110.0,,,,,
2022020718,NYR,BOS,2023-01-19,-110.0,-112.0,5.5,-115.0,-105.0,,,,,
2022020719,PHI,CHI,2023-01-19,-235.0,180.0,6.5,-107.0,-117.0,,,,,
2022020720,MTL,FLA,2023-01-19,200.0,-247.0,6.5,-110.0,-110.0,,,,,
2022020721,CAR,MIN,2023-01-19,-180.0,150.0,5.5,-120.0,-100.0,,,,,
2022020722,BUF,NYI,2023-01-19,-130.0,110.0,6.0,-115.0,-105.0,,,,,
2022020723,TOR,WPG,2023-01-19,-173.0,142.0,6.5,-110.0,-113.0,,,,,
2022020724,STL,NSH,2023-01-19,104.0,-125.0,6.0,102.0,-117.0,,,,,
2022020725,EDM,TBL,2023-01-19,-125.0,104.0,6.5,-120.0,-105.0,,,,,
2022020726,ARI,WSH,2023-01-19,177.0,-220.0,6.5,-103.0,-115.0,,,,,
2022020727,VGK,DET,2023-01-19,-174.0,142.0,6.5,101.0,-120.0,,,,,
2022020728,SEA,NJD,2023-01-19,114.0,-135.0,6.5,-104.0,-118.0,,,,,
2022020729,LAK,DAL,2023-01-19,-135.0,115.0,6.0,-110.0,-110.0,,,,,
2022020730,PIT,OTT,2023-01-20,-165.0,135.0,6.5,-115.0,-110.0,,,,,
2022020731,VAN,COL,2023-01-20,120.0,-146.0,6.5,-125.0,-105.0,,,,,
2022020732,BUF,ANA,2023-01-21,-280.0,225.0,6.5,-145.0,114.0,,,,,
2022020733,CGY,TBL,2023-01-21,-110.0,-110.0,6.5,-100.0,-130.0,,,,,
2022020734,FLA,MIN,2023-01-21,-115.0,-105.0,6.5,-134.0,110.0,,,,,
2022020735,DET,PHI,2023-01-21,-140.0,115.0,6.5,-100.0,-120.0,,,,,
2022020736,CBJ,SJS,2023-01-21,115.0,-140.0,6.5,-127.0,101.0,,,,,
2022020737,MTL,TOR,2023-01-21,290.0,-385.0,6.5,105.0,-130.0,,,,,
2022020738,OTT,WPG,2023-01-21,116.0,-141.0,6.5,-112.0,-109.0,,,,,
2022020739,NYI,CAR,2023-01-21,145.0,-175.0,5.5,-105.0,-115.0,,,,,
2022020740,DAL,ARI,2023-01-21,-360.0,280.0,6.5,105.0,-134.0,,,,,
2022020741,STL,CHI,2023-01-21,-262.0,210.0,6.5,-100.0,-130.0,,,,,
2022020742,NSH,LAK,2023-01-21,-120.0,-102.0,6.0,-110.0,-110.0,,,,,
2022020743,SEA,COL,2023-01-21,-114.0,-110.0,6.0,-120.0,100.0,,,,,
2022020744,VAN,EDM,2023-01-21,165.0,-205.0,7.5,102.0,-139.0,,,,,
2022020745,VGK,WSH,2023-01-21,-126.0,110.0,5.5,-122.0,100.0,,,,,
2022020746,NJD,PIT,2023-01-22,-150.0,122.0,6.5,-115.0,-110.0,,,,,
2022020747,CHI,LAK,2023-01-22,187.0,-232.0,6.5,-112.0,-109.0,,,,,
2022020748,BOS,SJS,2023-01-22,-395.0,310.0,6.5,105.0,-130.0,,,,,
2022020749,PHI,WPG,2023-01-22,138.0,-170.0,6.5,-104.0,-120.0,,,,,
2022020750,ARI,VGK,2023-01-22,180.0,-215.0,6.5,-100.0,-130.0,,,,,
2022020751,NYR,FLA,2023-01-23,-162.0,135.0,6.5,-114.0,-106.0,,,,,
2022020752,TOR,NYI,2023-01-23,-230.0,187.0,5.5,-115.0,-106.0,,,,,
2022020753,DAL,BUF,2023-01-23,-192.0,150.0,6.5,-130.0,105.0,,,,,
2022020754,CGY,CBJ,2023-01-23,-375.0,290.0,6.5,106.0,-122.0,,,,,
2022020755,MTL,BOS,2023-01-24,315.0,-405.0,6.0,-110.0,-110.0,,,,,
2022020756,PIT,FLA,2023-01-24,-170.0,145.0,6.5,-130.0,102.0,,,,,
2022020757,PHI,LAK,2023-01-24,115.0,-135.0,6.5,-100.0,-125.0,,,,,
2022020758,TBL,MIN,2023-01-24,-165.0,140.0,6.5,-100.0,-120.0,,,,,
2022020759,NJD,VGK,2023-01-24,-178.0,145.0,6.5,102.0,-124.0,,,,,
2022020760,DET,SJS,2023-01-24,-135.0,115.0,6.5,-110.0,-110.0,,,,,
2022020761,STL,BUF,2023-01-24,-135.0,112.0,6.5,-135.0,112.0,,,,,
2022020762,NSH,WPG,2023-01-24,100.0,-120.0,5.5,-130.0,100.0,,,,,
2022020763,ARI,ANA,2023-01-24,-130.0,108.0,6.5,-110.0,-110.0,,,,,
2022020764,COL,WSH,2023-01-24,-132.0,110.0,5.5,-125.0,-105.0,,,,,
2022020765,VAN,CHI,2023-01-24,-242.0,190.0,6.5,-107.0,-115.0,,,,,
2022020766,OTT,NYI,2023-01-25,-135.0,105.0,6.0,-115.0,-107.0,,,,,
2022020767,TOR,NYR,2023-01-25,-164.0,135.0,5.5,-122.0,-110.0,,,,,
2022020768,DAL,CAR,2023-01-25,-105.0,-115.0,5.5,-122.0,-115.0,,,,,
2022020769,EDM,CBJ,2023-01-25,-385.0,310.0,6.5,-145.0,110.0,,,,,
2022020770,SEA,VAN,2023-01-25,-185.0,152.0,6.5,-142.0,115.0,,,,,
2022020771,TBL,BOS,2023-01-26,-110.0,-110.0,6.0,100.0,-120.0,,,,,
2022020772,MTL,DET,2023-01-26,125.0,-150.0,5.5,-155.0,120.0,,,,,
2022020773,WSH,PIT,2023-01-26,-128.0,106.0,6.5,-105.0,-120.0,,,,,
2022020774,WPG,BUF,2023-01-26,-192.0,150.0,6.5,-122.0,-105.0,,,,,
2022020775,NSH,NJD,2023-01-26,-100.0,-125.0,6.0,-105.0,-115.0,,,,,
2022020776,COL,ANA,2023-01-26,-430.0,310.0,6.5,102.0,-120.0,,,,,
2022020777,CGY,CHI,2023-01-26,-415.0,310.0,6.5,100.0,-122.0,,,,,
2022020778,MIN,PHI,2023-01-26,-235.0,187.0,5.5,-130.0,-100.0,,,,,
2022020779,ARI,STL,2023-01-26,125.0,-150.0,6.5,-115.0,-105.0,,,,,
2022020780,NYI,DET,2023-01-27,-180.0,155.0,6.0,105.0,-125.0,,,,,
2022020781,FLA,LAK,2023-01-27,-140.0,115.0,6.5,-144.0,110.0,,,,,
2022020782,TOR,OTT,2023-01-27,-215.0,170.0,6.5,-100.0,-125.0,,,,,
2022020783,CAR,SJS,2023-01-27,-300.0,225.0,6.5,102.0,-124.0,,,,,
2022020784,NYR,VGK,2023-01-27,-144.0,120.0,6.0,100.0,-120.0,,,,,
2022020785,DAL,NJD,2023-01-27,-160.0,134.0,6.5,105.0,-135.0,,,,,
2022020786,SEA,CGY,2023-01-27,-115.0,-110.0,6.5,-100.0,-118.0,,,,,
2022020787,VAN,CBJ,2023-01-27,-184.0,150.0,6.5,-152.0,124.0,,,,,
2022020788,COL,STL,2023-01-28,-230.0,185.0,6.5,110.0,-144.0,,,,,
2022020789,FLA,BOS,2023-01-28,135.0,-158.0,6.5,-130.0,105.0,,,,,
2022020790,TBL,LAK,2023-01-28,-230.0,184.0,6.5,-100.0,-130.0,,,,,
2022020791,OTT,MTL,2023-01-28,-247.0,200.0,6.5,-100.0,-120.0,,,,,
2022020792,WPG,PHI,2023-01-28,-230.0,180.0,6.5,105.0,-132.0,,,,,
2022020793,PIT,SJS,2023-01-28,-250.0,202.0,6.5,-120.0,-105.0,,,,,
2022020794,NYI,VGK,2023-01-28,-100.0,-120.0,6.0,-100.0,-115.0,,,,,
2022020795,MIN,BUF,2023-01-28,-181.0,148.0,6.5,-113.0,-107.0,,,,,
2022020796,ANA,ARI,2023-01-28,-111.0,-110.0,6.5,-115.0,-105.0,,,,,
2022020797,EDM,CHI,2023-01-28,-440.0,310.0,6.5,-130.0,105.0,,,,,
2022020798,SEA,CBJ,2023-01-28,-265.0,215.0,6.5,-110.0,-110.0,,,,,
2022020799,CAR,BOS,2023-01-29,-125.0,-100.0,5.5,-115.0,-111.0,,,,,
2022020800,TOR,WSH,2023-01-29,-144.0,120.0,6.5,102.0,-124.0,,,,,
2022020801,WPG,STL,2023-01-30,-230.0,188.0,6.5,110.0,-140.0,,,,,
2022020802,CAR,LAK,2023-01-31,-205.0,162.0,5.5,-132.0,106.0,,,,,
2022020803,MTL,OTT,2023-01-31,165.0,-205.0,6.5,-105.0,-120.0,,,,,
2022020804,CBJ,WSH,2023-01-31,173.0,-212.0,6.5,-101.0,-122.0,,,,,
2022020805,BUF,CAR,2023-02-01,122.0,-146.0,6.5,-130.0,-105.0,,,,,
2022020806,TOR,BOS,2023-02-01,112.0,-135.0,5.5,-112.0,-110.0,,,,,
2022020807,PHI,NYI,2023-02-06,106.0,-130.0,5.5,-120.0,-110.0,,,,,
2022020808,FLA,TBL,2023-02-06,102.0,-122.0,6.5,-125.0,-100.0,,,,,
2022020809,NYR,CGY,2023-02-06,-110.0,-115.0,6.0,-105.0,-115.0,,,,,
2022020810,NJD,VAN,2023-02-06,-250.0,205.0,6.5,-130.0,100.0,,,,,
2022020811,DAL,ANA,2023-02-06,-395.0,310.0,6.5,-100.0,-120.0,,,,,
2022020812,ARI,MIN,2023-02-06,200.0,-240.0,6.5,-100.0,-130.0,,,,,
2022020813,PIT,COL,2023-02-07,-110.0,-111.0,6.5,-110.0,-115.0,,,,,
2022020814,TBL,SJS,2023-02-07,-250.0,192.0,6.5,-135.0,108.0,,,,,
2022020815,DET,EDM,2023-02-07,145.0,-178.0,6.5,-130.0,105.0,,,,,
2022020816,NYI,SEA,2023-02-07,-115.0,-104.0,5.5,-115.0,-105.0,,,,,
2022020817,NSH,VGK,2023-02-07,-120.0,105.0,5.5,-134.0,110.0,,,,,
2022020818,CHI,ANA,2023-02-07,-125.0,105.0,6.5,-100.0,-119.0,,,,,
2022020819,NYR,VAN,2023-02-08,-252.0,202.0,6.5,-112.0,-110.0,,,,,
2022020820,DAL,MIN,2023-02-08,-155.0,130.0,5.5,-134.0,110.0,,,,,
2022020821,TBL,COL,2023-02-09,-145.0,125.0,6.0,-110.0,-110.0,,,,,
2022020822,PHI,EDM,2023-02-09,155.0,-192.0,6.5,-144.0,115.0,,,,,
2022020823,FLA,SJS,2023-02-09,-225.0,185.0,6.5,-150.0,122.0,,,,,
2022020824,NJD,SEA,2023-02-09,-130.0,110.0,6.5,106.0,-120.0,,,,,
2022020825,DET,CGY,2023-02-09,135.0,-157.0,6.5,-105.0,-125.0,,,,,
2022020826,NYI,VAN,2023-02-09,-225.0,185.0,6.5,100.0,-120.0,,,,,
2022020827,MIN,VGK,2023-02-09,-120.0,-102.0,5.5,-120.0,100.0,,,,,
2022020828,NYR,SEA,2023-02-10,-195.0,158.0,6.0,-110.0,-110.0,,,,,
2022020829,CBJ,TOR,2023-02-10,210.0,-260.0,6.5,-104.0,-120.0,,,,,
2022020830,CHI,ARI,2023-02-10,-110.0,-110.0,6.0,-110.0,-110.0,,,,,
2022020831,ANA,PIT,2023-02-10,220.0,-275.0,6.5,-105.0,-120.0,,,,,
2022020832,DET,VAN,2023-02-11,-130.0,106.0,6.5,-120.0,-100.0,,,,,
2022020833,BUF,CGY,2023-02-11,116.0,-140.0,6.5,-120.0,-105.0,,,,,
2022020834,OTT,EDM,2023-02-11,122.0,-146.0,6.5,-144.0,112.0,,,,,
2022020835,MTL,NYI,2023-02-11,172.0,-210.0,5.5,-130.0,-100.0,,,,,
2022020836,PHI,NSH,2023-02-11,110.0,-134.0,5.5,-145.0,110.0,,,,,
2022020837,DAL,TBL,2023-02-11,-115.0,-110.0,5.5,-145.0,110.0,,,,,
2022020838,BOS,WSH,2023-02-11,-182.0,155.0,6.5,105.0,-134.0,,,,,
2022020839,FLA,COL,2023-02-11,-140.0,120.0,6.5,-114.0,-110.0,,,,,
2022020840,TOR,CBJ,2023-02-11,-375.0,300.0,6.5,100.0,-130.0,,,,,
2022020841,CAR,NYR,2023-02-11,-210.0,170.0,6.5,100.0,-122.0,,,,,
2022020842,STL,ARI,2023-02-11,-205.0,168.0,6.5,104.0,-128.0,,,,,
2022020843,MIN,NJD,2023-02-11,-125.0,-105.0,5.5,-132.0,108.0,,,,,
2022020844,WPG,CHI,2023-02-11,-380.0,290.0,6.5,-105.0,-125.0,,,,,
2022020845,LAK,PIT,2023-02-11,-125.0,105.0,6.5,-110.0,-115.0,,,,,
2022020846,MTL,EDM,2023-02-12,230.0,-285.0,6.5,-150.0,118.0,,,,,
2022020847,WSH,SJS,2023-02-12,-192.0,150.0,6.5,-118.0,-110.0,,,,,
2022020848,PHI,SEA,2023-02-12,130.0,-156.0,6.5,105.0,-129.0,,,,,
2022020849,VGK,ANA,2023-02-12,-350.0,290.0,6.5,-105.0,-115.0,,,,,
2022020850,OTT,CGY,2023-02-13,140.0,-176.0,6.5,-125.0,106.0,,,,,
2022020851,NSH,ARI,2023-02-13,-260.0,200.0,5.5,-130.0,106.0,,,,,
2022020852,MIN,FLA,2023-02-13,-110.0,-113.0,6.5,-122.0,100.0,,,,,
2022020853,VAN,DET,2023-02-13,-120.0,100.0,6.5,-122.0,100.0,,,,,
2022020854,LAK,BUF,2023-02-13,-135.0,115.0,6.5,-130.0,106.0,,,,,
2022020855,WSH,CAR,2023-02-14,145.0,-170.0,5.5,-118.0,-105.0,,,,,
2022020856,MTL,CHI,2023-02-14,-142.0,115.0,6.5,105.0,-130.0,,,,,
2022020857,CBJ,NJD,2023-02-14,165.0,-210.0,6.5,-105.0,-120.0,,,,,
2022020858,NYI,OTT,2023-02-14,-200.0,165.0,6.5,-105.0,-115.0,,,,,
2022020859,STL,FLA,2023-02-14,110.0,-132.0,6.5,-144.0,115.0,,,,,
2022020860,WPG,SEA,2023-02-14,-135.0,110.0,6.5,105.0,-114.0,,,,,
2022020861,DAL,BOS,2023-02-14,105.0,-120.0,5.5,-110.0,-120.0,,,,,
2022020862,COL,TBL,2023-02-14,100.0,-120.0,5.5,-145.0,110.0,,,,,
2022020863,SJS,PIT,2023-02-14,138.0,-170.0,6.5,-130.0,105.0,,,,,
2022020864,TOR,CHI,2023-02-15,-560.0,400.0,6.5,-105.0,-122.0,,,,,
2022020865,ARI,TBL,2023-02-15,200.0,-250.0,6.5,-110.0,-110.0,,,,,
2022020866,MIN,COL,2023-02-15,-125.0,-100.0,5.5,-145.0,110.0,,,,,
2022020867,EDM,DET,2023-02-15,-250.0,200.0,6.5,-135.0,105.0,,,,,
2022020868,ANA,BUF,2023-02-15,168.0,-215.0,6.5,-144.0,118.0,,,,,
2022020869,VAN,NYR,2023-02-15,162.0,-205.0,6.5,-122.0,105.0,,,,,
2022020870,WSH,FLA,2023-02-16,105.0,-125.0,6.5,-104.0,-120.0,,,,,
2022020871,CAR,MTL,2023-02-16,-470.0,340.0,6.5,-105.0,-125.0,,,,,
2022020872,CBJ,WPG,2023-02-16,160.0,-190.0,6.5,-110.0,-115.0,,,,,
2022020873,NSH,BOS,2023-02-16,146.0,-185.0,5.5,-120.0,-105.0,,,,,
2022020874,STL,NJD,2023-02-16,125.0,-150.0,6.0,-115.0,-105.0,,,,,
2022020875,CGY,DET,2023-02-16,-280.0,235.0,6.5,-120.0,102.0,,,,,
2022020876,SEA,PHI,2023-02-16,-200.0,160.0,5.5,-120.0,-110.0,,,,,
2022020877,VGK,SJS,2023-02-16,-194.0,155.0,6.5,-125.0,-105.0,,,,,
2022020878,OTT,CHI,2023-02-17,-270.0,210.0,6.5,-105.0,-120.0,,,,,
2022020879,NYI,PIT,2023-02-17,-130.0,110.0,5.5,-120.0,100.0,,,,,
2022020880,MIN,DAL,2023-02-17,-110.0,-113.0,5.5,-108.0,-114.0,,,,,
2022020881,EDM,NYR,2023-02-17,-130.0,105.0,7.0,105.0,-130.0,,,,,
2022020882,ANA,LAK,2023-02-17,225.0,-280.0,6.5,-122.0,-100.0,,,,,
2022020883,STL,COL,2023-02-18,150.0,-178.0,6.5,-110.0,-110.0,,,,,
2022020884,NSH,FLA,2023-02-18,117.0,-137.0,6.5,-120.0,-102.0,,,,,
2022020885,BOS,NYI,2023-02-18,-275.0,215.0,5.5,-110.0,-110.0,,,,,
2022020886,PIT,NJD,2023-02-18,114.0,-137.0,6.5,-120.0,-105.0,,,,,
2022020887,DAL,CBJ,2023-02-18,-297.0,232.0,6.0,-105.0,-115.0,,,,,
2022020888,TOR,MTL,2023-02-18,-450.0,340.0,6.5,-106.0,-115.0,,,,,
2022020889,CAR,WSH,2023-02-18,-200.0,164.0,5.5,-110.0,-110.0,,,,,
2022020890,CGY,NYR,2023-02-18,-152.0,125.0,6.5,-120.0,-105.0,,,,,
2022020891,VAN,PHI,2023-02-18,-125.0,104.0,6.5,-142.0,114.0,,,,,
2022020892,LAK,ARI,2023-02-18,-242.0,192.0,6.5,-102.0,-120.0,,,,,
2022020893,SJS,BUF,2023-02-18,104.0,-125.0,7.0,105.0,-115.0,,,,,
2022020894,SEA,DET,2023-02-18,-176.0,145.0,6.5,104.0,-128.0,,,,,
2022020895,VGK,TBL,2023-02-18,110.0,-132.0,6.5,-100.0,-130.0,,,,,
2022020896,MIN,NSH,2023-02-19,-190.0,155.0,5.5,-115.0,-115.0,,,,,
2022020897,OTT,STL,2023-02-19,-178.0,146.0,6.5,-105.0,-120.0,,,,,
2022020898,COL,EDM,2023-02-19,-110.0,-120.0,6.5,-132.0,105.0,,,,,
2022020899,CHI,TOR,2023-02-19,260.0,-330.0,6.5,-105.0,-115.0,,,,,
2022020900,NJD,WPG,2023-02-19,-125.0,102.0,6.5,-102.0,-120.0,,,,,
2022020901,ARI,CBJ,2023-02-19,-125.0,-105.0,6.5,105.0,-120.0,,,,,
2022020902,FLA,ANA,2023-02-20,-410.0,315.0,7.5,128.0,-158.0,,,,,
2022020903,BOS,OTT,2023-02-20,-420.0,290.0,6.5,-100.0,-122.0,,,,,
2022020904,CGY,PHI,2023-02-20,-260.0,210.0,6.5,105.0,-130.0,,,,,
2022020905,SJS,SEA,2023-02-20,138.0,-170.0,6.5,-106.0,-115.0,,,,,
2022020906,PIT,NYI,2023-02-20,-167.0,132.0,6.0,-110.0,-110.0,,,,,
2022020907,NYR,WPG,2023-02-20,-170.0,140.0,5.5,-150.0,115.0,,,,,
2022020908,TBL,ANA,2023-02-21,-526.0,365.0,6.5,-135.0,105.0,,,,,
2022020909,WSH,DET,2023-02-21,-160.0,130.0,5.5,-145.0,112.0,,,,,
2022020910,NJD,MTL,2023-02-21,-375.0,290.0,6.5,-105.0,-120.0,,,,,
2022020911,CAR,STL,2023-02-21,-370.0,280.0,6.5,110.0,-144.0,,,,,
2022020912,BUF,TOR,2023-02-21,145.0,-182.0,6.5,-150.0,116.0,,,,,
2022020913,MIN,LAK,2023-02-21,-130.0,105.0,6.0,-110.0,-110.0,,,,,
2022020914,NSH,VAN,2023-02-21,-170.0,136.0,6.5,-135.0,106.0,,,,,
2022020915,CHI,VGK,2023-02-21,225.0,-295.0,6.5,-108.0,-115.0,,,,,
2022020916,EDM,PHI,2023-02-21,-350.0,260.0,6.5,-145.0,118.0,,,,,
2022020917,NYI,WPG,2023-02-22,-113.0,-110.0,5.5,-105.0,-125.0,,,,,
2022020918,DAL,CHI,2023-02-22,-490.0,340.0,6.0,-110.0,-110.0,,,,,
2022020919,ARI,CGY,2023-02-22,180.0,-230.0,6.5,100.0,-122.0,,,,,
2022020920,WSH,ANA,2023-02-23,-345.0,260.0,6.5,102.0,-124.0,,,,,
2022020921,TBL,BUF,2023-02-23,-225.0,184.0,6.5,-155.0,120.0,,,,,
2022020922,PIT,EDM,2023-02-23,-110.0,-110.0,7.0,-120.0,-105.0,,,,,
2022020923,NJD,LAK,2023-02-23,-144.0,120.0,6.5,-102.0,-120.0,,,,,
2022020924,CBJ,MIN,2023-02-23,150.0,-192.0,5.5,-120.0,105.0,,,,,
2022020925,DET,NYR,2023-02-23,131.0,-166.0,6.5,-110.0,-110.0,,,,,
2022020926,STL,VAN,2023-02-23,-120.0,108.0,6.5,-155.0,120.0,,,,,
2022020927,SEA,BOS,2023-02-23,155.0,-188.0,5.5,-132.0,108.0,,,,,
2022020928,VGK,CGY,2023-02-23,-135.0,112.0,6.5,-104.0,-120.0,,,,,
2022020929,SJS,NSH,2023-02-23,-100.0,-120.0,6.5,-100.0,-115.0,,,,,
2022020930,FLA,BUF,2023-02-24,-200.0,160.0,7.5,120.0,-150.0,,,,,
2022020931,TOR,MIN,2023-02-24,-210.0,170.0,6.5,100.0,-122.0,,,,,
2022020932,PHI,MTL,2023-02-24,-165.0,132.0,6.5,104.0,-125.0,,,,,
2022020933,CAR,OTT,2023-02-24,-255.0,200.0,6.5,-105.0,-115.0,,,,,
2022020934,NYI,LAK,2023-02-24,-137.0,114.0,5.5,-120.0,100.0,,,,,
2022020935,WPG,COL,2023-02-24,-115.0,-110.0,5.5,-120.0,-105.0,,,,,
2022020936,CBJ,EDM,2023-02-25,205.0,-245.0,6.5,-148.0,120.0,,,,,
2022020937,WSH,NYR,2023-02-25,130.0,-155.0,6.0,-100.0,-110.0,,,,,
2022020938,CAR,ANA,2023-02-25,-510.0,390.0,6.5,-120.0,-110.0,,,,,
2022020939,VAN,BOS,2023-02-25,222.0,-280.0,6.5,-112.0,-107.0,,,,,
2022020940,MTL,OTT,2023-02-25,140.0,-165.0,6.5,-120.0,106.0,,,,,
2022020941,NJD,PHI,2023-02-25,-315.0,240.0,6.5,-100.0,-128.0,,,,,
2022020942,DET,TBL,2023-02-25,150.0,-182.0,6.5,-102.0,-120.0,,,,,
2022020943,STL,PIT,2023-02-25,138.0,-175.0,6.5,-105.0,-115.0,,,,,
2022020944,COL,CGY,2023-02-25,-110.0,-109.0,6.5,-105.0,-114.0,,,,,
2022020945,VGK,DAL,2023-02-25,-120.0,-105.0,5.5,-120.0,-105.0,,,,,
2022020946,SJS,CHI,2023-02-25,-220.0,170.0,6.0,-110.0,-110.0,,,,,
2022020947,BUF,WSH,2023-02-26,-116.0,-105.0,6.5,-120.0,104.0,,,,,
2022020948,MIN,CBJ,2023-02-26,-315.0,250.0,5.5,-127.0,-105.0,,,,,
2022020949,WPG,NYI,2023-02-26,-150.0,120.0,5.5,-120.0,-102.0,,,,,
2022020950,NYR,LAK,2023-02-26,-164.0,136.0,6.5,-104.0,-118.0,,,,,
2022020951,PIT,TBL,2023-02-26,-111.0,-110.0,6.5,-125.0,-100.0,,,,,
2022020952,ARI,NSH,2023-02-26,140.0,-172.0,6.5,-100.0,-128.0,,,,,
2022020953,SEA,TOR,2023-02-26,130.0,-152.0,6.5,-120.0,-110.0,,,,,
2022020534,OTT,DET,2023-02-27,-132.0,107.0,6.5,-105.0,-118.0,,,,,
2022020954,EDM,BOS,2023-02-27,105.0,-126.0,6.5,-122.0,-100.0,,,,,
2022020955,DAL,VAN,2023-02-27,-285.0,225.0,6.5,-100.0,-122.0,,,,,
2022020956,COL,VGK,2023-02-27,-150.0,120.0,5.5,-135.0,106.0,,,,,
2022020957,ANA,CHI,2023-02-27,-130.0,105.0,6.5,-105.0,-112.0,,,,,
2022020958,BUF,CBJ,2023-02-28,-215.0,171.0,6.5,-146.0,117.0,,,,,
2022020959,OTT,DET,2023-02-28,-130.0,105.0,6.5,-106.0,-115.0,,,,,
2022020960,TBL,FLA,2023-02-28,-172.0,140.0,6.5,-125.0,105.0,,,,,
2022020961,WPG,LAK,2023-02-28,-135.0,112.0,5.5,-145.0,110.0,,,,,
2022020962,MIN,NYI,2023-02-28,-145.0,120.0,5.5,115.0,-144.0,,,,,
2022020963,NSH,PIT,2023-02-28,120.0,-140.0,6.5,102.0,-124.0,,,,,
2022020964,STL,SEA,2023-02-28,130.0,-155.0,6.0,-115.0,-105.0,,,,,
2022020965,CGY,BOS,2023-02-28,110.0,-130.0,5.5,-145.0,110.0,,,,,
2022020966,ARI,CHI,2023-02-28,-188.0,155.0,6.5,-100.0,-130.0,,,,,
2022020967,SJS,MTL,2023-02-28,-165.0,136.0,6.5,-105.0,-125.0,,,,,
2022020968,PHI,NYR,2023-03-01,187.0,-225.0,6.5,105.0,-134.0,,,,,
2022020969,EDM,TOR,2023-03-01,-113.0,-115.0,6.5,-145.0,116.0,,,,,
2022020970,DAL,ARI,2023-03-01,-450.0,320.0,5.5,-125.0,105.0,,,,,
2022020971,COL,NJD,2023-03-01,-110.0,-110.0,6.0,-110.0,-110.0,,,,,
2022020972,VGK,CAR,2023-03-01,122.0,-150.0,5.5,-130.0,103.0,,,,,
2022020973,ANA,WSH,2023-03-01,172.0,-210.0,6.5,-106.0,-115.0,,,,,
2022020974,BOS,BUF,2023-03-02,-297.0,240.0,6.5,-122.0,-100.0,,,,,
2022020975,FLA,NSH,2023-03-02,-225.0,180.0,6.5,-144.0,115.0,,,,,
2022020976,NYR,OTT,2023-03-02,-155.0,126.0,6.5,-118.0,-104.0,,,,,
2022020977,TBL,PIT,2023-03-02,-175.0,135.0,6.5,-120.0,-110.0,,,,,
2022020978,DET,SEA,2023-03-02,104.0,-125.0,6.5,104.0,-120.0,,,,,
2022020979,CHI,DAL,2023-03-02,200.0,-270.0,6.5,-100.0,-130.0,,,,,
2022020980,CGY,TOR,2023-03-02,-125.0,105.0,6.5,-122.0,-104.0,,,,,
2022020981,VAN,MIN,2023-03-02,132.0,-165.0,6.5,110.0,-142.0,,,,,
2022020982,LAK,MTL,2023-03-02,-250.0,195.0,6.5,-105.0,-122.0,,,,,
2022020983,SJS,STL,2023-03-02,-120.0,100.0,6.5,-105.0,-115.0,,,,,
2022020984,CBJ,SEA,2023-03-03,136.0,-165.0,6.5,-122.0,100.0,,,,,
2022020985,EDM,WPG,2023-03-03,-182.0,142.0,6.5,-132.0,107.0,,,,,
2022020986,ARI,CAR,2023-03-03,275.0,-385.0,5.5,-150.0,115.0,,,,,
2022020987,ANA,MTL,2023-03-03,-120.0,100.0,6.5,100.0,-122.0,,,,,
2022020988,VGK,NJD,2023-03-03,-115.0,-110.0,6.5,-100.0,-130.0,,,,,
2022020536,BUF,TBL,2023-03-04,132.0,-160.0,7.0,-100.0,-120.0,,,,,
2022020989,NYI,DET,2023-03-04,-196.0,165.0,5.5,-135.0,105.0,,,,,
2022020991,BOS,NYR,2023-03-04,-181.0,150.0,6.0,-118.0,-103.0,,,,,
2022020992,FLA,PIT,2023-03-04,-142.0,115.0,6.5,-151.0,119.0,,,,,
2022020993,SJS,WSH,2023-03-04,125.0,-160.0,6.5,-100.0,-120.0,,,,,
2022020994,OTT,CBJ,2023-03-04,-295.0,220.0,6.5,-124.0,102.0,,,,,
2022020995,WPG,EDM,2023-03-04,102.0,-120.0,6.5,-132.0,108.0,,,,,
2022020996,VAN,TOR,2023-03-04,180.0,-220.0,6.5,-130.0,105.0,,,,,
2022020997,DAL,COL,2023-03-04,-120.0,-100.0,6.0,-100.0,-120.0,,,,,
2022020998,CHI,NSH,2023-03-04,200.0,-240.0,5.5,-105.0,-115.0,,,,,
2022020999,CGY,MIN,2023-03-04,-164.0,125.0,5.5,-108.0,-115.0,,,,,
2022021000,LAK,STL,2023-03-04,-210.0,170.0,6.5,-105.0,-115.0,,,,,
2022021001,CAR,TBL,2023-03-05,-189.0,144.0,6.0,-119.0,-109.0,,,,,
2022021002,PHI,DET,2023-03-05,-123.0,-101.0,5.5,-123.0,-103.0,,,,,
2022021003,VGK,MTL,2023-03-05,-275.0,215.0,6.5,-102.0,-120.0,,,,,
2022021004,ARI,NJD,2023-03-05,265.0,-360.0,6.5,-105.0,-118.0,,,,,
2022021005,COL,SEA,2023-03-05,-165.0,140.0,6.5,100.0,-122.0,,,,,
2022021006,BUF,EDM,2023-03-06,140.0,-170.0,7.5,110.0,-142.0,,,,,
2022021007,WPG,SJS,2023-03-06,-200.0,170.0,6.5,105.0,-120.0,,,,,
2022021008,DAL,CGY,2023-03-06,-135.0,115.0,5.5,-125.0,-105.0,,,,,
2022021009,CHI,OTT,2023-03-06,205.0,-275.0,6.5,-100.0,-118.0,,,,,
2022021010,VAN,NSH,2023-03-06,-105.0,-115.0,6.5,-105.0,-122.0,,,,,
2022021011,LAK,WSH,2023-03-06,-140.0,112.0,6.5,-104.0,-120.0,,,,,
2022021012,MTL,CAR,2023-03-07,270.0,-360.0,6.5,-100.0,-128.0,,,,,
2022021013,PIT,CBJ,2023-03-07,-345.0,250.0,6.5,-125.0,-105.0,,,,,
2022021014,TBL,PHI,2023-03-07,-335.0,242.0,6.0,-115.0,-105.0,,,,,
2022021015,NJD,TOR,2023-03-07,-135.0,115.0,6.5,-110.0,-110.0,,,,,
2022021016,FLA,VGK,2023-03-07,-170.0,130.0,6.5,-132.0,108.0,,,,,
2022021017,NYI,BUF,2023-03-07,-175.0,145.0,6.5,100.0,-120.0,,,,,
2022021018,MIN,CGY,2023-03-07,-150.0,128.0,5.5,-115.0,-105.0,,,,,
2022021019,COL,SJS,2023-03-07,-350.0,260.0,6.5,-105.0,-118.0,,,,,
2022021020,ARI,STL,2023-03-07,115.0,-146.0,6.5,-106.0,-114.0,,,,,
2022021021,SEA,ANA,2023-03-07,-300.0,240.0,6.5,-105.0,-120.0,,,,,
2022021022,DET,CHI,2023-03-08,-250.0,195.0,5.5,-115.0,-115.0,,,,,
2022021023,WPG,MIN,2023-03-08,-145.0,120.0,5.5,-110.0,-110.0,,,,,
2022021024,VAN,ANA,2023-03-08,-250.0,195.0,6.5,-135.0,105.0,,,,,
2022021025,BUF,DAL,2023-03-09,140.0,-172.0,6.5,-115.0,-110.0,,,,,
2022021026,BOS,EDM,2023-03-09,-154.0,130.0,6.5,-128.0,104.0,,,,,
2022021027,PIT,NYI,2023-03-09,-150.0,120.0,5.5,-135.0,108.0,,,,,
2022021028,MTL,NYR,2023-03-09,235.0,-295.0,6.5,-105.0,-120.0,,,,,
2022021029,WSH,NJD,2023-03-09,125.0,-145.0,6.5,-110.0,-110.0,,,,,
2022021030,CAR,PHI,2023-03-09,-450.0,320.0,6.5,-105.0,-115.0,,,,,
2022021031,TBL,VGK,2023-03-09,-178.0,145.0,6.5,-100.0,-115.0,,,,,
2022021032,STL,SJS,2023-03-09,-155.0,132.0,6.5,-105.0,-115.0,,,,,
2022021033,COL,LAK,2023-03-09,-165.0,132.0,6.5,-102.0,-120.0,,,,,
2022021034,ARI,NSH,2023-03-09,145.0,-182.0,6.0,-115.0,-105.0,,,,,
2022021035,SEA,OTT,2023-03-09,-135.0,105.0,6.5,-125.0,-110.0,,,,,
2022021036,FLA,CHI,2023-03-10,-500.0,370.0,6.5,-110.0,-110.0,,,,,
2022021037,CGY,ANA,2023-03-10,-430.0,310.0,6.5,-105.0,-125.0,,,,,
2022021038,BOS,DET,2023-03-11,-415.0,315.0,6.0,-120.0,-100.0,,,,,
2022021039,PIT,PHI,2023-03-11,-299.0,225.0,6.5,-104.0,-122.0,,,,,
2022021040,BUF,NYR,2023-03-11,140.0,-165.0,6.5,-134.0,110.0,,,,,
2022021041,COL,ARI,2023-03-11,-472.0,365.0,6.5,-110.0,-110.0,,,,,
2022021042,TBL,CHI,2023-03-11,-500.0,375.0,6.5,-110.0,-115.0,,,,,
2022021043,TOR,EDM,2023-03-11,-125.0,105.0,6.5,-162.0,132.0,,,,,
2022021044,MTL,NJD,2023-03-11,220.0,-295.0,6.5,-120.0,100.0,,,,,
2022021045,CBJ,STL,2023-03-11,110.0,-130.0,6.5,-145.0,116.0,,,,,
2022021046,CAR,VGK,2023-03-11,-220.0,170.0,6.5,-100.0,-130.0,,,,,
2022021047,FLA,WPG,2023-03-11,-132.0,110.0,6.5,-115.0,-108.0,,,,,
2022021048,NYI,WSH,2023-03-11,-134.0,112.0,5.5,-115.0,-105.0,,,,,
2022021049,SEA,DAL,2023-03-11,110.0,-135.0,6.5,104.0,-125.0,,,,,
2022021050,VAN,OTT,2023-03-11,105.0,-125.0,6.5,-135.0,110.0,,,,,
2022021051,SJS,MIN,2023-03-11,145.0,-176.0,5.5,-130.0,104.0,,,,,
2022021052,LAK,NSH,2023-03-11,-205.0,155.0,5.5,-132.0,108.0,,,,,
2022021053,DET,BOS,2023-03-12,200.0,-245.0,6.5,-100.0,-130.0,,,,,
2022021054,PIT,NYR,2023-03-12,-144.0,115.0,6.5,-114.0,-110.0,,,,,
2022021055,NJD,CAR,2023-03-12,-115.0,-110.0,6.5,-105.0,-125.0,,,,,
2022021056,STL,VGK,2023-03-12,122.0,-145.0,6.5,-120.0,-105.0,,,,,
2022021057,TBL,WPG,2023-03-12,-185.0,155.0,6.0,-115.0,-105.0,,,,,
2022021058,ARI,MIN,2023-03-12,167.0,-202.0,5.5,-115.0,-105.0,,,,,
2022021059,CGY,OTT,2023-03-12,-195.0,155.0,6.5,-108.0,-115.0,,,,,
2022021060,ANA,NSH,2023-03-12,135.0,-160.0,5.5,-134.0,105.0,,,,,
2022021061,TOR,BUF,2023-03-13,-252.0,193.0,6.5,-147.0,117.0,,,,,
2022021062,MTL,COL,2023-03-13,200.0,-255.0,6.5,-105.0,-122.0,,,,,
2022021063,SEA,DAL,2023-03-13,-100.0,-125.0,6.5,-102.0,-120.0,,,,,
2022021064,PIT,MTL,2023-03-14,-360.0,280.0,6.5,-130.0,102.0,,,,,
2022021065,NJD,TBL,2023-03-14,-141.0,115.0,6.5,-110.0,-110.0,,,,,
2022021066,PHI,VGK,2023-03-14,155.0,-194.0,6.5,100.0,-122.0,,,,,
2022021067,NYR,WSH,2023-03-14,-190.0,160.0,6.5,102.0,-124.0,,,,,
2022021068,CAR,WPG,2023-03-14,-230.0,191.0,6.0,-105.0,-115.0,,,,,
2022021069,NSH,DET,2023-03-14,-150.0,125.0,5.5,-130.0,105.0,,,,,
2022021070,CHI,BOS,2023-03-14,346.0,-470.0,6.0,105.0,-125.0,,,,,
2022021071,EDM,OTT,2023-03-14,-230.0,175.0,6.5,-165.0,134.0,,,,,
2022021072,ARI,CGY,2023-03-14,200.0,-255.0,6.5,-105.0,-122.0,,,,,
2022021073,VAN,DAL,2023-03-14,110.0,-132.0,6.5,-105.0,-115.0,,,,,
2022021074,SJS,CBJ,2023-03-14,-142.0,118.0,6.5,-120.0,-105.0,,,,,
2022021075,LAK,NYI,2023-03-14,-145.0,115.0,5.5,-115.0,-112.0,,,,,
2022021076,WSH,BUF,2023-03-15,-125.0,-105.0,7.0,-115.0,-105.0,,,,,
2022021077,TOR,COL,2023-03-15,-145.0,116.0,6.5,-122.0,-105.0,,,,,
2022021078,STL,MIN,2023-03-15,118.0,-142.0,5.5,-135.0,105.0,,,,,
2022021079,ANA,NYI,2023-03-15,155.0,-205.0,5.5,-130.0,-104.0,,,,,
2022021080,OTT,COL,2023-03-16,-108.0,-120.0,6.5,-145.0,115.0,,,,,
2022021081,FLA,MTL,2023-03-16,-375.0,275.0,6.5,-140.0,114.0,,,,,
2022021082,NYR,PIT,2023-03-16,-145.0,120.0,6.5,-112.0,-110.0,,,,,
2022021083,NJD,TBL,2023-03-16,-130.0,108.0,6.5,-120.0,-105.0,,,,,
2022021084,WPG,BOS,2023-03-16,130.0,-160.0,6.5,-102.0,-120.0,,,,,
2022021085,NSH,CHI,2023-03-16,-260.0,200.0,5.5,-132.0,108.0,,,,,
2022021086,EDM,DAL,2023-03-16,-165.0,134.0,6.5,-140.0,110.0,,,,,
2022021087,VGK,CGY,2023-03-16,-108.0,-115.0,6.5,-105.0,-125.0,,,,,
2022021088,ARI,VAN,2023-03-16,125.0,-152.0,6.5,-120.0,-105.0,,,,,
2022021089,LAK,CBJ,2023-03-16,-310.0,225.0,6.5,-124.0,-105.0,,,,,
2022021090,SJS,SEA,2023-03-16,145.0,-176.0,6.5,-125.0,105.0,,,,,
2022021091,PHI,BUF,2023-03-17,115.0,-135.0,6.5,-115.0,-105.0,,,,,
2022021092,TOR,CAR,2023-03-17,-126.0,101.0,6.0,-111.0,-113.0,,,,,
2022021093,WSH,STL,2023-03-17,-180.0,142.0,6.5,-153.0,120.0,,,,,
2022021094,ANA,CBJ,2023-03-17,-125.0,-110.0,6.5,-142.0,110.0,,,,,
2022021095,DET,COL,2023-03-18,150.0,-180.0,6.5,-100.0,-130.0,,,,,
2022021096,MIN,BOS,2023-03-18,135.0,-164.0,5.5,-112.0,-115.0,,,,,
2022021097,NSH,WPG,2023-03-18,120.0,-150.0,5.5,-110.0,-110.0,,,,,
2022021098,SEA,EDM,2023-03-18,110.0,-130.0,6.5,-155.0,120.0,,,,,
2022021099,PHI,CAR,2023-03-18,195.0,-250.0,6.5,101.0,-124.0,,,,,
2022021100,FLA,NJD,2023-03-18,-120.0,-101.0,7.0,-125.0,103.0,,,,,
2022021101,TBL,MTL,2023-03-18,-350.0,260.0,6.5,-145.0,118.0,,,,,
2022021102,OTT,TOR,2023-03-18,115.0,-136.0,6.5,-136.0,113.0,,,,,
2022021103,NYR,PIT,2023-03-18,-150.0,120.0,6.5,-105.0,-115.0,,,,,
2022021104,CGY,DAL,2023-03-18,-135.0,115.0,6.0,-110.0,-110.0,,,,,
2022021105,LAK,VAN,2023-03-18,-190.0,160.0,6.5,-110.0,-110.0,,,,,
2022021106,ARI,CHI,2023-03-18,-145.0,120.0,6.0,-110.0,-110.0,,,,,
2022021107,SJS,NYI,2023-03-18,155.0,-188.0,5.5,-135.0,105.0,,,,,
2022021108,BUF,BOS,2023-03-19,148.0,-182.0,6.5,-127.0,-105.0,,,,,
2022021109,MIN,WSH,2023-03-19,-141.0,120.0,5.5,-150.0,115.0,,,,,
2022021110,VGK,CBJ,2023-03-19,-320.0,255.0,6.5,-125.0,-105.0,,,,,
2022021111,NYR,NSH,2023-03-19,-245.0,195.0,5.5,-135.0,110.0,,,,,
2022021112,TBL,NJD,2023-03-19,-122.0,102.0,6.5,-105.0,-115.0,,,,,
2022021113,STL,WPG,2023-03-19,120.0,-145.0,6.5,-115.0,-110.0,,,,,
2022021114,ANA,VAN,2023-03-19,110.0,-130.0,6.5,-162.0,132.0,,,,,
2022021115,PIT,OTT,2023-03-20,-174.0,142.0,7.0,-116.0,-103.0,,,,,
2022021116,DET,FLA,2023-03-20,161.0,-193.0,6.5,-145.0,110.0,,,,,
2022021117,COL,CHI,2023-03-20,-402.0,320.0,6.5,-101.0,-120.0,,,,,
2022021118,EDM,SJS,2023-03-20,-350.0,260.0,6.5,-164.0,134.0,,,,,
2022021119,LAK,CGY,2023-03-20,-110.0,-115.0,6.5,100.0,-122.0,,,,,
2022021120,NYR,CAR,2023-03-21,-125.0,105.0,6.5,-100.0,-130.0,,,,,
2022021121,WSH,CBJ,2023-03-21,-247.0,197.0,6.5,-120.0,-105.0,,,,,
2022021122,PHI,FLA,2023-03-21,135.0,-160.0,6.5,-127.0,105.0,,,,,
2022021123,NJD,MIN,2023-03-21,-180.0,150.0,6.0,-110.0,-115.0,,,,,
2022021124,BUF,NSH,2023-03-21,-165.0,135.0,6.5,-126.0,105.0,,,,,
2022021125,BOS,OTT,2023-03-21,-310.0,245.0,6.5,-110.0,-110.0,,,,,
2022021126,MTL,TBL,2023-03-21,205.0,-267.0,6.5,-118.0,-105.0,,,,,
2022021127,NYI,TOR,2023-03-21,101.0,-127.0,5.5,-145.0,112.0,,,,,
2022021128,WPG,ARI,2023-03-21,-323.0,255.0,6.5,102.0,-124.0,,,,,
2022021129,STL,DET,2023-03-21,-155.0,125.0,6.5,-125.0,-102.0,,,,,
2022021130,DAL,SEA,2023-03-21,-170.0,145.0,6.5,-115.0,-105.0,,,,,
2022021131,ANA,CGY,2023-03-21,180.0,-230.0,6.5,-120.0,-110.0,,,,,
2022021132,VAN,VGK,2023-03-21,114.0,-135.0,6.5,-120.0,102.0,,,,,
2022021133,COL,PIT,2023-03-22,-152.0,126.0,6.5,-102.0,-120.0,,,,,
2022021134,EDM,ARI,2023-03-22,-520.0,380.0,6.5,-150.0,115.0,,,,,
2022021135,WSH,CHI,2023-03-23,-305.0,250.0,6.5,106.0,-130.0,,,,,
2022021136,PHI,MIN,2023-03-23,130.0,-154.0,5.5,-115.0,-105.0,,,,,
2022021137,BOS,MTL,2023-03-23,-435.0,330.0,6.5,-115.0,-112.0,,,,,
2022021138,CAR,NYR,2023-03-23,-148.0,118.0,5.5,-125.0,-101.0,,,,,
2022021139,OTT,TBL,2023-03-23,105.0,-129.0,6.5,-135.0,110.0,,,,,
2022021140,FLA,TOR,2023-03-23,-133.0,107.0,6.5,-147.0,117.0,,,,,
2022021141,DET,STL,2023-03-23,-126.0,105.0,6.5,-100.0,-121.0,,,,,
2022021142,NSH,SEA,2023-03-23,112.0,-134.0,6.5,-105.0,-125.0,,,,,
2022021143,DAL,PIT,2023-03-23,-170.0,135.0,6.5,-105.0,-115.0,,,,,
2022021144,CGY,VGK,2023-03-23,-145.0,120.0,6.5,-105.0,-120.0,,,,,
2022021145,VAN,SJS,2023-03-23,-176.0,145.0,6.5,-142.0,116.0,,,,,
2022021146,ANA,WPG,2023-03-23,220.0,-295.0,6.5,104.0,-125.0,,,,,
2022021147,CBJ,NYI,2023-03-24,190.0,-235.0,6.5,-105.0,-120.0,,,,,
2022021148,BUF,NJD,2023-03-24,150.0,-181.0,7.0,-119.0,-101.0,,,,,
2022021149,COL,ARI,2023-03-24,-450.0,350.0,6.5,104.0,-125.0,,,,,
2022021150,PHI,DET,2023-03-25,-131.0,109.0,6.0,-125.0,-100.0,,,,,
2022021151,BOS,TBL,2023-03-25,-170.0,139.0,6.0,-100.0,-120.0,,,,,
2022021152,NSH,SEA,2023-03-25,115.0,-135.0,6.5,105.0,-130.0,,,,,
2022021153,CGY,SJS,2023-03-25,-302.0,240.0,6.5,-130.0,108.0,,,,,
2022021154,LAK,WPG,2023-03-25,-125.0,104.0,6.5,-100.0,-130.0,,,,,
2022021155,MIN,CHI,2023-03-25,-370.0,280.0,5.5,-120.0,-100.0,,,,,
2022021156,FLA,NYR,2023-03-25,-141.0,114.0,6.5,-152.0,124.0,,,,,
2022021157,NYI,BUF,2023-03-25,-178.0,145.0,6.5,-120.0,104.0,,,,,
2022021158,MTL,CBJ,2023-03-25,-163.0,125.0,6.5,-116.0,-109.0,,,,,
2022021159,NJD,OTT,2023-03-25,-205.0,168.0,6.5,-120.0,-100.0,,,,,
2022021160,CAR,TOR,2023-03-25,-150.0,118.0,6.0,-114.0,-110.0,,,,,
2022021161,DAL,VAN,2023-03-25,-192.0,151.0,6.5,-117.0,-108.0,,,,,
2022021162,PIT,WSH,2023-03-25,-150.0,120.0,6.5,-120.0,-110.0,,,,,
2022021163,EDM,VGK,2023-03-25,-195.0,158.0,6.5,-154.0,126.0,,,,,
2022021164,ANA,STL,2023-03-25,125.0,-164.0,6.5,-115.0,-110.0,,,,,
2022021165,ARI,COL,2023-03-26,242.0,-297.0,6.5,-112.0,-112.0,,,,,
2022021166,CAR,BOS,2023-03-26,-150.0,130.0,5.5,102.0,-124.0,,,,,
2022021167,NSH,TOR,2023-03-26,156.0,-200.0,6.5,-105.0,-115.0,,,,,
2022021168,CHI,VAN,2023-03-26,143.0,-170.0,6.5,-100.0,-111.0,,,,,
2022021169,LAK,STL,2023-03-26,-250.0,195.0,6.5,-125.0,-104.0,,,,,
2022021170,OTT,FLA,2023-03-27,129.0,-154.0,7.5,115.0,-150.0,,,,,
2022021171,BUF,MTL,2023-03-27,-185.0,150.0,6.5,-170.0,138.0,,,,,
2022021172,NYI,NJD,2023-03-27,106.0,-130.0,5.5,-135.0,110.0,,,,,
2022021173,MIN,SEA,2023-03-27,-125.0,100.0,5.5,-135.0,110.0,,,,,
2022021174,ANA,COL,2023-03-27,220.0,-275.0,6.5,-125.0,105.0,,,,,
2022021175,ARI,EDM,2023-03-27,260.0,-350.0,6.5,-165.0,126.0,,,,,
2022021176,NYR,CBJ,2023-03-28,-405.0,312.0,6.5,-126.0,-105.0,,,,,
2022021177,PHI,MTL,2023-03-28,-150.0,130.0,6.5,-106.0,-115.0,,,,,
2022021178,BOS,NSH,2023-03-28,-320.0,250.0,5.5,-108.0,-115.0,,,,,
2022021179,CAR,TBL,2023-03-28,-140.0,116.0,6.0,-105.0,-115.0,,,,,
2022021180,DET,PIT,2023-03-28,156.0,-189.0,6.5,-117.0,-102.0,,,,,
2022021181,STL,VAN,2023-03-28,-110.0,-115.0,6.5,-145.0,110.0,,,,,
2022021182,CHI,DAL,2023-03-28,235.0,-295.0,5.5,-128.0,104.0,,,,,
2022021183,CGY,LAK,2023-03-28,-132.0,110.0,5.5,-145.0,110.0,,,,,
2022021184,VGK,EDM,2023-03-28,-102.0,-118.0,6.5,-164.0,134.0,,,,,
2022021185,SJS,WPG,2023-03-28,172.0,-205.0,6.5,100.0,-120.0,,,,,
2022021186,TOR,FLA,2023-03-29,-155.0,123.0,7.0,-111.0,-114.0,,,,,
2022021187,WSH,NYI,2023-03-29,-100.0,-120.0,5.5,-130.0,110.0,,,,,
2022021188,COL,MIN,2023-03-29,-165.0,135.0,5.5,-130.0,-104.0,,,,,
2022021189,BOS,CBJ,2023-03-30,-490.0,365.0,6.5,-120.0,-102.0,,,,,
2022021190,MTL,FLA,2023-03-30,160.0,-204.0,6.5,-164.0,129.0,,,,,
2022021191,NJD,NYR,2023-03-30,-138.0,115.0,6.5,-105.0,-115.0,,,,,
2022021192,PIT,NSH,2023-03-30,-215.0,166.0,6.5,-111.0,-114.0,,,,,
2022021193,OTT,PHI,2023-03-30,-180.0,146.0,6.5,-105.0,-115.0,,,,,
2022021194,TBL,WSH,2023-03-30,-205.0,168.0,6.5,-100.0,-118.0,,,,,
2022021195,DET,CAR,2023-03-30,180.0,-220.0,5.5,-118.0,-110.0,,,,,
2022021196,CHI,STL,2023-03-30,115.0,-145.0,6.5,-102.0,-120.0,,,,,
2022021197,EDM,LAK,2023-03-30,-180.0,155.0,6.5,-135.0,110.0,,,,,
2022021198,SEA,ANA,2023-03-30,-365.0,285.0,6.5,-115.0,-105.0,,,,,
2022021199,SJS,VGK,2023-03-30,145.0,-182.0,6.5,-115.0,-105.0,,,,,
2022021200,BUF,NYR,2023-03-31,125.0,-150.0,6.5,-132.0,108.0,,,,,
2022021201,WPG,DET,2023-03-31,-255.0,210.0,6.0,-105.0,-115.0,,,,,
2022021202,VAN,CGY,2023-03-31,126.0,-152.0,6.5,-120.0,105.0,,,,,
2022021203,ARI,DAL,2023-03-31,198.0,-240.0,6.0,-105.0,-115.0,,,,,
2022021204,NSH,STL,2023-04-01,-140.0,118.0,5.5,-145.0,110.0,,,,,
2022021205,PIT,BOS,2023-04-01,-101.0,-121.0,6.5,102.0,-124.0,,,,,
2022021206,PHI,BUF,2023-04-01,-112.0,-112.0,6.5,-126.0,-100.0,,,,,
2022021207,MTL,CAR,2023-04-01,210.0,-260.0,6.5,-100.0,-120.0,,,,,
2022021208,CBJ,FLA,2023-04-01,210.0,-255.0,7.0,-105.0,-115.0,,,,,
2022021209,TBL,NYI,2023-04-01,-154.0,130.0,5.5,-115.0,-105.0,,,,,
2022021210,OTT,TOR,2023-04-01,130.0,-160.0,6.5,-145.0,114.0,,,,,
2022021211,CHI,NJD,2023-04-01,265.0,-330.0,6.5,100.0,-120.0,,,,,
2022021212,COL,DAL,2023-04-01,-165.0,140.0,6.5,-100.0,-120.0,,,,,
2022021213,EDM,ANA,2023-04-01,-585.0,375.0,7.0,-105.0,-115.0,,,,,
2022021214,SEA,LAK,2023-04-01,-115.0,-106.0,6.5,104.0,-120.0,,,,,
2022021215,VGK,MIN,2023-04-01,-111.0,-110.0,5.5,-140.0,112.0,,,,,
2022021216,ARI,SJS,2023-04-01,-105.0,-115.0,6.5,-120.0,-110.0,,,,,
2022021217,WSH,NYR,2023-04-02,110.0,-134.0,5.5,-135.0,110.0,,,,,
2022021218,STL,BOS,2023-04-02,175.0,-225.0,6.5,105.0,-132.0,,,,,
2022021219,CAR,NYI,2023-04-02,-165.0,134.0,5.5,-105.0,-120.0,,,,,
2022021220,CBJ,OTT,2023-04-02,165.0,-200.0,6.5,-140.0,114.0,,,,,
2022021221,PIT,PHI,2023-04-02,-250.0,198.0,6.5,-106.0,-117.0,,,,,
2022021222,TOR,DET,2023-04-02,-250.0,205.0,6.5,-105.0,-115.0,,,,,
2022021223,WPG,NJD,2023-04-02,-114.0,-110.0,6.5,-100.0,-128.0,,,,,
2022021224,CGY,ANA,2023-04-02,-580.0,420.0,6.5,-110.0,-110.0,,,,,
2022021225,VAN,LAK,2023-04-02,-104.0,-120.0,6.5,-108.0,-115.0,,,,,
2022021226,MIN,VGK,2023-04-03,-137.0,115.0,5.5,-128.0,104.0,,,,,
2022021227,DAL,NSH,2023-04-03,-210.0,172.0,5.5,-145.0,110.0,,,,,
2022021228,SEA,ARI,2023-04-03,-330.0,260.0,6.5,-110.0,-110.0,,,,,
2022021229,FLA,BUF,2023-04-04,-195.0,158.0,7.5,118.0,-144.0,,,,,
2022021230,TOR,CBJ,2023-04-04,-417.0,296.0,6.5,-146.0,113.0,,,,,
2022021231,MTL,DET,2023-04-04,-101.0,-122.0,6.5,100.0,-122.0,,,,,
2022021232,CAR,OTT,2023-04-04,-260.0,220.0,6.0,-120.0,-100.0,,,,,
2022021233,NJD,PIT,2023-04-04,-162.0,135.0,6.5,-130.0,105.0,,,,,
2022021234,STL,PHI,2023-04-04,-125.0,105.0,6.5,-110.0,-110.0,,,,,
2022021235,NSH,VGK,2023-04-04,115.0,-144.0,6.5,105.0,-135.0,,,,,
2022021236,CGY,CHI,2023-04-04,-450.0,340.0,6.5,100.0,-120.0,,,,,
2022021237,LAK,EDM,2023-04-04,120.0,-145.0,6.5,-126.0,-100.0,,,,,
2022021238,VAN,SEA,2023-04-04,-105.0,-115.0,6.5,-130.0,110.0,,,,,
2022021239,SJS,COL,2023-04-04,195.0,-270.0,6.5,-105.0,-115.0,,,,,
2022021240,WPG,CGY,2023-04-05,-135.0,108.0,6.0,-105.0,-115.0,,,,,
2022021241,NYR,TBL,2023-04-05,-125.0,105.0,5.5,-120.0,-102.0,,,,,
2022021242,ANA,EDM,2023-04-05,265.0,-335.0,7.5,120.0,-155.0,,,,,
2022021243,NJD,CBJ,2023-04-06,-432.0,308.0,6.5,-143.0,114.0,,,,,
2022021244,PIT,MIN,2023-04-06,-138.0,110.0,6.5,-100.0,-126.0,,,,,
2022021245,FLA,OTT,2023-04-06,-250.0,200.0,6.5,-150.0,122.0,,,,,
2022021246,BOS,TOR,2023-04-06,-150.0,126.0,6.0,-107.0,-115.0,,,,,
2022021247,MTL,WSH,2023-04-06,130.0,-162.0,6.5,-100.0,-122.0,,,,,
2022021248,DET,BUF,2023-04-06,-110.0,-110.0,6.5,-135.0,107.0,,,,,
2022021249,NYI,TBL,2023-04-06,-155.0,125.0,5.5,-131.0,100.0,,,,,
2022021250,NSH,CAR,2023-04-06,160.0,-200.0,5.5,-104.0,-120.0,,,,,
2022021251,STL,NYR,2023-04-06,140.0,-166.0,6.5,-125.0,105.0,,,,,
2022021252,DAL,PHI,2023-04-06,-250.0,200.0,6.0,-115.0,-105.0,,,,,
2022021253,SEA,ARI,2023-04-06,-370.0,265.0,6.5,-108.0,-112.0,,,,,
2022021254,VAN,CHI,2023-04-06,-225.0,184.0,6.5,-114.0,-106.0,,,,,
2022021255,VGK,LAK,2023-04-06,-125.0,104.0,6.0,-110.0,-110.0,,,,,
2022021256,SJS,COL,2023-04-06,180.0,-235.0,6.5,-120.0,100.0,,,,,
2022021257,BUF,CAR,2023-04-08,150.0,-182.0,6.5,-110.0,-110.0,,,,,
2022021258,MIN,STL,2023-04-08,-255.0,205.0,6.0,-115.0,-105.0,,,,,
2022021259,SJS,EDM,2023-04-08,240.0,-320.0,6.5,-120.0,-105.0,,,,,
2022021260,ARI,ANA,2023-04-08,-145.0,125.0,6.5,-110.0,-115.0,,,,,
2022021261,WSH,FLA,2023-04-08,151.0,-193.0,6.5,-147.0,116.0,,,,,
2022021262,TOR,MTL,2023-04-08,-367.0,269.0,6.5,-126.0,-100.0,,,,,
2022021263,CBJ,NYR,2023-04-08,235.0,-295.0,6.5,-120.0,-102.0,,,,,
2022021264,WPG,NSH,2023-04-08,-189.0,150.0,5.5,-112.0,-112.0,,,,,
2022021265,BOS,NJD,2023-04-08,-155.0,135.0,6.0,-105.0,-115.0,,,,,
2022021266,DET,PIT,2023-04-08,160.0,-190.0,6.5,-114.0,-106.0,,,,,
2022021267,OTT,TBL,2023-04-08,115.0,-137.0,6.5,-130.0,107.0,,,,,
2022021268,NYI,PHI,2023-04-08,-295.0,235.0,5.5,-128.0,105.0,,,,,
2022021269,DAL,VGK,2023-04-08,-180.0,143.0,5.5,-120.0,-106.0,,,,,
2022021270,VAN,CGY,2023-04-08,145.0,-175.0,6.5,-120.0,100.0,,,,,
2022021271,SEA,CHI,2023-04-08,-380.0,280.0,6.5,110.0,-134.0,,,,,
2022021272,LAK,COL,2023-04-08,105.0,-125.0,6.5,-100.0,-130.0,,,,,
2022021273,PHI,BOS,2023-04-09,197.0,-252.0,5.5,-121.0,-100.0,,,,,
2022021274,ANA,COL,2023-04-09,260.0,-345.0,6.5,-125.0,105.0,,,,,
2022021275,NYR,BUF,2023-04-10,-215.0,168.0,6.5,-128.0,-100.0,,,,,
2022021276,OTT,CAR,2023-04-10,150.0,-185.0,6.5,-106.0,-115.0,,,,,
2022021277,WSH,NYI,2023-04-10,142.0,-180.0,5.5,102.0,-124.0,,,,,
2022021278,WPG,SJS,2023-04-10,-350.0,290.0,6.5,-104.0,-120.0,,,,,
2022021279,FLA,TOR,2023-04-10,-145.0,116.0,6.5,-158.0,128.0,,,,,
2022021280,DET,DAL,2023-04-10,152.0,-184.0,6.5,-105.0,-125.0,,,,,
2022021281,CHI,MIN,2023-04-10,190.0,-240.0,5.5,-134.0,105.0,,,,,
2022021282,CGY,NSH,2023-04-10,-215.0,172.0,5.5,-120.0,-110.0,,,,,
2022021283,ARI,SEA,2023-04-10,195.0,-240.0,6.5,-120.0,-102.0,,,,,
2022021284,LAK,VAN,2023-04-10,-196.0,162.0,6.5,-115.0,-115.0,,,,,
2022021285,NJD,BUF,2023-04-11,-235.0,182.0,6.5,-151.0,119.0,,,,,
2022021286,PIT,CHI,2023-04-11,-520.0,385.0,6.5,-110.0,-115.0,,,,,
2022021287,PHI,CBJ,2023-04-11,-190.0,151.0,6.5,-133.0,105.0,,,,,
2022021288,CAR,DET,2023-04-11,-320.0,230.0,6.5,105.0,-135.0,,,,,
2022021289,TBL,TOR,2023-04-11,-220.0,180.0,6.5,-105.0,-115.0,,,,,
2022021290,BOS,WSH,2023-04-11,-335.0,265.0,6.0,-110.0,-110.0,,,,,
2022021291,MIN,WPG,2023-04-11,-125.0,-105.0,5.5,-120.0,-105.0,,,,,
2022021292,COL,EDM,2023-04-11,-105.0,-115.0,6.5,-134.0,110.0,,,,,
2022021293,VGK,SEA,2023-04-11,-165.0,132.0,6.5,-104.0,-120.0,,,,,
2022021294,ANA,VAN,2023-04-11,125.0,-154.0,6.5,-118.0,-105.0,,,,,
2022021295,NYI,MTL,2023-04-12,-370.0,270.0,5.5,-122.0,-102.0,,,,,
2022021296,STL,DAL,2023-04-12,137.0,-173.0,6.5,-103.0,-122.0,,,,,
2022021297,CGY,SJS,2023-04-12,-255.0,200.0,6.5,-125.0,102.0,,,,,
2022021298,MTL,BOS,2023-04-13,265.0,-320.0,6.5,-105.0,-115.0,,,,,
2022021299,FLA,CAR,2023-04-13,-115.0,-105.0,6.5,-101.0,-119.0,,,,,
2022021300,TBL,DET,2023-04-13,-235.0,195.0,6.5,-115.0,-105.0,,,,,
2022021301,WSH,NJD,2023-04-13,130.0,-155.0,6.5,-115.0,-105.0,,,,,
2022021302,BUF,OTT,2023-04-13,-135.0,115.0,7.0,-120.0,100.0,,,,,
2022021303,CBJ,PIT,2023-04-13,186.0,-240.0,6.5,-134.0,106.0,,,,,
2022021304,NYR,TOR,2023-04-13,-135.0,110.0,6.5,-105.0,-115.0,,,,,
2022021305,NSH,MIN,2023-04-13,-150.0,128.0,5.5,100.0,-122.0,,,,,
2022021306,CHI,PHI,2023-04-13,-105.0,-115.0,6.0,-115.0,-105.0,,,,,
2022021307,DAL,STL,2023-04-13,-295.0,235.0,6.5,-102.0,-120.0,,,,,
2022021308,EDM,SJS,2023-04-13,-560.0,410.0,6.5,-150.0,122.0,,,,,
2022021309,COL,WPG,2023-04-13,-305.0,250.0,6.0,100.0,-120.0,,,,,
2022021310,ANA,LAK,2023-04-13,220.0,-275.0,6.5,-110.0,-110.0,,,,,
2022021311,ARI,VAN,2023-04-13,130.0,-165.0,6.5,-128.0,-100.0,,,,,
2022021312,SEA,VGK,2023-04-13,-111.0,-115.0,6.5,-100.0,-130.0,,,,,
2022020320,NSH,COL,2023-04-14,190.0,-235.0,6.0,-100.0,-120.0,,,,,
2022020547,CBJ,BUF,2023-04-14,143.0,-182.0,6.5,-152.0,120.0,,,,,
2023020001,TBL,NSH,2023-10-10,-162.0,132.0,6.5,-108.0,-112.0,-176.0,146.0,6.0,-120.0,-105.0
2023020002,PIT,CHI,2023-10-10,-250.0,198.0,6.5,-140.0,110.0,-225.0,185.0,6.5,-115.0,-105.0
2023020003,VGK,SEA,2023-10-10,-166.0,136.0,6.5,110.0,-135.0,-170.0,145.0,6.0,-120.0,-100.0
2023020004,CAR,OTT,2023-10-11,-187.0,153.0,6.0,-120.0,-100.0,-220.0,180.0,6.0,-110.0,-110.0
2023020005,TOR,MTL,2023-10-11,-285.0,230.0,6.5,-127.0,114.0,-295.0,235.0,6.5,-110.0,-110.0
2023020006,BOS,CHI,2023-10-11,-345.0,270.0,6.0,-127.0,105.0,-310.0,245.0,6.0,-110.0,-110.0
2023020007,CGY,WPG,2023-10-11,-140.0,115.0,5.5,-138.0,112.0,-140.0,115.0,6.5,102.0,-120.0
2023020008,LAK,COL,2023-10-11,-105.0,-125.0,6.5,-105.0,-124.0,-110.0,-110.0,6.5,-105.0,-110.0
2023020009,VAN,EDM,2023-10-11,128.0,-155.0,6.5,-150.0,122.0,130.0,-156.0,7.0,110.0,-130.0
2023020010,BUF,NYR,2023-10-12,115.0,-142.0,6.5,-142.0,115.0,105.0,-125.0,6.5,-105.0,-115.0
2023020011,CBJ,PHI,2023-10-12,-120.0,-102.0,6.5,-115.0,-105.0,-130.0,110.0,6.5,-115.0,-105.0
2023020012,NJD,DET,2023-10-12,-250.0,198.0,6.5,-115.0,-105.0,-250.0,202.0,6.5,-110.0,-110.0
2023020013,DAL,STL,2023-10-12,-205.0,170.0,6.5,-109.0,-118.0,-205.0,170.0,6.5,-105.0,-115.0
2023020014,MIN,FLA,2023-10-12,-130.0,110.0,6.5,105.0,-120.0,-125.0,105.0,6.5,-120.0,100.0
2023020015,NSH,SEA,2023-10-12,-110.0,-110.0,6.5,-100.0,-120.0,-105.0,-115.0,6.0,-120.0,-100.0
2023020016,SJS,VGK,2023-10-12,205.0,-260.0,6.5,-105.0,-115.0,200.0,-245.0,6.5,-102.0,-120.0
2023020017,NJD,ARI,2023-10-13,-245.0,200.0,6.5,-140.0,105.0,-291.0,235.0,6.5,-101.0,-120.0
2023020018,WSH,PIT,2023-10-13,105.0,-125.0,6.5,-114.0,-108.0,102.0,-122.0,6.5,-104.0,-116.0
2023020019,OTT,PHI,2023-10-14,-192.0,155.0,6.5,-125.0,106.0,-185.0,154.0,6.5,-110.0,-110.0
2023020020,WPG,FLA,2023-10-14,-140.0,115.0,6.5,-120.0,-100.0,-110.0,-110.0,6.5,-120.0,-100.0
2023020021,BOS,NSH,2023-10-14,-176.0,146.0,5.5,-120.0,-100.0,-205.0,170.0,6.0,-105.0,-115.0
2023020022,CBJ,NYR,2023-10-14,188.0,-230.0,6.5,-123.0,-105.0,164.0,-198.0,6.5,-105.0,-115.0
2023020023,DET,TBL,2023-10-14,105.0,-125.0,6.5,-129.0,105.0,-110.0,-110.0,6.5,-120.0,-100.0
2023020024,MTL,CHI,2023-10-14,-145.0,120.0,6.5,-104.0,-118.0,-130.0,110.0,6.0,-120.0,-100.0
2023020025,PIT,CGY,2023-10-14,-107.0,-112.0,6.5,-126.0,-100.0,-115.0,-105.0,6.5,-115.0,-105.0
2023020026,TOR,MIN,2023-10-14,-170.0,140.0,6.5,-110.0,-114.0,-175.0,145.0,6.5,-115.0,-105.0
2023020027,NYI,BUF,2023-10-14,-142.0,120.0,6.5,-105.0,-115.0,-130.0,110.0,6.0,-110.0,-110.0
2023020028,STL,SEA,2023-10-14,-105.0,-115.0,6.5,-105.0,-115.0,-110.0,-110.0,6.5,-110.0,-110.0
2023020029,EDM,VAN,2023-10-14,-231.0,190.0,7.0,-128.0,103.0,-195.0,156.0,7.0,-124.0,-100.0
2023020030,SJS,COL,2023-10-14,240.0,-300.0,6.5,-105.0,-118.0,200.0,-245.0,6.5,-105.0,-115.0
2023020031,VGK,ANA,2023-10-14,-325.0,250.0,6.5,-100.0,-115.0,-340.0,270.0,6.0,-120.0,-100.0
2023020032,LAK,CAR,2023-10-14,110.0,-130.0,6.0,-110.0,-110.0,-100.0,-120.0,6.0,-110.0,-110.0
2023020033,OTT,TBL,2023-10-15,-128.0,106.0,6.5,-165.0,125.0,-100.0,-120.0,6.5,-130.0,105.0
2023020034,ANA,CAR,2023-10-15,245.0,-310.0,6.5,-105.0,-115.0,215.0,-265.0,6.5,100.0,-120.0
2023020035,CBJ,DET,2023-10-16,114.0,-135.0,6.5,-142.0,116.0,-110.0,-110.0,7.0,112.0,-137.0
2023020036,NJD,FLA,2023-10-16,-178.0,146.0,6.5,-140.0,115.0,-225.0,185.0,7.0,110.0,-140.0
2023020037,NYR,ARI,2023-10-16,-250.0,200.0,6.5,-110.0,-110.0,-250.0,200.0,6.5,-120.0,100.0
2023020038,TOR,CHI,2023-10-16,-350.0,275.0,6.5,-138.0,112.0,-290.0,230.0,7.0,114.0,-140.0
2023020039,WSH,CGY,2023-10-16,106.0,-128.0,6.5,102.0,-124.0,-110.0,-110.0,6.5,-115.0,-115.0
2023020040,BUF,TBL,2023-10-17,-130.0,110.0,6.5,-160.0,130.0,125.0,-150.0,6.5,-127.0,105.0
2023020041,MTL,MIN,2023-10-17,118.0,-142.0,6.5,110.0,-130.0,125.0,-150.0,6.5,-125.0,105.0
2023020042,PHI,VAN,2023-10-17,112.0,-134.0,6.5,-100.0,-120.0,114.0,-135.0,6.5,-113.0,-106.0
2023020043,NYI,ARI,2023-10-17,-198.0,164.0,5.5,-121.0,-100.0,-260.0,210.0,6.0,-120.0,-100.0
2023020044,NSH,EDM,2023-10-17,115.0,-138.0,6.5,-145.0,120.0,105.0,-125.0,6.5,-125.0,105.0
2023020045,WPG,LAK,2023-10-17,-140.0,115.0,6.5,-102.0,-120.0,-125.0,105.0,6.5,-113.0,-106.0
2023020046,SEA,COL,2023-10-17,134.0,-162.0,6.5,-100.0,-120.0,120.0,-145.0,6.5,-101.0,-119.0
2023020047,SJS,CAR,2023-10-17,250.0,-310.0,6.5,-100.0,-120.0,210.0,-260.0,6.5,101.0,-121.0
2023020048,VGK,DAL,2023-10-17,-105.0,-114.0,5.5,-122.0,-100.0,-140.0,115.0,6.0,-110.0,-110.0
2023020049,OTT,WSH,2023-10-18,-175.0,145.0,6.5,-120.0,-102.0,-140.0,115.0,6.5,-120.0,-100.0
2023020050,DET,PIT,2023-10-18,110.0,-130.0,6.5,-143.0,117.0,115.0,-140.0,6.5,-127.0,105.0
2023020051,BUF,CGY,2023-10-19,-102.0,-120.0,6.5,-130.0,105.0,105.0,-125.0,6.5,-115.0,-105.0
2023020052,FLA,TOR,2023-10-19,110.0,-130.0,6.5,-158.0,128.0,102.0,-122.0,7.0,-103.0,-116.0
2023020053,NYR,NSH,2023-10-19,-192.0,160.0,5.5,-132.0,108.0,-185.0,154.0,6.0,-116.0,-103.0
2023020054,PHI,EDM,2023-10-19,164.0,-205.0,6.5,-160.0,120.0,154.0,-185.0,6.5,-135.0,110.0
2023020055,TBL,VAN,2023-10-19,-135.0,110.0,6.5,-130.0,106.0,-175.0,145.0,7.0,112.0,-137.0
2023020056,MIN,LAK,2023-10-19,-110.0,-112.0,6.5,-100.0,-130.0,-120.0,-100.0,6.5,101.0,-121.0
2023020057,STL,ARI,2023-10-19,-115.0,-105.0,6.5,-100.0,-121.0,-180.0,150.0,6.0,-116.0,-103.0
2023020058,WPG,VGK,2023-10-19,-105.0,-120.0,6.5,102.0,-124.0,-108.0,-112.0,6.0,-110.0,-110.0
2023020059,ANA,DAL,2023-10-19,210.0,-260.0,6.5,105.0,-132.0,210.0,-258.0,6.0,-107.0,-112.0
2023020060,SEA,CAR,2023-10-19,120.0,-148.0,5.5,-130.0,106.0,124.0,-148.0,6.0,-110.0,-110.0
2023020061,COL,CHI,2023-10-19,-375.0,275.0,6.5,-105.0,-115.0,-345.0,275.0,6.5,-103.0,-116.0
2023020062,SJS,BOS,2023-10-19,220.0,-281.0,5.5,-137.0,110.0,215.0,-265.0,6.0,-119.0,-101.0
2023020063,CBJ,CGY,2023-10-20,126.0,-160.0,6.5,-129.0,104.0,120.0,-142.0,6.5,-120.0,-100.0
2023020064,NYI,NJD,2023-10-20,-100.0,-120.0,6.0,-110.0,-110.0,-100.0,-120.0,6.0,-120.0,-100.0
2023020065,OTT,DET,2023-10-21,-162.0,130.0,6.5,-137.0,108.0,-148.0,124.0,6.5,-115.0,-105.0
2023020066,ARI,ANA,2023-10-21,-192.0,158.0,6.5,-113.0,-112.0,-170.0,142.0,6.5,-115.0,-105.0
2023020067,BUF,NYI,2023-10-21,-130.0,106.0,6.5,-113.0,-106.0,-125.0,105.0,6.0,-110.0,-110.0
2023020068,FLA,VAN,2023-10-21,-152.0,126.0,6.5,-124.0,102.0,-142.0,120.0,6.5,-137.0,112.0
2023020069,MTL,WSH,2023-10-21,104.0,-120.0,6.5,-108.0,-112.0,102.0,-122.0,6.5,-105.0,-115.0
2023020070,TBL,TOR,2023-10-21,120.0,-145.0,6.5,-152.0,125.0,105.0,-125.0,7.0,107.0,-130.0
2023020071,CHI,VGK,2023-10-21,182.0,-222.0,6.5,105.0,-125.0,180.0,-218.0,6.0,-120.0,-100.0
2023020072,DAL,PHI,2023-10-21,-250.0,200.0,5.5,-140.0,114.0,-235.0,190.0,5.5,-120.0,-102.0
2023020073,MIN,CBJ,2023-10-21,-230.0,190.0,6.5,-105.0,-122.0,-215.0,176.0,6.5,-104.0,-118.0
2023020074,NSH,SJS,2023-10-21,-270.0,210.0,6.5,-103.0,-122.0,-205.0,170.0,6.0,-110.0,-110.0
2023020075,STL,PIT,2023-10-21,135.0,-175.0,6.5,-120.0,-106.0,120.0,-142.0,6.5,-115.0,-105.0
2023020076,COL,CAR,2023-10-21,-160.0,128.0,6.5,-100.0,-114.0,-142.0,118.0,6.5,110.0,-134.0
2023020077,EDM,WPG,2023-10-21,-170.0,140.0,6.5,-145.0,120.0,-164.0,136.0,6.5,-130.0,106.0
2023020078,SEA,NYR,2023-10-21,-100.0,-120.0,6.5,104.0,-121.0,102.0,-122.0,6.5,112.0,-138.0
2023020079,LAK,BOS,2023-10-21,-112.0,-108.0,5.5,-120.0,102.0,-111.0,-108.0,5.5,-138.0,112.0
2023020080,DET,CGY,2023-10-22,118.0,-148.0,6.5,-127.0,-100.0,120.0,-142.0,6.5,-115.0,-105.0
2023020081,ANA,BOS,2023-10-22,200.0,-250.0,6.5,105.0,-134.0,220.0,-270.0,6.0,-110.0,-110.0
2023020082,BUF,MTL,2023-10-23,-192.0,158.0,6.5,-130.0,107.0,-194.0,160.0,6.5,-115.0,-105.0
2023020083,WSH,TOR,2023-10-24,143.0,-172.0,6.5,-120.0,-100.0,132.0,-160.0,6.5,-118.0,-104.0
2023020084,CBJ,ANA,2023-10-24,-148.0,124.0,6.5,-115.0,-105.0,-156.0,130.0,6.5,-120.0,-102.0
2023020085,OTT,BUF,2023-10-24,-184.0,152.0,7.5,135.0,-166.0,-160.0,132.0,6.5,-138.0,112.0
2023020086,TBL,CAR,2023-10-24,105.0,-127.0,6.5,-126.0,105.0,-106.0,-113.0,6.5,-102.0,-120.0
2023020087,MTL,NJD,2023-10-24,190.0,-240.0,6.5,-130.0,107.0,168.0,-205.0,6.5,-102.0,-120.0
2023020088,PIT,DAL,2023-10-24,110.0,-132.0,6.5,-100.0,-110.0,-105.0,-114.0,6.5,102.0,-124.0
2023020089,FLA,SJS,2023-10-24,-255.0,202.0,6.5,-126.0,-101.0,-255.0,205.0,6.5,-148.0,120.0
2023020090,NYI,COL,2023-10-24,115.0,-140.0,5.5,-115.0,-105.0,125.0,-150.0,5.5,-134.0,110.0
2023020091,DET,SEA,2023-10-24,-120.0,-100.0,6.5,-101.0,-110.0,-140.0,116.0,6.5,-106.0,-114.0
2023020092,CHI,BOS,2023-10-24,192.0,-239.0,5.5,-123.0,102.0,195.0,-240.0,6.5,106.0,-130.0
2023020093,WPG,STL,2023-10-24,-184.0,152.0,6.5,105.0,-125.0,-164.0,136.0,6.5,-104.0,-118.0
2023020094,MIN,EDM,2023-10-24,-110.0,-110.0,6.5,-112.0,-110.0,-110.0,-110.0,6.5,104.0,-128.0
2023020095,NSH,VAN,2023-10-24,-130.0,110.0,6.5,-100.0,-115.0,-120.0,100.0,6.5,104.0,-128.0
2023020096,CGY,NYR,2023-10-24,110.0,-130.0,6.5,105.0,-125.0,100.0,-120.0,6.0,-120.0,100.0
2023020097,LAK,ARI,2023-10-24,-185.0,155.0,6.5,-102.0,-119.0,-218.0,180.0,6.5,-120.0,100.0
2023020098,VGK,PHI,2023-10-24,-198.0,164.0,6.0,-110.0,-110.0,-265.0,215.0,6.0,-120.0,-102.0
2023020099,NJD,WSH,2023-10-25,-250.0,200.0,6.5,-137.0,110.0,-238.0,195.0,6.5,-120.0,-100.0
2023020100,BOS,ANA,2023-10-26,-315.0,250.0,5.5,-139.0,111.0,-325.0,260.0,6.0,-113.0,-106.0
2023020101,CAR,SEA,2023-10-26,-202.0,167.0,6.5,-100.0,-120.0,-192.0,160.0,6.5,-102.0,-118.0
2023020102,DET,WPG,2023-10-26,110.0,-130.0,6.5,-109.0,-111.0,-115.0,-105.0,6.5,-115.0,-105.0
2023020103,MTL,CBJ,2023-10-26,-115.0,-105.0,6.5,-122.0,103.0,-125.0,105.0,6.5,-127.0,105.0
2023020104,PHI,MIN,2023-10-26,-102.0,-118.0,6.5,105.0,-125.0,110.0,-130.0,6.5,-110.0,-110.0
2023020105,PIT,COL,2023-10-26,121.0,-143.0,6.5,-127.0,105.0,120.0,-142.0,6.5,-118.0,-102.0
2023020106,TBL,SJS,2023-10-26,-290.0,235.0,6.5,-110.0,-110.0,-285.0,230.0,6.5,-120.0,-100.0
2023020107,NYI,OTT,2023-10-26,-130.0,109.0,6.5,-100.0,-123.0,-125.0,105.0,6.0,-121.0,101.0
2023020108,DAL,TOR,2023-10-26,-110.0,-110.0,6.5,-105.0,-115.0,-125.0,105.0,6.5,-105.0,-115.0
2023020109,CGY,STL,2023-10-26,-191.0,156.0,6.5,-100.0,-129.0,-180.0,150.0,6.0,-119.0,-101.0
2023020110,EDM,NYR,2023-10-26,105.0,-125.0,6.5,-110.0,-106.0,-100.0,-120.0,6.5,-110.0,-110.0
2023020111,VGK,CHI,2023-10-27,-350.0,275.0,6.0,-121.0,-100.0,-325.0,260.0,6.0,-109.0,-111.0
2023020112,CAR,SJS,2023-10-27,-445.0,335.0,6.5,-105.0,-115.0,-360.0,285.0,6.5,-105.0,-115.0
2023020113,NJD,BUF,2023-10-27,-192.0,158.0,6.5,-160.0,130.0,-192.0,160.0,7.0,-110.0,-110.0
2023020114,WSH,MIN,2023-10-27,-125.0,105.0,6.5,-100.0,-122.0,-110.0,-110.0,6.0,-120.0,-100.0
2023020115,ARI,LAK,2023-10-27,120.0,-142.0,6.5,-106.0,-114.0,120.0,-142.0,6.5,-110.0,-110.0
2023020116,VAN,STL,2023-10-27,-192.0,160.0,6.5,104.0,-128.0,-180.0,150.0,6.5,-115.0,-105.0
2023020117,PHI,ANA,2023-10-28,-168.0,140.0,6.5,-110.0,-110.0,-177.0,147.0,6.0,-105.0,-115.0
2023020118,FLA,SEA,2023-10-28,-142.0,118.0,6.5,-120.0,-106.0,-162.0,136.0,6.5,-127.0,105.0
2023020119,BOS,DET,2023-10-28,-186.0,154.0,5.5,-131.0,107.0,-192.0,160.0,6.0,-121.0,101.0
2023020120,CBJ,NYI,2023-10-28,123.0,-147.0,6.5,101.0,-120.0,130.0,-155.0,6.0,-115.0,-105.0
2023020121,MTL,WPG,2023-10-28,130.0,-155.0,6.5,-118.0,-104.0,120.0,-142.0,6.5,-105.0,-115.0
2023020122,NSH,TOR,2023-10-28,115.0,-140.0,6.5,-100.0,-120.0,120.0,-142.0,6.5,-105.0,-115.0
2023020123,PIT,OTT,2023-10-28,-150.0,125.0,6.5,-160.0,130.0,-142.0,120.0,6.5,-130.0,107.0
2023020124,VAN,NYR,2023-10-28,145.0,-175.0,5.5,-125.0,104.0,120.0,-142.0,6.0,-110.0,-110.0
2023020125,LAK,VGK,2023-10-28,-110.0,-110.0,6.5,-100.0,-120.0,-105.0,-115.0,6.0,-100.0,-120.0
2023020126,BUF,COL,2023-10-29,160.0,-191.0,6.5,-150.0,125.0,130.0,-155.0,6.5,100.0,-120.0
2023020127,NJD,MIN,2023-10-29,-175.0,146.0,6.5,-137.0,110.0,-185.0,154.0,6.5,-127.0,105.0
2023020128,WSH,SJS,2023-10-29,-225.0,185.0,6.0,-116.0,-103.0,-218.0,180.0,6.0,-109.0,-111.0
2023020129,EDM,CGY,2023-10-29,-158.0,130.0,6.5,-107.0,-113.0,-178.0,146.0,6.5,-105.0,-115.0
2023020130,BOS,FLA,2023-10-30,-166.0,140.0,6.5,-100.0,-110.0,-170.0,142.0,6.0,-110.0,-110.0
2023020131,PHI,CAR,2023-10-30,160.0,-191.0,6.5,-100.0,-120.0,160.0,-192.0,6.0,-120.0,100.0
2023020132,PIT,ANA,2023-10-30,-240.0,195.0,6.5,-127.0,110.0,-245.0,200.0,6.5,100.0,-120.0
2023020133,TBL,SEA,2023-10-30,-145.0,120.0,6.5,-104.0,-116.0,-162.0,136.0,6.0,-121.0,101.0
2023020134,NYI,DET,2023-10-30,-152.0,126.0,5.5,-133.0,108.0,-135.0,114.0,6.0,-100.0,-120.0
2023020135,WPG,NYR,2023-10-30,-100.0,-120.0,5.5,-125.0,105.0,-120.0,-100.0,6.0,-100.0,-120.0
2023020136,DAL,CBJ,2023-10-30,-285.0,230.0,6.5,104.0,-125.0,-278.0,225.0,6.0,-120.0,-100.0
2023020137,ARI,CHI,2023-10-30,-186.0,154.0,6.5,101.0,-124.0,-166.0,140.0,6.0,-110.0,-110.0
2023020138,VGK,MTL,2023-10-30,-240.0,192.0,6.5,-110.0,-110.0,-278.0,225.0,6.0,-110.0,-110.0
2023020139,TOR,LAK,2023-10-31,-155.0,130.0,6.5,-137.0,112.0,-148.0,124.0,7.0,107.0,-130.0
2023020140,VAN,NSH,2023-10-31,-153.0,128.0,6.5,-102.0,-120.0,-142.0,120.0,6.0,-113.0,-106.0
2023020141,PHI,BUF,2023-11-01,-110.0,-112.0,6.5,-140.0,114.0,-102.0,-118.0,6.5,-122.0,100.0
2023020142,CGY,DAL,2023-11-01,119.0,-142.0,5.5,-120.0,-100.0,105.0,-126.0,6.5,110.0,-134.0
2023020143,COL,STL,2023-11-01,-247.0,200.0,6.5,-106.0,-113.0,-250.0,202.0,6.5,112.0,-140.0
2023020144,ANA,ARI,2023-11-01,109.0,-130.0,6.5,-109.0,-111.0,-104.0,-115.0,6.5,102.0,-124.0
2023020145,BOS,TOR,2023-11-02,-110.0,-110.0,6.0,-105.0,-115.0,-130.0,110.0,6.0,-110.0,-110.0
2023020146,CBJ,TBL,2023-11-02,136.0,-162.0,6.5,-146.0,119.0,136.0,-162.0,6.5,-121.0,101.0
2023020147,DET,FLA,2023-11-02,101.0,-120.0,6.5,-130.0,107.0,-105.0,-115.0,6.5,-120.0,-100.0
2023020148,NYR,CAR,2023-11-02,-112.0,-107.0,5.5,-115.0,-105.0,-120.0,-100.0,5.5,-120.0,-100.0
2023020149,OTT,LAK,2023-11-02,-108.0,-112.0,6.5,-130.0,107.0,-105.0,-115.0,7.0,107.0,-130.0
2023020150,WSH,NYI,2023-11-02,-100.0,-120.0,6.0,-115.0,-110.0,102.0,-122.0,5.5,-119.0,-101.0
2023020151,MIN,NJD,2023-11-02,-105.0,-115.0,6.5,-139.0,113.0,105.0,-125.0,6.5,-137.0,112.0
2023020152,EDM,DAL,2023-11-02,-152.0,126.0,6.5,-116.0,-105.0,-130.0,110.0,6.5,-115.0,-105.0
2023020153,ARI,MTL,2023-11-02,-130.0,110.0,6.5,-100.0,-119.0,-130.0,110.0,6.5,-100.0,-120.0
2023020154,SEA,NSH,2023-11-02,-123.0,103.0,5.5,-125.0,105.0,-135.0,114.0,6.0,-105.0,-115.0
2023020155,VGK,WPG,2023-11-02,-141.0,118.0,6.0,-105.0,-115.0,-175.0,145.0,6.0,-109.0,-111.0
2023020156,SJS,VAN,2023-11-02,186.0,-227.0,6.0,-111.0,-109.0,170.0,-205.0,6.5,-113.0,-106.0
2023020157,BUF,PHI,2023-11-03,-166.0,140.0,6.5,-130.0,110.0,-188.0,155.0,6.5,-148.0,120.0
2023020158,STL,NJD,2023-11-03,125.0,-150.0,6.5,-123.0,-103.0,126.0,-152.0,6.5,-110.0,-110.0
2023020159,EDM,NSH,2023-11-04,-199.0,164.0,6.5,-156.0,128.0,-192.0,160.0,6.5,-130.0,107.0
2023020160,ARI,WPG,2023-11-04,116.0,-141.0,6.5,-100.0,-120.0,110.0,-130.0,6.5,-101.0,-119.0
2023020161,DET,BOS,2023-11-04,120.0,-142.0,5.5,-129.0,105.0,120.0,-142.0,6.0,-120.0,-100.0
2023020162,OTT,TBL,2023-11-04,-120.0,105.0,6.5,-150.0,125.0,-120.0,100.0,7.0,110.0,-140.0
2023020163,PHI,LAK,2023-11-04,160.0,-192.0,6.5,-110.0,-110.0,142.0,-170.0,6.5,-113.0,-106.0
2023020164,STL,MTL,2023-11-04,-120.0,-100.0,6.5,-104.0,-116.0,-130.0,110.0,6.5,100.0,-120.0
2023020165,TOR,BUF,2023-11-04,-225.0,185.0,6.5,-134.0,111.0,-218.0,180.0,6.5,-130.0,105.0
2023020166,WSH,CBJ,2023-11-04,-148.0,124.0,6.5,-110.0,-110.0,-166.0,140.0,6.5,101.0,-121.0
2023020167,NYI,CAR,2023-11-04,114.0,-136.0,5.5,-131.0,110.0,100.0,-120.0,5.5,-120.0,100.0
2023020168,CHI,FLA,2023-11-04,168.0,-205.0,6.5,-107.0,-113.0,164.0,-198.0,6.5,-121.0,101.0
2023020169,MIN,NYR,2023-11-04,-118.0,-102.0,6.5,-105.0,-115.0,102.0,-122.0,6.0,-110.0,-110.0
2023020170,SEA,CGY,2023-11-04,-115.0,-104.0,6.0,-109.0,-111.0,-125.0,105.0,6.5,-109.0,-111.0
2023020171,SJS,PIT,2023-11-04,215.0,-265.0,6.5,-110.0,-110.0,185.0,-225.0,6.5,-120.0,-100.0
2023020172,VAN,DAL,2023-11-04,105.0,-122.0,6.5,107.0,-110.0,110.0,-130.0,6.5,-105.0,-115.0
2023020173,VGK,COL,2023-11-04,-105.0,-115.0,6.5,-110.0,-110.0,-110.0,-110.0,6.5,-100.0,-120.0
2023020174,CHI,NJD,2023-11-05,177.0,-214.0,6.5,-101.0,-120.0,200.0,-245.0,6.5,-110.0,-110.0
2023020175,ANA,VGK,2023-11-05,146.0,-176.0,6.5,-106.0,-113.0,164.0,-198.0,6.0,-120.0,100.0
2023020176,FLA,CBJ,2023-11-06,-227.0,186.0,6.5,-112.0,-109.0,-215.0,176.0,6.5,-122.0,-100.0
2023020177,TOR,TBL,2023-11-06,-154.0,128.0,6.5,-140.0,115.0,-156.0,130.0,6.5,-140.0,112.0
2023020178,DAL,BOS,2023-11-06,-135.0,114.0,5.5,-110.0,-110.0,-128.0,106.0,5.5,-140.0,114.0
2023020179,VAN,EDM,2023-11-06,-108.0,-112.0,6.5,-162.0,132.0,-100.0,-120.0,6.5,-150.0,122.0
2023020180,CAR,BUF,2023-11-07,-221.0,180.0,6.5,-132.0,112.0,-205.0,170.0,6.5,-110.0,-110.0
2023020181,MTL,TBL,2023-11-07,110.0,-130.0,6.5,-160.0,130.0,136.0,-162.0,6.5,-100.0,-120.0
2023020182,NYI,MIN,2023-11-07,-124.0,102.0,6.0,-115.0,-105.0,-130.0,110.0,5.5,-119.0,-101.0
2023020183,NYR,DET,2023-11-07,-155.0,124.0,6.5,-100.0,-123.0,-192.0,160.0,6.0,-115.0,-105.0
2023020184,STL,WPG,2023-11-07,117.0,-144.0,6.0,-110.0,-110.0,110.0,-130.0,6.0,-120.0,-100.0
2023020185,ARI,SEA,2023-11-07,-110.0,-110.0,6.5,102.0,-115.0,-100.0,-120.0,6.5,-110.0,-110.0
2023020186,CGY,NSH,2023-11-07,-125.0,105.0,5.5,-130.0,106.0,-142.0,120.0,6.0,-109.0,-111.0
2023020187,ANA,PIT,2023-11-07,152.0,-182.0,6.5,-150.0,125.0,136.0,-162.0,6.5,-120.0,100.0
2023020188,COL,NJD,2023-11-07,-185.0,149.0,6.5,-100.0,-120.0,-162.0,136.0,6.5,-102.0,-117.0
2023020189,SJS,PHI,2023-11-07,175.0,-210.0,6.5,-111.0,-109.0,150.0,-180.0,6.5,-130.0,107.0
2023020190,TOR,OTT,2023-11-08,-168.0,139.0,6.5,-145.0,120.0,-175.0,145.0,7.0,105.0,-127.0
2023020191,WSH,FLA,2023-11-08,116.0,-141.0,6.5,-105.0,-115.0,114.0,-135.0,6.5,-115.0,-105.0
2023020192,VGK,LAK,2023-11-08,-123.0,102.0,6.5,-100.0,-120.0,-142.0,120.0,6.0,-115.0,-105.0
2023020193,BOS,NYI,2023-11-09,-141.0,115.0,5.5,102.0,-123.0,-205.0,168.0,5.5,-118.0,-104.0
2023020194,CBJ,DAL,2023-11-09,179.0,-217.0,6.5,-101.0,-120.0,160.0,-192.0,6.0,-120.0,-100.0
2023020195,DET,MTL,2023-11-09,-183.0,152.0,6.5,-125.0,105.0,-198.0,164.0,6.5,-105.0,-115.0
2023020196,NYR,MIN,2023-11-09,-120.0,-100.0,6.5,-105.0,-115.0,-155.0,130.0,6.0,-120.0,100.0
2023020197,OTT,VAN,2023-11-09,110.0,-130.0,7.0,105.0,-127.0,-125.0,105.0,6.5,-121.0,101.0
2023020198,TBL,CHI,2023-11-09,-245.0,199.0,6.5,-130.0,107.0,-313.0,249.0,6.5,101.0,-123.0
2023020199,STL,ARI,2023-11-09,-120.0,-103.0,6.5,-106.0,-113.0,-130.0,110.0,6.5,-105.0,-115.0
2023020200,WPG,NSH,2023-11-09,-128.0,107.0,6.5,-108.0,-112.0,-148.0,124.0,6.0,-110.0,-110.0
2023020201,COL,SEA,2023-11-09,-200.0,165.0,6.5,-105.0,-115.0,-218.0,180.0,6.5,100.0,-120.0
2023020202,LAK,PIT,2023-11-09,-122.0,102.0,6.5,-137.0,111.0,-125.0,105.0,6.5,-120.0,-100.0
2023020203,SJS,EDM,2023-11-09,280.0,-355.0,6.5,-151.0,123.0,220.0,-270.0,7.0,-105.0,-115.0
2023020204,BUF,MIN,2023-11-10,-110.0,-110.0,6.5,-130.0,110.0,-125.0,105.0,6.5,-120.0,-100.0
2023020205,FLA,CAR,2023-11-10,115.0,-138.0,6.5,-111.0,-109.0,-102.0,-118.0,6.5,-111.0,-109.0
2023020206,NJD,WSH,2023-11-10,-194.0,160.0,6.5,-110.0,-110.0,-192.0,160.0,6.0,-120.0,100.0
2023020207,TOR,CGY,2023-11-10,-155.0,129.0,6.5,-127.0,105.0,-175.0,145.0,6.5,-130.0,105.0
2023020208,ANA,PHI,2023-11-10,-100.0,-120.0,6.5,-105.0,-115.0,-125.0,105.0,6.0,-120.0,-100.0
2023020209,VGK,SJS,2023-11-10,-550.0,385.0,6.5,101.0,-124.0,-500.0,380.0,6.0,-120.0,100.0
2023020210,DET,CBJ,2023-11-11,-162.0,136.0,6.5,-132.0,110.0,-198.0,164.0,6.5,-130.0,105.0
2023020211,WPG,DAL,2023-11-11,-106.0,-113.0,6.0,-117.0,-101.0,105.0,-125.0,5.5,-120.0,-100.0
2023020212,MTL,BOS,2023-11-11,170.0,-205.0,6.5,-101.0,-120.0,180.0,-218.0,6.0,-120.0,-100.0
2023020213,OTT,CGY,2023-11-11,-143.0,120.0,6.5,-140.0,115.0,-142.0,120.0,6.5,-120.0,-100.0
2023020214,TBL,CAR,2023-11-11,-105.0,-120.0,6.5,-124.0,101.0,-105.0,-115.0,6.5,-115.0,-105.0
2023020215,TOR,VAN,2023-11-11,-115.0,-105.0,6.5,-125.0,105.0,-135.0,114.0,6.5,-127.0,105.0
2023020216,NYI,WSH,2023-11-11,-172.0,142.0,6.5,-102.0,-120.0,-185.0,154.0,6.0,-101.0,-119.0
2023020217,PIT,BUF,2023-11-11,-191.0,160.0,6.5,-150.0,125.0,-166.0,140.0,6.5,-110.0,-110.0
2023020218,NSH,ARI,2023-11-11,-157.0,130.0,5.5,-140.0,113.0,-155.0,130.0,6.0,-105.0,-115.0
2023020219,COL,STL,2023-11-11,-240.0,190.0,6.5,-100.0,-120.0,-250.0,205.0,6.0,-120.0,100.0
2023020220,SEA,EDM,2023-11-11,114.0,-135.0,6.5,-143.0,117.0,-110.0,-110.0,6.5,-127.0,105.0
2023020221,LAK,PHI,2023-11-11,-222.0,182.0,6.5,-104.0,-117.0,-238.0,195.0,6.0,-115.0,-105.0
2023020222,FLA,CHI,2023-11-12,-279.0,225.0,6.5,-120.0,-100.0,-245.0,197.0,6.5,-120.0,-100.0
2023020223,MIN,DAL,2023-11-12,-100.0,-120.0,5.5,-137.0,112.0,-110.0,-110.0,6.0,-121.0,-100.0
2023020224,MTL,VAN,2023-11-12,140.0,-170.0,6.5,-126.0,105.0,140.0,-166.0,6.5,-137.0,112.0
2023020225,NYR,CBJ,2023-11-12,-234.0,191.0,6.5,-112.0,-107.0,-285.0,225.0,6.5,-100.0,-120.0
2023020226,ANA,SJS,2023-11-12,-199.0,164.0,6.5,-106.0,-113.0,-198.0,164.0,6.5,-100.0,-120.0
2023020227,EDM,NYI,2023-11-13,-162.0,136.0,6.5,-108.0,-112.0,-166.0,140.0,6.0,-126.0,103.0
2023020228,SEA,COL,2023-11-13,130.0,-156.0,6.5,-100.0,-120.0,120.0,-142.0,6.5,-105.0,-115.0
2023020229,BUF,BOS,2023-11-14,132.0,-160.0,6.5,110.0,-130.0,124.0,-148.0,6.0,-120.0,-100.0
2023020230,CBJ,PIT,2023-11-14,150.0,-182.0,6.5,-130.0,106.0,145.0,-175.0,6.5,-120.0,-100.0
2023020231,MTL,CGY,2023-11-14,132.0,-160.0,6.5,104.0,-126.0,130.0,-155.0,6.0,-120.0,100.0
2023020232,WSH,VGK,2023-11-14,130.0,-155.0,6.0,-110.0,-110.0,136.0,-162.0,6.0,-110.0,-110.0
2023020233,DAL,ARI,2023-11-14,-258.0,190.0,6.5,-100.0,-122.0,-250.0,205.0,6.5,-100.0,-120.0
2023020234,NSH,ANA,2023-11-14,-190.0,149.0,6.0,-120.0,-100.0,-175.0,145.0,6.0,-120.0,100.0
2023020235,STL,TBL,2023-11-14,110.0,-134.0,6.5,-122.0,105.0,114.0,-135.0,6.5,-110.0,-110.0
2023020236,WPG,NJD,2023-11-14,-140.0,115.0,6.5,-113.0,-107.0,-125.0,105.0,6.5,-105.0,-115.0
2023020237,SJS,FLA,2023-11-14,235.0,-298.0,6.5,-120.0,-102.0,220.0,-270.0,6.5,-105.0,-115.0
2023020238,CAR,PHI,2023-11-15,-225.0,185.0,6.5,-100.0,-120.0,-250.0,205.0,6.0,-120.0,-100.0
2023020239,EDM,SEA,2023-11-15,-192.0,160.0,6.5,-137.0,106.0,-180.0,150.0,6.5,-130.0,105.0
2023020240,COL,ANA,2023-11-15,-310.0,230.0,6.5,-122.0,-100.0,-290.0,235.0,6.5,-110.0,-110.0
2023020241,VAN,NYI,2023-11-15,-157.0,130.0,6.5,107.0,-134.0,-148.0,124.0,6.0,-120.0,-100.0
2023020242,OTT,DET,2023-11-16,-125.0,103.0,6.5,-128.0,105.0,-115.0,-105.0,6.5,-105.0,-115.0
2023020243,CBJ,ARI,2023-11-16,102.0,-122.0,6.5,-130.0,104.0,-108.0,-112.0,6.5,-109.0,-111.0
2023020244,MTL,VGK,2023-11-16,170.0,-205.0,6.5,-102.0,-115.0,170.0,-205.0,6.0,-120.0,-100.0
2023020245,PIT,NJD,2023-11-16,-155.0,129.0,6.5,-137.0,110.0,-155.0,130.0,6.5,-120.0,-100.0
2023020246,CHI,TBL,2023-11-16,154.0,-200.0,6.5,-130.0,105.0,154.0,-185.0,6.5,-110.0,-110.0
2023020247,CGY,VAN,2023-11-16,-154.0,128.0,6.5,-117.0,-103.0,-115.0,-105.0,6.5,-120.0,-100.0
2023020248,SEA,NYI,2023-11-16,-120.0,-105.0,5.5,-130.0,106.0,-118.0,-102.0,6.0,-110.0,-110.0
2023020249,LAK,FLA,2023-11-16,-130.0,110.0,6.5,-122.0,-100.0,-135.0,114.0,6.5,-127.0,105.0
2023020250,SJS,STL,2023-11-16,184.0,-227.0,6.5,-100.0,-117.0,150.0,-180.0,6.0,-120.0,100.0
2023020251,DET,TOR,2023-11-17,152.0,-186.0,6.5,-120.0,101.0,142.0,-170.0,6.5,-110.0,-110.0
2023020252,WPG,BUF,2023-11-17,-185.0,154.0,6.5,-125.0,105.0,-175.0,145.0,6.5,100.0,-120.0
2023020253,ANA,FLA,2023-11-17,156.0,-200.0,6.5,-137.0,112.0,130.0,-155.0,6.5,-127.0,105.0
2023020254,OTT,MIN,2023-11-18,-102.0,-118.0,6.5,-140.0,115.0,-110.0,-110.0,6.5,-100.0,-120.0
2023020255,PHI,VGK,2023-11-18,134.0,-161.0,6.0,-115.0,-105.0,150.0,-180.0,6.0,-120.0,-100.0
2023020256,NSH,CHI,2023-11-18,-190.0,160.0,6.5,-102.0,-110.0,-192.0,160.0,6.5,100.0,-120.0
2023020257,TBL,EDM,2023-11-18,114.0,-135.0,6.5,-160.0,130.0,-105.0,-115.0,7.0,-115.0,-108.0
2023020258,BOS,MTL,2023-11-18,-278.0,225.0,6.5,108.0,-130.0,-278.0,225.0,6.5,-110.0,-110.0
2023020259,CAR,PIT,2023-11-18,-170.0,142.0,6.5,-110.0,-110.0,-166.0,140.0,6.5,-115.0,-105.0
2023020260,CGY,NYI,2023-11-18,-142.0,120.0,5.5,-134.0,110.0,-144.0,120.0,6.5,-104.0,-118.0
2023020261,NJD,NYR,2023-11-18,-115.0,-105.0,6.5,-104.0,-118.0,-110.0,-110.0,6.5,100.0,-120.0
2023020262,WPG,ARI,2023-11-18,-142.0,120.0,6.5,-120.0,-102.0,-170.0,140.0,6.5,-110.0,-110.0
2023020263,WSH,CBJ,2023-11-18,-160.0,130.0,6.5,-101.0,-119.0,-180.0,150.0,6.5,105.0,-127.0
2023020264,DAL,COL,2023-11-18,-130.0,110.0,6.5,-110.0,-110.0,-125.0,105.0,6.0,-115.0,-105.0
2023020265,VAN,SEA,2023-11-18,-162.0,130.0,6.5,-113.0,-112.0,-155.0,130.0,6.5,-127.0,105.0
2023020266,LAK,STL,2023-11-18,-184.0,152.0,6.5,104.0,-125.0,-205.0,170.0,6.5,-115.0,-105.0
2023020267,MIN,TOR,2023-11-19,134.0,-162.0,6.5,-127.0,105.0,120.0,-145.0,6.5,-125.0,105.0
2023020268,PHI,CBJ,2023-11-19,-166.0,138.0,6.5,-150.0,125.0,-148.0,124.0,6.5,-100.0,-120.0
2023020269,PIT,VGK,2023-11-19,110.0,-130.0,6.5,-115.0,-105.0,-105.0,-115.0,6.0,-120.0,-100.0
2023020270,CHI,BUF,2023-11-19,146.0,-178.0,6.5,-124.0,102.0,136.0,-162.0,6.5,-115.0,-105.0
2023020271,ANA,STL,2023-11-19,-110.0,-110.0,6.5,-100.0,-119.0,-120.0,-100.0,6.5,-100.0,-120.0
2023020272,FLA,EDM,2023-11-20,-115.0,-105.0,6.5,-154.0,126.0,-112.0,-107.0,7.0,112.0,-137.0
2023020273,TBL,BOS,2023-11-20,114.0,-144.0,6.5,103.0,-131.0,-104.0,-115.0,6.5,-104.0,-118.0
2023020274,DAL,NYR,2023-11-20,-130.0,110.0,5.5,-126.0,104.0,-140.0,116.0,6.5,-100.0,-121.0
2023020275,NSH,COL,2023-11-20,140.0,-166.0,6.5,-110.0,-110.0,137.0,-164.0,6.5,116.0,-142.0
2023020276,ARI,LAK,2023-11-20,128.0,-152.0,6.5,-120.0,-101.0,126.0,-152.0,6.5,-110.0,-110.0
2023020277,SEA,CGY,2023-11-20,-118.0,-105.0,6.5,-105.0,-115.0,-118.0,-102.0,5.5,-142.0,116.0
2023020278,VAN,SJS,2023-11-20,-375.0,300.0,6.5,-109.0,-111.0,-315.0,250.0,6.5,-108.0,-112.0
2023020279,CAR,EDM,2023-11-22,-145.0,120.0,6.5,-136.0,111.0,-135.0,114.0,6.5,-114.0,-106.0
2023020280,CBJ,CHI,2023-11-22,-150.0,125.0,6.5,-110.0,-115.0,-142.0,120.0,6.5,-114.0,-106.0
2023020281,DET,NJD,2023-11-22,130.0,-155.0,6.5,-128.0,-100.0,110.0,-130.0,6.5,-120.0,-102.0
2023020282,FLA,BOS,2023-11-22,-107.0,-112.0,5.5,-134.0,-120.0,-102.0,-118.0,6.0,-121.0,-100.0
2023020283,PIT,NYR,2023-11-22,-122.0,-100.0,6.5,-105.0,-110.0,-105.0,-115.0,6.5,-106.0,-114.0
2023020284,TBL,WPG,2023-11-22,-110.0,-110.0,6.5,-122.0,101.0,-125.0,105.0,6.5,-100.0,-121.0
2023020285,WSH,BUF,2023-11-22,-130.0,110.0,6.0,-120.0,-100.0,-120.0,-100.0,6.5,-103.0,-117.0
2023020286,NYI,PHI,2023-11-22,-152.0,126.0,5.5,-119.0,-101.0,-166.0,140.0,6.5,-100.0,-121.0
2023020287,ARI,STL,2023-11-22,-114.0,-105.0,6.5,-100.0,-118.0,-125.0,105.0,6.5,-106.0,-114.0
2023020288,NSH,CGY,2023-11-22,-110.0,-110.0,6.5,106.0,-130.0,-115.0,-105.0,6.5,114.0,-140.0
2023020289,DAL,VGK,2023-11-22,-135.0,114.0,5.5,-137.0,110.0,-125.0,105.0,5.5,-140.0,112.0
2023020290,ANA,MTL,2023-11-22,-125.0,104.0,6.5,-116.0,-103.0,-135.0,114.0,6.5,-122.0,100.0
2023020291,COL,VAN,2023-11-22,-175.0,145.0,6.5,-130.0,105.0,-162.0,136.0,6.5,116.0,-142.0
2023020292,SEA,SJS,2023-11-22,-300.0,240.0,6.5,112.0,-140.0,-298.0,240.0,6.5,108.0,-130.0
2023020293,BOS,DET,2023-11-24,-200.0,165.0,5.5,-130.0,106.0,-184.0,152.0,5.5,-138.0,112.0
2023020294,PHI,NYR,2023-11-24,120.0,-145.0,5.5,-130.0,110.0,114.0,-137.0,5.5,-138.0,112.0
2023020295,CHI,TOR,2023-11-24,220.0,-270.0,6.5,-118.0,-104.0,184.0,-225.0,6.5,-114.0,-106.0
2023020296,NJD,CBJ,2023-11-24,-250.0,198.0,6.5,-137.0,112.0,-235.0,190.0,6.5,-134.0,110.0
2023020297,STL,NSH,2023-11-24,-110.0,-110.0,6.0,-127.0,105.0,-126.0,105.0,6.5,110.0,-134.0
2023020298,WSH,EDM,2023-11-24,118.0,-142.0,6.5,-132.0,-100.0,-100.0,-122.0,6.5,-114.0,-106.0
2023020299,ANA,LAK,2023-11-24,163.0,-198.0,6.5,-100.0,-120.0,134.0,-162.0,6.5,114.0,-140.0
2023020300,SJS,MTL,2023-11-24,120.0,-145.0,6.5,-100.0,-120.0,105.0,-126.0,6.5,106.0,-130.0
2023020301,BUF,PIT,2023-11-24,-100.0,-125.0,6.5,-136.0,113.0,-120.0,-100.0,6.5,-134.0,110.0
2023020302,OTT,NYI,2023-11-24,-137.0,114.0,6.0,-135.0,110.0,-134.0,112.0,6.5,-102.0,-120.0
2023020303,CAR,TBL,2023-11-24,-162.0,134.0,6.5,-100.0,-120.0,-172.0,142.0,6.5,-112.0,-108.0
2023020304,FLA,WPG,2023-11-24,-146.0,122.0,6.5,-120.0,110.0,-154.0,128.0,6.5,-132.0,108.0
2023020305,DAL,CGY,2023-11-24,-180.0,150.0,6.5,112.0,110.0,-172.0,140.0,5.5,-138.0,112.0
2023020306,MIN,COL,2023-11-24,110.0,-130.0,6.5,-120.0,-104.0,116.0,-140.0,6.5,-122.0,-100.0
2023020307,SEA,VAN,2023-11-24,-111.0,-115.0,6.5,-122.0,105.0,-110.0,-110.0,6.5,-122.0,-100.0
2023020308,NYR,BOS,2023-11-25,-102.0,-117.0,5.5,-120.0,-100.0,-107.0,-112.0,6.5,-105.0,-115.0
2023020309,LAK,MTL,2023-11-25,-275.0,220.0,6.5,-115.0,-106.0,-278.0,225.0,6.5,-120.0,-100.0
2023020310,NJD,BUF,2023-11-25,-192.0,160.0,6.5,-140.0,114.0,-180.0,150.0,7.0,112.0,-137.0
2023020311,PIT,TOR,2023-11-25,104.0,-122.0,6.5,-121.0,-104.0,-103.0,-117.0,6.5,106.0,-131.0
2023020312,NYI,PHI,2023-11-25,-156.0,130.0,6.0,-121.0,101.0,-155.0,130.0,6.0,-110.0,-110.0
2023020313,COL,CGY,2023-11-25,-170.0,140.0,6.5,-130.0,108.0,-170.0,142.0,6.5,-120.0,100.0
2023020314,SJS,VAN,2023-11-25,230.0,-285.0,6.5,-110.0,-110.0,205.0,-250.0,6.5,-127.0,105.0
2023020315,VGK,ARI,2023-11-25,-218.0,180.0,6.5,-100.0,-120.0,-222.0,183.0,6.5,-105.0,-115.0
2023020316,DET,MIN,2023-11-26,-108.0,-115.0,6.5,-113.0,-110.0,-115.0,-105.0,6.5,-120.0,-100.0
2023020317,CHI,STL,2023-11-26,132.0,-160.0,6.5,-110.0,-112.0,120.0,-142.0,6.5,-105.0,-115.0
2023020318,CAR,CBJ,2023-11-26,-315.0,250.0,6.5,-110.0,-110.0,-285.0,230.0,6.5,-105.0,-115.0
2023020319,NSH,WPG,2023-11-26,-112.0,-108.0,6.5,-115.0,-105.0,-100.0,-120.0,6.0,-130.0,107.0
2023020320,EDM,ANA,2023-11-26,-290.0,235.0,7.0,107.0,-130.0,-265.0,215.0,7.0,112.0,-137.0
2023020321,CBJ,BOS,2023-11-27,217.0,-272.0,6.5,-102.0,-120.0,210.0,-258.0,6.0,-120.0,-100.0
2023020322,NYR,BUF,2023-11-27,-231.0,185.0,6.5,-107.0,-117.0,-218.0,180.0,6.5,-100.0,-120.0
2023020323,OTT,FLA,2023-11-27,110.0,-130.0,6.5,-145.0,120.0,-100.0,-120.0,7.0,117.0,-143.0
2023020324,COL,TBL,2023-11-27,-137.0,114.0,6.5,-110.0,-113.0,-142.0,120.0,6.0,-130.0,105.0
2023020325,CGY,VGK,2023-11-27,-104.0,-117.0,6.5,110.0,-130.0,-100.0,-120.0,6.0,-115.0,-105.0
2023020326,SJS,WSH,2023-11-27,196.0,-247.0,5.5,-120.0,-100.0,170.0,-205.0,6.0,-120.0,-100.0
2023020327,NJD,NYI,2023-11-28,-162.0,136.0,6.5,104.0,-125.0,-184.0,155.0,5.5,-122.0,-100.0
2023020328,PHI,CAR,2023-11-28,130.0,-160.0,6.5,-100.0,-120.0,136.0,-164.0,5.5,-115.0,-105.0
2023020329,TOR,FLA,2023-11-28,-140.0,115.0,6.5,-130.0,106.0,-154.0,128.0,6.5,-110.0,-112.0
2023020330,MIN,STL,2023-11-28,-164.0,136.0,6.5,-109.0,-111.0,-166.0,138.0,6.5,-108.0,-112.0
2023020331,NSH,PIT,2023-11-28,-110.0,-110.0,6.5,105.0,-122.0,-118.0,-102.0,6.5,-138.0,112.0
2023020332,WPG,DAL,2023-11-28,-100.0,-120.0,5.5,-138.0,112.0,-110.0,-110.0,5.5,-132.0,108.0
2023020333,CHI,SEA,2023-11-28,160.0,-192.0,6.5,105.0,-122.0,155.0,-188.0,6.5,112.0,-138.0
2023020334,ARI,TBL,2023-11-28,106.0,-120.0,6.5,-130.0,106.0,128.0,-154.0,6.5,-110.0,-110.0
2023020335,EDM,VGK,2023-11-28,-145.0,121.0,6.5,-110.0,-110.0,-138.0,115.0,6.5,-102.0,-120.0
2023020336,VAN,ANA,2023-11-28,-275.0,220.0,6.5,-128.0,104.0,-205.0,172.0,6.5,-108.0,-112.0
2023020337,CBJ,MTL,2023-11-29,-137.0,114.0,6.5,-126.0,105.0,-125.0,105.0,6.5,-115.0,-105.0
2023020338,NYR,DET,2023-11-29,-205.0,168.0,6.0,-105.0,-115.0,-192.0,160.0,6.0,-120.0,-100.0
2023020339,LAK,WSH,2023-11-29,-220.0,180.0,6.5,110.0,-130.0,-205.0,170.0,6.0,-115.0,-105.0
2023020340,BOS,SJS,2023-11-30,-530.0,390.0,5.5,-115.0,-105.0,-420.0,320.0,5.5,-130.0,106.0
2023020341,CAR,NYI,2023-11-30,-218.0,180.0,5.5,-140.0,114.0,-188.0,155.0,5.5,-134.0,110.0
2023020342,DET,CHI,2023-11-30,-194.0,160.0,6.5,108.0,-130.0,-260.0,210.0,6.5,-106.0,-114.0
2023020343,MTL,FLA,2023-11-30,205.0,-255.0,6.5,-110.0,-110.0,180.0,-220.0,6.5,-118.0,-104.0
2023020344,PHI,NJD,2023-11-30,112.0,-134.0,6.5,-105.0,-115.0,116.0,-140.0,5.5,-134.0,110.0
2023020345,TBL,PIT,2023-11-30,-137.0,114.0,6.5,-124.0,-100.0,-140.0,116.0,6.5,-110.0,-110.0
2023020346,TOR,SEA,2023-11-30,-184.0,152.0,6.5,-101.0,-119.0,-200.0,164.0,6.5,-104.0,-118.0
2023020347,NSH,MIN,2023-11-30,-122.0,102.0,6.0,-110.0,-110.0,-115.0,-104.0,5.5,-138.0,112.0
2023020348,STL,BUF,2023-11-30,-125.0,104.0,6.5,-120.0,-102.0,-120.0,-100.0,6.5,-118.0,-104.0
2023020349,WPG,EDM,2023-11-30,-102.0,-118.0,6.5,-122.0,101.0,-108.0,-112.0,6.5,-130.0,105.0
2023020350,ARI,COL,2023-11-30,160.0,-192.0,6.5,-105.0,-115.0,152.0,-184.0,6.5,-102.0,-120.0
2023020351,CGY,DAL,2023-11-30,105.0,-125.0,6.5,-100.0,-120.0,105.0,-125.0,6.0,-120.0,100.0
2023020352,ANA,WSH,2023-11-30,-100.0,-120.0,6.5,105.0,-125.0,-110.0,-110.0,6.0,-120.0,100.0
2023020353,VAN,VGK,2023-11-30,-119.0,-100.0,6.5,105.0,-130.0,-110.0,-110.0,6.5,102.0,-124.0
2023020354,CBJ,OTT,2023-12-01,136.0,-162.0,6.5,-134.0,110.0,110.0,-135.0,6.5,-140.0,115.0
2023020355,NJD,SJS,2023-12-01,-470.0,360.0,6.5,-120.0,-102.0,-470.0,360.0,6.5,-127.0,105.0
2023020356,DAL,TBL,2023-12-02,-144.0,120.0,6.5,-100.0,-120.0,-142.0,118.0,5.5,-140.0,114.0
2023020357,WPG,CHI,2023-12-02,-295.0,235.0,6.5,-100.0,-118.0,-275.0,220.0,6.5,102.0,-124.0
2023020358,NSH,NYR,2023-12-02,140.0,-170.0,5.5,-124.0,102.0,112.0,-134.0,5.5,-138.0,112.0
2023020359,FLA,NYI,2023-12-02,-184.0,152.0,6.5,-100.0,-130.0,-176.0,146.0,5.5,-140.0,114.0
2023020360,CAR,BUF,2023-12-02,-250.0,205.0,6.5,-110.0,-110.0,-215.0,176.0,6.5,106.0,-130.0
2023020361,MTL,DET,2023-12-02,136.0,-162.0,6.5,-110.0,-110.0,120.0,-144.0,6.5,-118.0,-104.0
2023020362,OTT,SEA,2023-12-02,-120.0,-100.0,6.5,-111.0,-109.0,-146.0,122.0,6.5,110.0,-134.0
2023020363,PIT,PHI,2023-12-02,-170.0,142.0,6.5,-110.0,-110.0,-172.0,142.0,6.5,-104.0,-118.0
2023020364,TOR,BOS,2023-12-02,-110.0,-110.0,6.0,-101.0,-119.0,-128.0,106.0,6.5,-105.0,-115.0
2023020365,ARI,STL,2023-12-02,-125.0,105.0,6.5,-103.0,-116.0,-120.0,-100.0,6.5,-112.0,-108.0
2023020366,ANA,COL,2023-12-02,185.0,-225.0,6.5,-120.0,-104.0,172.0,-210.0,6.5,110.0,-134.0
2023020367,CGY,VAN,2023-12-02,-120.0,-100.0,6.5,-112.0,-108.0,-118.0,-102.0,6.5,-115.0,-105.0
2023020368,VGK,WSH,2023-12-02,-185.0,154.0,5.5,-132.0,108.0,-200.0,164.0,6.5,108.0,-132.0
2023020369,MIN,CHI,2023-12-03,-325.0,255.0,6.5,105.0,-125.0,-278.0,225.0,6.0,-120.0,-100.0
2023020370,NYR,SJS,2023-12-03,-410.0,315.0,5.5,-132.0,110.0,-489.0,368.0,6.0,-120.0,-101.0
2023020371,BOS,CBJ,2023-12-03,-270.0,220.0,6.5,-100.0,-120.0,-310.0,250.0,6.0,-110.0,-110.0
2023020372,BUF,NSH,2023-12-03,-105.0,-115.0,6.5,-110.0,-110.0,-125.0,105.0,6.5,105.0,-127.0
2023020373,LAK,COL,2023-12-03,-155.0,125.0,6.5,105.0,-134.0,-125.0,105.0,6.0,-127.0,105.0
2023020374,PHI,PIT,2023-12-04,-105.0,-119.0,6.5,-115.0,-109.0,110.0,-130.0,6.5,105.0,-127.0
2023020375,TBL,DAL,2023-12-04,-104.0,-115.0,6.5,-105.0,-115.0,-115.0,-105.0,6.0,-120.0,-100.0
2023020376,MTL,SEA,2023-12-04,130.0,-158.0,6.5,105.0,-117.0,120.0,-142.0,6.5,105.0,-127.0
2023020377,WPG,CAR,2023-12-04,124.0,-148.0,6.5,-102.0,-115.0,-110.0,-110.0,6.0,-120.0,-100.0
2023020378,ARI,WSH,2023-12-04,-130.0,108.0,5.5,-116.0,-105.0,-120.0,-100.0,6.0,-105.0,-115.0
2023020379,VGK,STL,2023-12-04,-202.0,167.0,6.5,102.0,-122.0,-230.0,190.0,6.0,-110.0,-110.0
2023020380,BUF,DET,2023-12-05,105.0,-125.0,6.5,-120.0,-102.0,-104.0,-115.0,6.5,-122.0,-100.0
2023020381,CBJ,LAK,2023-12-05,175.0,-210.0,6.5,-100.0,-120.0,118.0,-142.0,6.5,-115.0,-105.0
2023020382,OTT,NYR,2023-12-05,130.0,-160.0,6.5,-102.0,-122.0,120.0,-142.0,6.5,100.0,-120.0
2023020383,NYI,SJS,2023-12-05,-325.0,250.0,5.5,-120.0,-102.0,-290.0,235.0,6.0,-105.0,-115.0
2023020384,CHI,NSH,2023-12-05,154.0,-185.0,6.5,110.0,-130.0,150.0,-180.0,6.5,-100.0,-120.0
2023020385,CGY,MIN,2023-12-05,-110.0,-110.0,6.5,-104.0,-118.0,-115.0,-105.0,6.0,-127.0,105.0
2023020386,COL,ANA,2023-12-05,-255.0,205.0,6.5,-106.0,-114.0,-310.0,250.0,6.5,-111.0,-109.0
2023020387,VAN,NJD,2023-12-05,-105.0,-114.0,6.5,-138.0,114.0,-125.0,105.0,7.0,105.0,-127.0
2023020388,FLA,DAL,2023-12-06,-120.0,-102.0,6.5,110.0,-130.0,-120.0,-100.0,6.0,-110.0,-110.0
2023020389,TBL,PIT,2023-12-06,-128.0,106.0,6.5,-110.0,-110.0,-130.0,110.0,6.5,-110.0,-110.0
2023020390,STL,VGK,2023-12-06,140.0,-170.0,5.5,-140.0,114.0,130.0,-155.0,6.0,-115.0,-105.0
2023020391,EDM,CAR,2023-12-06,-115.0,-105.0,6.5,-150.0,125.0,-120.0,100.0,6.5,-130.0,105.0
2023020392,BOS,BUF,2023-12-07,-275.0,220.0,6.5,-100.0,-120.0,-220.0,180.0,6.5,110.0,-134.0
2023020393,DET,SJS,2023-12-07,-290.0,235.0,6.5,-115.0,-105.0,-285.0,230.0,6.5,-104.0,-118.0
2023020394,MTL,LAK,2023-12-07,185.0,-225.0,6.5,105.0,-125.0,180.0,-220.0,6.5,-110.0,-110.0
2023020395,OTT,TOR,2023-12-07,110.0,-130.0,6.5,-128.0,105.0,116.0,-140.0,6.5,-120.0,-102.0
2023020396,WSH,DAL,2023-12-07,120.0,-142.0,5.5,-130.0,110.0,130.0,-156.0,6.5,-104.0,-118.0
2023020397,NYI,CBJ,2023-12-07,-190.0,155.0,6.5,-102.0,-120.0,-188.0,155.0,6.5,-110.0,-110.0
2023020398,NSH,TBL,2023-12-07,-134.0,112.0,6.5,-106.0,-114.0,-104.0,-115.0,6.5,-104.0,-118.0
2023020399,CHI,ANA,2023-12-07,-105.0,-115.0,6.5,-106.0,-113.0,112.0,-134.0,6.5,-112.0,-108.0
2023020400,ARI,PHI,2023-12-07,-110.0,-110.0,5.5,-138.0,112.0,-122.0,102.0,5.5,-138.0,112.0
2023020401,CGY,CAR,2023-12-07,105.0,-125.0,6.5,-104.0,-118.0,-100.0,-120.0,6.5,110.0,-134.0
2023020402,COL,WPG,2023-12-07,-142.0,118.0,5.5,-142.0,116.0,-142.0,118.0,5.5,-141.0,115.0
2023020403,SEA,NJD,2023-12-07,120.0,-145.0,6.5,-125.0,105.0,116.0,-140.0,6.5,112.0,-138.0
2023020404,VAN,MIN,2023-12-07,-110.0,-110.0,6.5,-115.0,-105.0,-137.0,114.0,6.5,-106.0,-114.0
2023020405,CBJ,STL,2023-12-08,125.0,-150.0,6.5,-125.0,105.0,110.0,-130.0,6.5,-105.0,-115.0
2023020406,FLA,PIT,2023-12-08,-164.0,136.0,6.5,-120.0,-100.0,-148.0,124.0,6.5,-105.0,-115.0
2023020407,EDM,MIN,2023-12-08,-192.0,160.0,6.5,-142.0,116.0,-180.0,150.0,6.5,-130.0,107.0
2023020408,BOS,ARI,2023-12-09,-210.0,175.0,5.5,-125.0,105.0,-200.0,164.0,5.5,-138.0,112.0
2023020409,CGY,NJD,2023-12-09,-100.0,-120.0,6.5,-124.0,102.0,-102.0,-118.0,6.5,-110.0,-110.0
2023020410,DAL,VGK,2023-12-09,-118.0,-102.0,5.5,-130.0,106.0,-142.0,118.0,6.5,-104.0,-118.0
2023020411,BUF,MTL,2023-12-09,-178.0,146.0,6.5,-110.0,-110.0,-178.0,146.0,6.5,-115.0,-105.0
2023020412,DET,OTT,2023-12-09,-125.0,105.0,6.5,-130.0,106.0,-132.0,110.0,6.5,-122.0,-100.0
2023020413,TOR,NSH,2023-12-09,-166.0,138.0,6.5,-135.0,110.0,-192.0,158.0,6.5,-112.0,-108.0
2023020414,WSH,NYR,2023-12-09,160.0,-192.0,5.5,-132.0,110.0,120.0,-144.0,6.5,102.0,-124.0
2023020415,NYI,LAK,2023-12-09,122.0,-146.0,5.5,-134.0,110.0,114.0,-137.0,6.5,-102.0,-120.0
2023020416,CHI,STL,2023-12-09,110.0,-130.0,6.5,104.0,-125.0,122.0,-146.0,6.5,-108.0,-112.0
2023020417,COL,PHI,2023-12-09,-184.0,152.0,6.5,110.0,-110.0,-220.0,180.0,5.5,-142.0,116.0
2023020418,SEA,TBL,2023-12-09,-105.0,-115.0,6.5,105.0,-125.0,102.0,-122.0,6.5,112.0,-138.0
2023020419,VAN,CAR,2023-12-09,108.0,-130.0,6.5,-105.0,-115.0,-102.0,-118.0,6.5,-110.0,-110.0
2023020420,CBJ,FLA,2023-12-10,210.0,-260.0,6.5,-130.0,110.0,205.0,-250.0,6.5,-120.0,-102.0
2023020421,EDM,NJD,2023-12-10,-155.0,130.0,7.5,125.0,-150.0,-155.0,130.0,7.0,-118.0,-103.0
2023020422,CHI,WSH,2023-12-10,140.0,-166.0,6.0,-110.0,-110.0,131.0,-157.0,6.5,-105.0,-116.0
2023020423,MTL,NSH,2023-12-10,136.0,-162.0,6.5,-102.0,-120.0,134.0,-160.0,6.5,-111.0,-109.0
2023020424,NYR,LAK,2023-12-10,-120.0,100.0,6.5,-100.0,-120.0,-125.0,105.0,6.5,-105.0,-116.0
2023020425,ANA,WPG,2023-12-10,170.0,-205.0,6.0,-120.0,100.0,151.0,-182.0,6.5,105.0,-130.0
2023020426,SEA,MIN,2023-12-10,112.0,-134.0,6.0,-110.0,-110.0,105.0,-125.0,6.5,-101.0,-120.0
2023020427,VGK,SJS,2023-12-10,-325.0,260.0,6.5,-100.0,-120.0,-340.0,270.0,6.5,-101.0,-120.0
2023020428,BUF,ARI,2023-12-11,-128.0,106.0,6.5,-110.0,-110.0,-125.0,105.0,6.5,-110.0,-110.0
2023020429,NYI,TOR,2023-12-11,106.0,-128.0,6.0,-110.0,-110.0,120.0,-142.0,6.0,-120.0,100.0
2023020430,DAL,DET,2023-12-11,-218.0,180.0,6.5,-102.0,-117.0,-198.0,164.0,6.0,-115.0,-105.0
2023020431,COL,CGY,2023-12-11,-166.0,140.0,6.5,106.0,-130.0,-180.0,150.0,6.5,-105.0,-115.0
2023020432,NYR,TOR,2023-12-12,-178.0,146.0,6.5,-100.0,-120.0,-132.0,110.0,6.5,-130.0,106.0
2023020433,OTT,CAR,2023-12-12,114.0,-135.0,6.5,-118.0,-102.0,126.0,-152.0,6.5,-114.0,-106.0
2023020434,PIT,ARI,2023-12-12,-196.0,162.0,6.5,105.0,-125.0,-200.0,164.0,6.5,-104.0,-118.0
2023020435,NSH,PHI,2023-12-12,-138.0,116.0,6.5,-100.0,-120.0,-154.0,128.0,6.5,-106.0,-114.0
2023020436,STL,DET,2023-12-12,-138.0,115.0,6.5,-108.0,-112.0,-102.0,-118.0,6.5,-108.0,-112.0
2023020437,EDM,CHI,2023-12-12,-450.0,350.0,6.5,-140.0,115.0,-450.0,340.0,6.5,-128.0,104.0
2023020438,SEA,FLA,2023-12-12,142.0,-170.0,6.5,-100.0,-122.0,106.0,-128.0,6.5,-106.0,-114.0
2023020439,VAN,TBL,2023-12-12,-128.0,106.0,6.5,-102.0,-120.0,-110.0,-110.0,6.5,-105.0,-115.0
2023020440,VGK,CGY,2023-12-12,-205.0,170.0,6.0,-105.0,-115.0,-205.0,168.0,6.5,114.0,-140.0
2023020441,SJS,WPG,2023-12-12,168.0,-205.0,6.5,-102.0,-120.0,188.0,-230.0,6.5,-108.0,-112.0
2023020442,MTL,PIT,2023-12-13,124.0,-150.0,6.5,104.0,-125.0,136.0,-162.0,6.5,-110.0,-110.0
2023020443,NJD,BOS,2023-12-13,-130.0,108.0,6.5,-100.0,-120.0,-115.0,-105.0,6.0,-127.0,105.0
2023020444,NYI,ANA,2023-12-13,-198.0,164.0,6.0,-120.0,100.0,-230.0,190.0,6.0,-110.0,-110.0
2023020445,COL,BUF,2023-12-13,-192.0,160.0,6.5,-142.0,115.0,-218.0,180.0,6.5,-105.0,-115.0
2023020446,LAK,WPG,2023-12-13,-185.0,154.0,5.5,-120.0,100.0,-180.0,150.0,6.0,-120.0,-100.0
2023020447,DET,CAR,2023-12-14,140.0,-170.0,6.5,-105.0,-115.0,116.0,-140.0,6.5,-106.0,-114.0
2023020448,PHI,WSH,2023-12-14,-135.0,114.0,5.5,-129.0,105.0,-128.0,106.0,5.5,-130.0,106.0
2023020449,TOR,CBJ,2023-12-14,-245.0,200.0,6.5,-142.0,120.0,-245.0,198.0,6.5,-144.0,118.0
2023020450,MIN,CGY,2023-12-14,-148.0,124.0,6.5,-110.0,-110.0,-144.0,120.0,5.5,-138.0,112.0
2023020451,STL,OTT,2023-12-14,102.0,-120.0,6.5,-125.0,105.0,-110.0,-110.0,6.5,-130.0,107.0
2023020452,EDM,TBL,2023-12-14,-175.0,145.0,6.5,-138.0,112.0,-150.0,126.0,6.5,-116.0,-105.0
2023020453,SEA,CHI,2023-12-14,-238.0,190.0,5.5,-115.0,-105.0,-238.0,195.0,6.0,-120.0,-100.0
2023020454,VAN,FLA,2023-12-14,108.0,-128.0,6.5,100.0,-120.0,-105.0,-115.0,6.5,105.0,-127.0
2023020455,CAR,NSH,2023-12-15,-177.0,147.0,6.5,-108.0,-112.0,-175.0,145.0,6.0,-119.0,-101.0
2023020456,NYR,ANA,2023-12-15,-325.0,260.0,6.5,-110.0,-110.0,-298.0,240.0,6.0,-115.0,-105.0
2023020457,NYI,BOS,2023-12-15,105.0,-125.0,5.5,-115.0,-105.0,110.0,-130.0,5.5,-120.0,100.0
2023020458,DAL,OTT,2023-12-15,-205.0,169.0,6.5,-127.0,105.0,-192.0,160.0,6.5,105.0,-130.0
2023020459,ARI,SJS,2023-12-15,-199.0,164.0,6.5,-100.0,-121.0,-238.0,195.0,6.5,105.0,-127.0
2023020460,VGK,BUF,2023-12-15,-205.0,170.0,6.5,-110.0,-110.0,-218.0,180.0,6.5,107.0,-130.0
2023020461,MIN,VAN,2023-12-16,-120.0,-100.0,6.5,-100.0,-115.0,-115.0,-104.0,6.5,110.0,-134.0
2023020462,BOS,NYR,2023-12-16,-120.0,-102.0,5.5,-118.0,-104.0,-134.0,112.0,6.0,-100.0,-120.0
2023020463,CBJ,NJD,2023-12-16,185.0,-225.0,6.5,-142.0,116.0,172.0,-210.0,7.0,112.0,-137.0
2023020464,MTL,NYI,2023-12-16,102.0,-122.0,6.5,-105.0,-115.0,152.0,-184.0,6.0,-115.0,-105.0
2023020465,PHI,DET,2023-12-16,-125.0,105.0,6.5,-105.0,-115.0,-110.0,-110.0,6.0,-105.0,-115.0
2023020466,TOR,PIT,2023-12-16,-110.0,-110.0,6.5,-108.0,-112.0,-178.0,150.0,6.5,-130.0,105.0
2023020467,WPG,COL,2023-12-16,-118.0,105.0,6.5,104.0,-128.0,-102.0,-118.0,5.5,-140.0,112.0
2023020468,NSH,WSH,2023-12-16,-140.0,115.0,6.5,-108.0,-111.0,-126.0,105.0,6.5,-100.0,-120.0
2023020469,STL,DAL,2023-12-16,114.0,-135.0,6.5,-105.0,-115.0,136.0,-164.0,6.5,-110.0,-110.0
2023020470,ARI,BUF,2023-12-16,-110.0,-110.0,6.5,-110.0,-110.0,-110.0,-110.0,6.5,-111.0,-109.0
2023020471,CGY,TBL,2023-12-16,-105.0,-115.0,6.5,-115.0,-105.0,-111.0,-108.0,6.5,-120.0,-100.0
2023020472,EDM,FLA,2023-12-16,-145.0,120.0,6.5,-155.0,125.0,-138.0,115.0,6.5,-142.0,115.0
2023020473,SEA,LAK,2023-12-16,130.0,-155.0,5.5,-125.0,105.0,126.0,-152.0,5.5,-140.0,114.0
2023020474,CHI,VAN,2023-12-17,180.0,-218.0,6.5,-102.0,-120.0,170.0,-205.0,6.0,-127.0,105.0
2023020475,CAR,WSH,2023-12-17,-235.0,190.0,5.5,-134.0,110.0,-218.0,180.0,6.0,-120.0,-100.0
2023020476,NJD,ANA,2023-12-17,-275.0,220.0,6.5,-132.0,108.0,-285.0,230.0,6.5,-115.0,-105.0
2023020477,COL,SJS,2023-12-17,-285.0,230.0,6.5,100.0,-120.0,-285.0,230.0,6.5,-110.0,-110.0
2023020478,VGK,OTT,2023-12-17,-190.0,160.0,6.5,-105.0,-115.0,-198.0,164.0,6.5,-100.0,-120.0
2023020479,DET,ANA,2023-12-18,-250.0,200.0,6.5,-105.0,-115.0,-188.0,155.0,6.5,-110.0,-110.0
2023020480,PIT,MIN,2023-12-18,-115.0,-105.0,6.5,110.0,-130.0,-120.0,-100.0,5.5,-132.0,108.0
2023020481,WPG,MTL,2023-12-18,-255.0,205.0,6.0,100.0,-120.0,-205.0,168.0,6.5,-106.0,-114.0
2023020482,DAL,SEA,2023-12-18,-184.0,152.0,6.5,105.0,-125.0,-194.0,160.0,6.5,-105.0,-115.0
2023020483,CGY,FLA,2023-12-18,-102.0,-120.0,6.5,100.0,-122.0,-106.0,-113.0,6.5,-115.0,-105.0
2023020484,BOS,MIN,2023-12-19,-218.0,180.0,5.5,-130.0,105.0,-192.0,160.0,6.0,-100.0,-120.0
2023020485,BUF,CBJ,2023-12-19,-200.0,160.0,6.5,-154.0,125.0,-180.0,150.0,6.5,-110.0,-110.0
2023020486,CAR,VGK,2023-12-19,-135.0,114.0,6.5,-100.0,-120.0,-120.0,100.0,6.5,-105.0,-115.0
2023020487,NJD,PHI,2023-12-19,-170.0,140.0,6.5,-110.0,-110.0,-185.0,154.0,6.5,105.0,-127.0
2023020488,TBL,STL,2023-12-19,-178.0,146.0,6.5,-120.0,-104.0,-180.0,150.0,6.5,-100.0,-120.0
2023020489,TOR,NYR,2023-12-19,-110.0,-110.0,6.5,-102.0,-118.0,-127.0,106.0,6.5,-105.0,-115.0
2023020490,NYI,EDM,2023-12-19,124.0,-148.0,6.5,-130.0,110.0,110.0,-130.0,6.5,-105.0,-115.0
2023020491,NSH,VAN,2023-12-19,-120.0,105.0,6.5,100.0,-120.0,-105.0,-115.0,6.0,-120.0,-100.0
2023020492,CHI,COL,2023-12-19,190.0,-230.0,6.5,104.0,-128.0,210.0,-258.0,6.5,-110.0,-110.0
2023020493,ARI,OTT,2023-12-19,108.0,-130.0,6.5,-110.0,-110.0,-110.0,-110.0,6.0,-127.0,105.0
2023020494,SJS,LAK,2023-12-19,220.0,-275.0,6.5,-102.0,-120.0,210.0,-258.0,6.0,-115.0,-105.0
2023020495,WPG,DET,2023-12-20,-154.0,128.0,6.5,-105.0,-115.0,-155.0,130.0,6.5,100.0,-120.0
2023020496,WSH,NYI,2023-12-20,-120.0,100.0,5.5,-130.0,110.0,-125.0,105.0,5.5,-130.0,105.0
2023020497,LAK,SEA,2023-12-20,-166.0,140.0,6.0,-116.0,-104.0,-175.0,145.0,6.0,-130.0,105.0
2023020498,BUF,TOR,2023-12-21,124.0,-148.0,6.5,-150.0,125.0,130.0,-155.0,7.0,117.0,-143.0
2023020499,CBJ,WSH,2023-12-21,-108.0,-112.0,6.5,102.0,-124.0,105.0,-125.0,6.0,-120.0,-100.0
2023020500,FLA,STL,2023-12-21,-225.0,185.0,6.5,-110.0,-110.0,-225.0,185.0,6.5,-100.0,-120.0
2023020501,NJD,EDM,2023-12-21,-110.0,-110.0,6.5,-170.0,140.0,-125.0,105.0,7.0,107.0,-130.0
2023020502,PHI,NSH,2023-12-21,-115.0,-105.0,5.5,-122.0,104.0,-125.0,105.0,5.5,-127.0,105.0
2023020503,PIT,CAR,2023-12-21,114.0,-137.0,6.5,-110.0,-110.0,-110.0,-110.0,6.5,-110.0,-110.0
2023020504,TBL,VGK,2023-12-21,-118.0,102.0,6.5,-120.0,-110.0,-115.0,-105.0,6.0,-120.0,-100.0
2023020505,DAL,VAN,2023-12-21,-130.0,110.0,6.5,102.0,-122.0,-148.0,124.0,6.5,-105.0,-115.0
2023020506,MIN,MTL,2023-12-21,-170.0,140.0,6.0,-110.0,-108.0,-230.0,190.0,6.5,105.0,-127.0
2023020507,COL,OTT,2023-12-21,-180.0,150.0,6.5,-137.0,112.0,-175.0,145.0,6.5,-115.0,-105.0
2023020508,ANA,CGY,2023-12-21,160.0,-194.0,6.5,-105.0,-110.0,124.0,-148.0,6.0,-120.0,-100.0
2023020509,SJS,ARI,2023-12-21,130.0,-155.0,6.5,-100.0,-120.0,130.0,-155.0,6.0,-120.0,-100.0
2023020510,DET,PHI,2023-12-22,-134.0,112.0,6.5,-100.0,-110.0,-135.0,114.0,6.0,-121.0,101.0
2023020511,NYR,EDM,2023-12-22,-130.0,110.0,6.5,-135.0,110.0,-148.0,124.0,6.5,-115.0,-105.0
2023020512,WPG,BOS,2023-12-22,-110.0,-110.0,5.5,-115.0,-105.0,105.0,-125.0,5.5,-120.0,100.0
2023020513,CHI,MTL,2023-12-22,-115.0,-105.0,6.5,105.0,-125.0,-115.0,-105.0,6.5,-105.0,-115.0
2023020514,FLA,VGK,2023-12-23,-144.0,120.0,6.5,-120.0,-100.0,-122.0,102.0,6.5,-115.0,-105.0
2023020515,NSH,DAL,2023-12-23,105.0,-125.0,6.5,104.0,-115.0,114.0,-135.0,6.5,107.0,-130.0
2023020516,CAR,NYI,2023-12-23,-175.0,145.0,6.5,104.0,-125.0,-166.0,140.0,6.0,-115.0,-105.0
2023020517,CBJ,TOR,2023-12-23,188.0,-230.0,7.5,130.0,-160.0,170.0,-205.0,7.0,-126.0,104.0
2023020518,MIN,BOS,2023-12-23,115.0,-138.0,5.5,-128.0,-105.0,101.0,-122.0,6.5,-107.0,-113.0
2023020519,NJD,DET,2023-12-23,-192.0,160.0,6.5,-150.0,125.0,-183.0,151.0,6.5,-126.0,102.0
2023020520,OTT,PIT,2023-12-23,-112.0,-108.0,6.5,-135.0,110.0,-110.0,-110.0,6.5,-127.0,105.0
2023020521,WSH,TBL,2023-12-23,124.0,-148.0,6.5,-105.0,-115.0,110.0,-130.0,6.5,105.0,-130.0
2023020522,NYR,BUF,2023-12-23,-162.0,136.0,6.5,-115.0,-105.0,-201.0,166.0,6.5,-100.0,-122.0
2023020523,ANA,SEA,2023-12-23,125.0,-150.0,6.0,-111.0,-106.0,114.0,-135.0,6.0,-120.0,-100.0
2023020524,STL,CHI,2023-12-23,-270.0,220.0,6.5,-100.0,-120.0,-238.0,195.0,6.0,-130.0,105.0
2023020525,COL,ARI,2023-12-23,-214.0,177.0,6.5,-114.0,-105.0,-205.0,172.0,6.5,-115.0,-105.0
2023020526,LAK,CGY,2023-12-23,-160.0,130.0,6.0,-105.0,-115.0,-160.0,132.0,6.5,114.0,-140.0
2023020527,VAN,SJS,2023-12-23,-310.0,250.0,6.5,-110.0,-110.0,-250.0,202.0,6.5,-108.0,-112.0
2023020528,NJD,CBJ,2023-12-27,-270.0,220.0,6.5,-140.0,110.0,-270.0,220.0,7.0,-100.0,-120.0
2023020529,NYR,WSH,2023-12-27,-218.0,180.0,5.5,-115.0,-105.0,-218.0,180.0,6.0,-105.0,-115.0
2023020530,TBL,FLA,2023-12-27,105.0,-125.0,6.5,-118.0,-102.0,-115.0,-105.0,6.5,-120.0,100.0
2023020531,TOR,OTT,2023-12-27,-156.0,130.0,6.5,-172.0,140.0,-192.0,160.0,7.0,-105.0,-115.0
2023020532,BUF,BOS,2023-12-27,148.0,-180.0,6.5,-105.0,-115.0,124.0,-148.0,6.0,-120.0,-100.0
2023020533,NYI,PIT,2023-12-27,-114.0,-105.0,6.5,104.0,-125.0,-125.0,105.0,6.0,-120.0,100.0
2023020534,MIN,DET,2023-12-27,-140.0,115.0,6.5,-110.0,-110.0,-142.0,120.0,6.5,-110.0,-110.0
2023020535,NSH,CAR,2023-12-27,116.0,-140.0,6.0,-112.0,-105.0,110.0,-130.0,6.5,-100.0,-120.0
2023020536,STL,DAL,2023-12-27,140.0,-170.0,6.5,-122.0,100.0,130.0,-155.0,6.5,-110.0,-110.0
2023020537,ARI,COL,2023-12-27,142.0,-170.0,6.5,-104.0,-115.0,136.0,-162.0,6.5,-115.0,-105.0
2023020538,CHI,WPG,2023-12-27,190.0,-235.0,5.5,-130.0,106.0,195.0,-238.0,6.0,-115.0,-105.0
2023020539,CGY,SEA,2023-12-27,-152.0,126.0,5.5,-130.0,110.0,-148.0,124.0,6.0,-105.0,-115.0
2023020540,ANA,VGK,2023-12-27,190.0,-235.0,6.5,-105.0,-115.0,180.0,-218.0,6.0,-120.0,-100.0
2023020541,LAK,SJS,2023-12-27,-350.0,280.0,6.5,102.0,-124.0,-360.0,285.0,6.5,-105.0,-115.0
2023020542,CAR,MTL,2023-12-28,-260.0,210.0,6.5,-110.0,-110.0,-325.0,250.0,6.5,-101.0,-119.0
2023020543,VAN,PHI,2023-12-28,-156.0,130.0,6.5,110.0,-120.0,-225.0,185.0,6.0,-120.0,100.0
2023020544,VGK,LAK,2023-12-28,-110.0,-110.0,6.5,-100.0,-120.0,-125.0,105.0,6.0,-132.0,109.0
2023020545,SJS,EDM,2023-12-28,330.0,-425.0,6.5,-158.0,128.0,250.0,-325.0,7.0,105.0,-127.0
2023020546,CBJ,TOR,2023-12-29,170.0,-205.0,6.5,-130.0,105.0,164.0,-198.0,7.0,102.0,-122.0
2023020547,DET,NSH,2023-12-29,-112.0,-108.0,6.5,-112.0,-108.0,-120.0,-100.0,6.5,-110.0,-110.0
2023020548,FLA,NYR,2023-12-29,-142.0,120.0,6.5,-105.0,-115.0,-122.0,102.0,6.0,-115.0,-105.0
2023020549,OTT,NJD,2023-12-29,-105.0,-115.0,6.5,-160.0,130.0,-105.0,-115.0,7.0,-110.0,-110.0
2023020550,NYI,WSH,2023-12-29,-150.0,125.0,5.5,-125.0,104.0,-166.0,140.0,5.5,-127.0,105.0
2023020551,DAL,CHI,2023-12-29,-395.0,310.0,6.5,105.0,-125.0,-355.0,280.0,6.0,-127.0,105.0
2023020552,STL,COL,2023-12-29,140.0,-168.0,6.5,-122.0,-100.0,136.0,-162.0,6.5,-110.0,-110.0
2023020553,ANA,ARI,2023-12-29,110.0,-130.0,6.5,105.0,-130.0,110.0,-130.0,6.5,100.0,-120.0
2023020554,SEA,PHI,2023-12-29,-135.0,112.0,5.5,-138.0,-115.0,-135.0,114.0,6.0,-115.0,-105.0
2023020555,WPG,MIN,2023-12-30,-142.0,118.0,6.0,-114.0,-105.0,-135.0,114.0,6.0,-115.0,-105.0
2023020556,BUF,CBJ,2023-12-30,-205.0,170.0,7.0,106.0,-128.0,-205.0,170.0,7.0,112.0,-137.0
2023020557,BOS,NJD,2023-12-30,-168.0,140.0,6.5,-110.0,-108.0,-162.0,136.0,6.0,-120.0,-100.0
2023020558,FLA,MTL,2023-12-30,-258.0,205.0,6.5,-122.0,105.0,-256.0,207.0,6.5,-102.0,-117.0
2023020559,PIT,STL,2023-12-30,-210.0,173.0,6.5,-101.0,-119.0,-192.0,160.0,6.0,-127.0,105.0
2023020560,TBL,NYR,2023-12-30,-114.0,-105.0,6.5,-109.0,-113.0,-112.0,-108.0,6.0,-120.0,-100.0
2023020561,TOR,CAR,2023-12-30,102.0,-122.0,6.5,-110.0,-110.0,-117.0,-102.0,6.5,-108.0,-111.0
2023020562,WSH,NSH,2023-12-30,-110.0,-110.0,6.5,-114.0,-105.0,-110.0,-110.0,6.5,-109.0,-111.0
2023020563,LAK,EDM,2023-12-30,-117.0,-100.0,6.5,-130.0,107.0,-130.0,110.0,6.5,-115.0,-105.0
2023020564,MIN,WPG,2023-12-31,104.0,-125.0,6.0,-115.0,-105.0,-125.0,105.0,6.0,-130.0,105.0
2023020565,DET,BOS,2023-12-31,110.0,-130.0,6.5,-100.0,-110.0,114.0,-135.0,6.0,-120.0,-100.0
2023020566,OTT,BUF,2023-12-31,-154.0,128.0,6.5,-162.0,130.0,-148.0,124.0,7.0,107.0,-130.0
2023020567,PIT,NYI,2023-12-31,-105.0,-115.0,6.5,-102.0,-115.0,-120.0,-100.0,6.5,-100.0,-120.0
2023020568,TBL,MTL,2023-12-31,-192.0,160.0,6.5,-125.0,105.0,-238.0,195.0,6.5,-100.0,-120.0
2023020569,ANA,EDM,2023-12-31,175.0,-210.0,6.5,-140.0,115.0,180.0,-218.0,6.5,-120.0,-100.0
2023020570,CGY,PHI,2023-12-31,-142.0,118.0,5.5,-122.0,100.0,-142.0,120.0,6.0,-110.0,-110.0
2023020571,COL,SJS,2023-12-31,-400.0,310.0,6.5,-108.0,-112.0,-395.0,310.0,6.5,100.0,-120.0
2023020572,DAL,CHI,2023-12-31,-375.0,300.0,6.5,-105.0,-115.0,-380.0,300.0,6.0,-120.0,-100.0
2023020573,SEA,VGK,2024-01-01,114.0,-135.0,5.5,-130.0,106.0,110.0,-132.0,6.5,104.0,-128.0
2023020574,CBJ,BOS,2024-01-02,188.0,-230.0,6.5,-110.0,-110.0,195.0,-238.0,6.5,105.0,-127.0
2023020575,NYR,CAR,2024-01-02,-128.0,106.0,5.5,-134.0,110.0,-135.0,114.0,6.0,-115.0,-105.0
2023020576,PIT,WSH,2024-01-02,-184.0,152.0,5.5,-132.0,108.0,-175.0,145.0,6.0,-120.0,-100.0
2023020577,DAL,MTL,2024-01-02,-290.0,235.0,6.5,-115.0,-105.0,-298.0,240.0,6.5,-100.0,-120.0
2023020578,MIN,CGY,2024-01-02,-104.0,-115.0,6.0,-110.0,-110.0,-142.0,120.0,6.0,-120.0,-100.0
2023020579,NSH,CHI,2024-01-02,-280.0,225.0,6.5,-102.0,-120.0,-270.0,220.0,6.5,105.0,-127.0
2023020580,WPG,TBL,2024-01-02,-138.0,115.0,6.5,105.0,-125.0,-130.0,110.0,6.5,105.0,-127.0
2023020581,ARI,FLA,2024-01-02,140.0,-170.0,5.5,-138.0,112.0,130.0,-155.0,6.5,-105.0,-115.0
2023020582,COL,NYI,2024-01-02,-185.0,154.0,6.5,-102.0,-115.0,-162.0,136.0,6.0,-120.0,-100.0
2023020583,EDM,PHI,2024-01-02,-182.0,150.0,6.5,-115.0,-105.0,-192.0,160.0,6.5,-115.0,-105.0
2023020584,VAN,OTT,2024-01-02,-150.0,125.0,6.5,-135.0,110.0,-162.0,136.0,7.0,110.0,-140.0
2023020585,LAK,TOR,2024-01-02,-135.0,108.0,6.5,-120.0,-102.0,-130.0,110.0,6.5,-127.0,105.0
2023020586,SJS,DET,2024-01-02,160.0,-192.0,6.5,-118.0,-104.0,160.0,-192.0,6.5,-130.0,105.0
2023020587,WSH,NJD,2024-01-03,145.0,-175.0,6.5,-112.0,-108.0,130.0,-155.0,6.0,-120.0,-100.0
2023020588,ANA,TOR,2024-01-03,172.0,-210.0,7.0,-114.0,-107.0,160.0,-192.0,6.5,-120.0,-100.0
2023020589,BOS,PIT,2024-01-04,-150.0,124.0,5.5,-134.0,110.0,-166.0,140.0,6.0,-110.0,-110.0
2023020590,MTL,BUF,2024-01-04,124.0,-148.0,6.5,-125.0,105.0,110.0,-130.0,6.5,-115.0,-105.0
2023020591,NYR,CHI,2024-01-04,-470.0,360.0,6.5,105.0,-125.0,-395.0,310.0,6.5,105.0,-127.0
2023020592,PHI,CBJ,2024-01-04,-178.0,146.0,6.5,105.0,-122.0,-185.0,154.0,6.5,105.0,-130.0
2023020593,DAL,COL,2024-01-04,-130.0,110.0,6.5,-105.0,-115.0,-125.0,105.0,6.5,100.0,-120.0
2023020594,MIN,TBL,2024-01-04,108.0,-130.0,6.5,105.0,-125.0,-100.0,-120.0,6.5,-100.0,-120.0
2023020595,NSH,CGY,2024-01-04,-125.0,105.0,6.0,-115.0,-105.0,-118.0,-102.0,6.0,-127.0,105.0
2023020596,STL,VAN,2024-01-04,128.0,-154.0,6.5,-110.0,-110.0,110.0,-130.0,6.5,-100.0,-120.0
2023020597,ARI,NYI,2024-01-04,-105.0,-115.0,5.5,-138.0,112.0,-105.0,-115.0,6.0,-110.0,-110.0
2023020598,SEA,OTT,2024-01-04,-122.0,102.0,6.5,-105.0,-115.0,-130.0,110.0,6.5,105.0,-130.0
2023020599,VGK,FLA,2024-01-04,100.0,-120.0,6.5,102.0,-115.0,-130.0,110.0,6.5,-100.0,-120.0
2023020600,LAK,DET,2024-01-04,-180.0,150.0,6.5,-106.0,-120.0,-192.0,160.0,6.0,-120.0,-100.0
2023020601,SJS,WPG,2024-01-04,220.0,-275.0,6.0,-105.0,-115.0,195.0,-238.0,6.0,-115.0,-105.0
2023020602,NJD,CHI,2024-01-05,-440.0,340.0,6.5,-118.0,-104.0,-360.0,280.0,6.5,-115.0,-105.0
2023020603,WSH,CAR,2024-01-05,146.0,-178.0,6.0,-108.0,-110.0,128.0,-154.0,5.5,-120.0,-102.0
2023020604,ANA,WPG,2024-01-05,158.0,-192.0,6.0,-105.0,-115.0,146.0,-176.0,6.5,-102.0,-120.0
2023020605,PHI,CGY,2024-01-06,-110.0,-110.0,5.5,-132.0,110.0,-110.0,-110.0,5.5,-122.0,-100.0
2023020606,COL,FLA,2024-01-06,-110.0,-110.0,6.5,-110.0,-110.0,-160.0,132.0,6.5,-115.0,-105.0
2023020607,BOS,TBL,2024-01-06,-162.0,134.0,6.5,104.0,-115.0,-156.0,130.0,6.5,108.0,-132.0
2023020608,CAR,STL,2024-01-06,-198.0,164.0,6.5,-112.0,-108.0,-194.0,160.0,6.5,-106.0,-114.0
2023020609,CBJ,MIN,2024-01-06,110.0,-130.0,6.5,-100.0,-120.0,106.0,-128.0,6.5,104.0,-128.0
2023020610,MTL,NYR,2024-01-06,160.0,-192.0,6.5,-100.0,-120.0,188.0,-230.0,6.5,-100.0,-122.0
2023020611,NJD,VAN,2024-01-06,105.0,-125.0,6.5,-122.0,100.0,-128.0,106.0,6.5,-108.0,-112.0
2023020612,PIT,BUF,2024-01-06,-170.0,140.0,6.5,-140.0,115.0,-156.0,130.0,6.5,-122.0,-100.0
2023020613,SJS,TOR,2024-01-06,232.0,-290.0,6.5,103.0,-125.0,225.0,-280.0,6.5,-100.0,-122.0
2023020614,DAL,NSH,2024-01-06,-180.0,150.0,6.5,-120.0,105.0,-162.0,134.0,6.5,112.0,-138.0
2023020615,EDM,OTT,2024-01-06,-218.0,175.0,6.5,-162.0,132.0,-178.0,150.0,6.5,-132.0,108.0
2023020616,VGK,NYI,2024-01-06,-146.0,120.0,6.0,-112.0,-110.0,-146.0,122.0,6.5,114.0,-140.0
2023020617,CHI,CGY,2024-01-07,190.0,-240.0,5.5,-125.0,105.0,180.0,-225.0,6.0,-105.0,-115.0
2023020618,WSH,LAK,2024-01-07,160.0,-192.0,5.5,-104.0,-118.0,130.0,-155.0,6.0,-110.0,-110.0
2023020619,ARI,WPG,2024-01-07,130.0,-155.0,6.0,100.0,-115.0,114.0,-135.0,6.0,-110.0,-110.0
2023020620,ANA,DET,2024-01-07,140.0,-170.0,6.5,-115.0,-105.0,130.0,-155.0,6.5,-115.0,-105.0
2023020621,NYR,VAN,2024-01-08,-148.0,124.0,6.5,-110.0,-110.0,-156.0,130.0,6.5,-105.0,-115.0
2023020622,PHI,PIT,2024-01-08,105.0,-125.0,6.5,-105.0,-110.0,-100.0,-120.0,6.5,-105.0,-115.0
2023020623,MIN,DAL,2024-01-08,115.0,-136.0,6.5,-100.0,-121.0,108.0,-130.0,5.5,-134.0,110.0
2023020624,COL,BOS,2024-01-08,-129.0,108.0,6.5,-111.0,-107.0,-134.0,112.0,6.5,-102.0,-120.0
2023020625,BUF,SEA,2024-01-09,-115.0,-105.0,6.5,105.0,-125.0,-120.0,-100.0,6.5,105.0,-127.0
2023020626,TBL,LAK,2024-01-09,110.0,-130.0,6.5,-100.0,-120.0,-112.0,-108.0,6.0,-127.0,105.0
2023020627,TOR,SJS,2024-01-09,-455.0,350.0,6.5,-105.0,-120.0,-455.0,350.0,6.5,-105.0,-115.0
2023020628,NYI,VAN,2024-01-09,-130.0,110.0,6.5,-120.0,-102.0,-130.0,110.0,6.0,-120.0,-100.0
2023020629,NSH,ANA,2024-01-09,-225.0,184.0,6.5,-100.0,-120.0,-225.0,185.0,6.5,-100.0,-120.0
2023020630,STL,FLA,2024-01-09,150.0,-180.0,6.5,105.0,-125.0,136.0,-162.0,6.5,-105.0,-115.0
2023020631,WPG,CBJ,2024-01-09,-265.0,215.0,6.5,105.0,-130.0,-265.0,215.0,6.0,-120.0,-100.0
2023020632,CHI,EDM,2024-01-09,330.0,-425.0,6.5,-130.0,105.0,300.0,-380.0,6.5,-130.0,107.0
2023020633,ARI,BOS,2024-01-09,130.0,-160.0,5.5,-132.0,108.0,130.0,-155.0,6.0,-100.0,-120.0
2023020634,CGY,OTT,2024-01-09,-135.0,114.0,6.5,-125.0,-104.0,-135.0,114.0,6.5,-127.0,105.0
2023020635,PHI,MTL,2024-01-10,-185.0,154.0,6.5,-102.0,-120.0,-172.0,142.0,6.5,112.0,-140.0
2023020636,DAL,MIN,2024-01-10,-200.0,165.0,6.5,105.0,-125.0,-192.0,158.0,6.5,104.0,-128.0
2023020637,COL,VGK,2024-01-10,-146.0,122.0,6.5,-110.0,-110.0,-142.0,118.0,6.5,116.0,-142.0
2023020638,BUF,OTT,2024-01-11,-125.0,105.0,6.5,-145.0,120.0,-125.0,105.0,6.5,-120.0,-100.0
2023020639,CAR,ANA,2024-01-11,-350.0,275.0,6.5,105.0,-122.0,-340.0,270.0,6.0,-120.0,-100.0
2023020640,DET,EDM,2024-01-11,140.0,-166.0,7.0,100.0,-120.0,120.0,-142.0,6.5,-110.0,-110.0
2023020641,FLA,LAK,2024-01-11,-140.0,116.0,6.5,110.0,-130.0,-130.0,110.0,6.0,-125.0,105.0
2023020642,MTL,SJS,2024-01-11,-156.0,130.0,6.0,-110.0,-110.0,-155.0,130.0,6.5,105.0,-125.0
2023020643,PIT,VAN,2024-01-11,-130.0,110.0,6.5,-122.0,100.0,-120.0,-100.0,6.5,-100.0,-120.0
2023020644,TBL,NJD,2024-01-11,-156.0,130.0,6.5,-125.0,105.0,-122.0,102.0,6.5,-115.0,-105.0
2023020645,WSH,SEA,2024-01-11,114.0,-135.0,5.5,-115.0,-105.0,-110.0,-110.0,5.5,-120.0,-100.0
2023020646,NYI,TOR,2024-01-11,110.0,-130.0,6.5,-122.0,-104.0,102.0,-122.0,6.0,-115.0,-105.0
2023020647,STL,NYR,2024-01-11,140.0,-166.0,6.5,-107.0,-116.0,140.0,-166.0,6.0,-125.0,105.0
2023020648,WPG,CHI,2024-01-11,-385.0,302.0,5.5,-113.0,-106.0,-425.0,330.0,6.0,-110.0,-110.0
2023020649,ARI,CGY,2024-01-11,114.0,-137.0,6.5,102.0,-112.0,-102.0,-118.0,6.0,-115.0,-105.0
2023020650,VGK,BOS,2024-01-11,108.0,-130.0,6.5,102.0,-124.0,-100.0,-120.0,6.0,-110.0,-110.0
2023020651,DAL,NSH,2024-01-12,-185.0,150.0,6.5,-110.0,-110.0,-175.0,145.0,6.5,-110.0,-110.0
2023020652,MIN,PHI,2024-01-12,-110.0,-115.0,5.5,-122.0,102.0,-125.0,105.0,6.0,-127.0,104.0
2023020653,WSH,NYR,2024-01-13,142.0,-170.0,6.0,-110.0,-110.0,122.0,-146.0,6.5,110.0,-134.0
2023020654,BUF,VAN,2024-01-13,130.0,-155.0,6.5,-130.0,110.0,120.0,-144.0,6.5,102.0,-124.0
2023020655,OTT,SJS,2024-01-13,-250.0,205.0,6.5,-120.0,-102.0,-255.0,205.0,6.5,-105.0,-115.0
2023020656,FLA,NJD,2024-01-13,-218.0,180.0,6.5,-110.0,-110.0,-184.0,152.0,6.5,-100.0,-122.0
2023020657,CAR,PIT,2024-01-13,-145.0,120.0,6.5,-120.0,105.0,-154.0,128.0,6.5,104.0,-128.0
2023020658,CBJ,SEA,2024-01-13,140.0,-170.0,6.5,105.0,-125.0,132.0,-160.0,6.5,-100.0,-122.0
2023020659,DET,LAK,2024-01-13,142.0,-172.0,6.5,-110.0,-110.0,118.0,-142.0,6.5,-110.0,-110.0
2023020660,MTL,EDM,2024-01-13,198.0,-245.0,6.5,-125.0,105.0,188.0,-230.0,6.5,-130.0,106.0
2023020661,TBL,ANA,2024-01-13,-265.0,215.0,6.5,100.0,-120.0,-265.0,215.0,6.5,-106.0,-114.0
2023020662,TOR,COL,2024-01-13,-125.0,105.0,6.5,-138.0,112.0,-118.0,-102.0,6.5,-128.0,104.0
2023020663,WPG,PHI,2024-01-13,-205.0,168.0,5.5,-115.0,-105.0,-120.0,-100.0,6.0,-110.0,-110.0
2023020664,CHI,DAL,2024-01-13,225.0,-278.0,6.0,-112.0,-108.0,235.0,-295.0,6.5,104.0,-128.0
2023020665,MIN,ARI,2024-01-13,-130.0,110.0,5.5,-140.0,115.0,-130.0,108.0,6.5,102.0,-124.0
2023020666,NSH,NYI,2024-01-13,-105.0,-115.0,6.5,-102.0,-115.0,-126.0,105.0,6.5,-110.0,-110.0
2023020667,STL,BOS,2024-01-13,142.0,-170.0,6.5,-100.0,-122.0,138.0,-166.0,6.5,104.0,-128.0
2023020668,VGK,CGY,2024-01-13,-115.0,-105.0,6.5,105.0,-125.0,-146.0,122.0,6.5,102.0,-124.0
2023020669,NYR,WSH,2024-01-14,-250.0,202.0,5.5,-134.0,110.0,-205.0,170.0,6.0,-110.0,-110.0
2023020670,TOR,DET,2024-01-14,-210.0,172.0,6.5,-154.0,126.0,-205.0,170.0,7.0,110.0,-130.0
2023020671,BOS,NJD,2024-01-15,-175.0,145.0,6.5,-100.0,-120.0,-192.0,160.0,6.0,-122.0,102.0
2023020672,BUF,SJS,2024-01-15,-278.0,225.0,6.5,-115.0,-105.0,-270.0,220.0,6.5,-108.0,-112.0
2023020673,CBJ,VAN,2024-01-15,170.0,-205.0,6.5,-144.0,118.0,180.0,-218.0,6.5,-120.0,100.0
2023020674,FLA,ANA,2024-01-15,-360.0,280.0,6.5,-104.0,-118.0,-355.0,280.0,6.5,100.0,-120.0
2023020675,CAR,LAK,2024-01-15,-148.0,124.0,6.5,-100.0,-122.0,-148.0,124.0,6.5,-102.0,-118.0
2023020676,MIN,NYI,2024-01-15,-115.0,-104.0,6.5,106.0,-130.0,-120.0,100.0,6.5,105.0,-125.0
2023020677,PIT,SEA,2024-01-15,-155.0,130.0,6.0,-112.0,-108.0,-142.0,120.0,6.0,-120.0,100.0
2023020678,MTL,COL,2024-01-15,165.0,-205.0,6.5,102.0,-124.0,185.0,-225.0,6.5,-105.0,-115.0
2023020679,STL,PHI,2024-01-15,-115.0,-108.0,6.5,-100.0,-130.0,-115.0,-105.0,6.0,-125.0,105.0
2023020680,VGK,NSH,2024-01-15,-115.0,-105.0,5.5,-140.0,115.0,-148.0,124.0,6.0,-115.0,-105.0
2023020681,NYR,SEA,2024-01-16,-225.0,185.0,5.5,-125.0,105.0,-200.0,162.0,5.5,-120.0,-102.0
2023020682,OTT,COL,2024-01-16,100.0,-120.0,6.5,-152.0,125.0,114.0,-136.0,6.5,-126.0,105.0
2023020683,WSH,ANA,2024-01-16,-180.0,150.0,6.5,115.0,-140.0,-193.0,160.0,6.5,-107.0,-116.0
2023020684,DAL,LAK,2024-01-16,-134.0,112.0,6.5,105.0,-122.0,-128.0,106.0,6.5,106.0,-130.0
2023020685,WPG,NYI,2024-01-16,-190.0,160.0,6.0,100.0,-120.0,-176.0,146.0,6.5,108.0,-132.0
2023020686,CHI,SJS,2024-01-16,-148.0,124.0,5.5,-110.0,-110.0,-115.0,-104.0,5.5,-140.0,114.0
2023020687,CGY,ARI,2024-01-16,-155.0,130.0,6.5,-110.0,-110.0,-164.0,136.0,6.5,-105.0,-114.0
2023020688,EDM,TOR,2024-01-16,-160.0,130.0,6.5,-160.0,130.0,-142.0,116.0,7.5,128.0,-158.0
2023020689,FLA,DET,2024-01-17,-205.0,170.0,6.5,-115.0,-105.0,-205.0,170.0,6.5,-120.0,100.0
2023020690,NJD,MTL,2024-01-17,-182.0,150.0,6.5,-106.0,-115.0,-290.0,235.0,6.5,-120.0,100.0
2023020691,BUF,CHI,2024-01-18,-285.0,220.0,5.5,-145.0,116.0,-275.0,220.0,6.0,-110.0,-105.0
2023020692,BOS,COL,2024-01-18,-150.0,125.0,6.5,-102.0,-118.0,-142.0,120.0,6.0,-130.0,110.0
2023020693,OTT,MTL,2024-01-18,-185.0,154.0,6.5,-148.0,124.0,-182.0,150.0,6.5,-125.0,105.0
2023020694,PHI,DAL,2024-01-18,115.0,-140.0,5.5,-134.0,110.0,114.0,-137.0,6.0,-117.0,-102.0
2023020695,TBL,MIN,2024-01-18,-142.0,120.0,6.5,-110.0,-110.0,-155.0,127.0,6.5,-102.0,-117.0
2023020696,WSH,STL,2024-01-18,-115.0,-104.0,5.5,-125.0,105.0,-125.0,105.0,6.0,-100.0,-120.0
2023020697,CGY,TOR,2024-01-18,114.0,-137.0,6.5,-115.0,-105.0,102.0,-122.0,6.5,-115.0,-105.0
2023020698,EDM,SEA,2024-01-18,-230.0,190.0,6.5,-105.0,-115.0,-207.0,170.0,6.5,-115.0,-105.0
2023020699,LAK,NSH,2024-01-18,-145.0,120.0,6.5,110.0,-130.0,-161.0,135.0,6.0,-117.0,-102.0
2023020700,VAN,ARI,2024-01-18,-215.0,176.0,6.5,102.0,-120.0,-205.0,170.0,6.5,105.0,-125.0
2023020701,VGK,NYR,2024-01-18,116.0,-140.0,5.5,-128.0,105.0,110.0,-130.0,6.0,-110.0,-110.0
2023020702,CAR,DET,2024-01-19,-225.0,185.0,6.5,-115.0,-105.0,-192.0,160.0,6.5,105.0,-125.0
2023020703,CBJ,NJD,2024-01-19,128.0,-154.0,6.5,-130.0,108.0,130.0,-155.0,6.5,-130.0,110.0
2023020704,FLA,MIN,2024-01-19,-214.0,177.0,6.0,-110.0,-110.0,-185.0,154.0,6.0,-120.0,-100.0
2023020705,CHI,NYI,2024-01-19,215.0,-265.0,5.5,-110.0,-110.0,205.0,-250.0,6.0,-105.0,-115.0
2023020706,BUF,TBL,2024-01-20,-110.0,-110.0,6.5,-120.0,102.0,-100.0,-120.0,6.5,-100.0,-120.0
2023020707,PHI,COL,2024-01-20,-102.0,-118.0,6.5,104.0,-115.0,102.0,-122.0,6.0,-120.0,100.0
2023020708,ARI,NSH,2024-01-20,114.0,-135.0,6.0,-112.0,-108.0,-110.0,-110.0,6.0,-100.0,-120.0
2023020709,OTT,WPG,2024-01-20,122.0,-146.0,6.5,106.0,-130.0,110.0,-130.0,6.5,-120.0,-100.0
2023020710,BOS,MTL,2024-01-20,-290.0,230.0,6.0,-118.0,-102.0,-298.0,240.0,6.0,-125.0,105.0
2023020711,NJD,DAL,2024-01-20,114.0,-135.0,6.5,-108.0,-112.0,105.0,-125.0,6.5,-125.0,105.0
2023020712,VAN,TOR,2024-01-20,-125.0,104.0,6.5,-130.0,110.0,-114.0,-105.0,6.5,-120.0,-101.0
2023020713,STL,WSH,2024-01-20,-120.0,-102.0,5.5,-130.0,110.0,-125.0,105.0,6.0,-100.0,-120.0
2023020714,CGY,EDM,2024-01-20,146.0,-178.0,6.5,-135.0,114.0,120.0,-142.0,7.0,105.0,-125.0
2023020715,SJS,ANA,2024-01-20,110.0,-130.0,6.0,-115.0,-105.0,105.0,-125.0,6.5,105.0,-125.0
2023020716,VGK,PIT,2024-01-20,114.0,-137.0,6.5,110.0,-130.0,-120.0,100.0,6.0,-115.0,-105.0
2023020717,LAK,NYR,2024-01-20,-128.0,106.0,6.5,104.0,-128.0,-115.0,-105.0,6.0,-105.0,-115.0
2023020718,PHI,OTT,2024-01-21,-150.0,125.0,6.5,-122.0,102.0,-130.0,110.0,6.5,-105.0,-115.0
2023020719,CAR,MIN,2024-01-21,-190.0,157.0,6.5,-108.0,-112.0,-182.0,150.0,6.5,-112.0,-107.0
2023020720,DET,TBL,2024-01-21,-101.0,-119.0,6.5,-115.0,-105.0,-100.0,-120.0,6.5,-120.0,-100.0
2023020721,NYI,DAL,2024-01-21,-117.0,-102.0,6.5,-101.0,-120.0,-105.0,-115.0,6.0,-115.0,-105.0
2023020722,ANA,NYR,2024-01-21,182.0,-225.0,6.0,-100.0,-117.0,190.0,-230.0,6.0,-110.0,-110.0
2023020723,SEA,TOR,2024-01-21,-105.0,-115.0,6.5,-112.0,-106.0,105.0,-125.0,6.5,-100.0,-120.0
2023020724,BOS,WPG,2024-01-22,-145.0,120.0,5.5,100.0,-120.0,-142.0,120.0,6.0,-110.0,-110.0
2023020725,NJD,VGK,2024-01-22,-120.0,100.0,6.5,110.0,-130.0,-125.0,105.0,6.5,110.0,-130.0
2023020726,NSH,FLA,2024-01-22,108.0,-130.0,5.5,-140.0,114.0,114.0,-135.0,6.0,-120.0,100.0
2023020727,ARI,PIT,2024-01-22,134.0,-162.0,6.5,104.0,-128.0,114.0,-135.0,6.5,105.0,-125.0
2023020728,VAN,CHI,2024-01-22,-455.0,350.0,6.0,-112.0,-108.0,-425.0,330.0,6.0,-125.0,105.0
2023020729,LAK,SJS,2024-01-22,-400.0,310.0,5.5,-140.0,115.0,-380.0,300.0,6.0,-120.0,100.0
2023020730,DET,DAL,2024-01-23,118.0,-142.0,6.5,-108.0,-112.0,105.0,-125.0,6.5,-110.0,-110.0
2023020731,MTL,OTT,2024-01-23,126.0,-152.0,6.5,-142.0,120.0,120.0,-145.0,6.5,-140.0,115.0
2023020732,PHI,TBL,2024-01-23,-110.0,-110.0,6.5,105.0,-125.0,-110.0,-110.0,6.0,-120.0,-100.0
2023020733,NYI,VGK,2024-01-23,-155.0,130.0,5.5,-122.0,-100.0,-125.0,105.0,6.0,-115.0,-105.0
2023020734,MIN,WSH,2024-01-23,-162.0,136.0,5.5,-125.0,105.0,-160.0,135.0,6.0,-105.0,-115.0
2023020735,CGY,STL,2024-01-23,-170.0,140.0,6.5,108.0,-132.0,-165.0,140.0,6.0,-110.0,-110.0
2023020736,EDM,CBJ,2024-01-23,-375.0,295.0,6.5,-160.0,130.0,-350.0,280.0,7.0,105.0,-125.0
2023020737,ANA,BUF,2024-01-23,138.0,-166.0,6.5,105.0,-125.0,135.0,-160.0,6.5,-110.0,-110.0
2023020738,SJS,NYR,2024-01-23,275.0,-345.0,5.5,-140.0,115.0,285.0,-360.0,6.0,-105.0,-115.0
2023020739,FLA,ARI,2024-01-24,-250.0,200.0,6.5,112.0,-138.0,-210.0,172.0,6.5,-104.0,-118.0
2023020740,TOR,WPG,2024-01-24,-148.0,124.0,6.5,-105.0,-115.0,-140.0,116.0,6.5,-105.0,-115.0
2023020741,BOS,CAR,2024-01-24,-142.0,116.0,6.0,-110.0,-108.0,-144.0,120.0,5.5,-124.0,102.0
2023020742,COL,WSH,2024-01-24,-250.0,200.0,6.5,-100.0,-120.0,-210.0,172.0,5.5,-142.0,116.0
2023020743,SEA,CHI,2024-01-24,-300.0,230.0,5.5,-115.0,-105.0,-255.0,205.0,5.5,-128.0,102.0
2023020744,VAN,STL,2024-01-24,-245.0,200.0,6.5,-102.0,-116.0,-194.0,160.0,6.5,104.0,-128.0
2023020745,LAK,BUF,2024-01-24,-192.0,160.0,6.5,-105.0,-115.0,-192.0,158.0,6.5,-100.0,-122.0
2023020746,CAR,NJD,2024-01-25,-162.0,135.0,6.5,-105.0,-119.0,-155.0,130.0,6.5,-130.0,110.0
2023020747,DET,PHI,2024-01-25,-112.0,-109.0,6.5,-105.0,-115.0,-130.0,110.0,6.5,-120.0,-100.0
2023020748,MTL,NYI,2024-01-25,124.0,-150.0,6.5,102.0,-122.0,130.0,-155.0,6.0,-125.0,105.0
2023020749,OTT,BOS,2024-01-25,115.0,-138.0,6.5,-107.0,-114.0,120.0,-142.0,6.5,-105.0,-115.0
2023020750,TBL,ARI,2024-01-25,-216.0,176.0,6.5,-103.0,-120.0,-199.0,165.0,6.5,-102.0,-119.0
2023020751,DAL,ANA,2024-01-25,-345.0,270.0,6.5,-115.0,-105.0,-292.0,234.0,6.5,-110.0,-110.0
2023020752,MIN,NSH,2024-01-25,-118.0,-102.0,6.0,-119.0,-102.0,-135.0,114.0,6.0,-110.0,-110.0
2023020753,CGY,CBJ,2024-01-25,-196.0,160.0,6.5,-115.0,-106.0,-218.0,180.0,6.5,-110.0,-110.0
2023020754,EDM,CHI,2024-01-25,-627.0,450.0,6.5,-112.0,-109.0,-497.0,373.0,6.5,-115.0,-105.0
2023020755,NYR,VGK,2024-01-26,-166.0,138.0,5.5,-130.0,106.0,-162.0,134.0,5.5,-132.0,108.0
2023020756,PIT,FLA,2024-01-26,110.0,-130.0,6.5,-100.0,-120.0,-100.0,-120.0,6.5,-100.0,-122.0
2023020757,COL,LAK,2024-01-26,-148.0,124.0,6.5,-105.0,-115.0,-142.0,118.0,5.5,-140.0,114.0
2023020758,SEA,STL,2024-01-26,-180.0,146.0,6.0,-105.0,-118.0,-142.0,118.0,5.5,-134.0,110.0
2023020759,PHI,BOS,2024-01-27,125.0,-156.0,5.5,-130.0,105.0,150.0,-180.0,5.5,-130.0,110.0
2023020760,DAL,WSH,2024-01-27,-238.0,195.0,6.5,100.0,-120.0,-235.0,190.0,6.5,-100.0,-122.0
2023020761,EDM,NSH,2024-01-27,-225.0,185.0,6.5,-110.0,-110.0,-196.0,162.0,6.5,-106.0,-114.0
2023020762,SJS,BUF,2024-01-27,170.0,-205.0,6.5,-100.0,-120.0,146.0,-178.0,6.5,-100.0,-122.0
2023020763,CAR,ARI,2024-01-27,-245.0,200.0,6.5,-100.0,-120.0,-240.0,195.0,6.5,-100.0,-122.0
2023020764,DET,VGK,2024-01-27,-135.0,114.0,6.0,-115.0,-105.0,-110.0,-110.0,5.5,-122.0,-100.0
2023020765,OTT,NYR,2024-01-27,-114.0,-105.0,6.5,-122.0,-100.0,104.0,-125.0,6.5,-115.0,-105.0
2023020766,PIT,MTL,2024-01-27,-230.0,190.0,6.5,-105.0,-115.0,-225.0,184.0,6.5,-105.0,-115.0
2023020767,TBL,NJD,2024-01-27,-152.0,127.0,6.5,-135.0,112.0,-164.0,136.0,6.5,-128.0,104.0
2023020768,WPG,TOR,2024-01-27,-135.0,114.0,6.0,-110.0,-110.0,-138.0,115.0,6.5,114.0,-140.0
2023020769,NYI,FLA,2024-01-27,120.0,-142.0,6.5,-100.0,-122.0,116.0,-142.0,5.5,-120.0,-102.0
2023020770,MIN,ANA,2024-01-27,-230.0,190.0,6.5,110.0,-130.0,-225.0,184.0,6.5,108.0,-132.0
2023020771,CGY,CHI,2024-01-27,-310.0,250.0,5.5,-134.0,110.0,-295.0,235.0,6.5,-102.0,-120.0
2023020772,VAN,CBJ,2024-01-27,-290.0,230.0,6.5,-130.0,110.0,-275.0,220.0,6.5,-120.0,-102.0
2023020773,STL,LAK,2024-01-28,136.0,-164.0,6.5,-100.0,-122.0,115.0,-138.0,6.5,-108.0,-112.0
2023020774,SEA,CBJ,2024-01-28,-258.0,210.0,6.5,-100.0,-120.0,-217.0,179.0,6.5,-101.0,-119.0
2023020775,OTT,NSH,2024-01-29,-108.0,-111.0,6.5,-120.0,-100.0,-100.0,-120.0,6.5,-125.0,105.0
2023020776,STL,CBJ,2024-01-30,-155.0,130.0,6.5,-118.0,-102.0,-182.0,150.0,6.5,-124.0,102.0
2023020777,SJS,SEA,2024-01-30,199.0,-247.0,5.5,-126.0,105.0,155.0,-188.0,5.5,-115.0,-105.0
2023020778,DET,OTT,2024-01-31,-115.0,-104.0,7.0,105.0,-125.0,-126.0,105.0,6.5,-142.0,116.0
2023020779,NSH,LAK,2024-01-31,-102.0,-118.0,6.0,-105.0,-115.0,-104.0,-115.0,6.5,102.0,-124.0
2023020780,ANA,SJS,2024-01-31,-185.0,153.0,6.0,-124.0,103.0,-178.0,146.0,5.5,-142.0,116.0
2023020781,NYR,COL,2024-02-05,-110.0,-110.0,6.5,-120.0,105.0,-115.0,-104.0,6.5,106.0,-130.0
2023020782,TOR,NYI,2024-02-05,-148.0,124.0,6.5,-115.0,-105.0,-178.0,146.0,6.5,102.0,-124.0
2023020783,BOS,CGY,2024-02-06,-192.0,160.0,5.5,-140.0,115.0,-184.0,152.0,6.5,102.0,-124.0
2023020784,BUF,DAL,2024-02-06,130.0,-155.0,6.5,-105.0,-115.0,132.0,-160.0,6.5,-110.0,-110.0
2023020785,CAR,VAN,2024-02-06,-150.0,125.0,6.5,-102.0,-120.0,-142.0,118.0,5.5,-140.0,114.0
2023020786,FLA,PHI,2024-02-06,-198.0,164.0,6.5,110.0,-130.0,-205.0,168.0,6.5,114.0,-140.0
2023020787,NJD,COL,2024-02-06,-105.0,-115.0,6.5,-142.0,116.0,106.0,-128.0,6.5,-105.0,-115.0
2023020788,PIT,WPG,2024-02-06,-111.0,-108.0,5.5,-122.0,105.0,-122.0,102.0,5.5,-142.0,116.0
2023020789,WSH,MTL,2024-02-06,-160.0,135.0,5.5,-120.0,100.0,-170.0,140.0,5.5,-138.0,112.0
2023020790,VGK,EDM,2024-02-06,124.0,-148.0,6.5,-100.0,-120.0,112.0,-134.0,6.5,-120.0,-102.0
2023020791,NYR,TBL,2024-02-07,-118.0,-102.0,6.5,-104.0,-118.0,-142.0,118.0,6.5,116.0,-142.0
2023020792,TOR,DAL,2024-02-07,-134.0,111.0,6.5,-118.0,-104.0,-125.0,104.0,6.5,-108.0,-112.0
2023020793,CHI,MIN,2024-02-07,170.0,-205.0,5.5,-115.0,-105.0,202.0,-250.0,5.5,-118.0,-104.0
2023020794,BOS,VAN,2024-02-08,-135.0,114.0,6.0,-110.0,-110.0,-135.0,114.0,6.0,-110.0,-110.0
2023020795,FLA,WSH,2024-02-08,-272.0,220.0,6.5,-102.0,-120.0,-230.0,190.0,6.0,-100.0,-120.0
2023020796,NJD,CGY,2024-02-08,-130.0,110.0,6.5,-129.0,107.0,-142.0,120.0,6.5,-100.0,-120.0
2023020797,PHI,WPG,2024-02-08,112.0,-133.0,5.5,-115.0,-105.0,110.0,-130.0,6.0,110.0,-130.0
2023020798,NYI,TBL,2024-02-08,-145.0,120.0,6.5,-110.0,-110.0,-115.0,-105.0,6.0,-110.0,-110.0
2023020799,CAR,COL,2024-02-08,-132.0,110.0,6.5,101.0,-119.0,-125.0,105.0,6.5,105.0,-125.0
2023020800,ARI,VGK,2024-02-08,116.0,-140.0,5.5,-119.0,-101.0,130.0,-155.0,6.0,105.0,-125.0
2023020801,MIN,PIT,2024-02-09,112.0,-134.0,6.5,-100.0,-120.0,-112.0,-108.0,6.0,-120.0,-100.0
2023020802,CHI,NYR,2024-02-09,240.0,-300.0,5.5,-112.0,-108.0,235.0,-290.0,6.0,-105.0,-115.0
2023020803,ANA,EDM,2024-02-09,235.0,-290.0,6.5,-108.0,-112.0,225.0,-278.0,6.5,-100.0,-120.0
2023020804,BUF,STL,2024-02-10,-170.0,142.0,6.5,-108.0,-112.0,-130.0,105.0,6.0,-120.0,-100.0
2023020805,DET,VAN,2024-02-10,114.0,-135.0,6.5,-120.0,102.0,105.0,-125.0,6.5,-120.0,-100.0
2023020806,MTL,DAL,2024-02-10,190.0,-230.0,6.5,-110.0,-110.0,165.0,-200.0,6.5,-105.0,-115.0
2023020807,NYI,CGY,2024-02-10,-115.0,-104.0,5.5,-132.0,110.0,-135.0,110.0,6.0,-120.0,100.0
2023020808,BOS,WSH,2024-02-10,-278.0,225.0,5.5,-122.0,101.0,-275.0,220.0,6.0,-100.0,-120.0
2023020809,FLA,COL,2024-02-10,-135.0,112.0,6.5,-118.0,-102.0,-130.0,110.0,6.5,-115.0,-105.0
2023020810,CAR,NJD,2024-02-10,-166.0,140.0,6.5,-135.0,114.0,-155.0,130.0,6.5,-115.0,-105.0
2023020811,CBJ,TBL,2024-02-10,145.0,-175.0,6.5,-125.0,105.0,150.0,-180.0,6.5,-125.0,105.0
2023020812,OTT,TOR,2024-02-10,118.0,-142.0,6.5,-140.0,115.0,110.0,-132.0,6.5,-135.0,110.0
2023020813,PHI,SEA,2024-02-10,-110.0,-110.0,5.5,-115.0,-105.0,-120.0,-100.0,5.5,-115.0,-105.0
2023020814,WPG,PIT,2024-02-10,-155.0,130.0,5.5,-115.0,-105.0,-150.0,125.0,6.0,-120.0,-100.0
2023020815,NSH,ARI,2024-02-10,-148.0,124.0,5.5,-140.0,115.0,-160.0,135.0,6.0,-110.0,-110.0
2023020816,LAK,EDM,2024-02-10,110.0,-130.0,6.5,102.0,-122.0,-110.0,-110.0,6.0,-125.0,105.0
2023020817,MTL,STL,2024-02-11,105.0,-125.0,6.5,106.0,-130.0,-100.0,-120.0,6.5,106.0,-130.0
2023020818,WSH,VAN,2024-02-11,154.0,-185.0,6.5,115.0,-140.0,125.0,-155.0,6.0,-105.0,-115.0
2023020819,NJD,SEA,2024-02-12,-135.0,116.0,6.5,-102.0,-118.0,-155.0,125.0,6.5,-105.0,-115.0
2023020820,NYR,CGY,2024-02-12,-162.0,136.0,5.5,-132.0,108.0,-155.0,125.0,6.0,-115.0,-105.0
2023020821,PHI,ARI,2024-02-12,-155.0,130.0,5.5,-128.0,105.0,-155.0,125.0,5.5,-120.0,-100.0
2023020822,VGK,MIN,2024-02-12,-150.0,125.0,5.5,-120.0,100.0,-163.0,137.0,6.0,-105.0,-115.0
2023020823,BOS,TBL,2024-02-13,-156.0,130.0,6.0,-115.0,-115.0,-159.0,133.0,6.5,102.0,-124.0
2023020824,BUF,LAK,2024-02-13,114.0,-135.0,6.5,105.0,-125.0,120.0,-142.0,6.0,-110.0,-110.0
2023020825,MTL,ANA,2024-02-13,-120.0,-100.0,6.5,-105.0,-115.0,-148.0,124.0,6.0,-120.0,-100.0
2023020826,OTT,CBJ,2024-02-13,-192.0,160.0,6.5,-150.0,125.0,-185.0,154.0,6.5,-135.0,114.0
2023020827,TOR,STL,2024-02-13,-198.0,164.0,6.5,102.0,-122.0,-192.0,160.0,6.5,-108.0,-112.0
2023020828,WSH,COL,2024-02-13,158.0,-198.0,6.5,105.0,-132.0,140.0,-166.0,6.0,-120.0,-100.0
2023020829,NYI,SEA,2024-02-13,-166.0,138.0,5.5,-110.0,-110.0,-144.0,120.0,6.0,-121.0,-101.0
2023020830,DAL,CAR,2024-02-13,-118.0,-102.0,6.5,-105.0,-115.0,-120.0,-100.0,6.5,102.0,-124.0
2023020831,NSH,NJD,2024-02-13,-128.0,106.0,6.5,-102.0,-118.0,-115.0,-105.0,6.0,-120.0,100.0
2023020832,CHI,VAN,2024-02-13,230.0,-290.0,5.5,-122.0,102.0,232.0,-284.0,6.0,-117.0,-103.0
2023020833,EDM,DET,2024-02-13,-230.0,190.0,6.5,-130.0,110.0,-205.0,170.0,6.5,-130.0,110.0
2023020834,PIT,FLA,2024-02-14,114.0,-135.0,5.5,-130.0,110.0,-105.0,-115.0,6.5,105.0,-125.0
2023020835,WPG,SJS,2024-02-14,-450.0,350.0,5.5,-110.0,-110.0,-410.0,320.0,6.0,-105.0,-115.0
2023020836,ARI,MIN,2024-02-14,-105.0,-115.0,6.0,-110.0,-110.0,-105.0,-115.0,6.0,-100.0,-120.0
2023020837,BOS,SEA,2024-02-15,-192.0,160.0,5.5,-110.0,-110.0,-205.0,170.0,5.5,-115.0,-105.0
2023020838,BUF,FLA,2024-02-15,145.0,-175.0,6.5,-108.0,-112.0,120.0,-142.0,6.5,-110.0,-110.0
2023020839,NJD,LAK,2024-02-15,-112.0,-108.0,6.5,-114.0,-105.0,-130.0,110.0,6.0,-110.0,-110.0
2023020840,NYR,MTL,2024-02-15,-258.0,210.0,6.5,104.0,-128.0,-325.0,260.0,6.0,-100.0,-120.0
2023020841,OTT,ANA,2024-02-15,-225.0,185.0,6.5,-140.0,115.0,-238.0,195.0,6.5,-125.0,105.0
2023020842,TBL,COL,2024-02-15,-130.0,105.0,6.5,-140.0,114.0,-110.0,-110.0,6.5,-120.0,-100.0
2023020843,TOR,PHI,2024-02-15,-156.0,130.0,6.5,104.0,-125.0,-175.0,145.0,6.5,-100.0,-120.0
2023020844,STL,EDM,2024-02-15,190.0,-230.0,6.5,-110.0,-110.0,150.0,-180.0,6.5,-105.0,-115.0
2023020845,CHI,PIT,2024-02-15,160.0,-192.0,5.5,-122.0,102.0,190.0,-230.0,5.5,-125.0,105.0
2023020846,CGY,SJS,2024-02-15,-325.0,260.0,5.5,-120.0,100.0,-410.0,320.0,5.5,-125.0,105.0
2023020847,NSH,DAL,2024-02-15,132.0,-160.0,6.5,104.0,-126.0,114.0,-135.0,6.5,-100.0,-120.0
2023020848,VAN,DET,2024-02-15,-185.0,154.0,6.5,-122.0,102.0,-192.0,160.0,7.0,120.0,-142.0
2023020849,ARI,CAR,2024-02-16,180.0,-221.0,6.5,-110.0,-108.0,165.0,-200.0,6.0,-120.0,100.0
2023020850,DAL,EDM,2024-02-17,-125.0,105.0,6.5,-145.0,120.0,-110.0,-110.0,6.5,-125.0,105.0
2023020851,CHI,OTT,2024-02-17,168.0,-205.0,6.5,102.0,-124.0,150.0,-180.0,6.5,-110.0,-110.0
2023020852,CGY,DET,2024-02-17,-162.0,136.0,6.5,-110.0,-110.0,-135.0,114.0,6.5,-120.0,100.0
2023020853,BOS,LAK,2024-02-17,-175.0,145.0,5.5,-110.0,-110.0,-155.0,127.0,5.5,-112.0,-107.0
2023020854,MIN,BUF,2024-02-17,-142.0,120.0,6.5,-100.0,-122.0,-142.0,120.0,6.0,-125.0,105.0
2023020855,STL,NSH,2024-02-17,110.0,-130.0,6.5,-100.0,-122.0,-115.0,-105.0,6.0,-120.0,-100.0
2023020856,TBL,FLA,2024-02-17,105.0,-120.0,6.5,100.0,-120.0,-102.0,-117.0,6.5,-110.0,-110.0
2023020857,MTL,WSH,2024-02-17,105.0,-125.0,5.5,-140.0,114.0,-105.0,-115.0,6.0,-110.0,-110.0
2023020858,TOR,ANA,2024-02-17,-270.0,220.0,6.5,-110.0,-110.0,-340.0,270.0,6.5,-100.0,-120.0
2023020859,NJD,PHI,2024-02-17,-140.0,115.0,6.5,-100.0,-120.0,-154.0,128.0,6.0,-110.0,-111.0
2023020860,VAN,WPG,2024-02-17,-122.0,-102.0,5.5,-112.0,-108.0,-130.0,110.0,6.0,-100.0,-120.0
2023020861,SJS,CBJ,2024-02-17,126.0,-152.0,6.5,-100.0,-122.0,114.0,-135.0,6.5,100.0,-120.0
2023020862,VGK,CAR,2024-02-17,-120.0,-104.0,6.0,-105.0,-115.0,-115.0,-105.0,6.0,-120.0,-100.0
2023020863,NYI,NYR,2024-02-18,126.0,-152.0,5.5,-125.0,105.0,126.0,-152.0,5.5,-106.0,-114.0
2023020864,COL,ARI,2024-02-18,-270.0,220.0,6.5,-118.0,-104.0,-235.0,192.0,6.5,105.0,-127.0
2023020865,PIT,LAK,2024-02-18,-132.0,110.0,5.5,-134.0,110.0,-122.0,102.0,6.5,-110.0,-110.0
2023020866,BUF,ANA,2024-02-19,-205.0,170.0,6.5,105.0,-125.0,-172.0,142.0,6.5,-115.0,-105.0
2023020867,BOS,DAL,2024-02-19,-142.0,120.0,6.0,-108.0,-112.0,-122.0,102.0,5.5,-124.0,102.0
2023020868,STL,TOR,2024-02-19,130.0,-155.0,6.5,-120.0,-100.0,125.0,-150.0,6.5,104.0,-128.0
2023020869,MIN,VAN,2024-02-19,105.0,-125.0,6.5,104.0,105.0,-105.0,-114.0,6.5,-100.0,-122.0
2023020870,SEA,DET,2024-02-19,-137.0,114.0,6.5,105.0,-125.0,-128.0,106.0,6.5,104.0,-128.0
2023020871,ARI,EDM,2024-02-19,230.0,-285.0,6.5,-130.0,106.0,188.0,-230.0,6.5,-115.0,-105.0
2023020872,CGY,WPG,2024-02-19,105.0,-126.0,5.5,100.0,-120.0,112.0,-134.0,5.5,-138.0,112.0
2023020873,SJS,VGK,2024-02-19,220.0,-275.0,5.5,-122.0,102.0,220.0,-275.0,5.5,-128.0,104.0
2023020874,CAR,CHI,2024-02-19,-380.0,300.0,5.5,-125.0,105.0,-345.0,270.0,5.5,-122.0,-100.0
2023020875,TBL,OTT,2024-02-19,-170.0,140.0,6.5,-150.0,120.0,-152.0,126.0,6.5,-122.0,-100.0
2023020876,FLA,OTT,2024-02-20,-278.0,225.0,6.5,-135.0,114.0,-205.0,168.0,6.5,-122.0,-100.0
2023020877,NYR,DAL,2024-02-20,-135.0,114.0,6.5,102.0,-122.0,-120.0,-100.0,6.5,-100.0,-122.0
2023020878,PIT,NYI,2024-02-20,-130.0,110.0,5.5,-125.0,105.0,-154.0,128.0,6.5,116.0,-142.0
2023020879,WSH,NJD,2024-02-20,145.0,-175.0,6.5,-112.0,-108.0,118.0,-142.0,6.5,104.0,-128.0
2023020880,WPG,MIN,2024-02-20,-148.0,124.0,5.5,-125.0,105.0,-170.0,140.0,5.5,-132.0,108.0
2023020881,COL,VAN,2024-02-20,-148.0,124.0,6.5,-125.0,105.0,-156.0,130.0,6.5,-102.0,-120.0
2023020882,VGK,NSH,2024-02-20,-156.0,130.0,6.5,104.0,-128.0,-152.0,126.0,5.5,-124.0,102.0
2023020883,LAK,CBJ,2024-02-20,-245.0,200.0,6.5,-110.0,-110.0,-245.0,198.0,6.5,-112.0,-108.0
2023020884,MTL,BUF,2024-02-21,124.0,-148.0,6.5,-120.0,-102.0,115.0,-140.0,6.5,-130.0,105.0
2023020885,CHI,PHI,2024-02-21,200.0,-250.0,5.5,-132.0,110.0,160.0,-190.0,6.5,110.0,-130.0
2023020886,ANA,CBJ,2024-02-21,-110.0,-110.0,6.5,-118.0,-102.0,-110.0,-110.0,6.5,-110.0,-110.0
2023020887,ARI,TOR,2024-02-21,150.0,-182.0,6.5,-124.0,102.0,180.0,-225.0,6.5,-125.0,105.0
2023020888,EDM,BOS,2024-02-21,-142.0,120.0,6.5,102.0,-122.0,-145.0,120.0,6.0,-130.0,105.0
2023020889,CAR,FLA,2024-02-22,-118.0,-102.0,6.0,-115.0,-105.0,-125.0,105.0,6.0,-120.0,-100.0
2023020890,DET,COL,2024-02-22,112.0,-134.0,6.5,-148.0,120.0,125.0,-150.0,6.5,-130.0,110.0
2023020891,NJD,NYR,2024-02-22,-111.0,-108.0,6.5,-110.0,-110.0,-110.0,-110.0,6.5,-110.0,-110.0
2023020892,OTT,DAL,2024-02-22,140.0,-170.0,6.5,-142.0,120.0,120.0,-142.0,6.5,-130.0,110.0
2023020893,PIT,MTL,2024-02-22,-285.0,230.0,6.5,104.0,-125.0,-230.0,190.0,6.5,-105.0,-115.0
2023020894,TBL,WSH,2024-02-22,-198.0,164.0,6.5,-105.0,-115.0,-192.0,160.0,6.5,-100.0,-120.0
2023020895,STL,NYI,2024-02-22,105.0,-125.0,6.5,105.0,-125.0,-120.0,-100.0,6.5,-100.0,-120.0
2023020896,CGY,BOS,2024-02-22,104.0,-125.0,5.5,-120.0,-105.0,110.0,-130.0,6.0,-110.0,-110.0
2023020897,SEA,VAN,2024-02-22,114.0,-135.0,6.5,105.0,-125.0,105.0,-125.0,6.5,-100.0,-120.0
2023020898,VGK,TOR,2024-02-22,-110.0,-110.0,6.5,105.0,-125.0,-120.0,100.0,6.5,-101.0,-120.0
2023020899,LAK,NSH,2024-02-22,-156.0,130.0,5.5,-140.0,114.0,-175.0,145.0,6.0,-100.0,-120.0
2023020900,CBJ,BUF,2024-02-23,138.0,-166.0,6.5,-123.0,102.0,120.0,-142.0,6.5,-120.0,100.0
2023020901,CHI,WPG,2024-02-23,227.0,-282.0,5.5,101.0,-122.0,225.0,-278.0,6.0,-105.0,-115.0
2023020902,EDM,MIN,2024-02-23,-184.0,153.0,6.5,-137.0,114.0,-185.0,154.0,6.5,-115.0,-105.0
2023020903,NJD,MTL,2024-02-24,-241.0,196.0,6.5,-130.0,108.0,-238.0,195.0,6.5,-110.0,-110.0
2023020904,NYI,TBL,2024-02-24,-105.0,-114.0,6.5,-108.0,-112.0,-110.0,-110.0,6.5,-115.0,-105.0
2023020905,PHI,NYR,2024-02-24,124.0,-149.0,6.0,-109.0,-112.0,114.0,-135.0,6.0,-110.0,-110.0
2023020906,FLA,WSH,2024-02-24,-242.0,197.0,6.5,102.0,-124.0,-218.0,180.0,6.5,100.0,-120.0
2023020907,CAR,DAL,2024-02-24,-136.0,114.0,6.5,-103.0,-117.0,-135.0,114.0,6.0,-115.0,-105.0
2023020908,COL,TOR,2024-02-24,-121.0,101.0,6.5,-145.0,120.0,-135.0,114.0,6.5,-120.0,-100.0
2023020909,DET,STL,2024-02-24,-149.0,124.0,6.5,-104.0,-118.0,-148.0,124.0,6.5,-115.0,-105.0
2023020910,OTT,VGK,2024-02-24,-120.0,-100.0,6.5,104.0,-126.0,-115.0,-105.0,6.5,-110.0,-110.0
2023020911,VAN,BOS,2024-02-24,-118.0,-102.0,6.0,-118.0,-103.0,-105.0,-115.0,6.5,-105.0,-115.0
2023020912,EDM,CGY,2024-02-24,-184.0,154.0,6.5,-128.0,106.0,-198.0,164.0,6.5,-115.0,-105.0
2023020913,SEA,MIN,2024-02-24,-147.0,123.0,6.0,-118.0,-104.0,-120.0,-100.0,6.0,-115.0,-105.0
2023020914,SJS,NSH,2024-02-24,189.0,-231.0,6.0,-121.0,-100.0,180.0,-218.0,6.0,-105.0,-115.0
2023020915,LAK,ANA,2024-02-24,-275.0,222.0,6.0,-126.0,104.0,-278.0,225.0,6.0,-110.0,-110.0
2023020916,NJD,TBL,2024-02-25,-142.0,119.0,6.5,-147.0,122.0,-120.0,-100.0,6.5,-135.0,114.0
2023020917,PIT,PHI,2024-02-25,-179.0,148.0,6.0,-111.0,-109.0,-166.0,140.0,6.0,-100.0,-120.0
2023020918,BUF,CAR,2024-02-25,113.0,-134.0,6.5,-104.0,-117.0,150.0,-182.0,6.5,-102.0,-120.0
2023020919,CBJ,NYR,2024-02-25,147.0,-178.0,6.5,-103.0,-118.0,164.0,-198.0,6.5,-110.0,-110.0
2023020920,CHI,DET,2024-02-25,142.0,-171.0,6.5,-100.0,-122.0,170.0,-205.0,6.0,-110.0,-110.0
2023020921,WPG,ARI,2024-02-25,-227.0,187.0,5.5,-115.0,-105.0,-245.0,200.0,5.5,-125.0,105.0
2023020922,ANA,NSH,2024-02-25,157.0,-189.0,6.5,-102.0,-118.0,136.0,-162.0,6.5,-110.0,-110.0
2023020923,WSH,OTT,2024-02-26,117.0,-139.0,6.5,-103.0,-116.0,-115.0,-104.0,6.5,-115.0,-105.0
2023020924,DAL,NYI,2024-02-26,-165.0,140.0,6.5,-108.0,-112.0,-164.0,136.0,6.5,106.0,-130.0
2023020925,EDM,LAK,2024-02-26,-162.0,135.0,6.5,-110.0,-110.0,-156.0,130.0,6.5,-110.0,-110.0
2023020926,SEA,BOS,2024-02-26,119.0,-142.0,5.5,-110.0,-110.0,118.0,-142.0,5.5,-115.0,-105.0
2023020927,DET,WSH,2024-02-27,-173.0,144.0,6.5,104.0,-126.0,-170.0,142.0,6.5,-100.0,-120.0
2023020928,FLA,BUF,2024-02-27,-230.0,189.0,6.5,-103.0,-118.0,-222.0,182.0,6.5,-100.0,-120.0
2023020929,MTL,ARI,2024-02-27,-103.0,-116.0,6.5,-108.0,-112.0,-110.0,-110.0,6.0,-120.0,100.0
2023020930,PHI,TBL,2024-02-27,112.0,-133.0,6.5,-100.0,-121.0,-100.0,-120.0,6.0,-120.0,-100.0
2023020931,TOR,VGK,2024-02-27,-164.0,137.0,6.5,-104.0,-117.0,-110.0,-110.0,6.5,-110.0,-110.0
2023020932,MIN,CAR,2024-02-27,119.0,-142.0,6.5,102.0,-124.0,114.0,-135.0,6.0,-110.0,-110.0
2023020933,NSH,OTT,2024-02-27,-147.0,123.0,6.5,-113.0,-106.0,-142.0,120.0,6.5,-110.0,-110.0
2023020934,WPG,STL,2024-02-27,-188.0,156.0,5.5,-134.0,111.0,-198.0,164.0,6.0,-110.0,-110.0
2023020935,CGY,LAK,2024-02-27,-125.0,105.0,6.0,-105.0,-114.0,-105.0,-115.0,6.0,-110.0,-110.0
2023020936,COL,DAL,2024-02-27,-137.0,115.0,6.5,-115.0,-106.0,-142.0,120.0,6.0,-110.0,-110.0
2023020937,VAN,PIT,2024-02-27,-154.0,129.0,6.5,-107.0,-113.0,-162.0,136.0,6.5,-100.0,-120.0
2023020938,SJS,NJD,2024-02-27,215.0,-262.0,6.5,-102.0,-119.0,205.0,-250.0,6.5,-105.0,-115.0
2023020939,NYR,CBJ,2024-02-28,-250.0,205.0,6.5,-102.0,-118.0,-285.0,230.0,6.0,-120.0,100.0
2023020940,EDM,STL,2024-02-28,-300.0,240.0,6.5,-112.0,-108.0,-250.0,205.0,6.5,-100.0,-120.0
2023020941,BOS,VGK,2024-02-29,-165.0,137.0,5.5,-105.0,-114.0,-162.0,136.0,6.0,-105.0,-115.0
2023020942,CBJ,CAR,2024-02-29,230.0,-286.0,6.5,-104.0,-116.0,205.0,-250.0,6.5,-110.0,-110.0
2023020943,DET,NYI,2024-02-29,-113.0,-106.0,6.5,-109.0,-112.0,-130.0,110.0,6.0,-105.0,-115.0
2023020944,FLA,MTL,2024-02-29,-335.0,265.0,6.5,-107.0,-113.0,-298.0,240.0,6.5,-110.0,-110.0
2023020945,TBL,BUF,2024-02-29,-157.0,131.0,6.5,-100.0,-121.0,-175.0,145.0,6.5,100.0,-120.0
2023020946,TOR,ARI,2024-02-29,-232.0,190.0,6.5,-121.0,-100.0,-250.0,205.0,6.5,-120.0,-100.0
2023020947,DAL,WPG,2024-02-29,-134.0,113.0,6.0,-114.0,-106.0,-135.0,114.0,6.0,-110.0,-110.0
2023020948,NSH,MIN,2024-02-29,-116.0,-103.0,6.5,-106.0,-114.0,-115.0,-105.0,6.0,-110.0,-110.0
2023020949,CHI,COL,2024-02-29,225.0,-277.0,6.5,-112.0,-108.0,240.0,-298.0,6.0,-110.0,-110.0
2023020950,SEA,PIT,2024-02-29,-116.0,-103.0,6.0,-114.0,-106.0,-120.0,-100.0,6.0,-110.0,-110.0
2023020951,VAN,LAK,2024-02-29,-147.0,123.0,6.5,-102.0,-119.0,-142.0,120.0,6.5,-100.0,-120.0
2023020952,SJS,ANA,2024-02-29,114.0,-135.0,6.5,105.0,-128.0,-105.0,-115.0,6.0,-110.0,-110.0
2023020953,OTT,ARI,2024-03-01,-184.0,153.0,6.5,-118.0,-103.0,-178.0,146.0,6.5,-102.0,-120.0
2023020954,WSH,PHI,2024-03-01,124.0,-149.0,6.0,-118.0,-103.0,-110.0,-110.0,5.5,-130.0,106.0
2023020955,ANA,NJD,2024-03-01,230.0,-285.0,6.5,-125.0,103.0,184.0,-225.0,6.5,-118.0,-104.0
2023020956,CAR,WPG,2024-03-02,-155.0,130.0,5.5,-100.0,-121.0,-135.0,114.0,6.0,-100.0,-120.0
2023020957,NYI,BOS,2024-03-02,105.0,-125.0,5.5,-122.0,101.0,120.0,-142.0,5.5,-120.0,100.0
2023020958,SEA,EDM,2024-03-02,137.0,-164.0,6.5,-105.0,-115.0,120.0,-142.0,6.0,-115.0,-105.0
2023020959,NSH,COL,2024-03-02,113.0,-134.0,6.5,-104.0,-116.0,120.0,-142.0,6.0,-110.0,-110.0
2023020960,BUF,VGK,2024-03-02,-107.0,-112.0,6.5,-100.0,-122.0,-100.0,-120.0,6.0,-120.0,-100.0
2023020961,DET,FLA,2024-03-02,146.0,-176.0,6.5,-105.0,-114.0,114.0,-135.0,6.5,-120.0,-100.0
2023020962,PHI,OTT,2024-03-02,-134.0,113.0,6.5,-123.0,102.0,-130.0,110.0,6.5,-110.0,-110.0
2023020963,TBL,MTL,2024-03-02,-272.0,220.0,6.5,-113.0,-106.0,-270.0,220.0,6.5,-110.0,-110.0
2023020964,TOR,NYR,2024-03-02,-129.0,108.0,6.5,-102.0,-119.0,-120.0,-100.0,6.0,-120.0,-100.0
2023020965,CHI,CBJ,2024-03-02,128.0,-154.0,6.0,-120.0,-102.0,110.0,-130.0,6.0,-120.0,-100.0
2023020966,DAL,SJS,2024-03-02,-605.0,440.0,6.5,-105.0,-116.0,-455.0,350.0,6.5,-105.0,-115.0
2023020967,STL,MIN,2024-03-02,108.0,-129.0,6.5,-109.0,-111.0,-105.0,-115.0,6.0,-120.0,-100.0
2023020968,CGY,PIT,2024-03-02,-125.0,105.0,6.0,-122.0,101.0,-125.0,105.0,6.0,-100.0,-120.0
2023020969,WSH,ARI,2024-03-03,-139.0,117.0,6.5,102.0,-124.0,-142.0,120.0,6.0,105.0,-125.0
2023020970,LAK,NJD,2024-03-03,-119.0,-100.0,6.5,-105.0,-115.0,-125.0,105.0,6.5,-115.0,-105.0
2023020971,BUF,WPG,2024-03-03,-105.0,-115.0,6.0,-115.0,-115.0,120.0,-142.0,6.5,102.0,-124.0
2023020972,MIN,SJS,2024-03-03,-350.0,270.0,6.0,-122.0,102.0,-345.0,270.0,6.5,102.0,-124.0
2023020973,ANA,VAN,2024-03-03,222.0,-276.0,6.5,-106.0,-113.0,190.0,-230.0,6.5,100.0,-120.0
2023020974,EDM,PIT,2024-03-03,-188.0,156.0,6.5,-110.0,-110.0,-179.0,148.0,6.0,-125.0,105.0
2023020975,CBJ,VGK,2024-03-04,171.0,-207.0,6.5,-112.0,-109.0,152.0,-184.0,6.5,102.0,-124.0
2023020976,NYR,FLA,2024-03-04,109.0,-127.0,6.0,-112.0,-108.0,-111.0,-108.0,6.5,110.0,-134.0
2023020977,PHI,STL,2024-03-04,-147.0,123.0,6.0,-112.0,-108.0,-130.0,108.0,5.5,-138.0,112.0
2023020978,TOR,BOS,2024-03-04,-127.0,107.0,6.5,101.0,-122.0,-134.0,112.0,6.5,106.0,-130.0
2023020979,COL,CHI,2024-03-04,-420.0,320.0,6.0,-125.0,105.0,-400.0,310.0,6.5,106.0,-130.0
2023020980,CGY,SEA,2024-03-04,-130.0,110.0,5.5,-125.0,-106.0,-134.0,112.0,5.5,-140.0,114.0
2023020981,BOS,EDM,2024-03-05,117.0,-139.0,6.5,-106.0,-114.0,-100.0,-120.0,6.5,106.0,-130.0
2023020982,NJD,FLA,2024-03-05,101.0,-121.0,6.5,-112.0,-108.0,-108.0,-111.0,6.5,-110.0,-110.0
2023020983,PIT,CBJ,2024-03-05,-242.0,197.0,6.5,-118.0,-101.0,-245.0,198.0,6.5,-108.0,-112.0
2023020984,NYI,STL,2024-03-05,-194.0,161.0,6.0,-119.0,-102.0,-150.0,125.0,5.5,-140.0,112.0
2023020985,NSH,MTL,2024-03-05,-220.0,180.0,6.5,-119.0,-101.0,-200.0,164.0,6.5,-102.0,-120.0
2023020986,WPG,SEA,2024-03-05,-166.0,140.0,5.5,-104.0,-116.0,-178.0,146.0,5.5,-115.0,-105.0
2023020987,ARI,CHI,2024-03-05,-276.0,222.0,6.5,-104.0,-117.0,-220.0,180.0,5.5,-128.0,104.0
2023020988,LAK,VAN,2024-03-05,-105.0,-114.0,6.0,-114.0,-106.0,-120.0,-100.0,6.5,110.0,-134.0
2023020989,SJS,DAL,2024-03-05,325.0,-420.0,6.5,-103.0,-118.0,270.0,-345.0,6.5,-102.0,-120.0
2023020990,TOR,BUF,2024-03-06,-185.0,150.0,6.5,-120.0,102.0,-194.0,160.0,6.5,-120.0,-102.0
2023020991,COL,DET,2024-03-06,-192.0,160.0,6.5,-115.0,-105.0,-220.0,180.0,6.5,-122.0,-100.0
2023020992,ANA,OTT,2024-03-06,160.0,-192.0,6.5,-105.0,-115.0,115.0,-138.0,6.5,-122.0,-100.0
2023020993,BOS,TOR,2024-03-07,-148.0,124.0,6.5,102.0,-124.0,-142.0,120.0,6.5,-110.0,-110.0
2023020994,CAR,MTL,2024-03-07,-340.0,260.0,6.5,-106.0,-114.0,-325.0,260.0,6.5,-110.0,-110.0
2023020995,CBJ,EDM,2024-03-07,237.0,-295.0,6.5,-149.0,123.0,207.0,-256.0,6.5,-125.0,105.0
2023020996,FLA,PHI,2024-03-07,-252.0,205.0,6.0,-122.0,101.0,-230.0,190.0,6.5,-115.0,-105.0
2023020997,NJD,STL,2024-03-07,-176.0,145.0,6.5,-110.0,-110.0,-170.0,142.0,6.5,-110.0,-110.0
2023020998,PIT,WSH,2024-03-07,-170.0,141.0,6.0,-121.0,-100.0,-170.0,142.0,6.5,-115.0,-105.0
2023020999,TBL,CGY,2024-03-07,-157.0,131.0,6.5,-105.0,-114.0,-155.0,130.0,6.5,-110.0,-110.0
2023021000,NSH,BUF,2024-03-07,-175.0,145.0,6.5,104.0,-120.0,-162.0,136.0,6.5,-120.0,-100.0
2023021001,ARI,MIN,2024-03-07,120.0,-142.0,6.5,-100.0,-118.0,114.0,-135.0,6.0,-120.0,-100.0
2023021002,VGK,VAN,2024-03-07,-115.0,-105.0,6.0,-110.0,-112.0,-115.0,-105.0,6.0,-120.0,100.0
2023021003,LAK,OTT,2024-03-07,-205.0,170.0,6.0,-120.0,-105.0,-198.0,164.0,6.5,-110.0,-110.0
2023021004,SJS,NYI,2024-03-07,250.0,-310.0,6.0,-115.0,-112.0,200.0,-245.0,6.0,-115.0,-105.0
2023021005,ARI,DET,2024-03-08,121.0,-145.0,6.5,-115.0,-105.0,-100.0,-120.0,6.5,-105.0,-115.0
2023021006,COL,MIN,2024-03-08,-240.0,195.0,6.5,-129.0,107.0,-200.0,164.0,6.5,102.0,-124.0
2023021007,ANA,DAL,2024-03-08,255.0,-320.0,6.5,106.0,-127.0,225.0,-280.0,6.5,-110.0,-110.0
2023021008,SEA,WPG,2024-03-08,103.0,-123.0,5.5,-114.0,-105.0,112.0,-134.0,5.5,-122.0,-100.0
2023021009,BUF,EDM,2024-03-09,154.0,-186.0,6.5,101.0,-122.0,145.0,-175.0,6.5,-110.0,-110.0
2023021010,CBJ,NSH,2024-03-09,138.0,-165.0,6.5,-123.0,102.0,128.0,-154.0,6.5,-110.0,-110.0
2023021011,NJD,CAR,2024-03-09,126.0,-150.0,6.5,-102.0,-119.0,114.0,-137.0,6.5,-102.0,-120.0
2023021012,BOS,PIT,2024-03-09,-199.0,165.0,6.0,-116.0,-104.0,-182.0,150.0,5.5,-122.0,-100.0
2023021013,FLA,CGY,2024-03-09,-222.0,183.0,6.5,101.0,-123.0,-220.0,180.0,6.5,110.0,-134.0
2023021014,MTL,TOR,2024-03-09,150.0,-185.0,6.5,-115.0,-105.0,172.0,-205.0,6.5,-115.0,-105.0
2023021015,SJS,OTT,2024-03-09,192.0,-235.0,6.5,-116.0,-103.0,172.0,-210.0,6.5,-124.0,102.0
2023021016,TBL,PHI,2024-03-09,-151.0,126.0,6.5,-103.0,-117.0,-156.0,130.0,6.5,110.0,-134.0
2023021017,WSH,CHI,2024-03-09,-234.0,185.0,5.5,-120.0,-103.0,-220.0,180.0,5.5,-128.0,104.0
2023021018,NYR,STL,2024-03-09,-219.0,180.0,6.0,-109.0,-111.0,-194.0,162.0,5.5,-140.0,114.0
2023021019,VAN,WPG,2024-03-09,-147.0,123.0,6.0,-110.0,-110.0,-142.0,118.0,5.5,-128.0,104.0
2023021020,VGK,DET,2024-03-09,-210.0,173.0,6.5,-101.0,-120.0,-170.0,140.0,6.5,106.0,-130.0
2023021021,LAK,DAL,2024-03-09,-111.0,-108.0,6.5,101.0,-123.0,-110.0,-110.0,6.5,-100.0,-122.0
2023021022,PIT,EDM,2024-03-10,132.0,-155.0,6.5,-104.0,-116.0,130.0,-156.0,6.5,-110.0,-110.0
2023021023,MIN,NSH,2024-03-10,-135.0,113.0,6.0,-110.0,-110.0,-140.0,116.0,5.5,-134.0,110.0
2023021024,CAR,CGY,2024-03-10,-217.0,179.0,6.5,-109.0,-111.0,-215.0,176.0,6.5,-105.0,-115.0
2023021025,CHI,ARI,2024-03-10,165.0,-200.0,6.0,-105.0,-112.0,155.0,-192.0,5.5,-138.0,112.0
2023021026,ANA,NYI,2024-03-10,190.0,-230.0,6.5,-100.0,-120.0,168.0,-205.0,6.5,-104.0,-118.0
2023021027,BOS,STL,2024-03-11,-250.0,205.0,5.5,-124.0,102.0,-205.0,168.0,5.5,-140.0,114.0
2023021028,NYR,NJD,2024-03-11,-142.0,120.0,6.5,-112.0,-108.0,-154.0,128.0,6.5,-105.0,-115.0
2023021029,WPG,WSH,2024-03-11,-230.0,190.0,5.5,-120.0,102.0,-225.0,184.0,5.5,-120.0,-102.0
2023021030,LAK,NYI,2024-03-11,-135.0,115.0,6.0,105.0,-125.0,-156.0,130.0,5.5,-128.0,104.0
2023021031,BUF,DET,2024-03-12,-126.0,105.0,6.5,-100.0,-120.0,-115.0,-105.0,6.5,-110.0,-110.0
2023021032,CAR,NYR,2024-03-12,-175.0,145.0,6.0,100.0,-120.0,-152.0,126.0,5.5,-134.0,110.0
2023021033,MTL,CBJ,2024-03-12,-118.0,-102.0,6.5,-118.0,-102.0,-130.0,110.0,6.5,-110.0,-110.0
2023021034,OTT,PIT,2024-03-12,100.0,-120.0,6.5,-105.0,-115.0,105.0,-125.0,6.5,-115.0,-105.0
2023021035,PHI,SJS,2024-03-12,-365.0,285.0,6.0,-110.0,-110.0,-298.0,240.0,6.0,-115.0,-105.0
2023021036,DAL,FLA,2024-03-12,-112.0,-108.0,6.0,-115.0,-105.0,-115.0,-105.0,6.0,-115.0,-105.0
2023021037,MIN,ARI,2024-03-12,-210.0,172.0,6.5,-105.0,-115.0,-192.0,160.0,6.5,105.0,-125.0
2023021038,CHI,ANA,2024-03-12,-130.0,110.0,6.0,100.0,-120.0,-110.0,-110.0,6.0,-105.0,-115.0
2023021039,CGY,COL,2024-03-12,150.0,-180.0,6.5,-120.0,-102.0,130.0,-155.0,6.5,-107.0,-112.0
2023021040,SEA,VGK,2024-03-12,130.0,-155.0,6.0,-108.0,-110.0,110.0,-130.0,6.0,-100.0,-120.0
2023021041,STL,LAK,2024-03-13,130.0,-155.0,5.5,-115.0,-114.0,110.0,-132.0,6.5,-100.0,-122.0
2023021042,WPG,NSH,2024-03-13,-142.0,120.0,5.5,-115.0,-105.0,-166.0,138.0,5.5,-140.0,112.0
2023021043,EDM,WSH,2024-03-13,-305.0,245.0,6.5,102.0,-120.0,-255.0,205.0,6.5,-100.0,-122.0
2023021044,VAN,COL,2024-03-13,-122.0,102.0,6.5,-130.0,110.0,-110.0,-110.0,6.5,-115.0,-105.0
2023021045,BUF,NYI,2024-03-14,-106.0,-113.0,6.0,-102.0,-115.0,-108.0,-111.0,6.5,108.0,-132.0
2023021046,CAR,FLA,2024-03-14,-130.0,108.0,5.5,-120.0,100.0,-122.0,102.0,5.5,-134.0,110.0
2023021047,CBJ,OTT,2024-03-14,110.0,-130.0,6.5,-130.0,110.0,115.0,-138.0,6.5,-130.0,106.0
2023021048,DET,ARI,2024-03-14,-150.0,125.0,6.5,-122.0,-100.0,-184.0,152.0,6.5,110.0,-134.0
2023021049,MTL,BOS,2024-03-14,180.0,-220.0,6.0,100.0,-120.0,188.0,-230.0,5.5,-130.0,106.0
2023021050,PHI,TOR,2024-03-14,-104.0,-115.0,6.0,-120.0,100.0,110.0,-132.0,6.5,-100.0,-122.0
2023021051,PIT,SJS,2024-03-14,-345.0,270.0,6.0,-115.0,-105.0,-275.0,220.0,6.5,102.0,-124.0
2023021052,TBL,NYR,2024-03-14,-111.0,-108.0,6.0,100.0,-120.0,-110.0,-110.0,5.5,-134.0,110.0
2023021053,DAL,NJD,2024-03-14,-192.0,160.0,6.5,-115.0,-105.0,-162.0,134.0,6.5,-114.0,-106.0
2023021054,MIN,ANA,2024-03-14,-285.0,230.0,6.0,-120.0,-100.0,-255.0,205.0,6.5,106.0,-130.0
2023021055,CGY,VGK,2024-03-14,145.0,-175.0,6.5,-120.0,-102.0,112.0,-134.0,6.5,-105.0,-115.0
2023021056,SEA,WSH,2024-03-14,-185.0,154.0,5.5,-110.0,-110.0,-176.0,146.0,5.5,-110.0,-110.0
2023021057,WPG,ANA,2024-03-15,-430.0,330.0,5.5,-125.0,105.0,-345.0,270.0,5.5,-118.0,-104.0
2023021058,CHI,LAK,2024-03-15,230.0,-280.0,5.5,-125.0,105.0,220.0,-275.0,5.5,-134.0,110.0
2023021059,DET,BUF,2024-03-16,105.0,-125.0,6.0,-122.0,102.0,-134.0,112.0,6.5,-115.0,-105.0
2023021060,NYI,OTT,2024-03-16,-162.0,136.0,6.0,-120.0,-105.0,-156.0,130.0,6.5,-102.0,-120.0
2023021061,PIT,NYR,2024-03-16,-102.0,-118.0,5.5,-120.0,-102.0,115.0,-138.0,5.5,-134.0,110.0
2023021062,ARI,NJD,2024-03-16,135.0,-162.0,6.5,-108.0,-112.0,122.0,-146.0,6.5,-110.0,-110.0
2023021063,FLA,TBL,2024-03-16,-165.0,140.0,6.0,-125.0,105.0,-162.0,134.0,6.5,104.0,-128.0
2023021064,BOS,PHI,2024-03-16,-200.0,164.0,5.5,-115.0,-105.0,-182.0,150.0,5.5,-118.0,-104.0
2023021065,CBJ,SJS,2024-03-16,-200.0,165.0,6.5,-110.0,-110.0,-170.0,140.0,6.5,-120.0,-102.0
2023021066,CGY,MTL,2024-03-16,-170.0,145.0,6.0,-125.0,105.0,-176.0,146.0,6.5,-106.0,-114.0
2023021067,TOR,CAR,2024-03-16,120.0,-142.0,6.0,-119.0,-103.0,-111.0,-108.0,5.5,-132.0,108.0
2023021068,DAL,LAK,2024-03-16,-170.0,142.0,6.0,-105.0,-115.0,-152.0,126.0,5.5,-132.0,108.0
2023021069,STL,MIN,2024-03-16,108.0,-130.0,5.5,-118.0,-102.0,-106.0,-113.0,6.5,108.0,-132.0
2023021070,EDM,COL,2024-03-16,-130.0,110.0,7.0,105.0,-125.0,-130.0,108.0,6.5,-128.0,104.0
2023021071,SEA,NSH,2024-03-16,105.0,-125.0,5.5,-112.0,-108.0,-110.0,-110.0,5.5,-120.0,-102.0
2023021072,VAN,WSH,2024-03-16,-230.0,190.0,6.0,-110.0,-110.0,-205.0,168.0,5.5,-128.0,104.0
2023021073,NYR,NYI,2024-03-17,-155.0,130.0,5.5,-116.0,-103.0,-172.0,142.0,5.5,-120.0,-102.0
2023021074,VGK,NJD,2024-03-17,-185.0,154.0,6.5,-121.0,102.0,-164.0,136.0,6.5,-106.0,-114.0
2023021075,CBJ,WPG,2024-03-17,205.0,-250.0,6.0,-121.0,101.0,215.0,-265.0,5.5,-128.0,102.0
2023021076,CHI,SJS,2024-03-17,-176.0,146.0,6.0,-110.0,-105.0,-132.0,110.0,5.5,-128.0,104.0
2023021077,OTT,CAR,2024-03-17,182.0,-230.0,6.5,110.0,-131.0,146.0,-176.0,6.5,104.0,-128.0
2023021078,PIT,DET,2024-03-17,-135.0,114.0,6.5,-100.0,-120.0,-142.0,118.0,6.5,112.0,-138.0
2023021079,STL,ANA,2024-03-17,-227.0,186.0,6.0,102.0,-118.0,-192.0,158.0,6.5,110.0,-134.0
2023021080,CGY,WSH,2024-03-18,-135.0,114.0,6.0,-106.0,-112.0,-154.0,128.0,5.5,-138.0,112.0
2023021081,SEA,BUF,2024-03-18,-115.0,-105.0,5.5,-118.0,-100.0,-130.0,108.0,5.5,-138.0,112.0
2023021082,BOS,OTT,2024-03-19,-225.0,185.0,6.0,-105.0,-115.0,-205.0,168.0,6.5,-106.0,-114.0
2023021083,DET,CBJ,2024-03-19,-170.0,142.0,6.5,-125.0,105.0,-178.0,146.0,6.5,-122.0,-100.0
2023021084,NJD,PIT,2024-03-19,-105.0,-115.0,6.5,-105.0,-115.0,-156.0,130.0,6.5,-104.0,-118.0
2023021085,NYR,WPG,2024-03-19,-125.0,105.0,5.5,-112.0,-108.0,-122.0,102.0,5.5,-118.0,-104.0
2023021086,PHI,TOR,2024-03-19,113.0,-134.0,6.5,-100.0,-121.0,115.0,-138.0,6.5,-100.0,-122.0
2023021087,NYI,CAR,2024-03-19,130.0,-155.0,6.0,-105.0,-112.0,122.0,-146.0,6.5,106.0,-130.0
2023021088,NSH,SJS,2024-03-19,-480.0,370.0,6.0,-115.0,-107.0,-350.0,275.0,5.5,-142.0,116.0
2023021089,STL,COL,2024-03-19,190.0,-230.0,6.5,-110.0,-110.0,150.0,-182.0,6.5,106.0,-130.0
2023021090,EDM,MTL,2024-03-19,-395.0,310.0,6.5,-105.0,-115.0,-310.0,245.0,6.5,-105.0,-115.0
2023021091,ANA,MIN,2024-03-19,195.0,-239.0,6.0,102.0,-122.0,158.0,-192.0,6.5,-104.0,-118.0
2023021092,LAK,CHI,2024-03-19,-360.0,285.0,5.5,-118.0,-102.0,-360.0,280.0,5.5,-122.0,-100.0
2023021093,VAN,BUF,2024-03-19,-205.0,169.0,6.0,-115.0,-105.0,-192.0,158.0,6.5,-110.0,-110.0
2023021094,VGK,TBL,2024-03-19,-135.0,114.0,6.5,-105.0,-115.0,-154.0,128.0,6.5,106.0,-130.0
2023021095,WSH,TOR,2024-03-20,114.0,-135.0,6.0,-107.0,-115.0,130.0,-155.0,6.5,105.0,-125.0
2023021096,DAL,ARI,2024-03-20,-305.0,245.0,6.5,102.0,-122.0,-278.0,225.0,6.5,100.0,-120.0
2023021097,LAK,MIN,2024-03-20,-155.0,130.0,5.5,-112.0,-108.0,-155.0,130.0,6.0,-110.0,-110.0
2023021098,BOS,NYR,2024-03-21,-155.0,130.0,5.5,-130.0,110.0,-130.0,110.0,5.5,-120.0,100.0
2023021099,CAR,PHI,2024-03-21,-259.0,210.0,6.0,-112.0,-106.0,-225.0,185.0,6.0,-125.0,105.0
2023021100,DET,NYI,2024-03-21,-108.0,-112.0,6.5,-102.0,-118.0,-120.0,-100.0,6.0,-125.0,105.0
2023021101,FLA,NSH,2024-03-21,-163.0,137.0,6.0,-130.0,110.0,-205.0,170.0,6.5,-120.0,100.0
2023021102,NJD,WPG,2024-03-21,114.0,-135.0,6.0,-122.0,102.0,110.0,-130.0,6.0,-110.0,-110.0
2023021103,OTT,STL,2024-03-21,-130.0,110.0,6.5,-105.0,-115.0,-130.0,110.0,6.5,-115.0,-105.0
2023021104,EDM,BUF,2024-03-21,-230.0,190.0,6.0,-122.0,102.0,-225.0,185.0,6.5,-100.0,-120.0
2023021105,ANA,CHI,2024-03-21,-120.0,-100.0,6.0,-115.0,-105.0,-135.0,114.0,6.0,-105.0,-115.0
2023021106,VAN,MTL,2024-03-21,-265.0,215.0,6.5,102.0,-122.0,-298.0,240.0,6.5,100.0,-120.0
2023021107,VGK,SEA,2024-03-21,-218.0,180.0,6.0,-105.0,-112.0,-185.0,154.0,6.5,-105.0,-115.0
2023021108,SJS,TBL,2024-03-21,280.0,-355.0,6.5,-106.0,-113.0,270.0,-340.0,6.5,-110.0,-110.0
2023021109,WSH,CAR,2024-03-22,164.0,-198.0,6.0,-108.0,-112.0,150.0,-180.0,5.5,-120.0,-100.0
2023021110,DAL,PIT,2024-03-22,-192.0,160.0,6.5,-106.0,-113.0,-192.0,160.0,6.5,100.0,-120.0
2023021111,COL,CBJ,2024-03-22,-445.0,340.0,7.0,-106.0,-112.0,-325.0,260.0,6.5,-115.0,-105.0
2023021112,ARI,SEA,2024-03-22,-110.0,-110.0,5.5,-120.0,-100.0,-118.0,-102.0,5.5,-120.0,-102.0
2023021113,NYI,WPG,2024-03-23,120.0,-141.0,5.5,-108.0,-112.0,110.0,-130.0,5.5,-122.0,102.0
2023021114,PHI,BOS,2024-03-23,114.0,-135.0,6.0,-106.0,-112.0,120.0,-142.0,6.0,-115.0,-105.0
2023021115,MIN,STL,2024-03-23,-150.0,125.0,5.5,-122.0,102.0,-155.0,130.0,6.0,100.0,-120.0
2023021116,NSH,DET,2024-03-23,-168.0,140.0,6.5,-115.0,-105.0,-155.0,130.0,6.0,-120.0,100.0
2023021117,NJD,OTT,2024-03-23,-155.0,130.0,6.5,-118.0,-102.0,-162.0,136.0,6.0,-120.0,100.0
2023021118,TOR,EDM,2024-03-23,115.0,-137.0,6.5,-113.0,-106.0,-115.0,-105.0,6.5,-110.0,-110.0
2023021119,NYR,FLA,2024-03-23,-115.0,-105.0,6.0,-102.0,-116.0,-115.0,-105.0,6.0,-120.0,-100.0
2023021120,VAN,CGY,2024-03-23,-175.0,145.0,6.0,-119.0,-102.0,-192.0,160.0,6.0,-125.0,105.0
2023021121,LAK,TBL,2024-03-23,-130.0,110.0,6.0,-100.0,-117.0,-125.0,105.0,6.0,-115.0,-105.0
2023021122,SJS,CHI,2024-03-23,-100.0,-120.0,6.0,-109.0,-112.0,-110.0,-110.0,6.5,-100.0,-120.0
2023021123,VGK,CBJ,2024-03-23,-397.0,310.0,6.5,-115.0,-105.0,-290.0,235.0,6.0,-125.0,105.0
2023021124,WSH,WPG,2024-03-24,120.0,-142.0,5.5,-116.0,-103.0,114.0,-135.0,5.5,-120.0,100.0
2023021125,COL,PIT,2024-03-24,-250.0,205.0,6.5,-135.0,114.0,-218.0,180.0,6.5,-105.0,-115.0
2023021126,NYI,NJD,2024-03-24,-135.0,114.0,6.5,-105.0,-115.0,-115.0,-105.0,6.5,-105.0,-115.0
2023021127,CAR,TOR,2024-03-24,-192.0,160.0,6.5,100.0,-122.0,-175.0,145.0,6.5,-105.0,-115.0
2023021128,OTT,EDM,2024-03-24,164.0,-200.0,6.5,-130.0,108.0,160.0,-192.0,6.5,-120.0,100.0
2023021129,PHI,FLA,2024-03-24,130.0,-155.0,6.0,-105.0,-115.0,136.0,-162.0,6.0,100.0,-120.0
2023021130,ARI,DAL,2024-03-24,180.0,-218.0,6.5,-115.0,-105.0,170.0,-205.0,6.0,-120.0,100.0
2023021131,ANA,TBL,2024-03-24,185.0,-225.0,6.5,-112.0,-108.0,195.0,-238.0,6.5,-110.0,-110.0
2023021132,CGY,BUF,2024-03-24,115.0,-137.0,6.0,-122.0,102.0,-105.0,-115.0,6.5,100.0,-120.0
2023021133,SEA,MTL,2024-03-24,-162.0,136.0,5.5,-115.0,-105.0,-185.0,154.0,6.0,-110.0,-110.0
2023021134,STL,VGK,2024-03-25,125.0,-150.0,6.0,-120.0,-100.0,112.0,-134.0,6.5,108.0,-132.0
2023021135,VAN,LAK,2024-03-25,-125.0,105.0,5.5,-100.0,-120.0,-138.0,115.0,6.5,-112.0,-110.0
2023021136,FLA,BOS,2024-03-26,-135.0,115.0,6.0,-100.0,-117.0,-148.0,124.0,6.0,-120.0,100.0
2023021137,NYR,PHI,2024-03-26,-182.0,151.0,5.5,-118.0,-102.0,-192.0,160.0,6.0,-105.0,-115.0
2023021138,PIT,CAR,2024-03-26,160.0,-191.0,6.0,-122.0,102.0,142.0,-170.0,6.5,100.0,-120.0
2023021139,TOR,NJD,2024-03-26,-155.0,130.0,6.5,-115.0,-105.0,-162.0,136.0,6.5,105.0,-125.0
2023021140,WSH,DET,2024-03-26,-125.0,105.0,6.0,-115.0,-105.0,-115.0,-105.0,6.0,-115.0,-105.0
2023021141,NSH,VGK,2024-03-26,-152.0,127.0,6.0,-132.0,112.0,-125.0,105.0,6.0,-110.0,-110.0
2023021142,WPG,EDM,2024-03-26,114.0,-135.0,6.0,-113.0,-108.0,-110.0,-110.0,6.5,-105.0,-115.0
2023021143,CHI,CGY,2024-03-26,145.0,-175.0,6.0,-115.0,-102.0,160.0,-192.0,6.0,-110.0,-110.0
2023021144,COL,MTL,2024-03-26,-452.0,350.0,6.5,-115.0,-105.0,-410.0,320.0,6.5,-115.0,-105.0
2023021145,ARI,CBJ,2024-03-26,-165.0,140.0,6.5,-118.0,-102.0,-155.0,130.0,6.5,-115.0,-105.0
2023021146,SEA,ANA,2024-03-26,-198.0,164.0,5.5,-112.0,-108.0,-193.0,160.0,6.0,-116.0,-104.0
2023021147,SJS,DAL,2024-03-26,322.0,-417.0,6.5,105.0,-125.0,270.0,-345.0,6.5,104.0,-128.0
2023021148,BUF,OTT,2024-03-27,-141.0,120.0,6.5,105.0,-125.0,-146.0,122.0,6.5,-122.0,-100.0
2023021149,TBL,BOS,2024-03-27,-118.0,-102.0,6.0,-113.0,-108.0,-115.0,-104.0,5.5,-132.0,108.0
2023021150,CAR,DET,2024-03-28,-265.0,215.0,6.0,-125.0,105.0,-225.0,185.0,6.0,-115.0,-105.0
2023021151,FLA,NYI,2024-03-28,-197.0,163.0,6.0,-112.0,-106.0,-205.0,170.0,6.5,100.0,-120.0
2023021152,MTL,PHI,2024-03-28,136.0,-163.0,6.0,-108.0,-111.0,130.0,-155.0,6.0,-110.0,-110.0
2023021153,OTT,CHI,2024-03-28,-180.0,150.0,6.5,-105.0,-115.0,-205.0,170.0,6.5,110.0,-130.0
2023021154,PIT,CBJ,2024-03-28,-230.0,190.0,6.5,-122.0,-100.0,-230.0,190.0,6.0,-130.0,110.0
2023021155,TOR,WSH,2024-03-28,-185.0,154.0,6.5,101.0,-121.0,-218.0,180.0,6.5,105.0,-125.0
2023021156,MIN,SJS,2024-03-28,-392.0,310.0,6.0,-115.0,-105.0,-355.0,280.0,6.0,-120.0,-100.0
2023021157,STL,CGY,2024-03-28,-118.0,-102.0,6.0,-118.0,-103.0,-148.0,124.0,6.0,-110.0,-110.0
2023021158,WPG,VGK,2024-03-28,-118.0,-102.0,5.5,-120.0,-100.0,-135.0,114.0,6.0,100.0,-120.0
2023021159,COL,NYR,2024-03-28,-142.0,120.0,6.5,-105.0,-115.0,-142.0,120.0,6.5,105.0,-125.0
2023021160,EDM,LAK,2024-03-28,-163.0,136.0,6.0,-122.0,102.0,-155.0,130.0,6.5,-110.0,-110.0
2023021161,ARI,NSH,2024-03-28,130.0,-155.0,6.0,-110.0,-110.0,140.0,-166.0,6.0,-110.0,-110.0
2023021162,SEA,ANA,2024-03-28,-218.0,180.0,5.5,-115.0,-105.0,-245.0,200.0,6.0,-105.0,-115.0
2023021163,VAN,DAL,2024-03-28,107.0,-128.0,6.0,-115.0,-105.0,-110.0,-110.0,6.0,-110.0,-110.0
2023021164,BUF,NJD,2024-03-29,114.0,-136.0,6.5,-123.0,102.0,-105.0,-115.0,6.5,-115.0,-105.0
2023021165,FLA,DET,2024-03-30,-225.0,184.0,6.0,-122.0,102.0,-230.0,190.0,6.0,-110.0,-110.0
2023021166,MIN,VGK,2024-03-30,-103.0,-116.0,5.5,-120.0,-100.0,100.0,-120.0,5.5,-120.0,100.0
2023021167,EDM,ANA,2024-03-30,-600.0,440.0,6.5,-103.0,-116.0,-500.0,380.0,6.5,-105.0,-115.0
2023021168,ARI,NYR,2024-03-30,150.0,-180.0,6.0,-110.0,-110.0,164.0,-198.0,6.0,-110.0,-110.0
2023021169,COL,NSH,2024-03-30,-180.0,150.0,6.5,-106.0,-113.0,-180.0,150.0,6.0,-125.0,105.0
2023021170,BUF,TOR,2024-03-30,135.0,-160.0,6.5,-112.0,-108.0,140.0,-166.0,6.5,100.0,-120.0
2023021171,CBJ,PIT,2024-03-30,150.0,-180.0,6.5,-116.0,-103.0,145.0,-175.0,6.5,-110.0,-110.0
2023021172,MTL,CAR,2024-03-30,222.0,-276.0,6.0,-105.0,-115.0,210.0,-258.0,6.0,-110.0,-110.0
2023021173,PHI,CHI,2024-03-30,-310.0,247.0,6.0,-135.0,114.0,-310.0,250.0,5.5,-130.0,110.0
2023021174,TBL,NYI,2024-03-30,-149.0,124.0,6.5,108.0,-130.0,-154.0,128.0,6.5,-100.0,-122.0
2023021175,WPG,OTT,2024-03-30,-205.0,170.0,6.0,-112.0,-110.0,-192.0,160.0,6.0,-110.0,-110.0
2023021176,WSH,BOS,2024-03-30,138.0,-163.0,5.5,-105.0,-115.0,138.0,-166.0,5.5,-114.0,-106.0
2023021177,STL,SJS,2024-03-30,-340.0,270.0,6.0,105.0,-125.0,-360.0,285.0,6.0,-110.0,-110.0
2023021178,CGY,LAK,2024-03-30,140.0,-165.0,5.5,-118.0,-102.0,124.0,-148.0,5.5,-115.0,-105.0
2023021179,SEA,DAL,2024-03-30,140.0,-166.0,6.0,101.0,-121.0,140.0,-166.0,6.0,-115.0,-105.0
2023021180,VAN,ANA,2024-03-31,-525.0,390.0,6.0,-120.0,-100.0,-485.0,370.0,6.0,-120.0,100.0
2023021181,CBJ,COL,2024-04-01,277.0,-355.0,6.5,-136.0,114.0,245.0,-310.0,6.5,-132.0,108.0
2023021182,NYR,PIT,2024-04-01,-192.0,160.0,6.0,-120.0,-105.0,-200.0,164.0,5.5,-128.0,104.0
2023021183,PHI,NYI,2024-04-01,-126.0,105.0,6.0,-119.0,-102.0,-120.0,-100.0,5.5,-122.0,-100.0
2023021184,TBL,DET,2024-04-01,-180.0,150.0,6.5,-106.0,-113.0,-162.0,134.0,6.5,-102.0,-120.0
2023021185,TOR,FLA,2024-04-01,114.0,-135.0,6.5,-100.0,-120.0,102.0,-122.0,6.5,104.0,-128.0
2023021186,STL,EDM,2024-04-01,180.0,-218.0,6.5,-100.0,-120.0,150.0,-182.0,6.5,102.0,-124.0
2023021187,WPG,LAK,2024-04-01,-119.0,-101.0,5.5,-107.0,-112.0,-138.0,115.0,5.5,-128.0,104.0
2023021188,SJS,SEA,2024-04-01,180.0,-219.0,5.5,-105.0,-115.0,180.0,-220.0,5.5,-132.0,108.0
2023021189,BUF,WSH,2024-04-02,-141.0,120.0,6.0,-107.0,-110.0,-134.0,112.0,6.5,110.0,-134.0
2023021190,MTL,FLA,2024-04-02,150.0,-181.0,5.5,-110.0,-110.0,185.0,-225.0,6.0,-115.0,-105.0
2023021191,NJD,PIT,2024-04-02,-170.0,142.0,6.5,-108.0,-112.0,-176.0,146.0,6.5,-100.0,-122.0
2023021192,NYI,CHI,2024-04-02,-245.0,199.0,6.0,-112.0,-107.0,-245.0,200.0,5.5,-120.0,100.0
2023021193,MIN,OTT,2024-04-02,-142.0,119.0,6.0,-125.0,105.0,-152.0,126.0,6.5,-115.0,-105.0
2023021194,NSH,BOS,2024-04-02,-110.0,-110.0,5.5,-120.0,-100.0,-120.0,-100.0,5.5,-120.0,-102.0
2023021195,CGY,ANA,2024-04-02,-239.0,195.0,6.0,-113.0,-108.0,-238.0,195.0,6.0,-115.0,-105.0
2023021196,VGK,VAN,2024-04-02,-129.0,108.0,5.5,-115.0,-105.0,-146.0,122.0,5.5,-120.0,-102.0
2023021197,TOR,TBL,2024-04-03,-112.0,-108.0,6.5,-110.0,-110.0,-146.0,122.0,6.5,-104.0,-118.0
2023021198,NYR,NJD,2024-04-03,-205.0,169.0,6.5,-108.0,-112.0,-182.0,150.0,6.5,-105.0,-115.0
2023021199,DAL,EDM,2024-04-03,-125.0,105.0,6.5,-110.0,-110.0,-120.0,-100.0,6.5,-106.0,-114.0
2023021200,ARI,VAN,2024-04-03,120.0,-142.0,6.0,-130.0,110.0,128.0,-154.0,6.5,-100.0,-122.0
2023021201,LAK,SEA,2024-04-03,-190.0,160.0,5.5,100.0,-120.0,-176.0,146.0,5.5,-134.0,110.0
2023021202,CAR,BOS,2024-04-04,-162.0,136.0,5.5,-112.0,-108.0,-148.0,124.0,5.5,-125.0,105.0
2023021203,CBJ,NYI,2024-04-04,167.0,-202.0,6.0,-119.0,-102.0,150.0,-179.0,6.0,-120.0,-101.0
2023021204,MTL,TBL,2024-04-04,130.0,-155.0,6.5,-105.0,-115.0,138.0,-166.0,6.5,-100.0,-122.0
2023021205,OTT,FLA,2024-04-04,133.0,-158.0,6.5,102.0,-123.0,122.0,-146.0,6.5,116.0,-142.0
2023021206,WSH,PIT,2024-04-04,-105.0,-115.0,6.0,-102.0,-116.0,-122.0,102.0,5.5,-134.0,110.0
2023021207,MIN,COL,2024-04-04,142.0,-170.0,6.0,-130.0,110.0,115.0,-138.0,6.5,-100.0,-122.0
2023021208,NSH,STL,2024-04-04,-192.0,160.0,6.0,-105.0,-110.0,-160.0,132.0,5.5,-132.0,108.0
2023021209,WPG,CGY,2024-04-04,-219.0,180.0,6.0,-106.0,-112.0,-194.0,160.0,5.5,-118.0,-104.0
2023021210,SJS,LAK,2024-04-04,247.0,-307.0,5.5,-104.0,-116.0,245.0,-310.0,5.5,-122.0,-100.0
2023021211,BUF,PHI,2024-04-05,-115.0,-105.0,6.0,-117.0,-105.0,-125.0,105.0,6.5,-105.0,-115.0
2023021212,CAR,WSH,2024-04-05,-265.0,215.0,6.0,-102.0,-116.0,-245.0,200.0,6.0,-110.0,-110.0
2023021213,DET,NYR,2024-04-05,103.0,-123.0,6.0,-115.0,-105.0,114.0,-135.0,6.0,-110.0,-110.0
2023021214,EDM,COL,2024-04-05,-141.0,120.0,6.5,-133.0,112.0,-130.0,110.0,6.5,100.0,-120.0
2023021215,ANA,SEA,2024-04-05,141.0,-170.0,5.5,-109.0,-111.0,145.0,-175.0,5.5,-120.0,100.0
2023021216,ARI,VGK,2024-04-05,164.0,-198.0,6.0,-125.0,105.0,145.0,-175.0,6.0,-105.0,-115.0
2023021217,PIT,TBL,2024-04-06,-105.0,-114.0,6.0,-125.0,105.0,-105.0,-115.0,6.0,-110.0,-110.0
2023021218,BOS,FLA,2024-04-06,-122.0,102.0,5.5,-112.0,-108.0,-120.0,100.0,6.0,100.0,-120.0
2023021219,MIN,WPG,2024-04-06,122.0,-144.0,5.5,-131.0,108.0,-100.0,-120.0,5.5,-115.0,-105.0
2023021220,CHI,DAL,2024-04-06,275.0,-347.0,6.0,-105.0,-115.0,250.0,-310.0,6.0,-100.0,-120.0
2023021221,SJS,STL,2024-04-06,190.0,-230.0,6.0,-107.0,-115.0,200.0,-245.0,6.0,-100.0,-120.0
2023021222,CBJ,PHI,2024-04-06,141.0,-168.0,6.5,-100.0,-120.0,130.0,-155.0,6.0,-110.0,-110.0
2023021223,MTL,TOR,2024-04-06,167.0,-201.0,6.5,-105.0,-115.0,180.0,-218.0,6.5,110.0,-130.0
2023021224,OTT,NJD,2024-04-06,114.0,-135.0,6.5,-110.0,-110.0,100.0,-120.0,6.5,-105.0,-115.0
2023021225,NYI,NSH,2024-04-06,-105.0,-115.0,6.0,-135.0,114.0,-115.0,-105.0,5.5,-115.0,-105.0
2023021226,CGY,EDM,2024-04-06,143.0,-170.0,6.5,-115.0,-105.0,140.0,-166.0,6.5,-105.0,-115.0
2023021227,LAK,VAN,2024-04-06,-120.0,-100.0,5.5,-110.0,-110.0,-125.0,105.0,5.5,-115.0,-105.0
2023021228,DET,BUF,2024-04-07,-123.0,103.0,6.5,-107.0,-112.0,-130.0,110.0,6.0,-125.0,105.0
2023021229,CHI,MIN,2024-04-07,170.0,-205.0,5.5,-134.0,111.0,185.0,-225.0,5.5,-120.0,100.0
2023021230,CAR,CBJ,2024-04-07,-577.0,425.0,6.0,-130.0,110.0,-395.0,310.0,6.0,-125.0,105.0
2023021231,SJS,ARI,2024-04-07,185.0,-225.0,6.0,-110.0,-110.0,154.0,-185.0,6.0,100.0,-120.0
2023021232,WSH,OTT,2024-04-07,-145.0,122.0,6.0,-112.0,-105.0,-130.0,110.0,6.0,-110.0,-110.0
2023021233,NJD,NSH,2024-04-07,105.0,-125.0,6.5,-106.0,-115.0,-120.0,100.0,6.5,110.0,-130.0
2023021234,NYR,MTL,2024-04-07,-367.0,287.0,6.0,-115.0,-105.0,-325.0,260.0,6.0,-110.0,-110.0
2023021235,ANA,STL,2024-04-07,124.0,-149.0,5.5,-122.0,102.0,130.0,-155.0,6.0,100.0,-120.0
2023021236,COL,DAL,2024-04-07,-127.0,107.0,6.5,-106.0,-115.0,-135.0,114.0,6.0,-105.0,-115.0
2023021237,TOR,PIT,2024-04-08,-142.0,120.0,6.5,-110.0,-110.0,-172.0,142.0,6.5,102.0,-124.0
2023021238,VAN,VGK,2024-04-08,-122.0,102.0,6.0,-111.0,-108.0,-122.0,102.0,5.5,-122.0,-100.0
2023021239,BOS,CAR,2024-04-09,-102.0,-118.0,5.5,-108.0,-112.0,-115.0,-105.0,5.5,-120.0,100.0
2023021240,DET,WSH,2024-04-09,-157.0,131.0,6.0,-122.0,102.0,-142.0,120.0,6.0,-120.0,100.0
2023021241,FLA,OTT,2024-04-09,-247.0,202.0,6.5,107.0,-129.0,-238.0,195.0,6.5,100.0,-120.0
2023021242,MTL,PHI,2024-04-09,117.0,-137.0,6.0,-110.0,-110.0,120.0,-142.0,6.0,-110.0,-110.0
2023021243,NJD,TOR,2024-04-09,113.0,-134.0,6.5,-110.0,-110.0,-105.0,-115.0,6.5,-125.0,105.0
2023021244,NYI,NYR,2024-04-09,103.0,-123.0,5.5,-118.0,-102.0,110.0,-130.0,6.0,-105.0,-115.0
2023021245,TBL,CBJ,2024-04-09,-360.0,285.0,6.5,-125.0,105.0,-310.0,250.0,6.5,-125.0,105.0
2023021246,DAL,BUF,2024-04-09,-219.0,180.0,6.0,-122.0,102.0,-205.0,170.0,6.0,-125.0,105.0
2023021247,NSH,WPG,2024-04-09,-110.0,-110.0,5.5,-122.0,102.0,-115.0,-105.0,5.5,-115.0,-105.0
2023021248,COL,MIN,2024-04-09,-198.0,164.0,6.5,-115.0,-105.0,-192.0,160.0,6.5,-110.0,-110.0
2023021249,ANA,LAK,2024-04-09,237.0,-295.0,5.5,-118.0,-102.0,210.0,-258.0,5.5,-115.0,-105.0
2023021250,SEA,ARI,2024-04-09,-148.0,124.0,6.0,-108.0,-112.0,-155.0,130.0,6.0,-105.0,-115.0
2023021251,SJS,CGY,2024-04-09,180.0,-219.0,6.0,-116.0,-102.0,185.0,-225.0,6.5,-110.0,-110.0
2023021252,STL,CHI,2024-04-10,-245.0,199.0,5.5,-115.0,-105.0,-230.0,188.0,5.5,-140.0,114.0
2023021253,EDM,VGK,2024-04-10,-111.0,-108.0,6.0,-119.0,-102.0,-152.0,126.0,6.5,104.0,-128.0
2023021254,VAN,ARI,2024-04-10,-285.0,230.0,6.5,-110.0,-109.0,-235.0,190.0,6.5,104.0,-128.0
2023021255,BUF,WSH,2024-04-11,-135.0,114.0,6.0,102.0,-122.0,-142.0,120.0,6.0,105.0,-125.0
2023021256,FLA,CBJ,2024-04-11,-397.0,310.0,6.5,102.0,-122.0,-360.0,285.0,6.5,100.0,-120.0
2023021257,NYR,PHI,2024-04-11,-205.0,170.0,6.0,-122.0,102.0,-210.0,172.0,5.5,-134.0,110.0
2023021258,PIT,DET,2024-04-11,-161.0,135.0,6.0,-127.0,107.0,-140.0,116.0,6.5,104.0,-128.0
2023021259,TBL,OTT,2024-04-11,-170.0,143.0,6.5,-125.0,105.0,-178.0,146.0,6.5,-110.0,-110.0
2023021260,TOR,NJD,2024-04-11,-205.0,170.0,6.5,-112.0,-107.0,-192.0,158.0,6.5,-102.0,-120.0
2023021261,NYI,MTL,2024-04-11,-238.0,195.0,6.0,-110.0,-107.0,-218.0,180.0,6.0,-110.0,-110.0
2023021262,DAL,WPG,2024-04-11,-185.0,154.0,6.0,-105.0,-115.0,-137.0,114.0,5.5,-130.0,106.0
2023021263,SEA,SJS,2024-04-11,-298.0,240.0,5.5,-122.0,101.0,-230.0,188.0,5.5,-108.0,-112.0
2023021264,LAK,CGY,2024-04-11,-198.0,164.0,6.0,101.0,-121.0,-184.0,152.0,5.5,-115.0,-105.0
2023021265,STL,CAR,2024-04-12,190.0,-230.0,6.0,102.0,-122.0,150.0,-180.0,6.0,-105.0,-115.0
2023021266,CHI,NSH,2024-04-12,212.0,-262.0,6.0,-130.0,110.0,205.0,-250.0,6.0,100.0,-120.0
2023021267,EDM,ARI,2024-04-12,-272.0,217.0,6.5,-112.0,-108.0,-285.0,230.0,6.5,-110.0,-110.0
2023021268,ANA,CGY,2024-04-12,120.0,-141.0,6.0,-115.0,-105.0,120.0,-142.0,6.0,-110.0,-110.0
2023021269,VGK,MIN,2024-04-12,-180.0,150.0,6.0,-105.0,-112.0,-175.0,145.0,6.0,-105.0,-115.0
2023021270,NYR,NYI,2024-04-13,-170.0,142.0,5.5,-121.0,-100.0,-175.0,145.0,6.0,-105.0,-115.0
2023021271,DAL,SEA,2024-04-13,-250.0,205.0,6.0,101.0,-121.0,-238.0,195.0,6.0,100.0,-120.0
2023021272,COL,WPG,2024-04-13,-155.0,130.0,6.5,-102.0,-118.0,-162.0,136.0,6.0,-115.0,-105.0
2023021273,FLA,BUF,2024-04-13,-219.0,180.0,5.5,-117.0,-103.0,-225.0,185.0,6.0,100.0,-120.0
2023021274,PHI,NJD,2024-04-13,-130.0,110.0,6.5,-105.0,-115.0,-125.0,105.0,6.0,-125.0,105.0
2023021275,WSH,TBL,2024-04-13,120.0,-143.0,6.0,-119.0,-102.0,124.0,-148.0,6.0,-120.0,100.0
2023021276,OTT,MTL,2024-04-13,-162.0,136.0,6.0,-113.0,-108.0,-166.0,140.0,6.5,-110.0,-110.0
2023021277,TOR,DET,2024-04-13,-172.0,145.0,6.5,-125.0,104.0,-180.0,150.0,6.5,-130.0,110.0
2023021278,NSH,CBJ,2024-04-13,-287.0,232.0,6.5,-100.0,-120.0,-278.0,225.0,6.0,-110.0,-110.0
2023021279,PIT,BOS,2024-04-13,112.0,-133.0,6.0,105.0,-125.0,114.0,-135.0,6.0,-105.0,-115.0
2023021280,EDM,VAN,2024-04-13,-114.0,-105.0,6.0,-125.0,105.0,-142.0,120.0,6.5,-110.0,-110.0
2023021281,LAK,ANA,2024-04-13,-395.0,310.0,5.5,-130.0,110.0,-325.0,260.0,6.0,100.0,-120.0
2023021282,SJS,MIN,2024-04-13,180.0,-220.0,6.0,-105.0,-115.0,205.0,-250.0,6.0,100.0,-120.0
2023021283,STL,SEA,2024-04-14,-130.0,110.0,5.5,-123.0,103.0,-142.0,120.0,5.5,-130.0,110.0
2023021284,VGK,COL,2024-04-14,-112.0,-107.0,6.5,-122.0,102.0,-120.0,100.0,6.5,100.0,-120.0
2023021285,CHI,CAR,2024-04-14,310.0,-397.0,5.5,-130.0,110.0,165.0,-200.0,6.0,-100.0,-120.0
2023021286,CGY,ARI,2024-04-14,-122.0,103.0,6.0,-130.0,110.0,-148.0,124.0,6.5,110.0,-130.0
2023021287,DET,MTL,2024-04-15,-230.0,190.0,6.5,-105.0,-115.0,-176.0,146.0,6.5,114.0,-140.0
2023021288,NJD,NYI,2024-04-15,102.0,-122.0,6.0,-105.0,-115.0,-118.0,-102.0,5.5,-138.0,112.0
2023021289,PIT,NSH,2024-04-15,-115.0,-105.0,6.0,-115.0,-105.0,-122.0,102.0,5.5,-140.0,112.0
2023021290,TBL,BUF,2024-04-15,-170.0,143.0,6.0,-119.0,-102.0,-178.0,146.0,6.5,-108.0,-112.0
2023021291,WSH,BOS,2024-04-15,130.0,-155.0,5.5,-110.0,-110.0,125.0,-150.0,5.5,-110.0,-110.0
2023021292,NYR,OTT,2024-04-15,-205.0,170.0,6.0,-125.0,105.0,-210.0,172.0,6.5,106.0,-130.0
2023021293,EDM,SJS,2024-04-15,-562.0,417.0,6.0,-125.0,105.0,-385.0,300.0,5.5,-140.0,114.0
2023021294,LAK,MIN,2024-04-15,-158.0,132.0,5.5,-125.0,105.0,-178.0,146.0,5.5,-112.0,-108.0
2023021295,BOS,OTT,2024-04-16,-227.0,187.0,6.0,101.0,-121.0,-245.0,200.0,6.0,100.0,-120.0
2023021296,CBJ,CAR,2024-04-16,124.0,-149.0,6.0,-110.0,-107.0,215.0,-265.0,6.0,-110.0,-110.0
2023021297,FLA,TOR,2024-04-16,-162.0,136.0,6.0,-122.0,102.0,-130.0,110.0,6.5,-100.0,-120.0
2023021298,MTL,DET,2024-04-16,170.0,-205.0,6.5,-105.0,-115.0,130.0,-155.0,6.5,100.0,-120.0
2023021299,PHI,WSH,2024-04-16,-135.0,114.0,5.5,-122.0,101.0,-135.0,114.0,5.5,-110.0,-110.0
2023021300,WPG,SEA,2024-04-16,-230.0,190.0,5.5,-105.0,-115.0,-218.0,180.0,5.5,-120.0,100.0
2023021301,VGK,CHI,2024-04-16,-425.0,327.0,6.0,-110.0,-110.0,-380.0,300.0,6.0,-110.0,-110.0
2023021302,VAN,CGY,2024-04-16,-218.0,180.0,6.0,-120.0,-100.0,-205.0,170.0,6.0,-110.0,-110.0
2023021303,NYI,PIT,2024-04-17,111.0,-132.0,6.0,-107.0,-110.0,-105.0,-115.0,5.5,-120.0,100.0
2023021304,TBL,TOR,2024-04-17,-122.0,102.0,6.5,-135.0,114.0,-125.0,105.0,6.5,100.0,-120.0
2023021305,DAL,STL,2024-04-17,-270.0,220.0,6.0,-122.0,102.0,-225.0,185.0,6.0,-110.0,-110.0
2023021306,ARI,EDM,2024-04-17,139.0,-166.0,6.5,-130.0,110.0,170.0,-205.0,6.5,100.0,-120.0
2023021307,MIN,SEA,2024-04-18,-180.0,150.0,6.0,-106.0,-112.0,-155.0,130.0,6.0,-110.0,-110.0
2023021308,WPG,VAN,2024-04-18,110.0,-130.0,5.5,-119.0,-101.0,-137.0,114.0,5.5,-122.0,-100.0
2023021309,CGY,SJS,2024-04-18,-297.0,240.0,6.5,-121.0,102.0,-245.0,200.0,6.0,-110.0,-110.0
2023021310,COL,EDM,2024-04-18,-270.0,220.0,6.5,-130.0,110.0,-140.0,116.0,6.5,-128.0,104.0
2023021311,VGK,ANA,2024-04-18,-397.0,315.0,6.0,-142.0,120.0,-340.0,270.0,6.0,-110.0,-110.0
2023021312,LAK,CHI,2024-04-18,-425.0,327.0,6.0,102.0,-122.0,-360.0,285.0,6.0,-120.0,100.0
2024020001,BUF,NJD,2024-10-04,124.0,-149.0,6.5,103.0,-123.0,135.0,-160.0,6.5,-109.0,-111.0
2024020002,NJD,BUF,2024-10-05,-142.0,120.0,6.5,-105.0,-115.0,-164.0,136.0,6.5,-118.0,-104.0
2024020003,SEA,STL,2024-10-08,-154.0,128.0,6.0,-100.0,-120.0,-130.0,110.0,6.0,105.0,-115.0
2024020004,FLA,BOS,2024-10-08,-158.0,132.0,5.5,-115.0,-105.0,-155.0,130.0,5.5,-117.0,-103.0
2024020005,UTA,CHI,2024-10-08,-185.0,154.0,6.0,-130.0,110.0,-184.0,150.0,6.5,105.0,-125.0
2024020006,MTL,TOR,2024-10-09,167.0,-202.0,6.5,-112.0,-108.0,135.0,-160.0,6.5,-114.0,-105.0
2024020007,PIT,NYR,2024-10-09,124.0,-148.0,6.0,-113.0,-108.0,-100.0,-120.0,6.0,-115.0,-105.0
2024020008,EDM,WPG,2024-10-09,-186.0,154.0,6.0,-119.0,-102.0,-175.0,145.0,6.5,-105.0,-115.0
2024020009,VAN,CGY,2024-10-09,-199.0,164.0,6.5,102.0,-122.0,-200.0,165.0,6.5,-110.0,-111.0
2024020010,VGK,COL,2024-10-09,-115.0,-104.0,6.5,-100.0,-120.0,-117.0,-102.0,6.5,-110.0,-111.0
2024020011,BOS,MTL,2024-10-10,-310.0,250.0,6.0,-105.0,-115.0,-250.0,202.0,6.0,-110.0,-110.0
2024020012,BUF,LAK,2024-10-10,-112.0,-108.0,6.0,-115.0,-105.0,-105.0,-115.0,6.5,-105.0,-115.0
2024020013,OTT,FLA,2024-10-10,114.0,-135.0,6.0,-122.0,102.0,110.0,-130.0,6.5,-110.0,-110.0
2024020014,DET,PIT,2024-10-10,-149.0,124.0,6.5,-125.0,105.0,-135.0,114.0,6.5,-115.0,-105.0
2024020015,NJD,TOR,2024-10-10,-149.0,124.0,6.5,-121.0,-100.0,-130.0,110.0,6.5,-115.0,-105.0
2024020016,NYI,UTA,2024-10-10,-137.0,117.0,6.0,-100.0,-120.0,-155.0,130.0,5.5,-121.0,-100.0
2024020017,NSH,DAL,2024-10-10,114.0,-135.0,6.5,-102.0,-117.0,-115.0,-105.0,6.0,-105.0,-112.0
2024020018,MIN,CBJ,2024-10-10,-287.0,232.0,6.5,-102.0,-118.0,-230.0,185.0,6.5,102.0,-122.0
2024020019,SJS,STL,2024-10-10,142.0,-170.0,6.0,-106.0,-112.0,145.0,-175.0,6.0,-105.0,-115.0
2024020020,CAR,TBL,2024-10-11,-152.0,127.0,6.0,-122.0,102.0,-132.0,110.0,6.5,100.0,-119.0
2024020021,WPG,CHI,2024-10-11,-270.0,220.0,6.0,-119.0,-102.0,-230.0,190.0,5.5,-120.0,-102.0
2024020022,VAN,PHI,2024-10-11,-198.0,164.0,6.0,-109.0,-112.0,-165.0,135.0,6.5,-110.0,-110.0
2024020023,VGK,STL,2024-10-11,-230.0,190.0,6.0,-108.0,-111.0,-185.0,150.0,6.0,-105.0,-115.0
2024020024,BOS,LAK,2024-10-12,-159.0,133.0,5.5,-122.0,102.0,-148.0,124.0,5.5,-120.0,-100.0
2024020025,BUF,FLA,2024-10-12,-110.0,-110.0,5.5,-125.0,105.0,124.0,-148.0,6.0,-100.0,-120.0
2024020026,TOR,PIT,2024-10-12,-187.0,156.0,6.5,-115.0,-105.0,-192.0,160.0,6.5,-110.0,-110.0
2024020027,MTL,OTT,2024-10-12,135.0,-161.0,6.0,-122.0,102.0,114.0,-135.0,6.0,-105.0,-115.0
2024020028,DET,NSH,2024-10-12,122.0,-145.0,6.5,-112.0,-107.0,-100.0,-120.0,6.5,-100.0,-120.0
2024020030,NYR,UTA,2024-10-12,-214.0,177.0,6.0,-110.0,-110.0,-198.0,164.0,6.0,-110.0,-110.0
2024020031,WSH,NJD,2024-10-12,118.0,-141.0,6.0,-105.0,-115.0,125.0,-150.0,6.5,-110.0,-110.0
2024020032,DAL,NYI,2024-10-12,-183.0,152.0,6.0,101.0,-121.0,-170.0,142.0,6.0,-110.0,-110.0
2024020033,MIN,SEA,2024-10-12,-136.0,114.0,6.0,102.0,-122.0,-148.0,124.0,6.0,-100.0,-120.0
2024020034,COL,CBJ,2024-10-12,-340.0,270.0,6.5,-122.0,101.0,-325.0,260.0,6.5,-115.0,-105.0
2024020035,CGY,PHI,2024-10-12,-130.0,110.0,6.0,-118.0,-103.0,-130.0,110.0,6.0,-110.0,-110.0
2024020036,EDM,CHI,2024-10-12,-362.0,285.0,6.5,-107.0,-113.0,-340.0,270.0,6.0,-110.0,-110.0
2024020037,SJS,ANA,2024-10-12,114.0,-135.0,6.0,-125.0,105.0,-105.0,-115.0,6.0,-120.0,100.0
2024020038,WPG,MIN,2024-10-13,-162.0,136.0,5.5,-118.0,-103.0,-162.0,136.0,6.0,-105.0,-115.0
2024020039,DAL,SEA,2024-10-13,-175.0,145.0,6.0,-110.0,-110.0,-198.0,164.0,6.0,-105.0,-115.0
2024020040,EDM,CGY,2024-10-13,-259.0,210.0,6.5,-141.0,120.0,-290.0,235.0,6.5,-110.0,-110.0
2024020041,VGK,ANA,2024-10-13,-298.0,240.0,6.5,-102.0,-117.0,-310.0,250.0,6.0,-115.0,-105.0
2024020042,BOS,FLA,2024-10-14,-130.0,110.0,5.5,-112.0,-108.0,-120.0,-100.0,5.5,-125.0,105.0
2024020043,OTT,LAK,2024-10-14,-112.0,-110.0,6.0,-112.0,-108.0,-120.0,-100.0,6.0,-120.0,-100.0
2024020044,NJD,UTA,2024-10-14,-155.0,130.0,6.5,-120.0,-100.0,-180.0,150.0,6.5,-105.0,-115.0
2024020045,NYR,DET,2024-10-14,-238.0,195.0,6.5,-102.0,-118.0,-185.0,154.0,6.0,-115.0,-105.0
2024020046,MTL,PIT,2024-10-14,124.0,-148.0,6.0,-122.0,102.0,105.0,-125.0,6.0,-110.0,-110.0
2024020047,COL,NYI,2024-10-14,-160.0,130.0,6.5,-105.0,-115.0,-155.0,130.0,6.5,-110.0,-110.0
2024020048,TBL,VAN,2024-10-15,-135.0,114.0,6.5,100.0,-112.0,-130.0,110.0,6.5,105.0,-125.0
2024020049,WSH,VGK,2024-10-15,110.0,-130.0,6.0,102.0,-122.0,105.0,-125.0,6.0,-100.0,-120.0
2024020050,CAR,NJD,2024-10-15,-165.0,140.0,6.0,-120.0,100.0,-148.0,124.0,6.0,-120.0,-100.0
2024020051,CBJ,FLA,2024-10-15,120.0,-142.0,6.5,105.0,-128.0,145.0,-175.0,6.5,-105.0,-115.0
2024020052,STL,MIN,2024-10-15,-102.0,-120.0,6.0,100.0,-115.0,-100.0,-120.0,6.0,-110.0,-110.0
2024020053,NSH,SEA,2024-10-15,-192.0,160.0,6.0,-105.0,-115.0,-180.0,150.0,6.0,-100.0,-120.0
2024020054,DAL,SJS,2024-10-15,-395.0,310.0,6.0,-105.0,-115.0,-360.0,285.0,6.0,-110.0,-110.0
2024020055,CGY,CHI,2024-10-15,-155.0,130.0,6.0,-125.0,105.0,-166.0,140.0,6.0,-115.0,-105.0
2024020056,EDM,PHI,2024-10-15,-205.0,170.0,6.5,-110.0,-110.0,-230.0,190.0,6.0,-120.0,-100.0
2024020057,PIT,BUF,2024-10-16,-115.0,-105.0,6.5,-102.0,-118.0,-130.0,110.0,6.0,-120.0,-100.0
2024020058,TOR,LAK,2024-10-16,-198.0,164.0,6.5,-110.0,-108.0,-166.0,140.0,6.5,-110.0,-110.0
2024020059,COL,BOS,2024-10-16,-140.0,118.0,6.5,-132.0,108.0,-120.0,-100.0,6.5,-100.0,-120.0
2024020060,ANA,UTA,2024-10-16,130.0,-155.0,6.5,-107.0,-112.0,124.0,-148.0,6.5,-100.0,-120.0
2024020061,MTL,LAK,2024-10-17,120.0,-142.0,6.0,102.0,-122.0,105.0,-125.0,6.0,-120.0,-100.0
2024020062,OTT,NJD,2024-10-17,120.0,-142.0,6.5,-105.0,-112.0,105.0,-125.0,6.5,-110.0,-110.0
2024020063,DET,NYR,2024-10-17,125.0,-150.0,6.5,-108.0,-115.0,114.0,-135.0,6.0,-120.0,-100.0
2024020064,TBL,VGK,2024-10-17,-155.0,130.0,6.0,-120.0,100.0,-130.0,110.0,6.5,-120.0,-100.0
2024020065,FLA,VAN,2024-10-17,-105.0,-115.0,5.5,-105.0,-118.0,-120.0,-100.0,6.0,-115.0,-105.0
2024020066,WSH,DAL,2024-10-17,130.0,-155.0,6.0,100.0,-120.0,120.0,-142.0,6.0,-120.0,-100.0
2024020067,CBJ,BUF,2024-10-17,120.0,-142.0,6.5,102.0,-120.0,114.0,-135.0,6.5,-115.0,-105.0
2024020068,STL,NYI,2024-10-17,120.0,-142.0,6.0,100.0,-115.0,-100.0,-120.0,6.0,-110.0,-110.0
2024020069,NSH,EDM,2024-10-17,105.0,-125.0,6.5,-130.0,110.0,-105.0,-115.0,6.5,105.0,-125.0
2024020070,CHI,SJS,2024-10-17,-192.0,160.0,6.0,-120.0,-105.0,-166.0,140.0,6.0,-115.0,-105.0
2024020071,SEA,PHI,2024-10-17,-130.0,110.0,6.0,-118.0,-105.0,-130.0,110.0,6.0,-110.0,-110.0
2024020072,PIT,CAR,2024-10-18,142.0,-170.0,6.5,-102.0,-118.0,122.0,-146.0,6.5,-105.0,-115.0
2024020073,WPG,SJS,2024-10-18,-410.0,320.0,5.5,-125.0,105.0,-275.0,220.0,5.5,-118.0,-104.0
2024020074,COL,ANA,2024-10-18,-275.0,220.0,6.5,-130.0,110.0,-205.0,168.0,6.5,-128.0,104.0
2024020075,OTT,TBL,2024-10-19,120.0,-142.0,6.5,-118.0,-102.0,-105.0,-115.0,6.5,-110.0,-110.0
2024020076,NSH,DET,2024-10-19,-205.0,170.0,6.5,-114.0,-106.0,-178.0,146.0,6.5,-114.0,-106.0
2024020077,DAL,EDM,2024-10-19,100.0,-120.0,6.0,-120.0,100.0,-130.0,108.0,6.5,-104.0,-118.0
2024020078,FLA,VGK,2024-10-19,-125.0,105.0,5.5,-115.0,-105.0,-115.0,-104.0,5.5,-120.0,-102.0
2024020079,TOR,NYR,2024-10-19,-130.0,108.0,6.5,-105.0,-110.0,-137.0,114.0,6.5,-104.0,-118.0
2024020080,NJD,WSH,2024-10-19,-184.0,152.0,6.0,-120.0,-105.0,-215.0,176.0,5.5,-142.0,116.0
2024020081,NYI,MTL,2024-10-19,-245.0,200.0,6.0,-115.0,-105.0,-210.0,172.0,6.5,112.0,-138.0
2024020082,PHI,VAN,2024-10-19,124.0,-148.0,6.0,-115.0,-105.0,-106.0,-113.0,5.5,-140.0,114.0
2024020083,CBJ,MIN,2024-10-19,154.0,-185.0,6.5,102.0,-122.0,152.0,-184.0,6.5,-106.0,-114.0
2024020084,STL,CAR,2024-10-19,140.0,-166.0,6.0,-105.0,-115.0,122.0,-146.0,5.5,-134.0,110.0
2024020085,CHI,BUF,2024-10-19,124.0,-148.0,6.0,-115.0,-105.0,112.0,-134.0,5.5,-120.0,-102.0
2024020086,UTA,BOS,2024-10-19,120.0,-142.0,6.0,-112.0,-108.0,116.0,-142.0,6.5,116.0,-142.0
2024020087,SEA,CGY,2024-10-19,-148.0,124.0,6.0,-118.0,-102.0,-170.0,140.0,5.5,-138.0,112.0
2024020088,WPG,PIT,2024-10-20,-130.0,110.0,6.5,-108.0,-112.0,-162.0,136.0,6.5,-100.0,-120.0
2024020089,SJS,COL,2024-10-20,230.0,-285.0,6.5,-112.0,-108.0,190.0,-230.0,6.5,-120.0,-100.0
2024020090,ANA,LAK,2024-10-20,150.0,-180.0,6.0,-120.0,100.0,145.0,-175.0,6.5,-100.0,-120.0
2024020091,TOR,TBL,2024-10-21,-142.0,120.0,6.5,-110.0,-111.0,-150.0,125.0,6.5,-108.0,-114.0
2024020092,PHI,WSH,2024-10-22,-142.0,120.0,6.0,-112.0,-108.0,-122.0,102.0,5.5,-128.0,104.0
2024020093,FLA,MIN,2024-10-22,-155.0,130.0,5.5,-112.0,-108.0,-156.0,130.0,5.5,-134.0,110.0
2024020094,NJD,TBL,2024-10-22,-156.0,130.0,6.5,-142.0,120.0,-156.0,130.0,6.5,-114.0,-106.0
2024020095,BUF,DAL,2024-10-22,126.0,-154.0,6.0,100.0,-118.0,126.0,-152.0,6.5,110.0,-134.0
2024020096,MTL,NYR,2024-10-22,205.0,-250.0,6.0,-120.0,-102.0,162.0,-194.0,6.5,112.0,-138.0
2024020097,CBJ,TOR,2024-10-22,164.0,-192.0,6.5,-112.0,-108.0,195.0,-240.0,6.5,-118.0,-104.0
2024020098,NYI,DET,2024-10-22,-180.0,145.0,6.0,-115.0,-105.0,-140.0,116.0,6.5,110.0,-134.0
2024020099,STL,WPG,2024-10-22,120.0,-142.0,6.0,110.0,-130.0,-100.0,-120.0,5.5,-122.0,-100.0
2024020100,CHI,VAN,2024-10-22,160.0,-192.0,6.0,105.0,-125.0,134.0,-162.0,6.5,116.0,-142.0
2024020101,NSH,BOS,2024-10-22,-148.0,124.0,6.0,-108.0,-110.0,-128.0,106.0,5.5,-138.0,112.0
2024020102,CGY,PIT,2024-10-22,-118.0,-102.0,6.5,-108.0,-112.0,-114.0,-105.0,6.5,102.0,-124.0
2024020103,EDM,CAR,2024-10-22,-120.0,100.0,6.0,-125.0,105.0,-152.0,126.0,6.5,102.0,-124.0
2024020104,UTA,OTT,2024-10-22,-118.0,-102.0,6.5,-108.0,-110.0,-115.0,-104.0,6.5,-110.0,-110.0
2024020105,ANA,SJS,2024-10-22,-162.0,136.0,6.0,-105.0,-115.0,-176.0,146.0,6.5,114.0,-140.0
2024020106,SEA,COL,2024-10-22,112.0,-134.0,6.0,-122.0,102.0,110.0,-132.0,6.5,-106.0,-114.0
2024020107,VGK,LAK,2024-10-22,-125.0,105.0,5.5,-122.0,105.0,-160.0,132.0,5.5,-122.0,-100.0
2024020108,WSH,PHI,2024-10-23,-150.0,125.0,6.0,-130.0,110.0,-152.0,126.0,6.5,116.0,-142.0
2024020109,BOS,DAL,2024-10-24,-122.0,102.0,5.5,-125.0,105.0,-110.0,-110.0,5.5,-134.0,110.0
2024020110,TOR,STL,2024-10-24,-245.0,200.0,6.0,-120.0,-102.0,-220.0,180.0,6.5,-102.0,-120.0
2024020111,DET,NJD,2024-10-24,146.0,-175.0,6.5,-115.0,-105.0,112.0,-134.0,6.5,-110.0,-110.0
2024020112,TBL,MIN,2024-10-24,-162.0,140.0,6.0,-122.0,102.0,-162.0,134.0,6.5,-110.0,-110.0
2024020113,NYR,FLA,2024-10-24,-160.0,136.0,5.5,-125.0,105.0,-156.0,130.0,6.5,104.0,-128.0
2024020114,CGY,CAR,2024-10-24,160.0,-192.0,6.0,-125.0,105.0,122.0,-146.0,6.5,114.0,-140.0
2024020115,UTA,COL,2024-10-24,130.0,-155.0,6.5,-108.0,-110.0,104.0,-125.0,6.5,-104.0,-118.0
2024020116,SEA,WPG,2024-10-24,114.0,-135.0,5.5,-120.0,100.0,-100.0,-120.0,5.5,-122.0,-100.0
2024020117,LAK,SJS,2024-10-24,-325.0,260.0,6.0,100.0,-115.0,-295.0,235.0,5.5,-140.0,114.0
2024020118,VGK,OTT,2024-10-25,-125.0,105.0,6.5,-105.0,-118.0,-170.0,140.0,6.5,-100.0,-122.0
2024020119,NJD,NYI,2024-10-25,-120.0,-108.0,6.0,-125.0,105.0,-166.0,138.0,5.5,-140.0,114.0
2024020120,CHI,NSH,2024-10-25,152.0,-184.0,6.0,-108.0,-112.0,130.0,-160.0,6.5,102.0,-124.0
2024020121,EDM,PIT,2024-10-25,-230.0,190.0,7.0,100.0,-120.0,-196.0,162.0,6.5,104.0,-128.0
2024020122,BUF,DET,2024-10-26,-148.0,124.0,6.5,-105.0,-118.0,-130.0,108.0,6.5,-114.0,-106.0
2024020123,PHI,MIN,2024-10-26,114.0,-135.0,6.0,105.0,-125.0,104.0,-125.0,5.5,-142.0,116.0
2024020124,LAK,UTA,2024-10-26,-148.0,124.0,6.0,-102.0,-118.0,-164.0,136.0,6.5,116.0,-142.0
2024020125,BOS,TOR,2024-10-26,-102.0,-122.0,6.0,-105.0,-115.0,-120.0,-100.0,6.5,-100.0,-122.0
2024020126,MTL,STL,2024-10-26,105.0,-125.0,6.0,-108.0,-110.0,-110.0,-110.0,6.5,114.0,-140.0
2024020127,TBL,WSH,2024-10-26,-166.0,140.0,6.5,-102.0,-114.0,-162.0,134.0,6.5,108.0,-132.0
2024020128,NYR,ANA,2024-10-26,-310.0,250.0,6.5,-100.0,-115.0,-280.0,225.0,6.5,110.0,-134.0
2024020129,CGY,WPG,2024-10-26,-105.0,-115.0,6.5,-105.0,-115.0,134.0,-162.0,5.5,-134.0,110.0
2024020130,NYI,FLA,2024-10-26,115.0,-135.0,6.0,105.0,-125.0,105.0,-126.0,5.5,-132.0,108.0
2024020131,NSH,CBJ,2024-10-26,-198.0,164.0,6.5,-115.0,-105.0,-280.0,225.0,6.5,-108.0,-112.0
2024020132,DAL,CHI,2024-10-26,-360.0,285.0,6.0,-110.0,-110.0,-360.0,280.0,5.5,-140.0,114.0
2024020133,VAN,PIT,2024-10-26,-218.0,180.0,6.5,-115.0,-105.0,-176.0,146.0,6.5,-122.0,-100.0
2024020134,VGK,SJS,2024-10-26,-310.0,250.0,6.0,-110.0,-110.0,-330.0,260.0,6.5,106.0,-130.0
2024020135,SEA,CAR,2024-10-26,160.0,-192.0,6.0,100.0,-120.0,120.0,-144.0,5.5,-140.0,114.0
2024020136,DET,EDM,2024-10-27,225.0,-275.0,6.5,-135.0,114.0,160.0,-192.0,6.5,-105.0,-115.0
2024020137,NJD,ANA,2024-10-27,-355.0,280.0,6.5,-115.0,-105.0,-340.0,270.0,6.5,-110.0,-110.0
2024020138,PHI,MTL,2024-10-27,-180.0,150.0,6.5,-120.0,-105.0,-155.0,130.0,6.0,-110.0,-110.0
2024020139,COL,OTT,2024-10-27,-170.0,143.0,6.5,-121.0,101.0,-155.0,130.0,6.5,-125.0,105.0
2024020140,BUF,FLA,2024-10-28,125.0,-150.0,6.0,-120.0,-102.0,125.0,-150.0,6.5,104.0,-128.0
2024020141,TBL,NSH,2024-10-28,-135.0,114.0,6.5,110.0,-130.0,-137.0,114.0,6.5,106.0,-130.0
2024020142,CBJ,EDM,2024-10-28,200.0,-245.0,6.5,-125.0,105.0,215.0,-265.0,6.5,-124.0,102.0
2024020143,WPG,TOR,2024-10-28,-105.0,-115.0,5.5,-120.0,-105.0,-120.0,-100.0,6.5,116.0,-142.0
2024020144,COL,CHI,2024-10-28,-194.0,160.0,6.5,-105.0,-115.0,-210.0,172.0,6.5,-115.0,-105.0
2024020145,UTA,SJS,2024-10-28,-270.0,220.0,6.0,-112.0,-108.0,-265.0,215.0,5.5,-134.0,110.0
2024020146,VAN,CAR,2024-10-28,110.0,-132.0,6.0,-105.0,-115.0,-110.0,-110.0,6.5,110.0,-134.0
2024020147,VGK,CGY,2024-10-28,-162.0,136.0,6.5,-110.0,-110.0,-210.0,172.0,5.5,-140.0,114.0
2024020148,BOS,PHI,2024-10-29,-162.0,135.0,6.5,-122.0,102.0,-185.0,154.0,6.0,-120.0,-100.0
2024020149,MTL,SEA,2024-10-29,150.0,-180.0,6.0,-120.0,-105.0,110.0,-130.0,6.0,-115.0,-105.0
2024020150,OTT,STL,2024-10-29,-184.0,152.0,6.0,-120.0,100.0,-148.0,124.0,6.5,-100.0,-120.0
2024020151,WSH,NYR,2024-10-29,136.0,-160.0,6.0,-105.0,-115.0,124.0,-148.0,6.0,-120.0,-100.0
2024020152,NYI,ANA,2024-10-29,-250.0,205.0,6.0,100.0,-120.0,-238.0,195.0,6.0,-110.0,-110.0
2024020153,PIT,MIN,2024-10-29,-102.0,-120.0,6.0,-125.0,105.0,-110.0,-110.0,6.5,-100.0,-120.0
2024020154,SJS,LAK,2024-10-29,260.0,-320.0,6.0,-118.0,-102.0,210.0,-258.0,6.0,-120.0,-100.0
2024020155,CBJ,NYI,2024-10-30,110.0,-130.0,6.0,-110.0,-108.0,130.0,-155.0,6.0,-125.0,105.0
2024020156,DET,WPG,2024-10-30,142.0,-170.0,6.0,-115.0,-108.0,110.0,-130.0,6.0,-110.0,-110.0
2024020157,COL,TBL,2024-10-30,-102.0,-118.0,6.5,-122.0,102.0,-142.0,120.0,6.5,-120.0,-100.0
2024020158,UTA,CGY,2024-10-30,-125.0,105.0,6.0,-122.0,102.0,-125.0,105.0,6.0,-115.0,-105.0
2024020159,VAN,NJD,2024-10-30,-120.0,100.0,6.5,-135.0,114.0,-115.0,-105.0,6.5,-115.0,-105.0
2024020160,LAK,VGK,2024-10-30,114.0,-135.0,6.0,-135.0,115.0,-110.0,-110.0,6.5,-110.0,-110.0
2024020161,TOR,SEA,2024-10-31,-205.0,170.0,6.0,-115.0,-105.0,-198.0,164.0,6.5,-115.0,-105.0
2024020162,PHI,STL,2024-10-31,-146.0,122.0,6.0,100.0,-120.0,-130.0,110.0,6.0,-120.0,-100.0
2024020163,PIT,ANA,2024-10-31,-185.0,154.0,6.5,-120.0,-100.0,-205.0,170.0,6.5,-110.0,-110.0
2024020164,WSH,MTL,2024-10-31,-230.0,190.0,6.5,-105.0,-115.0,-192.0,160.0,6.5,105.0,-125.0
2024020165,CAR,BOS,2024-10-31,-185.0,154.0,6.0,-105.0,-115.0,-162.0,136.0,5.5,-130.0,110.0
2024020166,NSH,EDM,2024-10-31,-135.0,114.0,6.0,-122.0,102.0,-130.0,110.0,6.5,-100.0,-120.0
2024020167,SJS,CHI,2024-10-31,145.0,-170.0,6.5,-108.0,-112.0,120.0,-142.0,6.0,-120.0,-100.0
2024020168,DAL,FLA,2024-11-01,-102.0,-118.0,6.0,-115.0,-105.0,-118.0,-102.0,5.5,-128.0,104.0
2024020169,BUF,NYI,2024-11-01,-115.0,-105.0,5.5,-118.0,-102.0,-120.0,-100.0,6.5,108.0,-132.0
2024020170,NYR,OTT,2024-11-01,-198.0,164.0,6.5,-102.0,-118.0,-176.0,146.0,6.5,-100.0,-122.0
2024020171,CBJ,WPG,2024-11-01,132.0,-160.0,6.5,-115.0,-105.0,176.0,-215.0,6.5,104.0,-128.0
2024020172,MIN,TBL,2024-11-01,-115.0,-105.0,6.5,-102.0,-118.0,-113.0,-106.0,6.5,110.0,-134.0
2024020173,CGY,NJD,2024-11-01,150.0,-180.0,6.5,-130.0,110.0,136.0,-164.0,6.5,-104.0,-118.0
2024020174,FLA,DAL,2024-11-02,-110.0,-110.0,6.5,-105.0,-115.0,-118.0,-102.0,6.5,108.0,-132.0
2024020175,PHI,BOS,2024-11-02,105.0,-125.0,6.5,-105.0,-115.0,120.0,-141.0,6.0,-120.0,-100.0
2024020176,LAK,CHI,2024-11-02,-185.0,154.0,6.0,-122.0,102.0,-192.0,160.0,6.0,-110.0,-110.0
2024020177,WSH,CBJ,2024-11-02,-278.0,225.0,6.5,-110.0,-115.0,-167.0,140.0,6.5,-102.0,-120.0
2024020178,OTT,SEA,2024-11-02,-125.0,105.0,6.5,105.0,-125.0,-140.0,116.0,6.5,108.0,-132.0
2024020179,DET,BUF,2024-11-02,-112.0,-108.0,6.5,-102.0,-118.0,-130.0,108.0,6.5,-115.0,-105.0
2024020180,PIT,MTL,2024-11-02,-185.0,154.0,6.5,-130.0,110.0,-176.0,146.0,6.5,-122.0,-100.0
2024020181,STL,TOR,2024-11-02,172.0,-210.0,6.0,-105.0,-115.0,150.0,-182.0,6.5,104.0,-128.0
2024020182,NSH,COL,2024-11-02,-130.0,110.0,6.5,102.0,-122.0,-137.0,114.0,6.5,-110.0,-110.0
2024020183,VGK,UTA,2024-11-02,-166.0,140.0,6.5,100.0,-120.0,-194.0,160.0,6.5,104.0,-128.0
2024020184,SJS,VAN,2024-11-02,235.0,-290.0,6.5,-105.0,-115.0,202.0,-250.0,6.5,114.0,-140.0
2024020185,NYR,NYI,2024-11-03,-198.0,164.0,6.0,102.0,-122.0,-175.0,145.0,6.0,-110.0,-110.0
2024020186,WPG,TBL,2024-11-03,-150.0,125.0,6.5,-115.0,-105.0,-125.0,105.0,6.5,105.0,-125.0
2024020187,BOS,SEA,2024-11-03,-180.0,150.0,6.0,100.0,-120.0,-162.0,136.0,6.0,-100.0,-120.0
2024020188,CAR,WSH,2024-11-03,-265.0,220.0,6.0,-120.0,-102.0,-218.0,180.0,6.0,-120.0,-100.0
2024020189,MIN,TOR,2024-11-03,-125.0,105.0,6.5,-115.0,-115.0,-120.0,-100.0,6.5,-105.0,-115.0
2024020190,CGY,EDM,2024-11-03,136.0,-162.0,6.5,-115.0,-105.0,124.0,-148.0,6.0,-120.0,-100.0
2024020191,ANA,CHI,2024-11-03,-135.0,114.0,6.5,-110.0,-110.0,-142.0,120.0,6.0,-110.0,-110.0
2024020192,NSH,LAK,2024-11-04,-148.0,124.0,6.0,-102.0,-115.0,-150.0,125.0,6.5,108.0,-132.0
2024020193,EDM,NJD,2024-11-04,114.0,-135.0,6.5,-130.0,110.0,-125.0,104.0,6.5,106.0,-130.0
2024020194,BUF,OTT,2024-11-05,-105.0,-115.0,6.0,-118.0,-105.0,-120.0,-100.0,6.5,-105.0,-115.0
2024020195,TOR,BOS,2024-11-05,-125.0,105.0,5.5,-110.0,-110.0,-154.0,128.0,5.5,-138.0,112.0
2024020196,MTL,CGY,2024-11-05,124.0,-148.0,6.5,-108.0,-110.0,-120.0,-100.0,6.5,-112.0,-108.0
2024020197,CAR,PHI,2024-11-05,-310.0,250.0,6.0,-125.0,105.0,-235.0,190.0,6.5,-100.0,-122.0
2024020198,NYI,PIT,2024-11-05,-135.0,115.0,6.0,-118.0,-105.0,-137.0,114.0,6.5,106.0,-130.0
2024020199,STL,TBL,2024-11-05,142.0,-170.0,6.0,-112.0,-108.0,106.0,-128.0,6.5,-100.0,-120.0
2024020200,MIN,LAK,2024-11-05,-180.0,150.0,6.0,-102.0,-115.0,-140.0,116.0,6.5,-105.0,-115.0
2024020201,WPG,UTA,2024-11-05,-225.0,185.0,6.0,-118.0,-102.0,-215.0,176.0,6.5,-102.0,-120.0
2024020202,COL,SEA,2024-11-05,-192.0,160.0,6.5,-102.0,-122.0,-194.0,160.0,6.5,-106.0,-114.0
2024020203,ANA,VAN,2024-11-05,202.0,-250.0,6.0,-108.0,-112.0,152.0,-183.0,6.5,112.0,-138.0
2024020204,SJS,CBJ,2024-11-05,110.0,-130.0,6.5,-105.0,-115.0,115.0,-139.0,6.5,-104.0,-117.0
2024020205,WSH,NSH,2024-11-06,-112.0,-110.0,6.0,-118.0,-102.0,-110.0,-110.0,6.0,-110.0,-110.0
2024020206,CHI,DET,2024-11-06,-110.0,-110.0,6.5,-105.0,-115.0,120.0,-142.0,6.0,-120.0,-100.0
2024020207,EDM,VGK,2024-11-06,-160.0,135.0,6.5,-122.0,102.0,-120.0,-100.0,6.5,-105.0,-115.0
2024020208,BOS,CGY,2024-11-07,-148.0,124.0,6.0,-110.0,-112.0,-215.0,176.0,5.5,-134.0,110.0
2024020209,OTT,NYI,2024-11-07,-150.0,125.0,6.0,-120.0,100.0,-152.0,126.0,5.5,-142.0,116.0
2024020210,TBL,PHI,2024-11-07,-218.0,180.0,6.0,-122.0,102.0,-196.0,162.0,6.5,106.0,-130.0
2024020211,FLA,NSH,2024-11-07,-220.0,180.0,6.0,-120.0,-102.0,-184.0,152.0,6.5,106.0,-130.0
2024020212,NJD,MTL,2024-11-07,-345.0,275.0,6.5,-110.0,-110.0,-295.0,235.0,6.5,-100.0,-122.0
2024020213,NYR,BUF,2024-11-07,-198.0,164.0,6.5,-105.0,-115.0,-210.0,172.0,6.5,-102.0,-120.0
2024020214,CAR,PIT,2024-11-07,-270.0,220.0,6.5,-118.0,-104.0,-250.0,202.0,6.5,-102.0,-120.0
2024020215,STL,UTA,2024-11-07,-105.0,-115.0,6.0,105.0,-125.0,-100.0,-120.0,6.5,116.0,-142.0
2024020216,DAL,CHI,2024-11-07,-350.0,275.0,6.0,-122.0,102.0,-320.0,255.0,6.5,110.0,-134.0
2024020217,WPG,COL,2024-11-07,-148.0,124.0,6.5,-112.0,-105.0,-146.0,122.0,6.5,110.0,-134.0
2024020218,LAK,VAN,2024-11-07,114.0,-135.0,5.5,-108.0,-112.0,-118.0,-102.0,5.5,-140.0,114.0
2024020219,SJS,MIN,2024-11-07,215.0,-265.0,6.0,-110.0,-110.0,220.0,-275.0,5.5,-144.0,116.0
2024020220,TOR,DET,2024-11-08,-198.0,164.0,6.0,-110.0,-112.0,-192.0,160.0,6.5,105.0,-125.0
2024020221,WSH,PIT,2024-11-08,-198.0,160.0,6.5,-120.0,-100.0,-125.0,104.0,5.5,-132.0,108.0
2024020222,ANA,MIN,2024-11-08,170.0,-205.0,6.0,-102.0,-115.0,150.0,-180.0,6.0,-120.0,-100.0
2024020223,SEA,VGK,2024-11-08,120.0,-141.0,6.0,-105.0,-115.0,120.0,-142.0,6.5,-100.0,-120.0
2024020224,BUF,CGY,2024-11-09,-142.0,120.0,6.5,-100.0,-134.0,-148.0,124.0,6.5,-105.0,-115.0
2024020225,FLA,PHI,2024-11-09,-250.0,200.0,6.5,104.0,-128.0,-230.0,190.0,6.5,-100.0,-120.0
2024020226,BOS,OTT,2024-11-09,-142.0,120.0,5.5,-120.0,100.0,-148.0,124.0,6.0,-110.0,-110.0
2024020227,TOR,MTL,2024-11-09,-205.0,170.0,6.5,100.0,-118.0,-250.0,205.0,6.5,-110.0,-110.0
2024020228,DET,NYR,2024-11-09,180.0,-218.0,6.5,-135.0,-118.0,136.0,-162.0,6.5,-100.0,-120.0
2024020229,STL,WSH,2024-11-09,120.0,-142.0,6.0,-112.0,-108.0,-110.0,-110.0,6.0,-120.0,-100.0
2024020230,WPG,DAL,2024-11-09,-112.0,-108.0,5.5,-135.0,106.0,-110.0,-110.0,6.0,-100.0,-120.0
2024020231,NYI,NJD,2024-11-09,120.0,-142.0,6.0,-112.0,-108.0,110.0,-130.0,6.0,-125.0,105.0
2024020232,NSH,UTA,2024-11-09,-162.0,136.0,6.0,-115.0,-105.0,-162.0,136.0,6.0,-120.0,-100.0
2024020233,COL,CAR,2024-11-09,105.0,-125.0,6.5,-130.0,110.0,100.0,-120.0,6.5,-110.0,-110.0
2024020234,LAK,CBJ,2024-11-09,-218.0,180.0,6.0,-125.0,105.0,-218.0,180.0,6.0,-125.0,105.0
2024020235,VAN,EDM,2024-11-09,105.0,-125.0,6.5,-102.0,-122.0,-115.0,-105.0,6.5,-105.0,-115.0
2024020236,NJD,SJS,2024-11-10,-340.0,270.0,6.5,-105.0,-115.0,-310.0,250.0,6.5,-105.0,-125.0
2024020237,CHI,MIN,2024-11-10,160.0,-192.0,6.0,-115.0,-105.0,145.0,-175.0,6.0,-120.0,-100.0
2024020238,ANA,CBJ,2024-11-10,-105.0,-115.0,6.5,-105.0,-115.0,-130.0,110.0,6.0,-120.0,-100.0
2024020239,BUF,MTL,2024-11-11,-230.0,190.0,6.5,-105.0,-115.0,-192.0,160.0,6.5,-105.0,-116.0
2024020240,PHI,SJS,2024-11-11,-285.0,230.0,6.0,-125.0,105.0,-265.0,215.0,6.0,-115.0,-105.0
2024020241,PIT,DAL,2024-11-11,140.0,-166.0,6.5,-110.0,-112.0,130.0,-155.0,6.5,-110.0,-110.0
2024020242,CGY,LAK,2024-11-11,115.0,-135.0,6.0,100.0,-120.0,114.0,-135.0,5.5,-125.0,105.0
2024020243,COL,NSH,2024-11-11,-142.0,120.0,6.5,-115.0,-105.0,-142.0,120.0,6.5,-115.0,-105.0
2024020244,VGK,CAR,2024-11-11,124.0,-148.0,6.5,-105.0,-112.0,114.0,-135.0,6.5,-110.0,-110.0
2024020245,TOR,OTT,2024-11-12,-125.0,105.0,6.0,100.0,-120.0,-184.0,152.0,6.5,104.0,-128.0
2024020246,FLA,NJD,2024-11-12,-120.0,100.0,6.0,-110.0,-110.0,-152.0,126.0,6.5,110.0,-134.0
2024020247,NYR,WPG,2024-11-12,-120.0,100.0,6.0,-122.0,102.0,-140.0,116.0,5.5,-134.0,110.0
2024020248,STL,BOS,2024-11-12,150.0,-180.0,5.5,-108.0,-112.0,125.0,-152.0,5.5,-135.0,-100.0
2024020249,EDM,NYI,2024-11-12,-230.0,190.0,6.0,-120.0,100.0,-225.0,184.0,6.5,-100.0,-122.0
2024020250,VAN,CGY,2024-11-12,-230.0,190.0,6.0,-125.0,105.0,-225.0,184.0,6.5,102.0,-124.0
2024020251,SEA,CBJ,2024-11-12,-154.0,128.0,6.5,105.0,-125.0,-196.0,162.0,6.5,108.0,-132.0
2024020252,PIT,DET,2024-11-13,-140.0,120.0,6.5,-112.0,-108.0,-134.0,112.0,6.5,-122.0,-100.0
2024020253,WSH,TOR,2024-11-13,-150.0,125.0,6.0,100.0,-115.0,-120.0,-100.0,6.5,110.0,-134.0
2024020254,UTA,CAR,2024-11-13,176.0,-215.0,6.0,-115.0,-105.0,126.0,-152.0,6.5,110.0,-134.0
2024020255,COL,LAK,2024-11-13,-135.0,114.0,6.0,-125.0,105.0,-142.0,118.0,5.5,-140.0,114.0
2024020256,ANA,VGK,2024-11-13,200.0,-245.0,6.5,-110.0,-110.0,146.0,-176.0,6.5,110.0,-134.0
2024020257,BUF,STL,2024-11-14,-180.0,150.0,6.0,-110.0,-110.0,-152.0,126.0,6.5,116.0,-142.0
2024020258,OTT,PHI,2024-11-14,-192.0,160.0,6.0,-102.0,-118.0,-161.0,135.0,6.5,114.0,-140.0
2024020259,TBL,WPG,2024-11-14,-148.0,124.0,6.5,-106.0,-112.0,-111.0,-108.0,6.5,104.0,-128.0
2024020260,FLA,NJD,2024-11-14,-166.0,140.0,6.0,100.0,-120.0,-135.0,115.0,5.5,-142.0,116.0
2024020261,NYR,SJS,2024-11-14,-440.0,340.0,6.5,-114.0,-105.0,-385.0,300.0,6.5,106.0,-130.0
2024020262,DAL,BOS,2024-11-14,-180.0,150.0,6.0,-108.0,-112.0,-170.0,140.0,5.5,-138.0,112.0
2024020263,MIN,MTL,2024-11-14,-270.0,220.0,6.0,-115.0,-105.0,-260.0,210.0,6.5,104.0,-128.0
2024020264,EDM,NSH,2024-11-14,-198.0,164.0,6.5,-122.0,100.0,-172.0,142.0,6.5,-100.0,-122.0
2024020265,VAN,NYI,2024-11-14,-192.0,160.0,6.0,105.0,-115.0,-176.0,146.0,6.5,114.0,-140.0
2024020266,SEA,CHI,2024-11-14,-166.0,130.0,5.5,-120.0,102.0,-176.0,146.0,6.5,108.0,-132.0
2024020267,CBJ,PIT,2024-11-15,108.0,-130.0,6.5,-135.0,114.0,200.0,-250.0,6.5,-105.0,-116.0
2024020268,COL,WSH,2024-11-15,-180.0,150.0,6.5,-138.0,114.0,-162.0,134.0,6.5,112.0,-140.0
2024020269,CGY,NSH,2024-11-15,105.0,-125.0,6.0,-115.0,-105.0,118.0,-142.0,6.5,110.0,-134.0
2024020270,UTA,VGK,2024-11-15,-105.0,-125.0,6.0,-118.0,-102.0,-102.0,-118.0,6.5,104.0,-128.0
2024020271,ANA,DET,2024-11-15,128.0,-160.0,6.5,350.0,-520.0,114.0,-137.0,6.5,-118.0,-104.0
2024020272,BOS,STL,2024-11-16,-185.0,154.0,6.0,100.0,-110.0,-230.0,188.0,5.5,-134.0,110.0
2024020273,SEA,NYI,2024-11-16,-110.0,-110.0,5.5,-115.0,-105.0,-142.0,118.0,5.5,-138.0,112.0
2024020274,TOR,EDM,2024-11-16,120.0,-142.0,6.0,-115.0,-105.0,-100.0,-120.0,6.5,106.0,-130.0
2024020275,MTL,CBJ,2024-11-16,-115.0,-105.0,6.5,-115.0,-105.0,-150.0,125.0,6.5,-110.0,-110.0
2024020276,TBL,NJD,2024-11-16,-105.0,-115.0,6.0,-112.0,-108.0,-111.0,-108.0,5.5,-140.0,114.0
2024020277,FLA,WPG,2024-11-16,-142.0,120.0,6.0,-110.0,-105.0,-152.0,126.0,5.5,-140.0,114.0
2024020278,PHI,BUF,2024-11-16,-115.0,-108.0,6.0,-112.0,-110.0,-118.0,-102.0,6.5,102.0,-124.0
2024020279,PIT,SJS,2024-11-16,-205.0,170.0,6.5,-104.0,-118.0,-235.0,190.0,6.5,104.0,-128.0
2024020280,CAR,OTT,2024-11-16,-175.0,145.0,6.5,-102.0,-115.0,-192.0,160.0,6.5,105.0,-147.0
2024020281,MIN,DAL,2024-11-16,130.0,-155.0,6.0,-105.0,-115.0,128.0,-154.0,5.5,-142.0,116.0
2024020282,LAK,DET,2024-11-16,-205.0,170.0,5.5,-118.0,-102.0,-188.0,155.0,6.5,114.0,-140.0
2024020283,VAN,CHI,2024-11-16,-250.0,205.0,6.0,-115.0,-105.0,-210.0,172.0,5.5,-142.0,116.0
2024020284,CAR,STL,2024-11-17,-340.0,270.0,6.0,-115.0,-105.0,-278.0,225.0,6.0,-120.0,-100.0
2024020285,VAN,NSH,2024-11-17,102.0,-122.0,6.0,100.0,-120.0,-120.0,-100.0,6.0,-110.0,-110.0
2024020286,VGK,WSH,2024-11-17,-125.0,105.0,6.5,-108.0,-114.0,-142.0,120.0,6.0,-120.0,-100.0
2024020287,SEA,NYR,2024-11-17,160.0,-192.0,6.0,-125.0,105.0,150.0,-180.0,6.0,-100.0,-120.0
2024020288,BOS,CBJ,2024-11-18,-192.0,160.0,6.0,-120.0,100.0,-265.0,215.0,6.5,102.0,-124.0
2024020289,PHI,COL,2024-11-18,170.0,-205.0,6.5,102.0,-122.0,146.0,-176.0,6.5,-102.0,-120.0
2024020290,MTL,EDM,2024-11-18,225.0,-278.0,6.5,-110.0,-110.0,205.0,-255.0,6.5,-100.0,-122.0
2024020291,DAL,ANA,2024-11-18,-455.0,350.0,6.5,-115.0,-105.0,-375.0,290.0,6.5,116.0,-142.0
2024020292,UTA,WSH,2024-11-18,-125.0,105.0,6.5,-105.0,-115.0,-102.0,-118.0,6.5,112.0,-138.0
2024020293,SJS,DET,2024-11-18,130.0,-155.0,6.0,-108.0,-112.0,146.0,-176.0,6.5,104.0,-128.0
2024020294,OTT,EDM,2024-11-19,-118.0,-102.0,6.5,-105.0,-120.0,115.0,-135.0,6.5,-102.0,-120.0
2024020295,PIT,TBL,2024-11-19,140.0,-165.0,6.5,-105.0,-110.0,105.0,-125.0,6.5,-108.0,-112.0
2024020296,STL,MIN,2024-11-19,136.0,-162.0,5.5,-112.0,-108.0,122.0,-146.0,6.5,116.0,-142.0
2024020297,WPG,FLA,2024-11-19,-120.0,100.0,5.5,-115.0,-105.0,-115.0,-104.0,6.5,116.0,-142.0
2024020298,CHI,ANA,2024-11-19,-180.0,150.0,6.5,100.0,-120.0,-154.0,128.0,5.5,-140.0,114.0
2024020299,CGY,NYI,2024-11-19,-114.0,-108.0,5.5,-120.0,100.0,-106.0,-113.0,5.5,-140.0,112.0
2024020300,VAN,NYR,2024-11-19,124.0,-148.0,6.0,-115.0,-112.0,-104.0,-115.0,6.5,-108.0,-112.0
2024020301,TOR,VGK,2024-11-20,-110.0,-118.0,6.0,-122.0,102.0,-125.0,105.0,6.5,105.0,-147.0
2024020302,PHI,CAR,2024-11-20,195.0,-238.0,6.0,-115.0,-105.0,160.0,-192.0,6.5,-105.0,-116.0
2024020303,DAL,SJS,2024-11-20,-485.0,370.0,6.5,-112.0,-106.0,-313.0,250.0,5.5,-147.0,105.0
2024020304,SEA,NSH,2024-11-20,125.0,-150.0,5.5,-102.0,-118.0,110.0,-132.0,6.5,105.0,-147.0
2024020305,LAK,BUF,2024-11-20,-178.0,146.0,5.5,-118.0,-102.0,-161.0,135.0,5.5,-147.0,105.0
2024020306,BOS,UTA,2024-11-21,-135.0,114.0,6.0,-102.0,-115.0,-162.0,136.0,6.0,-105.0,-115.0
2024020307,OTT,VGK,2024-11-21,-170.0,142.0,6.5,-105.0,-115.0,-120.0,-100.0,6.5,-100.0,-120.0
2024020308,DET,NYI,2024-11-21,120.0,-142.0,6.0,100.0,-120.0,-110.0,-110.0,6.0,-110.0,-110.0
2024020309,NJD,CAR,2024-11-21,-118.0,-104.0,6.0,-110.0,-115.0,-120.0,-100.0,6.5,104.0,-128.0
2024020310,WSH,COL,2024-11-21,130.0,-155.0,6.5,-120.0,100.0,102.0,-122.0,6.5,-106.0,-114.0
2024020311,CBJ,TBL,2024-11-21,140.0,-165.0,6.5,-125.0,105.0,160.0,-192.0,6.5,-105.0,-115.0
2024020312,STL,SJS,2024-11-21,-225.0,185.0,6.0,-105.0,-115.0,-250.0,205.0,6.0,-100.0,-120.0
2024020313,CHI,FLA,2024-11-21,190.0,-235.0,5.5,-122.0,102.0,180.0,-218.0,6.5,105.0,-125.0
2024020314,CGY,NYR,2024-11-21,140.0,-166.0,6.0,-112.0,-108.0,142.0,-170.0,6.0,-120.0,-100.0
2024020315,EDM,MIN,2024-11-21,-162.0,136.0,6.5,-105.0,-115.0,-155.0,130.0,6.0,-120.0,-100.0
2024020316,PIT,WPG,2024-11-22,160.0,-192.0,6.0,-122.0,102.0,130.0,-156.0,6.5,-100.0,-141.0
2024020317,ANA,BUF,2024-11-22,150.0,-180.0,6.0,-115.0,-105.0,120.0,-141.0,6.5,-100.0,-135.0
2024020318,PHI,CHI,2024-11-23,-165.0,140.0,6.0,100.0,-120.0,-185.0,155.0,5.5,-140.0,114.0
2024020319,CGY,MIN,2024-11-23,-105.0,-118.0,5.5,-108.0,-112.0,124.0,-148.0,6.0,-110.0,-110.0
2024020320,LAK,SEA,2024-11-23,-170.0,142.0,5.5,-102.0,-118.0,-175.0,145.0,5.5,-120.0,-100.0
2024020321,FLA,COL,2024-11-23,-125.0,105.0,6.0,-115.0,-105.0,-137.0,114.0,6.5,104.0,-128.0
2024020322,MTL,VGK,2024-11-23,150.0,-180.0,6.5,105.0,-125.0,142.0,-170.0,6.5,-100.0,-120.0
2024020323,OTT,VAN,2024-11-23,-142.0,120.0,6.0,-108.0,-112.0,-120.0,-100.0,6.5,-100.0,-141.0
2024020324,DET,BOS,2024-11-23,120.0,-142.0,5.5,-120.0,-100.0,122.0,-146.0,5.5,-134.0,110.0
2024020325,TBL,DAL,2024-11-23,-102.0,-118.0,6.0,-115.0,-110.0,-102.0,-118.0,6.5,104.0,-128.0
2024020326,PIT,UTA,2024-11-23,114.0,-135.0,6.0,-120.0,-102.0,-132.0,110.0,6.5,-115.0,-105.0
2024020327,WSH,NJD,2024-11-23,120.0,-142.0,6.0,-112.0,-110.0,116.0,-142.0,6.5,106.0,-130.0
2024020328,CBJ,CAR,2024-11-23,205.0,-250.0,6.5,-110.0,-110.0,175.0,-213.0,6.5,106.0,-130.0
2024020329,NSH,WPG,2024-11-23,-150.0,125.0,6.5,-115.0,-105.0,-125.0,104.0,5.5,-142.0,116.0
2024020330,NYI,STL,2024-11-23,-165.0,138.0,5.5,-110.0,-110.0,-156.0,130.0,5.5,-140.0,112.0
2024020331,SJS,BUF,2024-11-23,120.0,-140.0,6.0,-110.0,-110.0,146.0,-176.0,6.5,110.0,-134.0
2024020332,EDM,NYR,2024-11-23,-148.0,124.0,6.5,-130.0,110.0,-134.0,112.0,6.5,-105.0,-115.0
2024020333,TOR,UTA,2024-11-24,-198.0,164.0,5.5,-120.0,-105.0,-182.0,150.0,6.5,-105.0,-116.0
2024020334,TBL,COL,2024-11-25,-120.0,-102.0,6.5,-108.0,-112.0,-105.0,-116.0,6.5,-111.0,-111.0
2024020335,FLA,WSH,2024-11-25,-170.0,142.0,6.0,-105.0,-115.0,-172.0,145.0,6.5,105.0,-147.0
2024020336,NJD,NSH,2024-11-25,-135.0,115.0,6.0,-108.0,-112.0,-161.0,135.0,6.5,-100.0,-141.0
2024020337,NYR,STL,2024-11-25,-225.0,185.0,6.0,-115.0,-108.0,-222.0,180.0,5.5,-147.0,113.0
2024020338,PHI,VGK,2024-11-25,110.0,-130.0,6.0,-120.0,100.0,115.0,-135.0,6.0,-115.0,-113.0
2024020339,CAR,DAL,2024-11-25,-130.0,-111.0,6.5,-108.0,-112.0,-120.0,-100.0,5.5,-147.0,105.0
2024020340,OTT,CGY,2024-11-25,-166.0,140.0,6.0,100.0,-120.0,-141.0,120.0,6.5,-100.0,-122.0
2024020341,NYI,DET,2024-11-25,-155.0,130.0,5.5,-114.0,-108.0,-161.0,135.0,5.5,-140.0,114.0
2024020342,MIN,WPG,2024-11-25,-104.0,-118.0,5.5,-125.0,105.0,-105.0,-116.0,5.5,-122.0,-103.0
2024020343,ANA,SEA,2024-11-25,134.0,-160.0,5.5,-125.0,105.0,105.0,-125.0,6.5,110.0,-134.0
2024020344,SJS,LAK,2024-11-25,205.0,-250.0,5.5,-115.0,-108.0,220.0,-270.0,6.5,104.0,-136.0
2024020345,BOS,VAN,2024-11-26,-115.0,-105.0,5.5,100.0,-120.0,-141.0,120.0,5.5,-132.0,108.0
2024020346,MTL,UTA,2024-11-26,124.0,-148.0,6.0,-110.0,-110.0,110.0,-132.0,6.5,-100.0,-135.0
2024020347,BUF,MIN,2024-11-27,130.0,-155.0,5.5,-122.0,102.0,-100.0,-120.0,6.0,-120.0,-100.0
2024020348,NJD,STL,2024-11-27,-230.0,190.0,6.0,100.0,-110.0,-218.0,180.0,6.5,105.0,-125.0
2024020349,CAR,NYR,2024-11-27,-192.0,160.0,6.5,-118.0,-105.0,-135.0,114.0,6.0,-110.0,-110.0
2024020350,DET,CGY,2024-11-27,-105.0,-118.0,5.5,-120.0,100.0,-130.0,110.0,6.0,-110.0,-110.0
2024020351,TBL,WSH,2024-11-27,-160.0,135.0,6.5,102.0,-122.0,-148.0,124.0,6.5,-100.0,-120.0
2024020352,FLA,TOR,2024-11-27,-155.0,130.0,5.5,-110.0,-110.0,-130.0,110.0,6.5,-100.0,-120.0
2024020353,NYI,BOS,2024-11-27,-142.0,120.0,5.5,-102.0,-120.0,-125.0,105.0,5.5,-120.0,-100.0
2024020354,PIT,VAN,2024-11-27,-108.0,-112.0,6.5,100.0,-120.0,105.0,-125.0,6.5,-100.0,-120.0
2024020355,CBJ,MTL,2024-11-27,-192.0,160.0,6.5,-125.0,105.0,-135.0,114.0,6.5,-110.0,-110.0
2024020356,NSH,PHI,2024-11-27,-180.0,150.0,6.0,100.0,-120.0,-185.0,154.0,5.5,-120.0,-100.0
2024020357,CHI,DAL,2024-11-27,195.0,-240.0,6.0,-105.0,-115.0,180.0,-218.0,6.0,-110.0,-110.0
2024020358,COL,VGK,2024-11-27,-164.0,136.0,6.5,-120.0,102.0,-148.0,124.0,6.5,-100.0,-120.0
2024020359,LAK,WPG,2024-11-27,102.0,-122.0,5.5,-105.0,-112.0,-105.0,-115.0,6.0,-100.0,-120.0
2024020360,SEA,ANA,2024-11-27,-218.0,180.0,5.5,-122.0,-102.0,-198.0,164.0,5.5,-125.0,105.0
2024020361,SJS,OTT,2024-11-27,200.0,-245.0,6.0,-112.0,-110.0,150.0,-180.0,6.0,-110.0,-110.0
2024020362,PHI,NYR,2024-11-29,130.0,-155.0,6.5,-100.0,-120.0,130.0,-156.0,6.5,-100.0,-122.0
2024020363,MIN,CHI,2024-11-29,-250.0,205.0,5.5,-125.0,105.0,-254.0,204.0,5.5,-144.0,110.0
2024020364,BUF,VAN,2024-11-29,-110.0,-110.0,5.5,-114.0,-108.0,-100.0,-120.0,6.5,105.0,-147.0
2024020365,DET,NJD,2024-11-29,164.0,-200.0,6.0,105.0,-125.0,145.0,-172.0,6.5,-100.0,-135.0
2024020366,WSH,NYI,2024-11-29,-150.0,125.0,6.0,105.0,-125.0,-135.0,115.0,5.5,-125.0,-105.0
2024020367,CAR,FLA,2024-11-29,-162.0,136.0,6.0,-108.0,-112.0,-141.0,120.0,6.5,-100.0,-141.0
2024020368,CBJ,CGY,2024-11-29,-110.0,-110.0,6.5,105.0,-125.0,-100.0,-120.0,6.5,-105.0,-125.0
2024020369,NSH,TBL,2024-11-29,-130.0,114.0,6.5,-122.0,102.0,-120.0,-100.0,6.5,-105.0,-125.0
2024020370,ANA,LAK,2024-11-29,185.0,-225.0,5.5,-122.0,102.0,155.0,-185.0,5.5,-141.0,-100.0
2024020371,SJS,SEA,2024-11-29,124.0,-148.0,6.0,100.0,-120.0,155.0,-185.0,5.5,-147.0,105.0
2024020372,BOS,PIT,2024-11-29,-180.0,150.0,5.5,-133.0,-105.0,-196.0,162.0,6.5,104.0,-128.0
2024020373,DAL,COL,2024-11-29,-135.0,114.0,6.5,-115.0,-105.0,-140.0,116.0,6.5,-108.0,-112.0
2024020374,VGK,WPG,2024-11-29,-115.0,-108.0,6.0,-125.0,105.0,-123.0,102.0,6.0,-115.0,-113.0
2024020375,UTA,EDM,2024-11-29,135.0,-160.0,6.5,100.0,-120.0,135.0,-162.0,6.5,104.0,-136.0
2024020376,NYR,MTL,2024-11-30,-185.0,154.0,6.5,-105.0,-115.0,-218.0,180.0,6.5,105.0,-125.0
2024020377,FLA,CAR,2024-11-30,102.0,-122.0,6.5,-105.0,-115.0,-115.0,-105.0,6.5,-110.0,-110.0
2024020378,TBL,TOR,2024-11-30,136.0,-162.0,6.0,-110.0,-110.0,-100.0,-120.0,6.5,-110.0,-110.0
2024020379,NJD,WSH,2024-11-30,-162.0,136.0,6.5,102.0,-122.0,-185.0,154.0,6.5,-100.0,-120.0
2024020380,PIT,CGY,2024-11-30,-108.0,-112.0,6.0,-120.0,100.0,-120.0,-100.0,6.5,-100.0,-120.0
2024020381,STL,PHI,2024-11-30,-135.0,114.0,6.0,100.0,-120.0,-142.0,120.0,6.0,-105.0,-115.0
2024020382,LAK,OTT,2024-11-30,-115.0,-105.0,6.0,100.0,-120.0,-110.0,-110.0,6.0,-115.0,-105.0
2024020383,NYI,BUF,2024-11-30,-125.0,105.0,5.5,-120.0,100.0,-135.0,114.0,5.5,-125.0,105.0
2024020384,MIN,NSH,2024-11-30,-140.0,120.0,5.5,-120.0,-102.0,-110.0,-110.0,5.5,-120.0,-100.0
2024020385,COL,EDM,2024-11-30,-135.0,114.0,6.5,-120.0,-102.0,-110.0,-110.0,6.5,-110.0,-110.0
2024020386,VGK,UTA,2024-11-30,-155.0,130.0,6.5,-112.0,-108.0,-175.0,145.0,6.5,110.0,-130.0
2024020387,SEA,SJS,2024-11-30,-225.0,185.0,5.5,-122.0,102.0,-218.0,180.0,6.0,-110.0,-110.0
2024020388,DET,VAN,2024-12-01,110.0,-130.0,5.5,-118.0,-108.0,114.0,-135.0,6.0,-105.0,-115.0
2024020389,BOS,MTL,2024-12-01,-250.0,202.0,5.5,-118.0,-105.0,-244.0,195.0,5.5,-141.0,-100.0
2024020390,CHI,CBJ,2024-12-01,120.0,-142.0,6.5,-105.0,-118.0,-116.0,-105.0,6.5,-100.0,-135.0
2024020391,DAL,WPG,2024-12-01,-155.0,130.0,6.0,-105.0,-110.0,-141.0,120.0,5.5,-147.0,105.0
2024020392,ANA,OTT,2024-12-01,136.0,-162.0,6.0,-115.0,-110.0,145.0,-172.0,6.5,105.0,-147.0
2024020393,NYR,NJD,2024-12-02,114.0,-135.0,6.5,-108.0,-112.0,-120.0,-100.0,6.0,-120.0,-100.0
2024020394,TOR,CHI,2024-12-02,-440.0,340.0,6.0,-105.0,-115.0,-325.0,260.0,6.0,-120.0,-100.0
2024020395,UTA,DAL,2024-12-02,105.0,-125.0,6.5,105.0,-125.0,120.0,-142.0,6.0,-110.0,-110.0
2024020396,BOS,DET,2024-12-03,-170.0,142.0,6.0,-112.0,-108.0,-200.0,165.0,5.5,-135.0,-100.0
2024020397,BUF,COL,2024-12-03,135.0,-161.0,6.5,-102.0,-118.0,120.0,-141.0,6.5,-105.0,-116.0
2024020398,MTL,NYI,2024-12-03,114.0,-135.0,5.5,-115.0,-105.0,115.0,-135.0,5.5,-141.0,-100.0
2024020399,PIT,FLA,2024-12-03,145.0,-175.0,6.5,-102.0,-119.0,140.0,-167.0,6.5,-105.0,-125.0
2024020400,WSH,SJS,2024-12-03,-290.0,235.0,6.5,102.0,-120.0,-250.0,200.0,6.5,-100.0,-141.0
2024020401,CAR,SEA,2024-12-03,-295.0,235.0,6.0,-112.0,-108.0,-244.0,195.0,6.5,-100.0,-141.0
2024020402,MIN,VAN,2024-12-03,-148.0,124.0,5.5,-105.0,-115.0,-141.0,120.0,5.5,-141.0,-100.0
2024020403,WPG,STL,2024-12-03,-225.0,185.0,5.5,-112.0,-106.0,-227.0,185.0,5.5,-135.0,-100.0
2024020404,CGY,CBJ,2024-12-03,-150.0,125.0,6.5,-105.0,-115.0,-156.0,130.0,6.5,-105.0,-125.0
2024020405,VGK,EDM,2024-12-03,120.0,-142.0,6.5,-105.0,-108.0,105.0,-125.0,6.5,-111.0,-111.0
2024020406,TOR,NSH,2024-12-04,-137.0,114.0,6.0,-102.0,-115.0,-156.0,130.0,6.5,105.0,-147.0
2024020407,CHI,BOS,2024-12-04,120.0,-142.0,5.5,-105.0,-115.0,145.0,-172.0,5.5,-147.0,105.0
2024020408,ANA,VGK,2024-12-04,130.0,-155.0,6.5,-100.0,-120.0,142.0,-172.0,6.5,104.0,-128.0
2024020409,LAK,DAL,2024-12-04,-102.0,-118.0,5.5,-115.0,-105.0,-100.0,-120.0,5.5,-128.0,104.0
2024020410,BUF,WPG,2024-12-05,120.0,-142.0,5.5,-115.0,-105.0,117.0,-138.0,6.0,-119.0,-104.0
2024020411,MTL,NSH,2024-12-05,110.0,-130.0,6.0,-118.0,-102.0,127.0,-152.0,6.0,-100.0,-120.0
2024020412,OTT,DET,2024-12-05,-185.0,154.0,6.0,-120.0,100.0,-162.0,136.0,6.5,-105.0,-112.0
2024020413,TBL,SJS,2024-12-05,-285.0,230.0,6.0,-122.0,102.0,-256.0,207.0,6.5,-102.0,-120.0
2024020414,PHI,FLA,2024-12-05,164.0,-198.0,6.0,-115.0,-105.0,140.0,-166.0,5.5,-138.0,110.0
2024020415,CAR,COL,2024-12-05,-155.0,130.0,6.5,-120.0,102.0,-148.0,124.0,6.5,-110.0,-110.0
2024020416,NYI,SEA,2024-12-05,-125.0,105.0,5.5,105.0,-124.0,-138.0,117.0,5.5,-113.0,-107.0
2024020417,CGY,STL,2024-12-05,-130.0,110.0,5.5,-122.0,102.0,-132.0,112.0,5.5,-125.0,102.0
2024020418,EDM,CBJ,2024-12-05,-300.0,240.0,6.5,-140.0,114.0,-260.0,211.0,6.5,-115.0,-105.0
2024020419,TOR,WSH,2024-12-06,-148.0,124.0,6.0,-115.0,-105.0,-161.0,135.0,6.5,-100.0,-141.0
2024020420,NJD,SEA,2024-12-06,-278.0,225.0,6.0,-110.0,-110.0,-250.0,200.0,5.5,-147.0,105.0
2024020421,NYR,PIT,2024-12-06,-205.0,170.0,6.5,-120.0,105.0,-192.0,160.0,6.5,-111.0,-111.0
2024020422,VAN,CBJ,2024-12-06,-225.0,185.0,6.0,-125.0,105.0,-213.0,175.0,6.5,-105.0,-125.0
2024020423,VGK,DAL,2024-12-06,125.0,-150.0,6.0,-110.0,-110.0,-111.0,-111.0,6.5,105.0,-147.0
2024020424,ANA,MIN,2024-12-06,170.0,-205.0,5.5,-118.0,-102.0,130.0,-156.0,5.5,-147.0,105.0
2024020425,BOS,PHI,2024-12-07,-155.0,130.0,5.5,-122.0,102.0,-172.0,145.0,6.0,-115.0,-105.0
2024020426,BUF,UTA,2024-12-07,-120.0,-102.0,6.0,-110.0,-110.0,-130.0,110.0,6.0,-120.0,-100.0
2024020427,CHI,WPG,2024-12-07,180.0,-218.0,5.5,-120.0,-105.0,165.0,-200.0,5.5,-125.0,-105.0
2024020428,NYI,CAR,2024-12-07,164.0,-200.0,6.0,102.0,-122.0,125.0,-152.0,5.5,-141.0,-100.0
2024020429,FLA,SJS,2024-12-07,-410.0,320.0,6.5,-102.0,-118.0,-385.0,300.0,6.5,105.0,-147.0
2024020430,MTL,WSH,2024-12-07,124.0,-148.0,6.0,-110.0,-112.0,120.0,-141.0,5.5,-147.0,105.0
2024020431,OTT,NSH,2024-12-07,-125.0,105.0,5.5,-124.0,102.0,-125.0,105.0,5.5,-138.0,112.0
2024020432,DET,COL,2024-12-07,180.0,-218.0,6.5,-125.0,105.0,140.0,-167.0,6.5,-105.0,-116.0
2024020433,PIT,TOR,2024-12-07,140.0,-166.0,6.0,-120.0,-102.0,120.0,-141.0,6.5,-105.0,-125.0
2024020434,LAK,MIN,2024-12-07,-170.0,142.0,5.5,-108.0,-112.0,-135.0,115.0,5.5,-116.0,-105.0
2024020435,EDM,STL,2024-12-07,-280.0,225.0,6.0,-125.0,105.0,-233.0,190.0,6.5,105.0,-147.0
2024020436,NYR,SEA,2024-12-08,-175.0,145.0,6.0,-115.0,-110.0,-185.0,155.0,5.5,-147.0,105.0
2024020437,VAN,TBL,2024-12-08,110.0,-130.0,6.0,-112.0,-108.0,-135.0,115.0,6.5,-100.0,-141.0
2024020438,OTT,NYI,2024-12-08,-130.0,110.0,6.0,-102.0,-118.0,-152.0,125.0,5.5,-147.0,105.0
2024020439,WPG,CBJ,2024-12-08,-155.0,130.0,6.5,-105.0,-112.0,-244.0,195.0,6.5,105.0,-147.0
2024020440,NJD,COL,2024-12-08,-155.0,130.0,6.5,-130.0,110.0,-167.0,140.0,6.5,-116.0,-105.0
2024020441,PHI,UTA,2024-12-08,-110.0,-110.0,6.0,-102.0,-120.0,-120.0,-100.0,5.5,-147.0,105.0
2024020442,DAL,CGY,2024-12-08,-230.0,188.0,6.0,-115.0,-105.0,-222.0,180.0,5.5,-141.0,-100.0
2024020443,BUF,DET,2024-12-09,-125.0,105.0,6.0,-120.0,100.0,-144.0,120.0,6.5,114.0,-140.0
2024020444,NYR,CHI,2024-12-09,-265.0,215.0,6.0,-115.0,-105.0,-278.0,225.0,5.5,-141.0,-100.0
2024020445,MTL,ANA,2024-12-09,-155.0,130.0,6.0,-118.0,-102.0,-141.0,120.0,6.5,105.0,-147.0
2024020446,NJD,TOR,2024-12-10,-135.0,114.0,6.0,-122.0,102.0,-135.0,115.0,6.5,-114.0,-106.0
2024020447,PIT,COL,2024-12-10,154.0,-185.0,6.5,-125.0,105.0,146.0,-175.0,6.5,-124.0,102.0
2024020448,CAR,SJS,2024-12-10,-550.0,400.0,6.5,-108.0,-112.0,-313.0,250.0,5.5,-142.0,116.0
2024020449,CBJ,PHI,2024-12-10,110.0,-130.0,6.5,-118.0,-105.0,-125.0,105.0,6.5,-100.0,-122.0
2024020450,NYI,LAK,2024-12-10,114.0,-135.0,5.5,114.0,-135.0,110.0,-132.0,5.5,-128.0,104.0
2024020451,NSH,CGY,2024-12-10,-185.0,154.0,5.5,-125.0,105.0,-152.0,125.0,5.5,-140.0,114.0
2024020452,WPG,BOS,2024-12-10,-135.0,114.0,5.5,105.0,-125.0,-141.0,120.0,5.5,-122.0,-100.0
2024020453,EDM,TBL,2024-12-10,-150.0,125.0,6.5,-115.0,-105.0,-152.0,125.0,6.5,-108.0,-112.0
2024020454,UTA,MIN,2024-12-10,-118.0,102.0,5.5,-102.0,-118.0,105.0,-125.0,5.5,-132.0,108.0
2024020455,VAN,STL,2024-12-10,-175.0,145.0,5.5,-112.0,-110.0,-185.0,155.0,5.5,-138.0,112.0
2024020456,SEA,FLA,2024-12-10,168.0,-205.0,6.0,100.0,-118.0,140.0,-167.0,6.5,-100.0,-141.0
2024020457,BUF,NYR,2024-12-11,130.0,-155.0,6.0,-120.0,100.0,115.0,-135.0,6.5,-100.0,-135.0
2024020458,OTT,ANA,2024-12-11,-250.0,205.0,6.0,-112.0,-108.0,-233.0,190.0,5.5,-147.0,105.0
2024020459,TOR,ANA,2024-12-12,-455.0,350.0,6.0,-112.0,-108.0,-313.0,250.0,6.5,116.0,-144.0
2024020460,MTL,PIT,2024-12-12,-115.0,-115.0,6.5,-115.0,-115.0,105.0,-125.0,6.5,-100.0,-122.0
2024020461,NJD,LAK,2024-12-12,-166.0,140.0,5.5,-120.0,100.0,-156.0,130.0,6.5,114.0,-140.0
2024020462,PHI,DET,2024-12-12,-122.0,102.0,6.0,-115.0,-105.0,-146.0,122.0,6.5,-100.0,-122.0
2024020463,CBJ,WSH,2024-12-12,145.0,-175.0,6.5,-108.0,-110.0,114.0,-137.0,6.5,110.0,-134.0
2024020464,NYI,CHI,2024-12-12,-198.0,164.0,5.5,-108.0,-112.0,-192.0,160.0,5.5,-122.0,-100.0
2024020465,STL,SJS,2024-12-12,-184.0,152.0,6.0,105.0,-125.0,-205.0,168.0,5.5,-132.0,108.0
2024020466,DAL,NSH,2024-12-12,-218.0,180.0,6.0,-122.0,102.0,-213.0,175.0,6.5,110.0,-134.0
2024020467,MIN,EDM,2024-12-12,120.0,-142.0,6.0,-105.0,-115.0,110.0,-132.0,6.5,116.0,-142.0
2024020468,WPG,VGK,2024-12-12,-125.0,105.0,5.5,-112.0,-108.0,-125.0,105.0,5.5,-138.0,112.0
2024020469,COL,UTA,2024-12-12,-185.0,154.0,6.5,-115.0,-105.0,-213.0,175.0,6.5,-102.0,-120.0
2024020470,CGY,TBL,2024-12-12,130.0,-166.0,6.5,-110.0,-120.0,120.0,-144.0,6.5,108.0,-132.0
2024020471,VAN,FLA,2024-12-12,150.0,-180.0,5.5,-115.0,-105.0,-100.0,-120.0,5.5,-134.0,110.0
2024020472,SEA,BOS,2024-12-12,102.0,-122.0,5.5,-112.0,-108.0,-102.0,-118.0,5.5,-120.0,-102.0
2024020473,CAR,OTT,2024-12-13,-210.0,172.0,6.0,-112.0,-108.0,-222.0,180.0,6.5,-105.0,-125.0
2024020474,NJD,CHI,2024-12-14,-380.0,300.0,6.0,-105.0,-115.0,-310.0,250.0,6.0,-120.0,-100.0
2024020475,NYR,LAK,2024-12-14,-122.0,102.0,5.5,-110.0,-110.0,-142.0,120.0,5.5,-125.0,105.0
2024020476,MIN,PHI,2024-12-14,-162.0,136.0,5.5,-122.0,102.0,-170.0,142.0,6.0,-120.0,-100.0
2024020477,EDM,VGK,2024-12-14,-155.0,130.0,6.0,-122.0,102.0,-148.0,124.0,6.0,-120.0,-100.0
2024020478,OTT,PIT,2024-12-14,-125.0,105.0,6.5,100.0,-120.0,-120.0,-100.0,6.5,-110.0,-110.0
2024020479,DET,TOR,2024-12-14,164.0,-200.0,6.0,-102.0,-118.0,142.0,-170.0,6.0,-120.0,-100.0
2024020480,WSH,BUF,2024-12-14,-192.0,160.0,6.0,-115.0,-110.0,-162.0,136.0,6.5,-100.0,-120.0
2024020481,CBJ,ANA,2024-12-14,-180.0,150.0,6.0,-118.0,-105.0,-166.0,140.0,6.5,-100.0,-120.0
2024020482,WPG,MTL,2024-12-14,-258.0,210.0,6.0,100.0,-120.0,-278.0,225.0,6.0,-105.0,-115.0
2024020483,DAL,STL,2024-12-14,-230.0,190.0,6.0,100.0,-115.0,-238.0,195.0,6.0,-115.0,-105.0
2024020484,COL,NSH,2024-12-14,-175.0,145.0,6.0,-110.0,-110.0,-166.0,140.0,6.0,-120.0,-100.0
2024020485,CGY,FLA,2024-12-14,160.0,-192.0,5.5,-115.0,-105.0,110.0,-130.0,6.0,-100.0,-120.0
2024020486,VAN,BOS,2024-12-14,-125.0,105.0,5.5,-108.0,-112.0,-135.0,114.0,6.0,-100.0,-120.0
2024020487,SJS,UTA,2024-12-14,164.0,-198.0,6.0,-110.0,-110.0,142.0,-170.0,6.5,105.0,-125.0
2024020488,SEA,TBL,2024-12-14,120.0,-142.0,6.0,-115.0,-105.0,120.0,-142.0,6.0,-110.0,-110.0
2024020489,CHI,NYI,2024-12-15,168.0,-205.0,5.5,102.0,-122.0,145.0,-172.0,5.5,-135.0,-100.0
2024020490,TOR,BUF,2024-12-15,-188.0,155.0,6.0,-120.0,-102.0,-213.0,175.0,6.5,105.0,-147.0
2024020491,CAR,CBJ,2024-12-15,-375.0,295.0,6.5,-105.0,-115.0,-357.0,275.0,6.5,-105.0,-125.0
2024020492,STL,NYR,2024-12-15,105.0,-125.0,6.0,100.0,-115.0,120.0,-141.0,5.5,-147.0,105.0
2024020493,MIN,VGK,2024-12-15,100.0,-120.0,5.5,-122.0,-104.0,-116.0,-105.0,5.5,-141.0,-100.0
2024020494,DAL,WSH,2024-12-16,-162.0,136.0,6.0,100.0,-120.0,-182.0,150.0,5.5,-147.0,105.0
2024020495,EDM,FLA,2024-12-16,-135.0,115.0,6.0,-110.0,-110.0,-137.0,114.0,6.0,-116.0,-113.0
2024020496,VAN,COL,2024-12-16,120.0,-142.0,6.0,-108.0,-112.0,105.0,-125.0,5.5,-147.0,105.0
2024020497,MTL,BUF,2024-12-17,114.0,-135.0,6.0,-112.0,-108.0,105.0,-126.0,6.5,104.0,-128.0
2024020498,TBL,CBJ,2024-12-17,-278.0,225.0,6.5,-102.0,-118.0,-230.0,188.0,6.5,104.0,-128.0
2024020499,PIT,LAK,2024-12-17,124.0,-148.0,5.5,-122.0,100.0,122.0,-146.0,5.5,-140.0,112.0
2024020500,CAR,NYI,2024-12-17,-238.0,195.0,6.0,100.0,-120.0,-235.0,190.0,5.5,-138.0,112.0
2024020501,STL,NJD,2024-12-17,165.0,-200.0,5.5,-112.0,-108.0,126.0,-152.0,5.5,-138.0,112.0
2024020502,NSH,NYR,2024-12-17,-142.0,120.0,6.0,-105.0,-112.0,-122.0,102.0,5.5,-134.0,110.0
2024020503,CHI,WSH,2024-12-17,164.0,-198.0,5.5,-120.0,100.0,134.0,-162.0,6.5,116.0,-142.0
2024020504,CGY,BOS,2024-12-17,120.0,-142.0,5.5,-105.0,-115.0,118.0,-142.0,5.5,-124.0,102.0
2024020505,SEA,OTT,2024-12-17,120.0,-142.0,5.5,105.0,-125.0,-105.0,-114.0,6.5,114.0,-140.0
2024020506,SJS,WPG,2024-12-17,190.0,-235.0,6.0,100.0,-120.0,190.0,-235.0,5.5,-142.0,116.0
2024020507,DET,PHI,2024-12-18,-110.0,-110.0,6.0,-102.0,-118.0,-125.0,105.0,6.5,105.0,-147.0
2024020508,DAL,TOR,2024-12-18,-135.0,115.0,5.5,-124.0,102.0,-132.0,110.0,5.5,-141.0,-100.0
2024020509,MIN,FLA,2024-12-18,136.0,-162.0,5.5,-105.0,-115.0,-105.0,-116.0,5.5,-135.0,-100.0
2024020510,UTA,VAN,2024-12-18,-118.0,-105.0,5.5,-125.0,105.0,-116.0,-105.0,5.5,-141.0,-100.0
2024020511,ANA,WPG,2024-12-18,130.0,-155.0,6.0,100.0,-112.0,160.0,-192.0,5.5,-147.0,105.0
2024020512,TBL,STL,2024-12-19,-225.0,185.0,6.0,-105.0,-115.0,-205.0,170.0,6.0,-110.0,-110.0
2024020513,PHI,LAK,2024-12-19,140.0,-166.0,5.5,-110.0,-125.0,145.0,-175.0,5.5,-120.0,-100.0
2024020514,CBJ,NJD,2024-12-19,185.0,-225.0,6.5,-108.0,-112.0,160.0,-192.0,6.5,-105.0,-115.0
2024020515,NSH,PIT,2024-12-19,-160.0,135.0,6.0,-122.0,102.0,-162.0,136.0,5.5,-125.0,105.0
2024020516,CHI,SEA,2024-12-19,124.0,-148.0,5.5,-105.0,-115.0,124.0,-148.0,5.5,-110.0,-110.0
2024020517,CGY,OTT,2024-12-19,115.0,-135.0,5.5,-110.0,-115.0,105.0,-125.0,5.5,-125.0,105.0
2024020518,EDM,BOS,2024-12-19,-184.0,152.0,6.0,-115.0,-105.0,-166.0,140.0,6.0,-105.0,-115.0
2024020519,VGK,VAN,2024-12-19,-166.0,140.0,6.0,-105.0,-115.0,-162.0,136.0,6.0,-105.0,-115.0
2024020520,SJS,COL,2024-12-19,220.0,-270.0,6.5,-105.0,-115.0,200.0,-245.0,6.5,105.0,-125.0
2024020521,BUF,TOR,2024-12-20,130.0,-155.0,6.5,-106.0,-110.0,130.0,-156.0,6.5,-100.0,-135.0
2024020522,DET,MTL,2024-12-20,-160.0,132.0,6.0,-110.0,-120.0,-167.0,140.0,6.5,-105.0,-116.0
2024020523,FLA,STL,2024-12-20,-325.0,260.0,5.5,-120.0,-100.0,-233.0,190.0,6.5,110.0,-152.0
2024020524,WSH,CAR,2024-12-20,134.0,-160.0,6.0,100.0,-120.0,115.0,-135.0,6.5,105.0,-147.0
2024020525,DAL,NYR,2024-12-20,-180.0,150.0,6.0,-118.0,-102.0,-172.0,145.0,5.5,-141.0,-100.0
2024020526,MIN,UTA,2024-12-20,-125.0,104.0,6.0,-105.0,-115.0,-156.0,130.0,5.5,-152.0,110.0
2024020527,ANA,COL,2024-12-20,180.0,-220.0,6.5,-115.0,-105.0,195.0,-244.0,6.5,-105.0,-116.0
2024020528,NSH,LAK,2024-12-21,-110.0,-112.0,5.5,-115.0,-105.0,105.0,-125.0,5.5,-116.0,-105.0
2024020529,CGY,CHI,2024-12-21,-185.0,154.0,5.5,-105.0,-115.0,-167.0,140.0,5.5,-125.0,-105.0
2024020530,EDM,SJS,2024-12-21,-425.0,330.0,6.5,-135.0,114.0,-455.0,350.0,6.5,-100.0,-135.0
2024020531,BOS,BUF,2024-12-21,-192.0,160.0,6.0,-115.0,-105.0,-182.0,150.0,5.5,-141.0,-100.0
2024020532,TOR,NYI,2024-12-21,-125.0,105.0,5.5,-108.0,-112.0,-167.0,140.0,5.5,-147.0,105.0
2024020533,MTL,DET,2024-12-21,100.0,-120.0,6.5,102.0,-122.0,-105.0,-116.0,6.5,105.0,-147.0
2024020534,NJD,PIT,2024-12-21,-265.0,215.0,6.0,-115.0,-105.0,-213.0,175.0,6.5,-105.0,-125.0
2024020535,PHI,CBJ,2024-12-21,-142.0,120.0,6.5,-108.0,-112.0,-182.0,150.0,6.5,-105.0,-116.0
2024020536,WPG,MIN,2024-12-21,-170.0,145.0,5.5,115.0,-105.0,-141.0,120.0,5.5,-135.0,-100.0
2024020537,VAN,OTT,2024-12-21,-135.0,115.0,5.5,-115.0,-105.0,-152.0,125.0,5.5,-147.0,105.0
2024020538,VGK,SEA,2024-12-21,-192.0,160.0,6.0,-122.0,-105.0,-192.0,160.0,5.5,-141.0,-100.0
2024020539,NYR,CAR,2024-12-22,130.0,-155.0,5.5,-115.0,-105.0,118.0,-142.0,6.0,-112.0,-116.0
2024020540,TBL,FLA,2024-12-22,-108.0,-114.0,6.5,100.0,-111.0,-109.0,-111.0,6.5,104.0,-128.0
2024020541,WSH,LAK,2024-12-22,-170.0,138.0,5.5,102.0,-122.0,-129.0,108.0,5.5,-128.0,104.0
2024020542,UTA,ANA,2024-12-22,-220.0,180.0,6.0,-125.0,105.0,-255.0,205.0,6.5,102.0,-124.0
2024020543,COL,SEA,2024-12-22,-315.0,250.0,6.0,-122.0,102.0,-226.0,184.0,5.5,-138.0,112.0
2024020544,EDM,OTT,2024-12-22,-175.0,145.0,6.0,-115.0,-105.0,-190.0,157.0,6.5,104.0,-128.0
2024020545,NJD,NYR,2024-12-23,-270.0,220.0,6.0,-108.0,-112.0,-182.0,150.0,6.5,-105.0,-125.0
2024020546,TOR,WPG,2024-12-23,-125.0,105.0,6.0,105.0,-125.0,-148.0,124.0,6.0,-110.0,-110.0
2024020547,BOS,WSH,2024-12-23,-142.0,120.0,5.5,-112.0,-105.0,-148.0,124.0,6.0,-112.0,-108.0
2024020548,DET,STL,2024-12-23,-112.0,-110.0,5.5,-105.0,-104.0,-130.0,110.0,5.5,-115.0,-105.0
2024020549,FLA,TBL,2024-12-23,-162.0,136.0,6.5,-108.0,-105.0,-148.0,124.0,6.0,-110.0,-110.0
2024020550,PIT,PHI,2024-12-23,-112.0,-110.0,6.5,105.0,-125.0,-135.0,114.0,6.0,-115.0,-105.0
2024020551,CBJ,MTL,2024-12-23,-120.0,100.0,6.5,-105.0,-115.0,-130.0,110.0,6.5,-112.0,-108.0
2024020552,NYI,BUF,2024-12-23,-160.0,134.0,5.5,-122.0,102.0,-162.0,136.0,6.0,-115.0,-105.0
2024020553,NSH,CAR,2024-12-23,-102.0,-118.0,6.0,102.0,-122.0,115.0,-135.0,6.5,105.0,-147.0
2024020554,MIN,CHI,2024-12-23,-225.0,185.0,5.5,-122.0,-102.0,-258.0,210.0,5.5,-130.0,110.0
2024020555,VAN,SJS,2024-12-23,-245.0,200.0,5.5,-120.0,-102.0,-323.0,260.0,6.5,-100.0,-141.0
2024020556,UTA,DAL,2024-12-23,145.0,-170.0,6.0,-112.0,-115.0,115.0,-135.0,6.5,105.0,-147.0
2024020557,VGK,ANA,2024-12-23,-325.0,260.0,6.5,-122.0,102.0,-286.0,230.0,6.5,-100.0,-135.0
2024020558,BUF,CHI,2024-12-27,-162.0,136.0,6.0,-102.0,-118.0,-160.0,133.0,6.0,-115.0,-113.0
2024020559,DET,TOR,2024-12-27,114.0,-135.0,6.0,102.0,-122.0,145.0,-172.0,5.5,-134.0,110.0
2024020560,NJD,CAR,2024-12-27,-128.0,106.0,5.5,-110.0,-110.0,-120.0,-100.0,6.5,110.0,-144.0
2024020561,CBJ,BOS,2024-12-27,130.0,-155.0,6.5,-105.0,-115.0,140.0,-167.0,6.5,104.0,-136.0
2024020562,STL,NSH,2024-12-27,120.0,-142.0,5.5,-115.0,-106.0,-105.0,-116.0,5.5,-131.0,102.0
2024020563,DAL,MIN,2024-12-27,-218.0,180.0,5.5,-106.0,-115.0,-161.0,135.0,5.5,-143.0,109.0
2024020564,UTA,COL,2024-12-27,120.0,-140.0,6.5,-108.0,-112.0,118.0,-142.0,6.5,112.0,-138.0
2024020565,SJS,VGK,2024-12-27,210.0,-258.0,6.5,-110.0,-110.0,172.0,-210.0,6.5,110.0,-134.0
2024020566,FLA,MTL,2024-12-28,-325.0,260.0,6.5,-102.0,-118.0,-278.0,225.0,6.5,-100.0,-141.0
2024020567,VAN,SEA,2024-12-28,-125.0,105.0,5.5,-112.0,-115.0,-161.0,135.0,5.5,-147.0,105.0
2024020568,ANA,PHI,2024-12-28,130.0,-155.0,6.0,-122.0,102.0,135.0,-161.0,6.5,105.0,-147.0
2024020569,LAK,EDM,2024-12-28,115.0,-135.0,6.0,102.0,-122.0,-101.0,-119.0,6.0,-113.0,-115.0
2024020570,BOS,CBJ,2024-12-28,-210.0,170.0,6.0,-115.0,-105.0,-231.0,189.0,6.0,-117.0,-110.0
2024020571,TOR,WSH,2024-12-28,114.0,-135.0,6.0,-110.0,-110.0,-153.0,126.0,6.0,-115.0,-113.0
2024020572,TBL,NYR,2024-12-28,-162.0,136.0,6.0,-125.0,105.0,-163.0,135.0,6.0,-115.0,-113.0
2024020573,CAR,NJD,2024-12-28,-135.0,114.0,6.0,-110.0,-110.0,-133.0,111.0,6.5,104.0,-137.0
2024020574,WPG,OTT,2024-12-28,-175.0,145.0,6.0,-110.0,-110.0,-141.0,119.0,5.5,-132.0,103.0
2024020575,NYI,PIT,2024-12-28,-166.0,140.0,6.0,-108.0,-112.0,-128.0,107.0,6.0,-115.0,-113.0
2024020576,SJS,CGY,2024-12-28,150.0,-180.0,6.5,-110.0,-110.0,114.0,-138.0,6.5,-101.0,-124.0
2024020577,CHI,DAL,2024-12-29,225.0,-278.0,6.0,-108.0,-112.0,195.0,-238.0,6.0,-110.0,-110.0
2024020578,ANA,EDM,2024-12-29,230.0,-285.0,6.5,-130.0,110.0,210.0,-258.0,6.5,110.0,-130.0
2024020579,DET,WSH,2024-12-29,115.0,-135.0,6.0,100.0,-120.0,-100.0,-120.0,6.0,-105.0,-115.0
2024020580,TBL,MTL,2024-12-29,-205.0,170.0,6.5,-118.0,-102.0,-278.0,225.0,6.5,100.0,-120.0
2024020581,PIT,NYI,2024-12-29,110.0,-130.0,6.0,-118.0,-102.0,-110.0,-110.0,6.0,-120.0,-100.0
2024020582,STL,BUF,2024-12-29,-125.0,105.0,5.5,-110.0,-110.0,-135.0,115.0,5.5,-147.0,105.0
2024020583,MIN,OTT,2024-12-29,-162.0,136.0,6.0,-102.0,-115.0,-162.0,136.0,5.5,-130.0,110.0
2024020584,VGK,CGY,2024-12-29,-230.0,190.0,6.5,-108.0,-110.0,-258.0,210.0,6.0,-115.0,-105.0
2024020585,LAK,PHI,2024-12-29,-162.0,136.0,5.5,-106.0,-115.0,-192.0,160.0,5.5,-125.0,105.0
2024020586,FLA,NYR,2024-12-30,-196.0,162.0,6.0,100.0,-120.0,-213.0,175.0,6.5,110.0,-152.0
2024020587,WPG,NSH,2024-12-30,-125.0,105.0,6.0,100.0,-115.0,-156.0,130.0,6.5,-105.0,-116.0
2024020588,SEA,UTA,2024-12-30,140.0,-166.0,6.0,-115.0,-108.0,-116.0,-105.0,5.5,-147.0,105.0
2024020589,WSH,BOS,2024-12-31,-148.0,124.0,5.5,105.0,-128.0,-146.0,122.0,6.5,116.0,-142.0
2024020590,TOR,NYI,2024-12-31,-130.0,110.0,5.5,-130.0,110.0,-156.0,130.0,5.5,-138.0,112.0
2024020591,VGK,MTL,2024-12-31,-238.0,195.0,6.5,-114.0,-108.0,-233.0,190.0,6.5,-105.0,-116.0
2024020592,CHI,STL,2024-12-31,130.0,-155.0,5.5,-108.0,-115.0,104.0,-125.0,5.5,-130.0,106.0
2024020593,DET,PIT,2024-12-31,-125.0,105.0,5.5,-122.0,-102.0,-119.0,-101.0,6.5,105.0,-137.0
2024020594,CBJ,CAR,2024-12-31,205.0,-250.0,6.5,-108.0,-112.0,175.0,-213.0,6.5,-100.0,-141.0
2024020595,DAL,BUF,2024-12-31,-220.0,180.0,6.5,102.0,-122.0,-233.0,190.0,6.5,105.0,-147.0
2024020596,MIN,NSH,2024-12-31,-122.0,102.0,5.5,-125.0,105.0,-146.0,123.0,5.5,-131.0,102.0
2024020597,COL,WPG,2024-12-31,-218.0,180.0,6.5,-122.0,105.0,-161.0,135.0,5.5,-147.0,105.0
2024020598,ANA,NJD,2024-12-31,230.0,-285.0,6.5,102.0,-110.0,200.0,-250.0,6.5,105.0,-147.0
2024020599,SJS,PHI,2024-12-31,154.0,-185.0,6.5,100.0,-120.0,145.0,-172.0,6.5,114.0,-140.0
2024020600,CGY,VAN,2024-12-31,-135.0,114.0,5.5,-118.0,-102.0,-100.0,-120.0,5.5,-141.0,-100.0
2024020601,EDM,UTA,2024-12-31,-205.0,170.0,6.5,-120.0,100.0,-222.0,180.0,6.5,-100.0,-141.0
2024020602,LAK,NJD,2025-01-01,105.0,-125.0,5.5,-110.0,-105.0,-130.0,110.0,5.5,-130.0,110.0
2024020603,FLA,CAR,2025-01-02,-125.0,105.0,5.5,-112.0,-105.0,-125.0,105.0,6.5,105.0,-125.0
2024020604,NYR,BOS,2025-01-02,-110.0,-115.0,5.5,-122.0,102.0,-110.0,-110.0,5.5,-125.0,105.0
2024020605,WSH,MIN,2025-01-02,-172.0,145.0,5.5,-128.0,105.0,-130.0,110.0,5.5,-125.0,105.0
2024020606,CBJ,DET,2025-01-02,-115.0,-105.0,6.5,105.0,-125.0,-110.0,-110.0,6.5,114.0,-135.0
2024020607,NYI,TOR,2025-01-02,-115.0,-110.0,5.5,-120.0,-100.0,-100.0,-120.0,5.5,-125.0,105.0
2024020608,DAL,OTT,2025-01-02,-198.0,164.0,6.5,-105.0,-130.0,-166.0,140.0,6.5,110.0,-130.0
2024020609,WPG,ANA,2025-01-02,-265.0,215.0,6.5,100.0,-120.0,-290.0,235.0,5.5,-130.0,110.0
2024020610,COL,BUF,2025-01-02,-205.0,170.0,6.5,-125.0,105.0,-205.0,170.0,6.5,-120.0,-100.0
2024020611,CGY,UTA,2025-01-02,110.0,-130.0,6.5,-108.0,-114.0,-105.0,-115.0,5.5,-130.0,110.0
2024020612,VGK,PHI,2025-01-02,-192.0,158.0,6.5,-108.0,-114.0,-205.0,170.0,6.5,105.0,-125.0
2024020613,SEA,VAN,2025-01-02,-120.0,-102.0,5.5,-105.0,-115.0,-105.0,-115.0,5.5,-110.0,-110.0
2024020614,SJS,TBL,2025-01-02,225.0,-280.0,6.5,105.0,-125.0,210.0,-258.0,6.5,-105.0,-115.0
2024020615,FLA,PIT,2025-01-03,-192.0,160.0,6.5,114.0,-135.0,-225.0,184.0,6.5,114.0,-140.0
2024020616,CHI,MTL,2025-01-03,124.0,-148.0,6.0,-110.0,-110.0,-114.0,-105.0,6.5,114.0,-140.0
2024020617,STL,OTT,2025-01-03,-125.0,105.0,5.5,-102.0,-120.0,106.0,-128.0,5.5,-134.0,110.0
2024020618,EDM,ANA,2025-01-03,-485.0,370.0,6.5,-130.0,108.0,-365.0,285.0,6.5,-130.0,106.0
2024020619,VAN,NSH,2025-01-03,164.0,-198.0,5.5,-125.0,105.0,114.0,-137.0,5.5,-132.0,108.0
2024020620,WSH,NYR,2025-01-04,-170.0,145.0,6.5,110.0,-130.0,-141.0,120.0,6.5,106.0,-130.0
2024020621,WPG,DET,2025-01-04,-218.0,180.0,5.5,-122.0,105.0,-200.0,165.0,5.5,-152.0,110.0
2024020622,SJS,NJD,2025-01-04,280.0,-355.0,6.5,108.0,-132.0,250.0,-313.0,6.5,108.0,-132.0
2024020623,TOR,BOS,2025-01-04,-142.0,120.0,5.5,-122.0,100.0,-132.0,110.0,5.5,-141.0,-100.0
2024020624,CAR,MIN,2025-01-04,-230.0,188.0,5.5,-122.0,-102.0,-200.0,165.0,5.5,-147.0,105.0
2024020625,CBJ,STL,2025-01-04,-115.0,-105.0,5.5,-124.0,102.0,-111.0,-111.0,6.5,-100.0,-141.0
2024020626,COL,MTL,2025-01-04,-340.0,270.0,6.5,-115.0,-105.0,-294.0,235.0,6.5,-105.0,-116.0
2024020627,CGY,NSH,2025-01-04,-130.0,110.0,6.0,-105.0,-115.0,-111.0,-111.0,5.5,-147.0,105.0
2024020628,DAL,UTA,2025-01-04,-165.0,140.0,6.5,-106.0,-112.0,-192.0,160.0,5.5,-147.0,105.0
2024020629,LAK,TBL,2025-01-04,-113.0,-108.0,5.5,-110.0,-105.0,-125.0,105.0,5.5,-147.0,105.0
2024020630,VGK,BUF,2025-01-04,-230.0,190.0,6.5,-110.0,-105.0,-213.0,175.0,6.5,-111.0,-111.0
2024020631,SEA,EDM,2025-01-04,164.0,-198.0,6.5,-112.0,-108.0,150.0,-182.0,6.5,-105.0,-125.0
2024020632,CHI,NYR,2025-01-05,110.0,-132.0,6.5,-130.0,110.0,134.0,-162.0,6.5,108.0,-132.0
2024020633,BOS,NYI,2025-01-05,-102.0,-118.0,5.5,-115.0,-105.0,-144.0,120.0,5.5,-130.0,106.0
2024020634,CAR,PIT,2025-01-05,215.0,180.0,6.5,105.0,-125.0,-240.0,195.0,6.5,110.0,-134.0
2024020635,TOR,PHI,2025-01-05,-140.0,120.0,6.5,-108.0,-110.0,-178.0,146.0,6.5,-104.0,-118.0
2024020636,ANA,TBL,2025-01-05,140.0,-166.0,6.5,-130.0,110.0,168.0,-205.0,6.5,-132.0,108.0
2024020637,BUF,WSH,2025-01-06,126.0,-152.0,6.5,114.0,-135.0,-130.0,110.0,6.5,-115.0,-105.0
2024020638,MTL,VAN,2025-01-06,114.0,-130.0,5.5,-118.0,-102.0,140.0,-166.0,5.5,-125.0,105.0
2024020639,COL,FLA,2025-01-06,-118.0,105.0,6.5,105.0,-125.0,-120.0,-100.0,6.5,-100.0,-120.0
2024020640,SEA,NJD,2025-01-06,200.0,-245.0,5.5,-140.0,114.0,136.0,-162.0,6.5,105.0,-125.0
2024020029,TBL,CAR,2025-01-07,-102.0,-118.0,6.5,114.0,-135.0,-115.0,-105.0,6.5,105.0,-125.0
2024020641,BOS,EDM,2025-01-07,124.0,-148.0,5.5,-125.0,105.0,110.0,-130.0,6.5,105.0,-125.0
2024020642,DET,OTT,2025-01-07,102.0,-122.0,5.5,-130.0,106.0,105.0,-125.0,6.5,105.0,-125.0
2024020643,NYR,DAL,2025-01-07,152.0,-184.0,6.5,-108.0,-112.0,-100.0,-120.0,5.5,-120.0,-100.0
2024020644,PHI,TOR,2025-01-07,120.0,-142.0,5.5,-125.0,105.0,120.0,-141.0,6.5,110.0,-130.0
2024020645,PIT,CBJ,2025-01-07,-148.0,124.0,6.5,-110.0,-110.0,-155.0,130.0,6.5,-120.0,-100.0
2024020646,MIN,STL,2025-01-07,-130.0,110.0,5.5,105.0,-125.0,-156.0,130.0,6.5,-105.0,-115.0
2024020647,WPG,NSH,2025-01-07,-155.0,130.0,5.5,-122.0,-105.0,-152.0,125.0,5.5,-125.0,-105.0
2024020648,ANA,CGY,2025-01-07,124.0,-148.0,6.5,105.0,-125.0,115.0,-135.0,5.5,-147.0,105.0
2024020649,SJS,VGK,2025-01-07,225.0,-278.0,6.5,-108.0,-112.0,190.0,-233.0,6.5,-100.0,-141.0
2024020650,WSH,VAN,2025-01-08,-180.0,150.0,5.5,-110.0,-110.0,-162.0,136.0,5.5,-135.0,114.0
2024020651,CHI,COL,2025-01-08,202.0,-250.0,6.5,-128.0,105.0,200.0,-245.0,6.5,110.0,-130.0
2024020652,UTA,FLA,2025-01-08,130.0,-155.0,5.5,-122.0,102.0,110.0,-130.0,5.5,-135.0,114.0
2024020654,OTT,BUF,2025-01-09,-150.0,125.0,5.5,-130.0,110.0,-148.0,124.0,6.5,-100.0,-120.0
2024020655,TBL,BOS,2025-01-09,-170.0,142.0,5.5,-125.0,105.0,-148.0,124.0,5.5,-125.0,105.0
2024020656,NYR,NJD,2025-01-09,130.0,-155.0,6.5,105.0,-125.0,150.0,-180.0,6.5,-110.0,-110.0
2024020657,PHI,DAL,2025-01-09,136.0,-162.0,6.5,110.0,-120.0,145.0,-175.0,6.5,-100.0,-120.0
2024020658,PIT,EDM,2025-01-09,190.0,-230.0,6.5,-108.0,-112.0,150.0,-180.0,6.5,-105.0,-115.0
2024020659,CAR,TOR,2025-01-09,-176.0,146.0,5.5,-112.0,-108.0,-130.0,110.0,6.5,-100.0,-120.0
2024020660,CBJ,SEA,2025-01-09,110.0,-130.0,6.5,-105.0,-115.0,-115.0,-105.0,6.5,114.0,-135.0
2024020661,STL,ANA,2025-01-09,-192.0,160.0,5.5,-130.0,110.0,-198.0,164.0,5.5,-130.0,110.0
2024020662,MIN,COL,2025-01-09,130.0,-155.0,5.5,-130.0,110.0,-115.0,-105.0,5.5,-130.0,110.0
2024020663,VGK,NYI,2025-01-09,-175.0,145.0,5.5,-125.0,105.0,-175.0,145.0,5.5,-130.0,110.0
2024020664,DET,CHI,2025-01-10,-185.0,154.0,5.5,-142.0,116.0,-192.0,160.0,5.5,-147.0,105.0
2024020665,WSH,MTL,2025-01-10,-198.0,164.0,6.5,106.0,-130.0,-227.0,185.0,6.5,105.0,-147.0
2024020666,CAR,VAN,2025-01-10,-166.0,140.0,5.5,-125.0,105.0,-192.0,160.0,6.5,-100.0,-135.0
2024020667,WPG,LAK,2025-01-10,-110.0,-110.0,5.5,-120.0,102.0,-125.0,105.0,5.5,-120.0,-102.0
2024020668,UTA,SJS,2025-01-10,-270.0,220.0,5.5,-135.0,114.0,-244.0,195.0,6.5,104.0,-128.0
2024020669,FLA,BOS,2025-01-11,-190.0,160.0,5.5,-115.0,-108.0,-184.0,150.0,5.5,-132.0,108.0
2024020670,BUF,SEA,2025-01-11,-130.0,110.0,5.5,-120.0,-102.0,-134.0,112.0,5.5,-138.0,112.0
2024020671,PIT,OTT,2025-01-11,-108.0,-112.0,5.5,-122.0,102.0,-100.0,-120.0,6.5,114.0,-140.0
2024020672,TOR,VAN,2025-01-11,-185.0,154.0,5.5,-120.0,102.0,-170.0,140.0,5.5,-134.0,110.0
2024020673,MTL,DAL,2025-01-11,190.0,-230.0,5.5,-130.0,110.0,168.0,-205.0,5.5,-142.0,116.0
2024020674,NJD,TBL,2025-01-11,-142.0,120.0,6.0,-115.0,-105.0,-160.0,132.0,6.5,114.0,-140.0
2024020675,PHI,ANA,2025-01-11,-192.0,160.0,5.5,-130.0,110.0,-215.0,176.0,6.5,116.0,-142.0
2024020676,CHI,EDM,2025-01-11,320.0,-410.0,6.5,-125.0,105.0,215.0,-265.0,6.5,-122.0,-100.0
2024020677,STL,CBJ,2025-01-11,-210.0,175.0,6.5,105.0,-125.0,-162.0,134.0,5.5,-138.0,112.0
2024020678,WPG,COL,2025-01-11,110.0,-130.0,6.5,110.0,-130.0,112.0,-134.0,6.5,110.0,-134.0
2024020679,NSH,WSH,2025-01-11,-150.0,125.0,5.5,-125.0,105.0,-122.0,102.0,5.5,-128.0,104.0
2024020680,UTA,NYI,2025-01-11,-118.0,-104.0,6.5,110.0,-130.0,-132.0,110.0,5.5,-130.0,106.0
2024020681,CGY,LAK,2025-01-11,-135.0,114.0,5.5,-110.0,-110.0,108.0,-130.0,5.5,-118.0,-104.0
2024020682,VGK,NYR,2025-01-11,-150.0,125.0,6.5,110.0,-130.0,-170.0,140.0,6.5,110.0,-134.0
2024020683,SJS,MIN,2025-01-11,160.0,-192.0,5.5,-130.0,110.0,150.0,-182.0,5.5,-120.0,-102.0
2024020684,DET,SEA,2025-01-12,-175.0,145.0,5.5,-134.0,110.0,-148.0,124.0,5.5,-125.0,105.0
2024020685,OTT,DAL,2025-01-12,124.0,-148.0,5.5,-122.0,-102.0,120.0,-142.0,5.5,-135.0,114.0
2024020686,PIT,TBL,2025-01-12,130.0,-155.0,6.5,-120.0,100.0,120.0,-142.0,6.5,-115.0,-105.0
2024020687,CAR,ANA,2025-01-12,-500.0,380.0,6.5,110.0,-134.0,-410.0,320.0,6.5,-105.0,-115.0
2024020688,VGK,MIN,2025-01-12,-200.0,165.0,5.5,-118.0,-102.0,-155.0,130.0,5.5,-130.0,110.0
2024020689,PHI,FLA,2025-01-13,154.0,-185.0,5.5,-130.0,110.0,145.0,-175.0,6.5,110.0,-130.0
2024020690,CHI,CGY,2025-01-13,136.0,-162.0,6.5,120.0,-142.0,120.0,-142.0,5.5,-120.0,-100.0
2024020691,EDM,LAK,2025-01-13,-210.0,172.0,5.5,-118.0,-102.0,-162.0,136.0,5.5,-130.0,110.0
2024020692,BOS,TBL,2025-01-14,114.0,-135.0,5.5,-120.0,-105.0,-116.0,-105.0,5.5,-135.0,114.0
2024020693,TOR,DAL,2025-01-14,105.0,-125.0,5.5,-120.0,100.0,-132.0,110.0,5.5,-130.0,110.0
2024020694,DET,SJS,2025-01-14,-185.0,155.0,5.5,-125.0,105.0,-227.0,185.0,6.5,110.0,-130.0
2024020695,NJD,FLA,2025-01-14,-160.0,135.0,5.5,-125.0,105.0,-130.0,110.0,6.5,110.0,-130.0
2024020696,PIT,SEA,2025-01-14,-135.0,114.0,5.5,-134.0,110.0,-141.0,120.0,6.5,105.0,-125.0
2024020697,WSH,ANA,2025-01-14,-270.0,220.0,5.5,-122.0,102.0,-278.0,225.0,5.5,-125.0,105.0
2024020698,CBJ,PHI,2025-01-14,105.0,-125.0,6.5,-115.0,-105.0,-120.0,-100.0,6.5,-110.0,-110.0
2024020699,NYI,OTT,2025-01-14,-112.0,-108.0,5.5,-122.0,100.0,-156.0,130.0,5.5,-130.0,110.0
2024020700,STL,CGY,2025-01-14,-180.0,150.0,5.5,-122.0,100.0,-142.0,120.0,5.5,-110.0,-110.0
2024020701,NSH,VGK,2025-01-14,110.0,-135.0,6.5,105.0,-135.0,-100.0,-120.0,5.5,-120.0,-100.0
2024020702,WPG,VAN,2025-01-14,-166.0,140.0,5.5,120.0,-142.0,-152.0,125.0,5.5,-100.0,-120.0
2024020703,COL,NYR,2025-01-14,-148.0,124.0,6.5,-100.0,-120.0,-182.0,150.0,5.5,-130.0,110.0
2024020704,UTA,MTL,2025-01-14,-155.0,130.0,5.5,-140.0,114.0,-120.0,-100.0,5.5,-130.0,110.0
2024020705,BUF,CAR,2025-01-15,154.0,-185.0,5.5,-135.0,114.0,145.0,-172.0,6.5,105.0,-147.0
2024020706,MIN,EDM,2025-01-15,185.0,-225.0,6.5,110.0,-130.0,130.0,-156.0,6.5,105.0,-147.0
2024020707,TOR,NJD,2025-01-16,105.0,-125.0,5.5,-115.0,-105.0,-115.0,-105.0,5.5,-130.0,110.0
2024020708,OTT,WSH,2025-01-16,-118.0,-105.0,5.5,-110.0,-110.0,-105.0,-115.0,5.5,-120.0,-100.0
2024020709,TBL,ANA,2025-01-16,-320.0,260.0,6.5,100.0,-120.0,-278.0,225.0,5.5,-135.0,114.0
2024020710,FLA,DET,2025-01-16,-270.0,220.0,5.5,-110.0,-112.0,-230.0,190.0,5.5,-135.0,114.0
2024020711,CBJ,SJS,2025-01-16,-175.0,145.0,6.5,105.0,-125.0,-205.0,170.0,6.5,-100.0,-120.0
2024020712,NYI,PHI,2025-01-16,-140.0,116.0,5.5,-118.0,-105.0,-155.0,130.0,5.5,-135.0,114.0
2024020713,STL,CGY,2025-01-16,-135.0,114.0,5.5,-114.0,-108.0,-135.0,114.0,5.5,-110.0,-110.0
2024020714,NSH,CHI,2025-01-16,-290.0,235.0,5.5,-130.0,110.0,-265.0,215.0,5.5,-120.0,-100.0
2024020715,DAL,MTL,2025-01-16,-220.0,180.0,5.5,-115.0,-105.0,-258.0,210.0,5.5,-130.0,110.0
2024020716,WPG,SEA,2025-01-16,-225.0,184.0,5.5,-100.0,-120.0,-225.0,185.0,5.5,-110.0,-110.0
2024020717,UTA,NYR,2025-01-16,102.0,-122.0,5.5,-125.0,105.0,-120.0,-100.0,5.5,-130.0,110.0
2024020718,COL,EDM,2025-01-16,-120.0,100.0,6.5,-105.0,-115.0,-120.0,-100.0,6.5,114.0,-135.0
2024020719,VAN,LAK,2025-01-16,-105.0,-118.0,5.5,120.0,-142.0,-115.0,-105.0,5.5,-135.0,114.0
2024020720,BUF,PIT,2025-01-17,-112.0,-110.0,6.5,102.0,-122.0,-130.0,110.0,6.5,-110.0,-110.0
2024020721,CAR,VGK,2025-01-17,-142.0,120.0,5.5,-125.0,105.0,-142.0,120.0,5.5,-135.0,114.0
2024020722,NJD,PHI,2025-01-18,-185.0,154.0,5.5,-130.0,110.0,-225.0,185.0,6.5,110.0,-130.0
2024020723,OTT,BOS,2025-01-18,-135.0,114.0,5.5,-104.0,-118.0,-120.0,-100.0,6.5,114.0,-135.0
2024020724,COL,DAL,2025-01-18,-130.0,110.0,6.5,110.0,-130.0,-125.0,105.0,6.5,105.0,-125.0
2024020725,FLA,ANA,2025-01-18,-410.0,320.0,5.5,-135.0,114.0,-345.0,275.0,6.5,110.0,-130.0
2024020726,MTL,TOR,2025-01-18,120.0,-142.0,5.5,-130.0,110.0,140.0,-166.0,5.5,-135.0,114.0
2024020727,TBL,DET,2025-01-18,-205.0,170.0,6.5,105.0,-125.0,-198.0,164.0,6.5,105.0,-125.0
2024020728,NYR,CBJ,2025-01-18,-205.0,170.0,6.5,-112.0,-108.0,-185.0,154.0,6.5,110.0,-130.0
2024020729,WSH,PIT,2025-01-18,-200.0,158.0,5.5,-135.0,105.0,-198.0,164.0,6.5,105.0,-125.0
2024020730,WPG,CGY,2025-01-18,-162.0,136.0,5.5,-135.0,114.0,-205.0,170.0,5.5,-130.0,110.0
2024020731,NYI,SJS,2025-01-18,-220.0,180.0,5.5,-120.0,110.0,-250.0,205.0,6.5,105.0,-125.0
2024020732,CHI,VGK,2025-01-18,205.0,-250.0,6.5,102.0,-122.0,170.0,-205.0,6.5,105.0,-125.0
2024020733,NSH,MIN,2025-01-18,-198.0,164.0,5.5,-124.0,102.0,-125.0,105.0,5.5,-135.0,114.0
2024020734,UTA,STL,2025-01-18,-114.0,-108.0,5.5,-134.0,110.0,-155.0,130.0,6.5,110.0,-130.0
2024020735,VAN,EDM,2025-01-18,145.0,-175.0,5.5,-134.0,110.0,110.0,-130.0,6.5,105.0,-125.0
2024020736,SEA,LAK,2025-01-18,130.0,-155.0,5.5,120.0,-142.0,120.0,-142.0,5.5,-135.0,114.0
2024020737,NJD,OTT,2025-01-19,-192.0,160.0,5.5,-108.0,-110.0,-192.0,160.0,5.5,-130.0,110.0
2024020738,MTL,NYR,2025-01-19,-104.0,-118.0,6.5,-105.0,-115.0,110.0,-130.0,5.5,-130.0,110.0
2024020739,DAL,DET,2025-01-19,-220.0,180.0,5.5,-140.0,102.0,-218.0,180.0,5.5,-125.0,105.0
2024020740,BOS,SJS,2025-01-20,-218.0,180.0,5.5,-125.0,105.0,-260.0,210.0,5.5,-130.0,106.0
2024020741,COL,MIN,2025-01-20,-258.0,210.0,5.5,-130.0,110.0,-220.0,180.0,5.5,-140.0,114.0
2024020742,SEA,BUF,2025-01-20,-126.0,105.0,5.5,-120.0,100.0,-140.0,116.0,6.5,114.0,-140.0
2024020743,VGK,STL,2025-01-20,-190.0,160.0,5.5,-122.0,102.0,-205.0,168.0,5.5,-140.0,114.0
2024020744,TOR,TBL,2025-01-20,-135.0,114.0,6.5,-105.0,-115.0,-130.0,108.0,6.5,114.0,-140.0
2024020745,NYI,CBJ,2025-01-20,-185.0,155.0,5.5,-120.0,100.0,-160.0,132.0,6.5,116.0,-142.0
2024020746,CHI,CAR,2025-01-20,250.0,-310.0,5.5,-132.0,108.0,205.0,-255.0,6.5,110.0,-134.0
2024020747,UTA,WPG,2025-01-20,146.0,-178.0,5.5,-120.0,-102.0,120.0,-141.0,5.5,-147.0,105.0
2024020748,LAK,PIT,2025-01-20,-192.0,160.0,5.5,-115.0,-105.0,-182.0,150.0,5.5,-147.0,105.0
2024020749,MTL,TBL,2025-01-21,120.0,-142.0,6.5,-102.0,-118.0,114.0,-135.0,6.5,105.0,-125.0
2024020750,NYR,OTT,2025-01-21,-130.0,110.0,5.5,-118.0,-102.0,-135.0,114.0,5.5,-135.0,114.0
2024020751,PHI,DET,2025-01-21,-142.0,120.0,5.5,-130.0,110.0,-130.0,110.0,6.5,110.0,-130.0
2024020752,NSH,SJS,2025-01-21,-410.0,320.0,5.5,-135.0,114.0,-325.0,260.0,6.5,114.0,-135.0
2024020753,DAL,CAR,2025-01-21,-130.0,110.0,5.5,-118.0,-102.0,-142.0,120.0,5.5,-125.0,105.0
2024020754,EDM,WSH,2025-01-21,-155.0,130.0,5.5,-125.0,105.0,-142.0,120.0,5.5,-142.0,120.0
2024020755,VAN,BUF,2025-01-21,-192.0,160.0,5.5,-115.0,-112.0,-148.0,124.0,6.5,110.0,-130.0
2024020756,ANA,FLA,2025-01-21,220.0,-275.0,5.5,-122.0,102.0,205.0,-250.0,5.5,-130.0,110.0
2024020757,TOR,CBJ,2025-01-22,-198.0,164.0,6.5,-115.0,-105.0,-230.0,190.0,6.5,105.0,-125.0
2024020758,NJD,BOS,2025-01-22,-218.0,180.0,5.5,-112.0,-108.0,-155.0,130.0,6.5,114.0,-135.0
2024020759,COL,WPG,2025-01-22,-120.0,100.0,5.5,-125.0,105.0,-142.0,120.0,5.5,-130.0,110.0
2024020760,LAK,FLA,2025-01-22,-130.0,110.0,5.5,100.0,-120.0,-125.0,105.0,5.5,-130.0,110.0
2024020761,BOS,OTT,2025-01-23,136.0,-162.0,5.5,-112.0,-108.0,-110.0,-110.0,5.5,-115.0,-105.0
2024020762,DET,MTL,2025-01-23,-130.0,110.0,6.5,110.0,-130.0,-130.0,110.0,5.5,-120.0,-100.0
2024020763,NYR,PHI,2025-01-23,-155.0,130.0,5.5,-118.0,-102.0,-162.0,136.0,6.5,110.0,-130.0
2024020764,CAR,CBJ,2025-01-23,-410.0,320.0,6.5,114.0,-135.0,-325.0,260.0,6.5,105.0,-125.0
2024020765,STL,VGK,2025-01-23,130.0,-155.0,6.5,104.0,-128.0,120.0,-142.0,5.5,-130.0,110.0
2024020766,MIN,UTA,2025-01-23,-148.0,124.0,5.5,-130.0,110.0,-142.0,120.0,5.5,-115.0,-105.0
2024020767,CGY,BUF,2025-01-23,-142.0,120.0,5.5,-120.0,100.0,-130.0,110.0,5.5,-120.0,-100.0
2024020768,EDM,VAN,2025-01-23,-185.0,154.0,5.5,-120.0,100.0,-166.0,140.0,5.5,-120.0,-100.0
2024020769,ANA,PIT,2025-01-23,130.0,-155.0,6.5,110.0,-130.0,124.0,-148.0,6.5,105.0,-125.0
2024020770,SEA,WSH,2025-01-23,114.0,-135.0,5.5,-108.0,-105.0,124.0,-148.0,5.5,-120.0,-100.0
2024020771,SJS,NSH,2025-01-23,180.0,-220.0,6.5,114.0,-135.0,164.0,-198.0,6.5,110.0,-130.0
2024020772,NYI,PHI,2025-01-24,-166.0,140.0,5.5,-122.0,102.0,-135.0,115.0,5.5,-125.0,-105.0
2024020773,CHI,TBL,2025-01-24,210.0,-258.0,6.5,-130.0,110.0,177.0,-216.0,6.5,102.0,-131.0
2024020774,DAL,VGK,2025-01-24,-155.0,130.0,5.5,-120.0,-102.0,-152.0,125.0,5.5,-147.0,105.0
2024020775,WPG,UTA,2025-01-24,-250.0,205.0,5.5,-118.0,-102.0,-200.0,165.0,5.5,-125.0,-105.0
2024020776,BOS,COL,2025-01-25,120.0,-142.0,5.5,-122.0,102.0,-100.0,-120.0,5.5,-135.0,114.0
2024020777,EDM,BUF,2025-01-25,-258.0,210.0,6.5,-115.0,-105.0,-218.0,180.0,6.5,110.0,-130.0
2024020778,SEA,PIT,2025-01-25,-112.0,-108.0,5.5,-118.0,-104.0,-120.0,-100.0,6.5,110.0,-130.0
2024020779,MTL,NJD,2025-01-25,142.0,-170.0,5.5,-132.0,110.0,145.0,-175.0,5.5,-135.0,114.0
2024020780,OTT,TOR,2025-01-25,-105.0,-115.0,5.5,-115.0,-105.0,105.0,-125.0,5.5,-135.0,114.0
2024020781,DET,TBL,2025-01-25,114.0,-135.0,6.5,105.0,-125.0,114.0,-135.0,6.5,110.0,-130.0
2024020782,CBJ,LAK,2025-01-25,154.0,-185.0,5.5,-118.0,-102.0,124.0,-148.0,6.5,110.0,-130.0
2024020783,STL,DAL,2025-01-25,108.0,-130.0,5.5,-118.0,-102.0,114.0,-135.0,5.5,-130.0,110.0
2024020784,MIN,CGY,2025-01-25,-150.0,125.0,5.5,-120.0,-102.0,-218.0,180.0,5.5,-135.0,114.0
2024020785,NYI,CAR,2025-01-25,185.0,-225.0,5.5,-125.0,105.0,136.0,-162.0,5.5,-135.0,114.0
2024020786,VAN,WSH,2025-01-25,-102.0,-118.0,5.5,102.0,-122.0,-110.0,-110.0,5.5,-135.0,114.0
2024020787,ANA,NSH,2025-01-25,170.0,-205.0,6.5,105.0,-125.0,142.0,-170.0,6.5,114.0,-135.0
2024020788,SJS,FLA,2025-01-25,250.0,-315.0,6.5,114.0,-135.0,210.0,-258.0,6.5,110.0,-130.0
2024020789,NYR,COL,2025-01-26,-130.0,110.0,5.5,-128.0,105.0,-120.0,-100.0,6.5,114.0,-135.0
2024020790,OTT,UTA,2025-01-26,-120.0,102.0,5.5,-118.0,-102.0,-120.0,-100.0,5.5,-110.0,-110.0
2024020791,WPG,CGY,2025-01-26,-218.0,180.0,5.5,-135.0,114.0,-230.0,190.0,5.5,-115.0,-105.0
2024020792,CHI,MIN,2025-01-26,170.0,-205.0,6.5,-105.0,-133.0,164.0,-198.0,5.5,-130.0,110.0
2024020793,VGK,FLA,2025-01-26,-135.0,114.0,5.5,-130.0,110.0,-130.0,110.0,5.5,-130.0,110.0
2024020794,DET,LAK,2025-01-27,125.0,-150.0,5.5,-105.0,-115.0,120.0,-142.0,5.5,-100.0,-120.0
2024020795,PHI,NJD,2025-01-27,130.0,-155.0,5.5,-105.0,-115.0,136.0,-162.0,5.5,-130.0,110.0
2024020796,STL,VAN,2025-01-27,-135.0,114.0,5.5,114.0,-135.0,-110.0,-110.0,5.5,-110.0,-110.0
2024020797,EDM,SEA,2025-01-27,-298.0,240.0,6.5,-108.0,-112.0,-250.0,205.0,5.5,-125.0,105.0
2024020798,SJS,PIT,2025-01-27,154.0,-185.0,6.5,-105.0,-114.0,140.0,-166.0,6.5,-110.0,-110.0
2024020799,BUF,BOS,2025-01-28,-125.0,105.0,5.5,-130.0,106.0,100.0,-120.0,5.5,-135.0,114.0
2024020800,MTL,WPG,2025-01-28,145.0,-175.0,5.5,-122.0,102.0,130.0,-155.0,5.5,-142.0,120.0
2024020801,TBL,CHI,2025-01-28,-355.0,280.0,6.5,-120.0,100.0,-325.0,260.0,6.5,105.0,-125.0
2024020802,NYR,CAR,2025-01-28,114.0,-135.0,5.5,-125.0,105.0,-105.0,-115.0,5.5,-125.0,105.0
2024020803,NYI,COL,2025-01-28,114.0,-135.0,5.5,-122.0,102.0,105.0,-125.0,5.5,-130.0,110.0
2024020804,CGY,WSH,2025-01-28,120.0,-142.0,5.5,-108.0,-110.0,124.0,-148.0,5.5,-135.0,114.0
2024020805,VGK,DAL,2025-01-28,-130.0,110.0,5.5,-110.0,-112.0,-125.0,105.0,5.5,-130.0,110.0
2024020806,SEA,ANA,2025-01-28,-125.0,105.0,5.5,-125.0,105.0,-166.0,140.0,5.5,-135.0,114.0
2024020807,TOR,MIN,2025-01-29,-162.0,136.0,5.5,-118.0,-102.0,-146.0,122.0,5.5,-122.0,-100.0
2024020808,FLA,LAK,2025-01-29,-155.0,130.0,5.5,108.0,-130.0,-162.0,134.0,5.5,-110.0,-110.0
2024020809,NJD,PHI,2025-01-29,-185.0,154.0,5.5,-115.0,-105.0,-185.0,152.0,5.5,-122.0,-103.0
2024020810,NSH,VAN,2025-01-29,-148.0,124.0,5.5,-122.0,102.0,-142.0,118.0,5.5,-114.0,-106.0
2024020811,UTA,PIT,2025-01-29,-142.0,120.0,5.5,-135.0,-167.0,-142.0,118.0,6.5,110.0,-134.0
2024020812,BOS,WPG,2025-01-30,136.0,-162.0,5.5,-112.0,-110.0,100.0,-120.0,5.5,-110.0,-110.0
2024020813,MTL,MIN,2025-01-30,-142.0,120.0,6.5,-100.0,-122.0,-120.0,100.0,5.5,-120.0,100.0
2024020814,OTT,WSH,2025-01-30,-115.0,-105.0,5.5,114.0,-135.0,-105.0,-115.0,5.5,-110.0,-110.0
2024020815,TBL,LAK,2025-01-30,-175.0,145.0,5.5,-115.0,-105.0,-155.0,130.0,5.5,-120.0,100.0
2024020816,PHI,NYI,2025-01-30,124.0,-148.0,5.5,-112.0,-108.0,-110.0,-110.0,5.5,-110.0,-110.0
2024020817,CAR,CHI,2025-01-30,-440.0,340.0,6.5,112.0,-135.0,-455.0,350.0,5.5,-130.0,110.0
2024020818,CGY,ANA,2025-01-30,-192.0,160.0,5.5,-130.0,110.0,-185.0,154.0,5.5,-110.0,-110.0
2024020819,EDM,DET,2025-01-30,-270.0,220.0,6.5,-115.0,-105.0,-245.0,200.0,5.5,-130.0,110.0
2024020820,VGK,CBJ,2025-01-30,-278.0,225.0,6.5,-100.0,-120.0,-225.0,185.0,6.5,100.0,-120.0
2024020821,SEA,SJS,2025-01-30,-190.0,158.0,6.5,120.0,-142.0,-225.0,185.0,6.5,110.0,-130.0
2024020822,BUF,NSH,2025-01-31,105.0,-125.0,6.5,-120.0,-102.0,-100.0,-117.0,5.5,-131.0,109.0
2024020823,DAL,VAN,2025-01-31,-175.0,145.0,5.5,105.0,-125.0,-171.0,143.0,5.5,-115.0,-105.0
2024020824,COL,STL,2025-01-31,-185.0,154.0,5.5,-125.0,105.0,-205.0,170.0,5.5,-125.0,103.0
2024020825,UTA,CBJ,2025-01-31,-230.0,190.0,5.5,-142.0,116.0,-176.0,146.0,6.5,-105.0,-116.0
2024020826,FLA,CHI,2025-02-01,-490.0,365.0,5.5,-134.0,110.0,-165.0,140.0,6.0,-120.0,100.0
2024020827,BOS,NYR,2025-02-01,120.0,-142.0,6.5,114.0,-135.0,-110.0,-110.0,5.5,-118.0,-104.0
2024020828,OTT,MIN,2025-02-01,-142.0,120.0,5.5,105.0,-125.0,-154.0,128.0,5.5,-115.0,-105.0
2024020829,TBL,NYI,2025-02-01,-170.0,145.0,5.5,-125.0,105.0,-172.0,142.0,6.5,114.0,-140.0
2024020830,PIT,NSH,2025-02-01,105.0,-125.0,6.5,-105.0,-115.0,-100.0,-120.0,5.5,-140.0,114.0
2024020831,WSH,WPG,2025-02-01,-110.0,-110.0,5.5,102.0,-120.0,-122.0,102.0,5.5,-106.0,-114.0
2024020832,CAR,LAK,2025-02-01,-150.0,125.0,5.5,-105.0,-120.0,-176.0,146.0,5.5,-112.0,-108.0
2024020833,EDM,TOR,2025-02-01,-155.0,130.0,6.5,-110.0,-110.0,-164.0,136.0,6.5,110.0,-134.0
2024020834,CGY,DET,2025-02-01,-118.0,-102.0,5.5,-120.0,100.0,-125.0,104.0,5.5,-134.0,110.0
2024020835,BUF,NJD,2025-02-02,110.0,-130.0,6.5,120.0,-142.0,124.0,-148.0,6.5,105.0,-125.0
2024020836,COL,PHI,2025-02-02,-218.0,180.0,5.5,-130.0,110.0,-218.0,180.0,5.5,-125.0,105.0
2024020837,ANA,MTL,2025-02-02,115.0,-135.0,6.5,110.0,-125.0,105.0,-125.0,5.5,-125.0,105.0
2024020838,FLA,NYI,2025-02-02,-275.0,225.0,5.5,-132.0,108.0,-198.0,164.0,5.5,-125.0,105.0
2024020839,NYR,VGK,2025-02-02,136.0,-162.0,6.5,100.0,-120.0,105.0,-125.0,6.5,110.0,-130.0
2024020840,DAL,CBJ,2025-02-02,-230.0,190.0,5.5,-122.0,100.0,-245.0,200.0,5.5,-130.0,110.0
2024020841,UTA,STL,2025-02-02,-112.0,-110.0,5.5,-108.0,-110.0,-130.0,110.0,5.5,-110.0,-110.0
2024020842,VAN,DET,2025-02-02,-142.0,120.0,5.5,-102.0,-120.0,-170.0,142.0,5.5,-115.0,-105.0
2024020843,SEA,CGY,2025-02-02,-180.0,150.0,5.5,-122.0,102.0,-148.0,124.0,5.5,-115.0,-105.0
2024020844,NSH,OTT,2025-02-03,-135.0,115.0,5.5,-122.0,100.0,-125.0,105.0,5.5,-115.0,-105.0
2024020845,BOS,MIN,2025-02-04,-135.0,114.0,5.5,-108.0,-112.0,-125.0,105.0,5.5,-120.0,-100.0
2024020846,BUF,CBJ,2025-02-04,-172.0,142.0,6.5,-100.0,-120.0,-142.0,120.0,6.5,110.0,-130.0
2024020847,TBL,OTT,2025-02-04,-175.0,145.0,5.5,-110.0,-110.0,-180.0,150.0,5.5,-115.0,-105.0
2024020848,PIT,NJD,2025-02-04,115.0,-135.0,6.5,106.0,-130.0,130.0,-155.0,5.5,-135.0,114.0
2024020849,WSH,FLA,2025-02-04,110.0,-130.0,5.5,-112.0,-108.0,-115.0,-105.0,5.5,-125.0,-105.0
2024020850,NYI,VGK,2025-02-04,124.0,-148.0,5.5,-120.0,-100.0,-100.0,-120.0,5.5,-125.0,105.0
2024020851,STL,EDM,2025-02-04,162.0,-196.0,6.5,105.0,-125.0,130.0,-155.0,5.5,-130.0,110.0
2024020852,WPG,CAR,2025-02-04,130.0,-155.0,5.5,-120.0,-100.0,-115.0,-105.0,5.5,-115.0,-105.0
2024020853,CGY,TOR,2025-02-04,115.0,-135.0,5.5,-132.0,110.0,136.0,-162.0,5.5,-115.0,-105.0
2024020854,UTA,PHI,2025-02-04,-148.0,124.0,5.5,-110.0,-110.0,-142.0,120.0,5.5,-120.0,-100.0
2024020855,VAN,COL,2025-02-04,136.0,-162.0,5.5,-111.0,-109.0,-100.0,-120.0,6.5,114.0,-135.0
2024020856,ANA,DAL,2025-02-04,210.0,-260.0,5.5,-115.0,-105.0,190.0,-230.0,5.5,-115.0,-105.0
2024020857,SEA,DET,2025-02-04,-112.0,-108.0,5.5,-120.0,100.0,-115.0,-105.0,6.5,110.0,-130.0
2024020858,SJS,MTL,2025-02-04,135.0,-162.0,6.5,114.0,-135.0,124.0,-148.0,6.5,114.0,-135.0
2024020859,NYR,BOS,2025-02-05,-245.0,200.0,6.5,105.0,-125.0,-166.0,140.0,5.5,-120.0,-100.0
2024020860,CHI,EDM,2025-02-05,240.0,-298.0,6.5,-112.0,-108.0,230.0,-285.0,6.5,114.0,-135.0
2024020861,LAK,MTL,2025-02-05,-270.0,220.0,5.5,-130.0,-108.0,-245.0,200.0,5.5,-120.0,-100.0
2024020862,TBL,OTT,2025-02-06,-166.0,140.0,5.5,-125.0,105.0,-162.0,136.0,5.5,-120.0,-100.0
2024020863,NJD,VGK,2025-02-06,102.0,-122.0,5.5,-105.0,-115.0,-130.0,110.0,5.5,-130.0,110.0
2024020864,PHI,WSH,2025-02-06,140.0,-166.0,5.5,-120.0,100.0,114.0,-135.0,5.5,-120.0,-100.0
2024020865,CBJ,UTA,2025-02-06,140.0,-165.0,5.5,-122.0,-102.0,-100.0,-120.0,6.5,114.0,-135.0
2024020866,STL,FLA,2025-02-06,145.0,-175.0,5.5,-120.0,100.0,130.0,-155.0,5.5,-125.0,105.0
2024020867,MIN,CAR,2025-02-06,160.0,-192.0,5.5,-108.0,-110.0,110.0,-130.0,5.5,-120.0,-100.0
2024020868,CGY,COL,2025-02-06,130.0,-155.0,5.5,-125.0,110.0,130.0,-155.0,5.5,-130.0,110.0
2024020869,SEA,TOR,2025-02-06,136.0,-162.0,6.5,110.0,-130.0,130.0,-155.0,6.5,105.0,-125.0
2024020870,SJS,VAN,2025-02-06,160.0,-192.0,5.5,-120.0,102.0,180.0,-218.0,6.5,114.0,-135.0
2024020871,NYR,PIT,2025-02-07,-219.0,180.0,5.5,-130.0,106.0,-180.0,150.0,6.5,105.0,-125.0
2024020872,WPG,NYI,2025-02-07,-192.0,160.0,5.5,-102.0,-120.0,-166.0,140.0,5.5,-120.0,-100.0
2024020873,CHI,NSH,2025-02-07,170.0,-205.0,6.5,110.0,-130.0,160.0,-192.0,5.5,-130.0,110.0
2024020874,EDM,COL,2025-02-07,-185.0,154.0,6.5,-122.0,102.0,-162.0,136.0,6.5,105.0,-125.0
2024020875,LAK,DAL,2025-02-07,-110.0,-110.0,5.5,102.0,-122.0,-110.0,-110.0,5.5,-115.0,-105.0
2024020876,MTL,NJD,2025-02-08,136.0,-162.0,5.5,-126.0,104.0,125.0,-152.0,5.5,-141.0,-100.0
2024020877,DET,TBL,2025-02-08,140.0,-166.0,6.5,110.0,-130.0,120.0,-141.0,6.5,-105.0,-125.0
2024020878,CAR,UTA,2025-02-08,-210.0,175.0,5.5,-102.0,-120.0,-250.0,200.0,5.5,-141.0,-100.0
2024020879,BOS,VGK,2025-02-08,130.0,-155.0,5.5,-120.0,-102.0,120.0,-141.0,5.5,-116.0,-105.0
2024020880,FLA,OTT,2025-02-08,-192.0,160.0,5.5,-110.0,-112.0,-185.0,155.0,5.5,-125.0,-105.0
2024020881,PHI,PIT,2025-02-08,-175.0,145.0,5.5,102.0,-120.0,-141.0,120.0,5.5,-135.0,-100.0
2024020882,CBJ,NYR,2025-02-08,124.0,-148.0,6.5,105.0,-125.0,136.0,-164.0,5.5,-138.0,112.0
2024020883,STL,CHI,2025-02-08,-255.0,205.0,5.5,-122.0,102.0,-220.0,180.0,5.5,-124.0,102.0
2024020884,VAN,TOR,2025-02-08,125.0,-150.0,5.5,100.0,-118.0,110.0,-132.0,5.5,-141.0,-100.0
2024020885,NSH,BUF,2025-02-08,-120.0,-102.0,6.5,-106.0,-113.0,-160.0,132.0,5.5,-140.0,114.0
2024020886,MIN,NYI,2025-02-08,-155.0,130.0,5.5,-102.0,-120.0,-156.0,130.0,5.5,-100.0,-122.0
2024020887,CGY,SEA,2025-02-08,-135.0,114.0,5.5,-120.0,102.0,-141.0,120.0,5.5,-125.0,-105.0
2024020888,LAK,ANA,2025-02-08,-235.0,195.0,5.5,-110.0,-110.0,-263.0,210.0,5.5,-147.0,105.0
2024020889,SJS,DAL,2025-02-08,195.0,-240.0,6.5,110.0,-130.0,235.0,-294.0,6.5,-100.0,-135.0
2024020890,WSH,UTA,2025-02-09,-192.0,160.0,5.5,-110.0,-112.0,-225.0,185.0,5.5,-115.0,-105.0
2024020891,MTL,TBL,2025-02-09,164.0,-198.0,6.5,-105.0,-120.0,124.0,-148.0,6.5,-100.0,-120.0
2024020892,PHI,EDM,2025-02-22,165.0,-200.0,6.5,114.0,-135.0,150.0,-180.0,6.5,110.0,-130.0
2024020893,PIT,WSH,2025-02-22,120.0,-142.0,5.5,-122.0,-102.0,120.0,-142.0,5.5,-135.0,114.0
2024020894,DET,MIN,2025-02-22,-140.0,120.0,5.5,-120.0,100.0,-120.0,-100.0,5.5,-115.0,-105.0
2024020895,BUF,NYR,2025-02-22,114.0,-135.0,6.5,104.0,-118.0,105.0,-125.0,5.5,-125.0,105.0
2024020896,FLA,SEA,2025-02-22,-258.0,210.0,5.5,-125.0,105.0,-250.0,205.0,5.5,-130.0,110.0
2024020897,NJD,DAL,2025-02-22,-120.0,100.0,5.5,-115.0,-108.0,-100.0,-120.0,5.5,-120.0,-100.0
2024020898,NSH,COL,2025-02-22,120.0,-142.0,6.5,100.0,-118.0,114.0,-135.0,5.5,-115.0,-105.0
2024020899,BOS,ANA,2025-02-22,-185.0,154.0,5.5,-115.0,-106.0,-230.0,190.0,5.5,-105.0,-115.0
2024020900,TOR,CAR,2025-02-22,100.0,-120.0,5.5,-123.0,105.0,-110.0,-110.0,5.5,-130.0,110.0
2024020901,OTT,MTL,2025-02-22,-166.0,140.0,5.5,-122.0,102.0,-180.0,150.0,5.5,-125.0,105.0
2024020902,CBJ,CHI,2025-02-22,-162.0,136.0,6.5,112.0,-135.0,-198.0,164.0,6.5,-100.0,-120.0
2024020903,STL,WPG,2025-02-22,-102.0,-118.0,5.5,-140.0,114.0,124.0,-148.0,5.5,-115.0,-105.0
2024020904,LAK,UTA,2025-02-22,-170.0,145.0,5.5,-102.0,-120.0,-180.0,150.0,5.5,-110.0,-110.0
2024020905,VGK,VAN,2025-02-22,-234.0,192.0,5.5,100.0,-120.0,-162.0,136.0,5.5,-125.0,105.0
2024020906,WSH,EDM,2025-02-23,110.0,-132.0,6.5,-125.0,105.0,105.0,-125.0,5.5,-115.0,-105.0
2024020907,PIT,NYR,2025-02-23,124.0,-148.0,6.5,102.0,-122.0,110.0,-130.0,5.5,-125.0,105.0
2024020908,DET,ANA,2025-02-23,-185.0,154.0,5.5,-115.0,-105.0,-192.0,160.0,5.5,-120.0,100.0
2024020909,TBL,SEA,2025-02-23,-285.0,230.0,6.5,100.0,-120.0,-230.0,190.0,6.5,110.0,-130.0
2024020910,STL,COL,2025-02-23,130.0,-155.0,5.5,-122.0,102.0,114.0,-135.0,6.5,105.0,-125.0
2024020911,NSH,NJD,2025-02-23,110.0,-130.0,5.5,-130.0,110.0,105.0,-125.0,5.5,-120.0,100.0
2024020912,CHI,TOR,2025-02-23,205.0,-250.0,6.0,-120.0,100.0,220.0,-270.0,6.5,110.0,-130.0
2024020913,NYI,DAL,2025-02-23,105.0,-125.0,5.5,-120.0,100.0,-105.0,-115.0,5.5,-115.0,-105.0
2024020914,CGY,SJS,2025-02-23,-245.0,200.0,6.5,105.0,-125.0,-238.0,195.0,6.5,105.0,-125.0
2024020915,UTA,VAN,2025-02-23,-165.0,140.0,5.5,100.0,-120.0,-130.0,110.0,5.5,-110.0,-110.0
2024020916,WPG,SJS,2025-02-24,-500.0,375.0,6.0,-120.0,100.0,-425.0,330.0,5.5,-125.0,105.0
2024020917,LAK,VGK,2025-02-24,-108.0,-115.0,5.5,-120.0,102.0,-115.0,-105.0,5.5,-115.0,-105.0
2024020918,BOS,TOR,2025-02-25,130.0,-155.0,5.5,-130.0,110.0,105.0,-126.0,5.5,-120.0,-102.0
2024020919,BUF,ANA,2025-02-25,-185.0,154.0,6.5,105.0,-125.0,-188.0,155.0,6.5,116.0,-142.0
2024020920,MTL,CAR,2025-02-25,180.0,-220.0,6.5,114.0,-135.0,164.0,-200.0,6.5,116.0,-142.0
2024020921,TBL,EDM,2025-02-25,-120.0,-102.0,6.5,-125.0,105.0,104.0,-125.0,6.5,104.0,-128.0
2024020922,PHI,PIT,2025-02-25,-122.0,102.0,5.5,-122.0,102.0,-152.0,125.0,5.5,-147.0,105.0
2024020923,WSH,CGY,2025-02-25,-218.0,180.0,6.5,110.0,-130.0,-225.0,184.0,5.5,-140.0,114.0
2024020924,CBJ,DAL,2025-02-25,170.0,-205.0,6.5,110.0,-130.0,138.0,-166.0,6.5,114.0,-140.0
2024020925,NYI,NYR,2025-02-25,-110.0,-115.0,5.5,-130.0,106.0,105.0,-126.0,5.5,-124.0,102.0
2024020926,STL,SEA,2025-02-25,-142.0,120.0,5.5,-110.0,-112.0,-146.0,122.0,5.5,-118.0,-104.0
2024020927,NSH,FLA,2025-02-25,136.0,-162.0,5.5,-130.0,110.0,-105.0,-114.0,5.5,-134.0,110.0
2024020928,MIN,DET,2025-02-25,-120.0,-102.0,5.5,-120.0,100.0,-154.0,128.0,5.5,-122.0,-100.0
2024020929,UTA,CHI,2025-02-25,-275.0,220.0,6.5,100.0,-120.0,-222.0,180.0,6.5,105.0,-147.0
2024020930,OTT,WPG,2025-02-26,130.0,-155.0,5.5,110.0,-130.0,110.0,-130.0,5.5,-120.0,-100.0
2024020931,COL,NJD,2025-02-26,-162.0,136.0,5.5,-120.0,100.0,-135.0,114.0,5.5,-130.0,110.0
2024020932,LAK,VAN,2025-02-26,-180.0,150.0,5.5,117.0,-140.0,-175.0,145.0,5.5,-110.0,-110.0
2024020933,BOS,NYI,2025-02-27,-104.0,-118.0,5.5,-130.0,110.0,-130.0,110.0,5.5,-120.0,-100.0
2024020934,MTL,SJS,2025-02-27,-225.0,185.0,5.5,-140.0,114.0,-205.0,170.0,6.5,110.0,-130.0
2024020935,DET,CBJ,2025-02-27,-155.0,130.0,6.5,110.0,-130.0,-167.0,140.0,6.5,-110.0,-110.0
2024020936,TBL,CGY,2025-02-27,-225.0,184.0,5.5,-134.0,110.0,-218.0,180.0,5.5,-115.0,-105.0
2024020937,FLA,EDM,2025-02-27,-142.0,120.0,6.5,-105.0,-115.0,-120.0,-100.0,6.5,110.0,-130.0
2024020938,PIT,PHI,2025-02-27,-115.0,-105.0,5.5,-125.0,105.0,-120.0,100.0,6.5,110.0,-130.0
2024020939,WSH,STL,2025-02-27,-155.0,130.0,5.5,-122.0,105.0,-175.0,145.0,5.5,-130.0,110.0
2024020940,CAR,BUF,2025-02-27,-220.0,180.0,6.5,-105.0,-120.0,165.0,-200.0,6.0,-110.0,-110.0
2024020941,NSH,WPG,2025-02-27,110.0,-130.0,5.5,-125.0,105.0,-100.0,-120.0,5.5,-115.0,-105.0
2024020942,UTA,MIN,2025-02-27,-180.0,150.0,5.5,-120.0,-102.0,-120.0,-100.0,5.5,-120.0,-100.0
2024020943,VGK,CHI,2025-02-27,-425.0,330.0,6.5,110.0,-130.0,-385.0,300.0,6.5,105.0,-125.0
2024020944,ANA,VAN,2025-02-27,-105.0,-115.0,5.5,-112.0,-110.0,145.0,-175.0,5.5,-135.0,114.0
2024020945,NYR,TOR,2025-02-28,-102.0,-120.0,6.5,110.0,-130.0,-100.0,-120.0,6.5,105.0,-125.0
2024020946,DAL,LAK,2025-02-28,-130.0,110.0,5.5,-108.0,-112.0,-142.0,120.0,5.5,-115.0,-105.0
2024020947,COL,MIN,2025-02-28,-340.0,270.0,5.5,-142.0,120.0,-192.0,160.0,5.5,-135.0,114.0
2024020948,CBJ,DET,2025-03-01,-105.0,-115.0,6.5,-102.0,-115.0,122.0,-146.0,5.5,-124.0,102.0
2024020949,NYI,NSH,2025-03-01,-159.0,133.0,5.5,-115.0,-105.0,-130.0,110.0,5.5,-115.0,-105.0
2024020950,WSH,TBL,2025-03-01,-105.0,-115.0,5.5,-130.0,110.0,-130.0,110.0,5.5,-125.0,105.0
2024020951,FLA,CGY,2025-03-01,-278.0,225.0,5.5,-122.0,100.0,-218.0,180.0,5.5,-120.0,-100.0
2024020952,PIT,BOS,2025-03-01,-135.0,114.0,6.5,-105.0,-115.0,-100.0,-120.0,6.5,110.0,-130.0
2024020953,BUF,MTL,2025-03-01,-148.0,124.0,6.5,-110.0,-110.0,-155.0,130.0,6.5,114.0,-135.0
2024020954,OTT,SJS,2025-03-01,-310.0,250.0,5.5,-134.0,110.0,-298.0,240.0,5.5,-130.0,110.0
2024020955,CAR,EDM,2025-03-01,-166.0,140.0,6.5,-115.0,100.0,-120.0,-100.0,6.5,105.0,-125.0
2024020956,WPG,PHI,2025-03-01,-230.0,188.0,5.5,-110.0,-110.0,-222.0,180.0,5.5,-115.0,-105.0
2024020957,STL,LAK,2025-03-01,-110.0,-112.0,5.5,110.0,-130.0,-105.0,-115.0,5.5,-120.0,-100.0
2024020958,UTA,NJD,2025-03-01,-112.0,-110.0,5.5,-105.0,-115.0,110.0,-130.0,5.5,-135.0,114.0
2024020959,ANA,CHI,2025-03-01,-155.0,130.0,5.5,-128.0,105.0,-155.0,130.0,5.5,-135.0,114.0
2024020960,SEA,VAN,2025-03-01,-118.0,-102.0,5.5,-105.0,-125.0,105.0,-125.0,5.5,-110.0,-110.0
2024020961,PIT,TOR,2025-03-02,160.0,-192.0,6.5,-105.0,-115.0,155.0,-187.0,6.5,-105.0,-115.0
2024020962,MIN,BOS,2025-03-02,-162.0,136.0,5.5,-105.0,-115.0,-148.0,124.0,5.5,-120.0,100.0
2024020963,CAR,CGY,2025-03-02,-315.0,255.0,5.5,-130.0,110.0,-247.0,200.0,5.5,-120.0,100.0
2024020964,DAL,STL,2025-03-02,-225.0,185.0,5.5,-128.0,105.0,-245.0,200.0,5.5,-125.0,105.0
2024020965,NYR,NSH,2025-03-02,-185.0,154.0,6.5,100.0,-115.0,-180.0,150.0,5.5,-125.0,105.0
2024020966,VGK,NJD,2025-03-02,-162.0,136.0,5.5,-122.0,102.0,-164.0,138.0,5.5,-130.0,110.0
2024020967,WSH,OTT,2025-03-03,-142.0,120.0,5.5,-115.0,-105.0,-162.0,136.0,5.5,-120.0,-100.0
2024020968,MTL,BUF,2025-03-03,-126.0,110.0,6.5,100.0,-120.0,-115.0,-105.0,5.5,-120.0,-100.0
2024020969,FLA,TBL,2025-03-03,-150.0,125.0,5.5,-118.0,100.0,-142.0,120.0,5.5,-120.0,-100.0
2024020970,NYR,NYI,2025-03-03,-110.0,-114.0,6.0,-114.0,-104.0,-125.0,105.0,5.5,-120.0,-100.0
2024020971,TOR,SJS,2025-03-03,-325.0,260.0,6.5,100.0,-118.0,-340.0,270.0,6.5,110.0,-130.0
2024020972,CHI,LAK,2025-03-03,215.0,-265.0,5.5,-118.0,-102.0,205.0,-250.0,5.5,-125.0,105.0
2024020973,BOS,NSH,2025-03-04,-135.0,114.0,5.5,-115.0,-105.0,-130.0,110.0,5.5,-105.0,-115.0
2024020974,BUF,SJS,2025-03-04,-218.0,180.0,6.5,-105.0,-115.0,-270.0,220.0,6.5,-100.0,-120.0
2024020975,DET,CAR,2025-03-04,165.0,-200.0,6.5,104.0,-115.0,130.0,-155.0,5.5,-130.0,110.0
2024020976,TBL,CBJ,2025-03-04,-150.0,125.0,6.5,-130.0,108.0,-210.0,172.0,6.5,-110.0,-110.0
2024020977,PHI,CGY,2025-03-04,-148.0,124.0,5.5,-115.0,-105.0,-135.0,114.0,5.5,-115.0,-105.0
2024020978,NYI,WPG,2025-03-04,164.0,-198.0,5.5,-112.0,-110.0,130.0,-155.0,5.5,-110.0,-110.0
2024020979,DAL,NJD,2025-03-04,-155.0,130.0,5.5,-124.0,-102.0,-155.0,130.0,5.5,-130.0,110.0
2024020980,COL,PIT,2025-03-04,-275.0,225.0,6.5,-112.0,-105.0,-255.0,205.0,6.5,110.0,-134.0
2024020981,EDM,ANA,2025-03-04,-365.0,285.0,6.5,-120.0,-104.0,-357.0,275.0,5.5,-141.0,-100.0
2024020982,SEA,MIN,2025-03-04,-120.0,100.0,5.5,-105.0,-115.0,-116.0,-105.0,5.5,-125.0,-105.0
2024020983,NYR,WSH,2025-03-05,-111.0,-110.0,5.5,-128.0,105.0,-110.0,-110.0,5.5,-120.0,100.0
2024020984,CHI,OTT,2025-03-05,195.0,-240.0,6.5,114.0,-135.0,170.0,-205.0,5.5,-125.0,105.0
2024020985,VGK,TOR,2025-03-05,-180.0,150.0,6.5,114.0,-135.0,-120.0,100.0,6.5,110.0,-130.0
2024020986,VAN,ANA,2025-03-05,-218.0,180.0,5.5,-115.0,-105.0,-258.0,210.0,5.5,-105.0,-115.0
2024020987,LAK,STL,2025-03-05,-162.0,136.0,5.5,110.0,-130.0,-180.0,150.0,5.5,-115.0,-105.0
2024020988,DET,UTA,2025-03-06,115.0,-135.0,6.5,114.0,-135.0,-125.0,105.0,6.5,105.0,-147.0
2024020989,TBL,BUF,2025-03-06,-245.0,198.0,6.5,100.0,-120.0,-222.0,180.0,6.5,110.0,-152.0
2024020990,FLA,CBJ,2025-03-06,-315.0,250.0,6.5,110.0,-130.0,-263.0,210.0,6.5,105.0,-147.0
2024020991,PHI,WPG,2025-03-06,114.0,-135.0,5.5,-122.0,100.0,125.0,-152.0,5.5,-147.0,105.0
2024020992,CAR,BOS,2025-03-06,-340.0,270.0,5.5,-134.0,110.0,-278.0,225.0,5.5,-125.0,-105.0
2024020993,NSH,SEA,2025-03-06,-130.0,110.0,5.5,-120.0,100.0,-135.0,115.0,5.5,-125.0,-105.0
2024020994,DAL,CGY,2025-03-06,-258.0,210.0,6.5,110.0,-130.0,-263.0,210.0,5.5,-152.0,110.0
2024020995,EDM,MTL,2025-03-06,-240.0,195.0,6.5,-118.0,-102.0,-286.0,230.0,6.5,-100.0,-135.0
2024020996,COL,SJS,2025-03-06,-450.0,340.0,6.5,105.0,-125.0,-435.0,325.0,6.5,110.0,-152.0
2024020997,NJD,WPG,2025-03-07,102.0,-122.0,5.5,118.0,-144.0,-111.0,-111.0,5.5,-125.0,-105.0
2024020998,WSH,DET,2025-03-07,-230.0,190.0,6.5,105.0,-125.0,-233.0,190.0,5.5,-147.0,105.0
2024020999,CHI,UTA,2025-03-07,145.0,-170.0,6.5,114.0,-134.0,135.0,-161.0,6.5,-105.0,-125.0
2024021000,VAN,MIN,2025-03-07,-128.0,106.0,5.5,105.0,-128.0,-125.0,104.0,5.5,-100.0,-122.0
2024021001,VGK,PIT,2025-03-07,-238.0,195.0,6.5,-115.0,-105.0,-263.0,210.0,6.5,-105.0,-125.0
2024021002,ANA,STL,2025-03-07,142.0,-170.0,5.5,-120.0,105.0,120.0,-141.0,5.5,-116.0,-105.0
2024021003,OTT,NYR,2025-03-08,-128.0,106.0,5.5,-120.0,-102.0,-120.0,-100.0,5.5,-125.0,105.0
2024021004,PHI,SEA,2025-03-08,-148.0,124.0,6.0,-110.0,-110.0,-135.0,114.0,5.5,-120.0,-100.0
2024021005,TBL,BOS,2025-03-08,-298.0,240.0,5.5,-125.0,105.0,-198.0,164.0,5.5,-110.0,-110.0
2024021006,FLA,BUF,2025-03-08,-258.0,210.0,6.5,100.0,-118.0,-245.0,200.0,6.5,114.0,-135.0
2024021007,COL,TOR,2025-03-08,-160.0,135.0,6.5,-112.0,-110.0,-130.0,110.0,6.5,114.0,-135.0
2024021008,CGY,MTL,2025-03-08,-135.0,114.0,5.5,-125.0,105.0,-142.0,120.0,5.5,-120.0,-100.0
2024021009,NSH,CHI,2025-03-08,-250.0,205.0,6.5,100.0,-115.0,-258.0,210.0,6.5,114.0,-135.0
2024021010,LAK,STL,2025-03-08,-220.0,180.0,5.5,-102.0,-118.0,-198.0,164.0,5.5,-115.0,-105.0
2024021011,EDM,DAL,2025-03-08,-105.0,-115.0,6.5,-120.0,100.0,-130.0,110.0,5.5,-130.0,110.0
2024021012,SJS,NYI,2025-03-08,136.0,-162.0,5.5,-135.0,114.0,160.0,-192.0,5.5,-130.0,110.0
2024021013,PHI,NJD,2025-03-09,130.0,-155.0,5.5,-108.0,-112.0,124.0,-148.0,5.5,-120.0,-100.0
2024021014,WSH,SEA,2025-03-09,-260.0,210.0,5.5,-130.0,110.0,-250.0,205.0,5.5,-125.0,105.0
2024021015,MIN,PIT,2025-03-09,-142.0,120.0,5.5,-130.0,110.0,-170.0,142.0,6.5,110.0,-130.0
2024021016,CAR,WPG,2025-03-09,-120.0,100.0,5.5,-102.0,-115.0,-135.0,114.0,5.5,-120.0,-100.0
2024021017,NYR,CBJ,2025-03-09,-135.0,114.0,6.5,-115.0,-105.0,-142.0,120.0,6.5,105.0,-125.0
2024021018,VGK,LAK,2025-03-09,-192.0,160.0,5.5,-120.0,100.0,-170.0,142.0,5.5,-120.0,-100.0
2024021019,VAN,DAL,2025-03-09,-102.0,-122.0,5.5,-125.0,105.0,120.0,-142.0,5.5,-120.0,-100.0
2024021020,ANA,NYI,2025-03-09,-115.0,-105.0,5.5,-130.0,110.0,110.0,-130.0,5.5,-115.0,-105.0
2024021021,BUF,EDM,2025-03-10,160.0,-192.0,6.5,-125.0,105.0,145.0,-175.0,6.5,105.0,-125.0
2024021022,OTT,DET,2025-03-10,-175.0,145.0,6.0,-110.0,-110.0,-148.0,124.0,5.5,-125.0,105.0
2024021023,COL,CHI,2025-03-10,-550.0,410.0,6.5,-105.0,-115.0,-395.0,310.0,6.5,110.0,-130.0
2024021024,UTA,TOR,2025-03-10,-105.0,-118.0,6.5,110.0,-130.0,114.0,-135.0,5.5,-125.0,105.0
2024021025,BOS,FLA,2025-03-11,170.0,-210.0,5.5,-102.0,-115.0,150.0,-180.0,5.5,-115.0,-105.0
2024021026,NJD,CBJ,2025-03-11,-162.0,136.0,5.5,-120.0,-102.0,-166.0,140.0,6.5,-105.0,-115.0
2024021027,PHI,OTT,2025-03-11,105.0,-125.0,5.5,-110.0,-110.0,110.0,-130.0,5.5,-110.0,-110.0
2024021028,PIT,VGK,2025-03-11,160.0,-190.0,6.5,100.0,-122.0,145.0,-175.0,6.5,-100.0,-120.0
2024021029,CAR,TBL,2025-03-11,-125.0,105.0,5.5,-118.0,-105.0,-125.0,105.0,5.5,-125.0,105.0
2024021030,MIN,COL,2025-03-11,130.0,-155.0,5.5,-112.0,-106.0,-100.0,-120.0,5.5,-125.0,105.0
2024021031,WPG,NYR,2025-03-11,-192.0,160.0,5.5,-125.0,105.0,-162.0,136.0,5.5,-120.0,-100.0
2024021032,VAN,MTL,2025-03-11,-140.0,118.0,5.5,100.0,-120.0,-170.0,142.0,5.5,-110.0,-110.0
2024021033,ANA,WSH,2025-03-11,170.0,-205.0,6.5,114.0,-135.0,170.0,-205.0,5.5,-115.0,-105.0
2024021034,LAK,NYI,2025-03-11,-194.0,160.0,5.5,100.0,-120.0,-167.0,140.0,5.5,-110.0,-110.0
2024021035,SJS,NSH,2025-03-11,140.0,-166.0,6.5,-105.0,-115.0,160.0,-192.0,5.5,-120.0,-100.0
2024021036,DET,BUF,2025-03-12,-155.0,130.0,6.5,-115.0,-110.0,-135.0,114.0,5.5,-130.0,110.0
2024021037,CGY,VAN,2025-03-12,-142.0,120.0,5.5,110.0,-130.0,-125.0,105.0,5.5,-105.0,-115.0
2024021038,UTA,ANA,2025-03-12,-305.0,245.0,6.5,-104.0,-118.0,-205.0,170.0,5.5,-120.0,-100.0
2024021039,SEA,MTL,2025-03-12,-150.0,-125.0,6.5,110.0,-130.0,-155.0,130.0,5.5,-115.0,-105.0
2024021040,TOR,FLA,2025-03-13,112.0,-134.0,5.5,-120.0,100.0,-115.0,-105.0,5.5,-130.0,110.0
2024021041,OTT,BOS,2025-03-13,-198.0,164.0,5.5,-102.0,-118.0,-166.0,140.0,5.5,-105.0,-115.0
2024021042,NJD,EDM,2025-03-13,115.0,-142.0,5.5,-130.0,110.0,105.0,-125.0,6.5,-100.0,-120.0
2024021043,PHI,TBL,2025-03-13,130.0,-155.0,5.5,-140.0,110.0,150.0,-180.0,5.5,-130.0,110.0
2024021044,PIT,STL,2025-03-13,110.0,-130.0,5.5,-115.0,-105.0,-115.0,-105.0,6.5,110.0,-130.0
2024021045,CBJ,VGK,2025-03-13,158.0,-190.0,6.5,-100.0,-120.0,120.0,-142.0,6.5,105.0,-125.0
2024021046,MIN,NYR,2025-03-13,-108.0,-112.0,5.5,-110.0,-110.0,-115.0,-105.0,5.5,-120.0,-100.0
2024021047,LAK,WSH,2025-03-13,-135.0,114.0,5.5,-115.0,-105.0,-115.0,-105.0,5.5,-125.0,105.0
2024021048,SJS,CHI,2025-03-13,-125.0,105.0,6.5,105.0,-122.0,-120.0,-100.0,6.5,114.0,-135.0
2024021049,CAR,DET,2025-03-14,-260.0,210.0,5.5,-135.0,114.0,-240.0,195.0,5.5,-130.0,106.0
2024021050,NYI,EDM,2025-03-14,114.0,-135.0,6.5,-112.0,-108.0,122.0,-146.0,6.5,110.0,-134.0
2024021051,WPG,DAL,2025-03-14,-130.0,110.0,5.5,-115.0,-105.0,-144.0,120.0,5.5,-110.0,-110.0
2024021052,CGY,COL,2025-03-14,171.0,-210.0,5.5,-123.0,103.0,152.0,-184.0,5.5,-134.0,110.0
2024021053,ANA,NSH,2025-03-14,134.0,-161.0,6.5,101.0,-121.0,118.0,-144.0,6.5,112.0,-138.0
2024021054,SEA,UTA,2025-03-14,130.0,-155.0,6.5,109.0,-117.0,108.0,-130.0,5.5,-134.0,110.0
2024021055,BUF,VGK,2025-03-15,165.0,-200.0,6.5,100.0,-120.0,124.0,-148.0,6.5,110.0,-130.0
2024021056,PIT,NJD,2025-03-15,120.0,-142.0,5.5,100.0,-120.0,120.0,-142.0,5.5,-130.0,110.0
2024021057,SJS,WSH,2025-03-15,205.0,-255.0,6.5,110.0,-130.0,220.0,-270.0,5.5,-130.0,110.0
2024021058,BOS,TBL,2025-03-15,155.0,-185.0,5.5,-115.0,-105.0,124.0,-148.0,5.5,-120.0,-100.0
2024021059,TOR,OTT,2025-03-15,-142.0,115.0,6.0,-110.0,-110.0,-166.0,140.0,6.5,110.0,-130.0
2024021060,MTL,FLA,2025-03-15,170.0,-205.0,5.5,105.0,-125.0,160.0,-192.0,5.5,-130.0,110.0
2024021061,PHI,CAR,2025-03-15,145.0,-175.0,5.5,110.0,-130.0,124.0,-148.0,5.5,-130.0,110.0
2024021062,CBJ,NYR,2025-03-15,120.0,-142.0,6.5,104.0,-125.0,110.0,-130.0,6.5,114.0,-135.0
2024021063,MIN,STL,2025-03-15,-115.0,-110.0,5.5,105.0,-125.0,-148.0,124.0,5.5,-110.0,-110.0
2024021064,LAK,NSH,2025-03-15,-258.0,210.0,5.5,-118.0,-102.0,-218.0,180.0,5.5,-115.0,-105.0
2024021065,VAN,CHI,2025-03-15,-278.0,225.0,5.5,-115.0,-105.0,-270.0,220.0,5.5,-130.0,110.0
2024021066,DET,VGK,2025-03-16,105.0,-125.0,6.5,102.0,-122.0,110.0,-132.0,6.5,114.0,-140.0
2024021067,COL,DAL,2025-03-16,-125.0,105.0,6.5,110.0,-130.0,-137.0,114.0,5.5,-140.0,114.0
2024021068,STL,ANA,2025-03-16,-185.0,154.0,5.5,-120.0,100.0,-205.0,168.0,5.5,-122.0,-100.0
2024021069,NYR,EDM,2025-03-16,124.0,-148.0,6.5,-108.0,-112.0,118.0,-142.0,6.5,-105.0,-115.0
2024021070,NYI,FLA,2025-03-16,125.0,-154.0,5.5,-108.0,-112.0,118.0,-142.0,5.5,-128.0,104.0
2024021071,VAN,UTA,2025-03-16,115.0,-135.0,5.5,100.0,-115.0,-110.0,-110.0,5.5,-134.0,110.0
2024021072,SEA,WPG,2025-03-16,130.0,-155.0,5.5,-135.0,114.0,158.0,-192.0,5.5,-100.0,-122.0
2024021073,BOS,BUF,2025-03-17,-105.0,-115.0,6.5,114.0,-135.0,-141.0,120.0,5.5,-125.0,-105.0
2024021074,TBL,PHI,2025-03-17,-325.0,260.0,5.5,-120.0,100.0,-244.0,195.0,5.5,-152.0,110.0
2024021075,CBJ,NJD,2025-03-17,110.0,-143.0,5.5,-122.0,-110.0,102.0,-122.0,6.5,116.0,-142.0
2024021076,TOR,CGY,2025-03-17,-205.0,170.0,5.5,-120.0,100.0,-200.0,165.0,6.5,105.0,-147.0
2024021077,MIN,LAK,2025-03-17,130.0,-155.0,5.5,120.0,-142.0,115.0,-135.0,5.5,-105.0,-125.0
2024021078,MTL,OTT,2025-03-18,120.0,-142.0,5.5,-118.0,-102.0,114.0,-135.0,5.5,-120.0,-100.0
2024021079,NYR,CGY,2025-03-18,-280.0,230.0,5.5,-120.0,100.0,-198.0,164.0,5.5,-120.0,-100.0
2024021080,PIT,NYI,2025-03-18,-108.0,-112.0,5.5,-120.0,100.0,-105.0,-115.0,5.5,-130.0,110.0
2024021081,WSH,DET,2025-03-18,-175.0,145.0,6.5,108.0,-125.0,-192.0,160.0,6.5,110.0,-130.0
2024021082,NSH,STL,2025-03-18,-105.0,-118.0,5.5,-105.0,-118.0,-130.0,110.0,5.5,-110.0,-110.0
2024021083,DAL,ANA,2025-03-18,-350.0,275.0,6.5,110.0,-130.0,-355.0,280.0,5.5,-120.0,-100.0
2024021084,CHI,SEA,2025-03-18,125.0,-150.0,5.5,-135.0,114.0,130.0,-155.0,5.5,-125.0,105.0
2024021085,EDM,UTA,2025-03-18,-155.0,130.0,6.5,105.0,-125.0,-192.0,160.0,5.5,-135.0,114.0
2024021086,VAN,WPG,2025-03-18,145.0,-170.0,5.5,114.0,-135.0,110.0,-130.0,5.5,-120.0,-100.0
2024021087,TOR,COL,2025-03-19,110.0,-130.0,6.0,-110.0,-110.0,105.0,-125.0,6.5,112.0,-138.0
2024021088,MIN,SEA,2025-03-19,-175.0,145.0,5.5,-112.0,-108.0,-166.0,138.0,5.5,-128.0,104.0
2024021089,OTT,COL,2025-03-20,-105.0,-115.0,6.5,105.0,-125.0,-110.0,-110.0,6.5,105.0,-125.0
2024021090,NJD,CGY,2025-03-20,-178.0,146.0,5.5,114.0,-135.0,-180.0,150.0,5.5,-125.0,105.0
2024021091,NYR,TOR,2025-03-20,-130.0,110.0,5.5,-120.0,100.0,-120.0,-100.0,5.5,-120.0,-100.0
2024021092,WSH,PHI,2025-03-20,-245.0,200.0,5.5,-120.0,100.0,-230.0,190.0,5.5,-120.0,-100.0
2024021093,CBJ,FLA,2025-03-20,150.0,-180.0,5.5,-130.0,110.0,145.0,-175.0,5.5,-125.0,105.0
2024021094,NYI,MTL,2025-03-20,-142.0,120.0,5.5,-128.0,105.0,-155.0,130.0,5.5,-110.0,-110.0
2024021095,STL,VAN,2025-03-20,-140.0,120.0,5.5,124.0,-148.0,-120.0,-100.0,5.5,-125.0,105.0
2024021096,NSH,ANA,2025-03-20,-170.0,142.0,6.5,-122.0,102.0,-175.0,145.0,5.5,-110.0,-110.0
2024021097,DAL,TBL,2025-03-20,102.0,-122.0,6.0,-105.0,-115.0,-142.0,120.0,5.5,-120.0,-100.0
2024021098,CHI,LAK,2025-03-20,220.0,-275.0,5.5,-115.0,-105.0,200.0,-245.0,5.5,-120.0,-100.0
2024021099,EDM,WPG,2025-03-20,-104.0,-118.0,5.5,-130.0,106.0,-135.0,114.0,6.5,114.0,-135.0
2024021100,UTA,BUF,2025-03-20,-192.0,160.0,6.5,102.0,-120.0,-155.0,130.0,6.5,110.0,-130.0
2024021101,VGK,BOS,2025-03-20,-305.0,245.0,5.5,-120.0,100.0,-225.0,185.0,5.5,-135.0,114.0
2024021102,SJS,CAR,2025-03-20,285.0,-360.0,5.5,-125.0,105.0,245.0,-305.0,6.5,114.0,-135.0
2024021103,PIT,CBJ,2025-03-21,-115.0,-105.0,6.5,102.0,-122.0,-135.0,114.0,5.5,-135.0,114.0
2024021104,NYR,VAN,2025-03-22,-160.0,135.0,5.5,114.0,-135.0,-142.0,120.0,5.5,-125.0,105.0
2024021105,DAL,PHI,2025-03-22,-298.0,240.0,5.5,-118.0,-104.0,-265.0,215.0,5.5,-120.0,-100.0
2024021106,MIN,BUF,2025-03-22,-142.0,120.0,5.5,-115.0,-105.0,-155.0,130.0,5.5,-125.0,105.0
2024021107,STL,CHI,2025-03-22,-340.0,270.0,5.5,-115.0,-105.0,-250.0,205.0,5.5,-135.0,114.0
2024021108,NYI,CGY,2025-03-22,-142.0,120.0,5.5,-125.0,105.0,-142.0,120.0,5.5,-110.0,-110.0
2024021109,LAK,CAR,2025-03-22,-108.0,-112.0,5.5,120.0,-142.0,-112.0,-108.0,5.5,-110.0,-110.0
2024021110,WSH,FLA,2025-03-22,-112.0,-108.0,5.5,-110.0,-112.0,-110.0,-110.0,5.5,-135.0,114.0
2024021111,UTA,TBL,2025-03-22,-118.0,-104.0,6.5,105.0,-125.0,110.0,-130.0,5.5,-130.0,110.0
2024021112,MTL,COL,2025-03-22,150.0,-180.0,6.5,105.0,-125.0,154.0,-185.0,5.5,-135.0,114.0
2024021113,NJD,OTT,2025-03-22,-125.0,-100.0,5.5,100.0,-120.0,-125.0,105.0,5.5,-130.0,110.0
2024021114,NSH,TOR,2025-03-22,142.0,-170.0,5.5,-125.0,105.0,130.0,-155.0,5.5,-120.0,-100.0
2024021115,VGK,DET,2025-03-22,-210.0,172.0,5.5,-130.0,110.0,-198.0,164.0,5.5,-130.0,110.0
2024021116,EDM,SEA,2025-03-22,-155.0,130.0,5.5,-128.0,105.0,-218.0,180.0,6.5,110.0,-130.0
2024021117,SJS,BOS,2025-03-22,-106.0,-113.0,5.5,-122.0,102.0,140.0,-166.0,5.5,-120.0,-100.0
2024021118,CHI,PHI,2025-03-23,120.0,-142.0,5.5,-105.0,-115.0,124.0,-148.0,5.5,-130.0,110.0
2024021119,WPG,BUF,2025-03-23,-300.0,240.0,6.5,109.0,-130.0,-305.0,245.0,5.5,-130.0,110.0
2024021120,FLA,PIT,2025-03-23,-258.0,210.0,5.5,-124.0,102.0,-238.0,195.0,6.5,110.0,-130.0
2024021121,STL,NSH,2025-03-23,-185.0,154.0,5.5,102.0,-122.0,-192.0,160.0,5.5,-125.0,105.0
2024021122,VGK,TBL,2025-03-23,-115.0,-105.0,6.5,110.0,-130.0,-125.0,105.0,6.5,114.0,-135.0
2024021123,ANA,CAR,2025-03-23,180.0,-220.0,5.5,-132.0,108.0,160.0,-192.0,5.5,-130.0,110.0
2024021124,LAK,BOS,2025-03-23,-285.0,230.0,5.5,114.0,-135.0,-218.0,180.0,5.5,-105.0,-115.0
2024021125,NJD,VAN,2025-03-24,-150.0,125.0,5.0,-120.0,100.0,-161.0,135.0,5.5,-105.0,-125.0
2024021126,NYI,CBJ,2025-03-24,-125.0,105.0,6.0,-110.0,-110.0,-152.0,125.0,5.5,-147.0,105.0
2024021127,DAL,MIN,2025-03-24,-218.0,180.0,5.5,-100.0,-120.0,-233.0,190.0,5.5,-116.0,-105.0
2024021128,UTA,DET,2025-03-24,-166.0,140.0,6.5,102.0,-122.0,-152.0,125.0,5.5,-147.0,105.0
2024021129,BUF,OTT,2025-03-25,136.0,-163.0,6.5,102.0,-122.0,114.0,-135.0,6.5,110.0,-130.0
2024021130,TOR,PHI,2025-03-25,-264.0,215.0,5.5,-110.0,-110.0,-245.0,200.0,5.5,-130.0,110.0
2024021131,TBL,PIT,2025-03-25,-305.0,245.0,6.5,-103.0,-118.0,-245.0,200.0,6.5,-105.0,-115.0
2024021132,CAR,NSH,2025-03-25,-270.0,220.0,5.5,-113.0,-108.0,-245.0,200.0,5.5,-125.0,105.0
2024021133,STL,MTL,2025-03-25,-155.0,130.0,5.5,-108.0,-112.0,-162.0,136.0,5.5,-120.0,-100.0
2024021134,MIN,VGK,2025-03-25,180.0,-218.0,5.5,-112.0,-105.0,136.0,-162.0,5.5,-125.0,105.0
2024021135,WPG,WSH,2025-03-25,-150.0,125.0,5.5,-112.0,-108.0,-130.0,110.0,5.5,-115.0,-105.0
2024021136,COL,DET,2025-03-25,-330.0,260.0,6.5,108.0,-120.0,-265.0,215.0,6.5,110.0,-130.0
2024021137,CGY,SEA,2025-03-25,-140.0,118.0,5.5,-115.0,-105.0,-148.0,124.0,5.5,-110.0,-110.0
2024021138,LAK,NYR,2025-03-25,-185.0,155.0,5.5,-100.0,-120.0,-162.0,136.0,5.5,-115.0,-105.0
2024021139,NYI,VAN,2025-03-26,-118.0,-102.0,5.5,124.0,-148.0,-120.0,-100.0,5.5,105.0,-125.0
2024021140,CHI,NJD,2025-03-26,185.0,-225.0,5.5,-120.0,-105.0,180.0,-218.0,5.5,-100.0,-120.0
2024021141,EDM,DAL,2025-03-26,114.0,-137.0,6.5,105.0,-125.0,124.0,-148.0,5.5,-125.0,105.0
2024021142,ANA,BOS,2025-03-26,-148.0,124.0,5.5,-135.0,114.0,-110.0,-110.0,5.5,-110.0,-110.0
2024021143,BUF,PIT,2025-03-27,-136.0,114.0,6.5,110.0,-132.0,-135.0,114.0,6.5,114.0,-135.0
2024021144,DET,OTT,2025-03-27,116.0,-142.0,5.5,-128.0,105.0,-105.0,-115.0,5.5,-125.0,105.0
2024021145,TBL,UTA,2025-03-27,-200.0,164.0,6.5,-100.0,-120.0,-192.0,160.0,6.5,114.0,-135.0
2024021146,PHI,MTL,2025-03-27,111.0,-132.0,5.5,-130.0,110.0,-122.0,102.0,5.5,-130.0,110.0
2024021147,NSH,STL,2025-03-27,115.0,-138.0,5.5,110.0,-131.0,-100.0,-120.0,5.5,-110.0,-110.0
2024021148,MIN,WSH,2025-03-27,118.0,-142.0,5.5,-105.0,-115.0,110.0,-130.0,5.5,-110.0,-110.0
2024021149,COL,LAK,2025-03-27,-166.0,139.0,5.5,-115.0,-105.0,-142.0,120.0,5.5,-135.0,114.0
2024021150,CGY,DAL,2025-03-27,110.0,-130.0,5.5,-126.0,104.0,125.0,-152.0,5.5,-125.0,-105.0
2024021151,SEA,EDM,2025-03-27,102.0,-122.0,6.5,111.0,-134.0,-100.0,-120.0,5.5,-141.0,-100.0
2024021152,SJS,TOR,2025-03-27,202.0,-247.0,5.5,-140.0,114.0,230.0,-286.0,6.5,110.0,-152.0
2024021153,FLA,UTA,2025-03-28,-260.0,210.0,5.5,-115.0,-103.0,-250.0,202.0,5.5,-122.0,-100.0
2024021154,CAR,MTL,2025-03-28,-352.0,277.0,5.5,-135.0,114.0,-335.0,265.0,5.5,-134.0,110.0
2024021155,CBJ,VAN,2025-03-28,-142.0,120.0,5.5,-115.0,-109.0,-108.0,-111.0,5.5,-132.0,108.0
2024021156,WPG,NJD,2025-03-28,-220.0,180.0,5.5,105.0,-125.0,-182.0,150.0,5.5,-108.0,-112.0
2024021157,CHI,VGK,2025-03-28,280.0,-360.0,6.5,107.0,-129.0,210.0,-260.0,5.5,-140.0,114.0
2024021158,ANA,NYR,2025-03-28,137.0,-164.0,6.5,-100.0,-120.0,130.0,-156.0,5.5,-140.0,114.0
2024021159,PHI,BUF,2025-03-29,-125.0,105.0,6.5,105.0,-127.0,-115.0,-105.0,5.5,-130.0,110.0
2024021160,TBL,NYI,2025-03-29,-218.0,180.0,6.5,-105.0,-114.0,-185.0,154.0,5.5,-125.0,105.0
2024021161,COL,STL,2025-03-29,-211.0,172.0,5.5,-132.0,110.0,-198.0,164.0,5.5,-125.0,105.0
2024021162,MIN,NJD,2025-03-29,-121.0,-102.0,5.5,134.0,-162.0,-130.0,110.0,5.5,-120.0,-100.0
2024021163,NSH,VGK,2025-03-29,134.0,-162.0,6.0,112.0,-144.0,120.0,-142.0,5.5,-142.0,120.0
2024021164,OTT,CBJ,2025-03-29,-205.0,169.0,6.5,-104.0,-119.0,-198.0,164.0,5.5,-142.0,120.0
2024021165,LAK,TOR,2025-03-29,-148.0,123.0,5.5,-113.0,-105.0,-120.0,-100.0,5.5,-110.0,-110.0
2024021166,DET,BOS,2025-03-29,-205.0,170.0,5.5,-114.0,-105.0,-155.0,130.0,5.5,-125.0,105.0
2024021167,EDM,CGY,2025-03-29,-179.0,148.0,6.5,-100.0,-122.0,-162.0,136.0,5.5,-142.0,120.0
2024021168,SJS,NYR,2025-03-29,136.0,-163.0,6.5,110.0,-130.0,160.0,-192.0,6.5,105.0,-125.0
2024021169,SEA,DAL,2025-03-29,130.0,-155.0,6.0,-138.0,105.0,154.0,-185.0,5.5,-120.0,-100.0
2024021170,FLA,MTL,2025-03-30,-305.0,245.0,5.5,-127.0,105.0,-270.0,220.0,5.5,-125.0,105.0
2024021171,WSH,BUF,2025-03-30,-305.0,245.0,6.5,103.0,-125.0,-258.0,210.0,5.5,-120.0,-100.0
2024021172,WPG,VAN,2025-03-30,-238.0,195.0,5.5,124.0,-148.0,-230.0,190.0,5.5,-110.0,-110.0
2024021173,CHI,UTA,2025-03-30,185.0,-227.0,6.5,102.0,-124.0,170.0,-205.0,5.5,-125.0,105.0
2024021174,PIT,OTT,2025-03-30,130.0,-153.0,6.5,110.0,-130.0,-100.0,-120.0,6.5,105.0,-125.0
2024021175,CAR,NYI,2025-03-30,-360.0,282.0,5.5,-125.0,105.0,-278.0,225.0,5.5,-130.0,110.0
2024021176,ANA,TOR,2025-03-30,140.0,-166.0,6.5,-105.0,-116.0,145.0,-175.0,5.5,-125.0,105.0
2024021177,LAK,SJS,2025-03-30,-387.0,305.0,5.5,-126.0,105.0,-380.0,300.0,5.5,-120.0,-100.0
2024021178,NJD,MIN,2025-03-31,-150.0,125.0,5.5,112.0,-134.0,-148.0,124.0,5.5,110.0,-130.0
2024021179,PHI,NSH,2025-03-31,-134.0,113.0,5.5,-134.0,111.0,-120.0,-100.0,5.5,-115.0,-105.0
2024021180,COL,CGY,2025-03-31,-270.0,220.0,6.5,105.0,-125.0,-250.0,205.0,5.5,-125.0,105.0
2024021181,SEA,DAL,2025-03-31,145.0,-175.0,6.5,-108.0,-110.0,130.0,-155.0,5.5,-125.0,105.0
2024021182,BOS,WSH,2025-04-01,190.0,-230.0,5.5,-123.0,102.0,175.0,-213.0,5.5,-114.0,-106.0
2024021183,MTL,FLA,2025-04-01,136.0,-162.0,5.5,-128.0,105.0,150.0,-182.0,5.5,-147.0,105.0
2024021184,OTT,BUF,2025-04-01,-198.0,164.0,6.5,105.0,-125.0,-200.0,165.0,5.5,-134.0,110.0
2024021185,CBJ,NSH,2025-04-01,-202.0,167.0,6.5,-105.0,-116.0,-156.0,130.0,6.5,102.0,-124.0
2024021186,NYI,TBL,2025-04-01,145.0,-175.0,6.5,105.0,-132.0,135.0,-161.0,5.5,-130.0,106.0
2024021187,STL,DET,2025-04-01,-183.0,152.0,5.5,-122.0,-100.0,-172.0,145.0,5.5,-115.0,-105.0
2024021188,UTA,CGY,2025-04-01,-178.0,146.0,5.5,-120.0,-100.0,-182.0,150.0,6.5,105.0,-147.0
2024021189,VGK,EDM,2025-04-01,-170.0,140.0,6.5,100.0,-120.0,-167.0,140.0,5.5,-138.0,112.0
2024021190,ANA,SJS,2025-04-01,-185.0,154.0,6.5,-102.0,-119.0,-182.0,150.0,5.5,-147.0,105.0
2024021191,LAK,WPG,2025-04-01,-122.0,102.0,5.5,120.0,-142.0,-111.0,-111.0,5.5,105.0,-147.0
2024021192,NYR,MIN,2025-04-02,-163.0,140.0,5.5,105.0,-126.0,-156.0,130.0,5.5,-105.0,-116.0
2024021193,CAR,WSH,2025-04-02,-230.0,187.0,5.5,-125.0,-105.0,-167.0,140.0,5.5,-105.0,-116.0
2024021194,TOR,FLA,2025-04-02,-129.0,108.0,5.5,-112.0,-104.0,-111.0,-111.0,5.5,-135.0,-100.0
2024021195,CHI,COL,2025-04-02,325.0,-425.0,6.5,-110.0,-110.0,250.0,-313.0,6.5,110.0,-152.0
2024021196,VAN,SEA,2025-04-02,-148.0,124.0,5.5,-105.0,-115.0,-161.0,135.0,5.5,-100.0,-135.0
2024021197,MTL,BOS,2025-04-03,-217.0,174.0,5.5,-117.0,102.0,-162.0,136.0,5.5,-110.0,-110.0
2024021198,OTT,TBL,2025-04-03,130.0,-154.0,5.5,-120.0,-100.0,-100.0,-120.0,5.5,-130.0,110.0
2024021199,CBJ,COL,2025-04-03,114.0,-136.0,6.5,-110.0,-112.0,130.0,-155.0,6.5,-105.0,-115.0
2024021200,STL,PIT,2025-04-03,-231.0,189.0,5.5,-120.0,-102.0,-185.0,154.0,5.5,-120.0,-100.0
2024021201,DAL,NSH,2025-04-03,-302.0,242.0,6.5,100.0,-120.0,-290.0,235.0,5.5,-115.0,-105.0
2024021202,UTA,LAK,2025-04-03,120.0,-142.0,5.5,104.0,-126.0,105.0,-125.0,5.5,-110.0,-110.0
2024021203,CGY,ANA,2025-04-03,-164.0,136.0,6.5,-100.0,-120.0,-170.0,142.0,5.5,-110.0,-110.0
2024021204,VGK,WPG,2025-04-03,-170.0,142.0,5.5,-125.0,105.0,-130.0,110.0,5.5,-125.0,105.0
2024021205,SJS,EDM,2025-04-03,225.0,-279.0,6.5,-122.0,104.0,240.0,-298.0,6.5,110.0,-130.0
2024021206,DET,CAR,2025-04-04,145.0,-175.0,5.5,-125.0,105.0,130.0,-155.0,5.5,-135.0,114.0
2024021207,WSH,CHI,2025-04-04,-397.0,310.0,6.5,-125.0,103.0,-395.0,310.0,6.5,110.0,-130.0
2024021208,NYI,MIN,2025-04-04,-125.0,104.0,5.5,-104.0,-115.0,-110.0,-110.0,5.5,-110.0,-110.0
2024021209,NJD,NYR,2025-04-05,-125.0,105.0,5.5,-100.0,-122.0,-125.0,105.0,5.5,-110.0,-110.0
2024021210,OTT,FLA,2025-04-05,136.0,-162.0,5.5,106.0,-130.0,105.0,-125.0,5.5,-110.0,-110.0
2024021211,DAL,PIT,2025-04-05,-265.0,215.0,6.5,-108.0,-113.0,-290.0,235.0,5.5,-125.0,105.0
2024021212,VAN,ANA,2025-04-05,-170.0,140.0,5.5,-121.0,-102.0,-218.0,180.0,5.5,-120.0,-100.0
2024021213,LAK,EDM,2025-04-05,-218.0,180.0,5.5,-110.0,-110.0,-166.0,140.0,5.5,-110.0,-110.0
2024021214,BOS,CAR,2025-04-05,203.0,-250.0,5.5,-110.0,-111.0,164.0,-198.0,5.5,-135.0,114.0
2024021215,BUF,TBL,2025-04-05,168.0,-205.0,6.5,-118.0,-102.0,130.0,-155.0,6.5,110.0,-130.0
2024021216,TOR,CBJ,2025-04-05,-185.0,152.0,6.5,-115.0,-103.0,-218.0,180.0,6.5,110.0,-130.0
2024021217,MTL,PHI,2025-04-05,-181.0,150.0,5.5,-138.0,116.0,-135.0,114.0,5.5,-130.0,110.0
2024021218,STL,COL,2025-04-05,120.0,-141.0,5.5,-115.0,-105.0,120.0,-142.0,5.5,-120.0,-100.0
2024021219,UTA,WPG,2025-04-05,-100.0,-120.0,5.5,103.0,-125.0,110.0,-130.0,5.5,-110.0,-110.0
2024021220,CGY,VGK,2025-04-05,120.0,-144.0,5.5,-122.0,102.0,130.0,-155.0,5.5,-120.0,-100.0
2024021221,SJS,SEA,2025-04-05,140.0,-166.0,6.5,105.0,-127.0,124.0,-148.0,5.5,-135.0,114.0
2024021222,NYI,WSH,2025-04-06,124.0,-148.0,6.5,-100.0,-120.0,114.0,-135.0,5.5,-125.0,105.0
2024021223,MIN,DAL,2025-04-06,110.0,-130.0,5.5,-102.0,-120.0,120.0,-142.0,5.5,-105.0,-115.0
2024021224,OTT,CBJ,2025-04-06,-161.0,134.0,6.0,-105.0,-115.0,-162.0,136.0,5.5,-135.0,114.0
2024021225,DET,FLA,2025-04-06,-134.0,112.0,5.5,102.0,-123.0,114.0,-135.0,5.5,-125.0,105.0
2024021226,BUF,BOS,2025-04-06,-183.0,152.0,6.5,102.0,-123.0,-130.0,110.0,5.5,-130.0,110.0
2024021227,CHI,PIT,2025-04-06,114.0,-135.0,6.5,-118.0,-102.0,114.0,-135.0,5.5,-120.0,-100.0
2024021228,NSH,MTL,2025-04-06,-111.0,-111.0,6.0,-123.0,-141.0,-125.0,105.0,5.5,-142.0,120.0
2024021229,VAN,VGK,2025-04-06,150.0,-180.0,5.5,-104.0,-118.0,110.0,-130.0,5.5,-125.0,105.0
2024021230,NYR,TBL,2025-04-07,135.0,-162.0,5.5,-120.0,-102.0,105.0,-126.0,5.5,-134.0,110.0
2024021231,WPG,STL,2025-04-07,-191.0,155.0,5.5,105.0,-126.0,-178.0,146.0,5.5,104.0,-128.0
2024021232,ANA,EDM,2025-04-07,120.0,-142.0,6.5,100.0,-120.0,122.0,-146.0,6.5,-104.0,-118.0
2024021233,LAK,SEA,2025-04-07,-256.0,207.0,5.5,-115.0,-104.0,-235.0,190.0,5.5,-112.0,-108.0
2024021234,SJS,CGY,2025-04-07,190.0,-230.0,5.5,-134.0,111.0,150.0,-182.0,6.5,110.0,-134.0
2024021235,BUF,CAR,2025-04-08,200.0,-247.0,6.5,102.0,-122.0,136.0,-162.0,6.5,110.0,-130.0
2024021236,MTL,DET,2025-04-08,-142.0,120.0,5.5,-120.0,-100.0,-115.0,-105.0,5.5,-120.0,-100.0
2024021237,FLA,TOR,2025-04-08,-167.0,140.0,5.5,-110.0,-111.0,120.0,-142.0,5.5,-120.0,-100.0
2024021238,NJD,BOS,2025-04-08,-242.0,202.0,5.5,120.0,-142.0,-218.0,180.0,5.5,-120.0,-100.0
2024021239,CBJ,OTT,2025-04-08,-105.0,-115.0,6.5,105.0,-122.0,114.0,-135.0,6.5,114.0,-135.0
2024021240,PIT,CHI,2025-04-08,-219.0,180.0,6.5,-106.0,-112.0,-218.0,180.0,5.5,-120.0,-100.0
2024021241,NSH,NYI,2025-04-08,-100.0,-120.0,5.5,-112.0,-108.0,-105.0,-115.0,5.5,-110.0,-110.0
2024021242,DAL,VAN,2025-04-08,-198.0,164.0,5.5,-115.0,-105.0,-218.0,180.0,5.5,-120.0,-100.0
2024021243,UTA,SEA,2025-04-08,-222.0,185.0,6.5,-100.0,-121.0,-205.0,170.0,5.5,-110.0,-110.0
2024021244,COL,VGK,2025-04-08,-162.0,134.0,5.5,-140.0,114.0,-142.0,120.0,6.5,114.0,-135.0
2024021245,TBL,TOR,2025-04-09,-187.0,100.0,6.5,-100.0,-119.0,-155.0,130.0,5.5,-130.0,110.0
2024021246,NYR,PHI,2025-04-09,-180.0,150.0,5.5,-129.0,110.0,-192.0,160.0,5.5,-115.0,-105.0
2024021247,MIN,SJS,2025-04-09,-337.0,267.0,5.5,-128.0,105.0,-290.0,235.0,5.5,-120.0,-100.0
2024021248,EDM,STL,2025-04-09,-123.0,105.0,5.5,-116.0,-105.0,-148.0,124.0,5.5,-125.0,105.0
2024021249,ANA,CGY,2025-04-09,133.0,-160.0,6.5,-105.0,-116.0,110.0,-130.0,5.5,-115.0,-105.0
2024021250,BOS,CHI,2025-04-10,-181.0,150.0,5.5,-102.0,114.0,-198.0,164.0,5.5,-130.0,110.0
2024021251,FLA,DET,2025-04-10,-211.0,174.0,5.5,104.0,-125.0,-198.0,164.0,5.5,-130.0,110.0
2024021252,WSH,CAR,2025-04-10,135.0,-162.0,6.5,110.0,-130.0,-120.0,-100.0,5.5,-125.0,105.0
2024021253,CBJ,BUF,2025-04-10,-136.0,114.0,6.5,-135.0,114.0,-125.0,105.0,6.5,-100.0,-120.0
2024021254,NYI,NYR,2025-04-10,-112.0,-109.0,6.5,-107.0,-119.0,-115.0,-105.0,5.5,-110.0,-110.0
2024021255,DAL,WPG,2025-04-10,-125.0,105.0,5.5,-111.0,-109.0,-142.0,120.0,5.5,-110.0,-110.0
2024021256,COL,VAN,2025-04-10,-225.0,184.0,5.5,-113.0,-108.0,-198.0,164.0,5.5,-125.0,105.0
2024021257,UTA,NSH,2025-04-10,-192.0,160.0,5.5,-135.0,114.0,-175.0,145.0,5.5,-120.0,-100.0
2024021258,VGK,SEA,2025-04-10,-250.0,205.0,6.5,108.0,-132.0,-218.0,180.0,5.5,-120.0,-100.0
2024021259,LAK,ANA,2025-04-10,-360.0,280.0,5.5,-120.0,100.0,-360.0,285.0,5.5,-115.0,-105.0
2024021260,OTT,MTL,2025-04-11,-146.0,123.0,5.5,-121.0,-100.0,-170.0,142.0,5.5,-120.0,-100.0
2024021261,TBL,DET,2025-04-11,-330.0,260.0,6.5,104.0,-128.0,-258.0,210.0,6.5,110.0,-130.0
2024021262,NJD,PIT,2025-04-11,-194.0,160.0,5.5,-130.0,110.0,-198.0,164.0,5.5,-120.0,-100.0
2024021263,EDM,SJS,2025-04-11,-427.0,310.0,6.5,-120.0,-100.0,-410.0,320.0,6.5,-115.0,-105.0
2024021264,CGY,MIN,2025-04-11,107.0,-127.0,5.5,-124.0,-100.0,120.0,-142.0,5.5,-125.0,105.0
2024021265,PHI,NYI,2025-04-12,-114.0,-105.0,5.5,-132.0,110.0,-110.0,-110.0,5.5,-110.0,-110.0
2024021266,CAR,NYR,2025-04-12,-200.0,164.0,5.5,-130.0,110.0,-170.0,142.0,5.5,-115.0,-105.0
2024021267,LAK,COL,2025-04-12,-184.0,152.0,5.5,110.0,-132.0,-135.0,114.0,5.5,-110.0,-110.0
2024021268,FLA,BUF,2025-04-12,-155.0,130.0,5.5,-116.0,-107.0,-218.0,180.0,6.5,120.0,-142.0
2024021269,TOR,MTL,2025-04-12,-225.0,185.0,5.5,-140.0,114.0,-270.0,220.0,5.5,-130.0,110.0
2024021270,CBJ,WSH,2025-04-12,-130.0,110.0,6.5,-105.0,-117.0,145.0,-175.0,5.5,-135.0,114.0
2024021271,CHI,WPG,2025-04-12,252.0,-315.0,5.5,-121.0,-100.0,230.0,-285.0,5.5,-120.0,-100.0
2024021272,DAL,UTA,2025-04-12,-121.0,-102.0,6.5,-116.0,-105.0,-205.0,170.0,5.5,-120.0,-100.0
2024021273,VAN,MIN,2025-04-12,108.0,-130.0,5.5,-110.0,-110.0,-120.0,-100.0,5.5,-110.0,-110.0
2024021274,VGK,NSH,2025-04-12,-265.0,215.0,5.5,-130.0,110.0,-245.0,200.0,5.5,-125.0,105.0
2024021275,SEA,STL,2025-04-12,135.0,-160.0,5.5,-122.0,101.0,114.0,-135.0,5.5,-110.0,-110.0
2024021276,OTT,PHI,2025-04-13,-210.0,173.0,5.5,-130.0,110.0,-245.0,200.0,5.5,-115.0,-105.0
2024021277,NJD,NYI,2025-04-13,-207.0,171.0,5.5,-117.0,-102.0,-185.0,154.0,5.5,-120.0,-100.0
2024021278,PIT,BOS,2025-04-13,-163.0,136.0,6.0,136.0,-183.0,-148.0,124.0,5.5,-125.0,105.0
2024021279,CAR,TOR,2025-04-13,-214.0,177.0,5.5,-130.0,110.0,-148.0,124.0,5.5,-115.0,-105.0
2024021280,TBL,BUF,2025-04-13,-262.0,212.0,6.5,-121.0,-101.0,-258.0,210.0,6.5,105.0,-125.0
2024021281,WSH,CBJ,2025-04-13,-170.0,142.0,6.5,-101.0,-115.0,-170.0,142.0,6.5,-100.0,-120.0
2024021282,WPG,EDM,2025-04-13,-111.0,-109.0,5.5,-130.0,110.0,-120.0,-100.0,5.5,-120.0,-100.0
2024021283,CGY,SJS,2025-04-13,-347.0,272.0,5.5,-140.0,114.0,-258.0,210.0,5.5,-120.0,-100.0
2024021284,ANA,COL,2025-04-13,-102.0,-118.0,6.5,105.0,-125.0,-105.0,-115.0,5.5,-110.0,-110.0
2024021285,MTL,CHI,2025-04-14,-325.0,260.0,6.5,-102.0,-117.0,-245.0,200.0,5.5,-125.0,105.0
2024021286,DET,DAL,2025-04-14,-102.0,-118.0,6.5,111.0,-133.0,-100.0,-120.0,6.5,110.0,-130.0
2024021287,FLA,NYR,2025-04-14,-180.0,146.0,5.5,-121.0,-100.0,-162.0,136.0,5.5,-125.0,105.0
2024021288,NSH,UTA,2025-04-14,130.0,-155.0,6.5,-105.0,-112.0,105.0,-125.0,5.5,-125.0,105.0
2024021289,EDM,LAK,2025-04-14,164.0,-198.0,5.5,-109.0,-112.0,-115.0,-105.0,5.5,-110.0,-110.0
2024021290,VAN,SJS,2025-04-14,-320.0,255.0,6.0,-119.0,-100.0,-355.0,280.0,5.5,-120.0,-100.0
2024021291,BOS,NJD,2025-04-15,124.0,-150.0,5.5,-102.0,-117.0,110.0,-130.0,5.5,-115.0,-105.0
2024021292,BUF,TOR,2025-04-15,120.0,-142.0,6.5,-100.0,-120.0,136.0,-162.0,6.5,110.0,-130.0
2024021293,OTT,CHI,2025-04-15,-262.0,212.0,6.5,101.0,-122.0,-310.0,250.0,5.5,-120.0,-100.0
2024021294,TBL,FLA,2025-04-15,-230.0,189.0,5.5,-115.0,-105.0,-148.0,124.0,5.5,-125.0,105.0
2024021295,PHI,CBJ,2025-04-15,126.0,-152.0,6.5,-102.0,-115.0,110.0,-130.0,6.5,105.0,-125.0
2024021296,NYI,WSH,2025-04-15,-110.0,-110.0,5.5,-130.0,110.0,-100.0,-120.0,5.5,-125.0,105.0
2024021297,STL,UTA,2025-04-15,-155.0,130.0,5.5,-125.0,105.0,-170.0,142.0,5.5,-125.0,105.0
2024021298,MIN,ANA,2025-04-15,-272.0,220.0,5.5,-140.0,114.0,-278.0,225.0,5.5,-120.0,-100.0
2024021299,CGY,VGK,2025-04-15,-119.0,103.0,5.5,-115.0,-106.0,130.0,-155.0,5.5,-120.0,-100.0
2024021300,SEA,LAK,2025-04-15,-116.0,-105.0,5.5,-112.0,-111.0,124.0,-148.0,5.5,-115.0,-105.0
2024021301,MTL,CAR,2025-04-16,-142.0,120.0,5.5,-130.0,110.0,122.0,-146.0,5.5,-130.0,106.0
2024021302,WPG,ANA,2025-04-16,-330.0,262.0,5.5,-130.0,108.0,-182.0,150.0,5.5,-130.0,108.0
2024021303,NJD,DET,2025-04-16,125.0,-156.0,5.5,-118.0,-102.0,-110.0,-110.0,5.5,-104.0,-118.0
2024021304,NSH,DAL,2025-04-16,150.0,-182.0,6.5,-115.0,-105.0,128.0,-154.0,6.5,112.0,-138.0
2024021305,VAN,VGK,2025-04-16,-122.0,-102.0,5.5,-117.0,-105.0,104.0,-125.0,5.5,-106.0,-114.0
2024021306,SJS,EDM,2025-04-16,190.0,-230.0,6.5,-122.0,-100.0,180.0,-220.0,6.5,-106.0,-114.0
2024020653,LAK,CGY,2025-04-17,-192.0,160.0,5.5,-122.0,101.0,-148.0,124.0,5.5,-120.0,-100.0
2024021307,BUF,PHI,2025-04-17,-170.0,142.0,6.5,-112.0,-110.0,-142.0,120.0,6.5,-100.0,-120.0
2024021308,TOR,DET,2025-04-17,-179.0,148.0,5.5,-132.0,110.0,-148.0,124.0,5.5,-120.0,-100.0
2024021309,OTT,CAR,2025-04-17,-160.0,135.0,5.5,-121.0,-100.0,-120.0,-100.0,5.5,-125.0,105.0
2024021310,NYR,TBL,2025-04-17,-112.0,-107.0,6.5,-121.0,-100.0,-120.0,-100.0,5.5,-125.0,105.0
2024021311,PIT,WSH,2025-04-17,-114.0,-105.0,6.5,-105.0,-115.0,-110.0,-110.0,5.5,-130.0,110.0
2024021312,CBJ,NYI,2025-04-17,-195.0,161.0,6.5,-112.0,-105.0,-142.0,120.0,5.5,-130.0,110.0
2025020001,FLA,CHI,2025-10-07,-285.0,232.0,5.5,-123.0,102.0,-300.0,240.0,5.5,-122.0,-100.0
2025020002,NYR,PIT,2025-10-07,-232.0,192.0,6.5,110.0,-134.0,-210.0,170.0,6.0,100.0,-120.0
2025020003,LAK,COL,2025-10-07,-102.0,-118.0,5.5,-132.0,110.0,-110.0,-110.0,5.5,-115.0,-105.0
2025020004,TOR,MTL,2025-10-08,-170.0,140.0,6.5,103.0,114.0,-160.0,135.0,5.5,-125.0,105.0
2025020005,WSH,BOS,2025-10-08,-188.0,152.0,5.5,-110.0,-105.0,-200.0,165.0,5.5,-110.0,-110.0
2025020006,EDM,CGY,2025-10-08,-232.0,190.0,6.5,114.0,-137.0,-220.0,180.0,6.5,100.0,-120.0
2025020007,VGK,LAK,2025-10-08,-205.0,170.0,5.5,-140.0,110.0,-190.0,160.0,5.5,-120.0,100.0
2025020008,BOS,CHI,2025-10-09,-160.0,135.0,5.5,-128.0,105.0,-148.0,124.0,5.5,-115.0,-105.0
2025020009,BUF,NYR,2025-10-09,-102.0,-120.0,6.5,-107.0,-112.0,100.0,-120.0,6.5,110.0,-130.0
2025020010,DET,MTL,2025-10-09,-142.0,118.0,6.5,106.0,-129.0,-130.0,110.0,6.5,110.0,-130.0
2025020011,TBL,OTT,2025-10-09,-180.0,150.0,6.5,113.0,-136.0,-162.0,136.0,6.5,110.0,-130.0
2025020012,FLA,PHI,2025-10-09,-225.0,184.0,5.5,-118.0,-102.0,-198.0,164.0,5.5,-110.0,-110.0
2025020013,PIT,NYI,2025-10-09,109.0,-130.0,6.5,107.0,-117.0,100.0,-120.0,5.5,-125.0,105.0
2025020014,CAR,NJD,2025-10-09,-175.0,148.0,5.5,-121.0,-100.0,-162.0,136.0,5.5,-115.0,-105.0
2025020015,STL,MIN,2025-10-09,-125.0,105.0,5.5,-123.0,105.0,-110.0,-110.0,5.5,-115.0,-105.0
2025020016,NSH,CBJ,2025-10-09,-116.0,-105.0,6.5,104.0,-125.0,-142.0,120.0,6.5,110.0,-130.0
2025020017,WPG,DAL,2025-10-09,-106.0,-115.0,5.5,-115.0,-105.0,-110.0,-110.0,5.5,-110.0,-110.0
2025020018,COL,UTA,2025-10-09,-190.0,160.0,6.5,-100.0,-120.0,-162.0,136.0,6.5,100.0,-120.0
2025020019,VAN,CGY,2025-10-09,-205.0,164.0,5.5,-120.0,-104.0,-198.0,164.0,5.5,-120.0,100.0
2025020020,SJS,VGK,2025-10-09,176.0,-218.0,6.5,-102.0,-117.0,154.0,-185.0,5.5,-130.0,110.0
2025020021,SEA,ANA,2025-10-09,-130.0,112.0,6.5,105.0,-125.0,-115.0,-105.0,5.5,-120.0,100.0
2025020022,WPG,LAK,2025-10-11,-131.0,110.0,5.5,-102.0,-120.0,-125.0,105.0,5.5,-125.0,105.0
2025020023,CGY,STL,2025-10-11,-105.0,-115.0,5.5,-117.0,-105.0,-125.0,105.0,5.5,-125.0,105.0
2025020024,BOS,BUF,2025-10-11,-116.0,-104.0,5.5,-138.0,114.0,-125.0,105.0,6.5,105.0,-125.0
2025020025,DET,TOR,2025-10-11,120.0,-142.0,6.5,103.0,116.0,105.0,-125.0,6.5,105.0,-125.0
2025020026,TBL,NJD,2025-10-11,-151.0,125.0,6.5,111.0,-134.0,-125.0,105.0,6.5,105.0,-125.0
2025020027,FLA,OTT,2025-10-11,-155.0,130.0,5.5,-119.0,-102.0,-192.0,160.0,5.5,-111.0,-111.0
2025020028,NYI,WSH,2025-10-11,101.0,-122.0,5.5,-115.0,-105.0,-120.0,-100.0,5.5,-111.0,-111.0
2025020029,PIT,NYR,2025-10-11,124.0,-149.0,6.5,112.0,-135.0,105.0,-125.0,5.5,-125.0,105.0
2025020030,CAR,PHI,2025-10-11,-295.0,237.0,5.5,-134.0,114.0,-200.0,165.0,5.5,-132.0,110.0
2025020031,CHI,MTL,2025-10-11,135.0,-162.0,6.5,110.0,-134.0,115.0,-135.0,5.5,-111.0,-111.0
2025020032,NSH,UTA,2025-10-11,110.0,-130.0,5.5,-122.0,105.0,-132.0,110.0,6.5,105.0,-125.0
2025020033,MIN,CBJ,2025-10-11,-162.0,135.0,6.5,103.0,-126.0,-200.0,165.0,5.5,-125.0,105.0
2025020034,COL,DAL,2025-10-11,-144.0,119.0,6.5,107.0,-130.0,-125.0,105.0,5.5,-132.0,110.0
2025020035,EDM,VAN,2025-10-11,-180.0,150.0,5.5,-138.0,115.0,-167.0,140.0,6.5,-105.0,-116.0
2025020036,SJS,ANA,2025-10-11,111.0,-133.0,6.5,-116.0,-105.0,-116.0,-105.0,6.5,105.0,-125.0
2025020037,SEA,VGK,2025-10-11,147.0,-185.0,6.0,-122.0,-102.0,115.0,-135.0,5.5,-132.0,110.0
2025020038,NYR,WSH,2025-10-12,-108.0,-113.0,6.0,-124.0,102.0,-156.0,130.0,5.5,-125.0,105.0
2025020039,BUF,COL,2025-10-13,152.0,-180.0,6.5,-109.0,-110.0,120.0,-141.0,6.5,-116.0,-105.0
2025020040,BOS,TBL,2025-10-13,137.0,-161.0,6.5,104.0,-127.0,130.0,-156.0,6.5,-100.0,-120.0
2025020041,OTT,NSH,2025-10-13,-175.0,150.0,5.5,-125.0,105.0,-141.0,120.0,6.5,105.0,-125.0
2025020042,NYI,WPG,2025-10-13,-108.0,-112.0,5.5,-126.0,105.0,-125.0,105.0,5.5,-132.0,110.0
2025020043,TOR,DET,2025-10-13,-162.0,137.0,6.5,102.0,-124.0,-161.0,135.0,6.5,-100.0,-120.0
2025020044,PHI,FLA,2025-10-13,125.0,-149.0,5.5,-128.0,105.0,110.0,-132.0,5.5,-111.0,-111.0
2025020045,CBJ,NJD,2025-10-13,103.0,-125.0,6.5,-105.0,-114.0,120.0,-141.0,5.5,-125.0,105.0
2025020046,VAN,STL,2025-10-13,-120.0,-100.0,5.5,-115.0,-103.0,-141.0,120.0,5.5,-132.0,110.0
2025020047,MIN,LAK,2025-10-13,-102.0,-117.0,5.5,-122.0,-102.0,-111.0,-111.0,5.5,-100.0,-120.0
2025020048,CHI,UTA,2025-10-13,138.0,-162.0,5.5,-138.0,114.0,120.0,-141.0,6.5,-100.0,-120.0
2025020049,TOR,NSH,2025-10-14,-182.0,150.0,6.5,-105.0,-119.0,-167.0,140.0,6.5,-105.0,-115.0
2025020050,MTL,SEA,2025-10-14,-160.0,132.0,5.5,-133.0,112.0,-125.0,105.0,5.5,-130.0,110.0
2025020051,NYR,EDM,2025-10-14,113.0,-135.0,5.5,-135.0,112.0,-120.0,-100.0,5.5,-125.0,105.0
2025020052,WSH,TBL,2025-10-14,-105.0,-115.0,5.5,-132.0,110.0,-100.0,-120.0,6.5,105.0,-125.0
2025020053,CGY,VGK,2025-10-14,150.0,-175.0,5.5,-130.0,110.0,115.0,-135.0,5.5,-115.0,-105.0
2025020054,DAL,MIN,2025-10-14,-194.0,164.0,6.0,-127.0,104.0,-156.0,130.0,5.5,-130.0,110.0
2025020055,SJS,CAR,2025-10-14,222.0,-275.0,6.5,-116.0,-105.0,165.0,-200.0,6.5,-105.0,-115.0
2025020056,ANA,PIT,2025-10-14,-150.0,125.0,6.5,103.0,-126.0,-105.0,-116.0,6.5,-100.0,-120.0
2025020057,BUF,OTT,2025-10-15,-110.0,-112.0,6.5,109.0,-130.0,-111.0,-111.0,6.5,110.0,-130.0
2025020058,DET,FLA,2025-10-15,136.0,-162.0,5.5,-118.0,-103.0,135.0,-161.0,5.5,-132.0,110.0
2025020059,STL,CHI,2025-10-15,-250.0,205.0,5.5,-138.0,114.0,-222.0,180.0,5.5,-125.0,105.0
2025020060,UTA,CGY,2025-10-15,-230.0,190.0,6.0,-110.0,-110.0,-152.0,125.0,5.5,-120.0,100.0
2025020061,TOR,NYR,2025-10-16,-151.0,125.0,5.5,-130.0,110.0,-142.0,120.0,6.5,110.0,-130.0
2025020062,MTL,NSH,2025-10-16,-142.0,120.0,5.5,-132.0,110.0,-155.0,130.0,5.5,-120.0,-100.0
2025020063,OTT,SEA,2025-10-16,-158.0,132.0,6.0,-120.0,-105.0,-162.0,136.0,5.5,-120.0,-100.0
2025020064,NJD,FLA,2025-10-16,-158.0,130.0,5.5,-135.0,114.0,-142.0,120.0,6.5,105.0,-125.0
2025020065,NYI,EDM,2025-10-16,138.0,-165.0,6.5,102.0,-122.0,136.0,-162.0,5.5,-125.0,105.0
2025020066,PHI,WPG,2025-10-16,116.0,-140.0,5.5,-120.0,-100.0,120.0,-142.0,5.5,-120.0,-100.0
2025020067,CBJ,COL,2025-10-16,137.0,-163.0,6.5,-110.0,-110.0,124.0,-148.0,6.5,105.0,-125.0
2025020068,DAL,VAN,2025-10-16,-166.0,140.0,6.5,111.0,-134.0,-192.0,160.0,5.5,-115.0,-105.0
2025020069,VGK,BOS,2025-10-16,-236.0,195.0,6.5,112.0,-134.0,-205.0,170.0,6.5,110.0,-130.0
2025020070,ANA,CAR,2025-10-16,160.0,-192.0,6.5,-103.0,-118.0,130.0,-155.0,5.5,-120.0,-100.0
2025020071,LAK,PIT,2025-10-16,-205.0,170.0,6.5,-100.0,-121.0,-218.0,180.0,5.5,-115.0,-105.0
2025020072,DET,TBL,2025-10-17,110.0,-132.0,5.5,-131.0,110.0,140.0,-166.0,6.5,105.0,-125.0
2025020073,WSH,MIN,2025-10-17,-129.0,108.0,5.5,-127.0,105.0,-125.0,105.0,5.5,-125.0,105.0
2025020074,CHI,VAN,2025-10-17,-100.0,-127.0,6.5,114.0,-135.0,120.0,-142.0,6.5,105.0,-125.0
2025020075,UTA,SJS,2025-10-17,-260.0,215.0,6.5,102.0,-124.0,-238.0,195.0,6.5,105.0,-125.0
2025020076,BUF,FLA,2025-10-18,130.0,-155.0,5.5,-132.0,111.0,124.0,-148.0,6.5,105.0,-125.0
2025020077,OTT,NYI,2025-10-18,-134.0,113.0,5.5,-135.0,114.0,-162.0,136.0,6.5,105.0,-125.0
2025020078,NJD,EDM,2025-10-18,-105.0,-116.0,6.5,106.0,-130.0,-115.0,-105.0,6.5,110.0,-130.0
2025020079,TOR,SEA,2025-10-18,-205.0,164.0,5.5,-142.0,120.0,-222.0,180.0,5.5,-147.0,120.0
2025020080,MTL,NYR,2025-10-18,-130.0,109.0,5.5,-138.0,114.0,-118.0,-102.0,5.5,-130.0,110.0
2025020081,PHI,MIN,2025-10-18,-119.0,-102.0,6.5,-101.0,-119.0,-110.0,-110.0,6.5,110.0,-130.0
2025020082,CBJ,TBL,2025-10-18,-130.0,110.0,6.5,-110.0,-112.0,110.0,-130.0,6.5,-110.0,-110.0
2025020083,STL,DAL,2025-10-18,105.0,-126.0,5.5,-134.0,112.0,120.0,-141.0,5.5,-132.0,110.0
2025020084,WPG,NSH,2025-10-18,-186.0,156.0,5.5,-107.0,-113.0,-185.0,154.0,5.5,-125.0,105.0
2025020085,COL,BOS,2025-10-18,-262.0,212.0,6.0,130.0,-172.0,-225.0,185.0,5.5,-130.0,110.0
2025020086,LAK,CAR,2025-10-18,114.0,-135.0,6.5,113.0,-136.0,-100.0,-120.0,5.5,-120.0,-100.0
2025020087,VGK,CGY,2025-10-18,-242.0,200.0,6.5,112.0,-133.0,-270.0,220.0,5.5,-147.0,120.0
2025020088,SJS,PIT,2025-10-18,138.0,-166.0,6.5,-107.0,-112.0,105.0,-125.0,6.5,-105.0,-116.0
2025020089,WSH,VAN,2025-10-19,-168.0,140.0,5.5,-120.0,-103.0,-155.0,130.0,5.5,-125.0,105.0
2025020090,DET,EDM,2025-10-19,114.0,-135.0,5.5,-140.0,114.0,114.0,-135.0,6.5,105.0,-125.0
2025020091,CHI,ANA,2025-10-19,109.0,-131.0,6.5,-102.0,-122.0,110.0,-130.0,5.5,-125.0,105.0
2025020092,UTA,BOS,2025-10-19,-222.0,184.0,5.5,-134.0,110.0,-230.0,190.0,5.5,-130.0,110.0
2025020093,NYR,MIN,2025-10-20,-160.0,135.0,5.5,-109.0,-110.0,-116.0,-105.0,5.5,-120.0,-100.0
2025020094,PHI,SEA,2025-10-20,-143.0,120.0,5.5,-119.0,-110.0,-116.0,-105.0,5.5,-125.0,105.0
2025020095,MTL,BUF,2025-10-20,-150.0,124.0,6.5,-107.0,-112.0,-116.0,-105.0,6.5,105.0,-125.0
2025020096,CGY,WPG,2025-10-20,115.0,-140.0,5.5,-120.0,-100.0,110.0,-132.0,5.5,-125.0,105.0
2025020097,VGK,CAR,2025-10-20,-110.0,-110.0,6.5,-104.0,-120.0,-125.0,105.0,6.5,-105.0,-116.0
2025020098,TOR,NJD,2025-10-21,-123.0,102.0,5.5,-128.0,106.0,-130.0,110.0,6.5,114.0,-135.0
2025020099,OTT,EDM,2025-10-21,110.0,-130.0,5.5,-134.0,110.0,114.0,-135.0,5.5,-130.0,110.0
2025020100,NYI,SJS,2025-10-21,-219.0,180.0,6.5,-111.0,-111.0,-198.0,164.0,5.5,-125.0,105.0
2025020101,PIT,VAN,2025-10-21,-110.0,-110.0,6.5,105.0,-123.0,105.0,-125.0,5.5,-132.0,110.0
2025020102,WSH,SEA,2025-10-21,-278.0,225.0,5.5,-134.0,110.0,-250.0,205.0,5.5,-130.0,110.0
2025020103,BOS,FLA,2025-10-21,133.0,-159.0,5.5,-110.0,-110.0,130.0,-155.0,5.5,-122.0,102.0
2025020104,STL,LAK,2025-10-21,-125.0,105.0,5.5,-120.0,-100.0,-120.0,100.0,5.5,-115.0,-105.0
2025020105,NSH,ANA,2025-10-21,-140.0,110.0,6.5,104.0,-132.0,-130.0,110.0,5.5,-120.0,100.0
2025020106,DAL,CBJ,2025-10-21,-185.0,154.0,6.5,-104.0,-115.0,-218.0,180.0,6.5,105.0,-125.0
2025020107,UTA,COL,2025-10-21,124.0,-148.0,5.5,-132.0,110.0,110.0,-130.0,6.5,110.0,-130.0
2025020108,NJD,MIN,2025-10-22,-126.0,105.0,5.5,-100.0,110.0,-152.0,125.0,5.5,-132.0,110.0
2025020109,BUF,DET,2025-10-22,-122.0,-102.0,6.5,105.0,-125.0,-125.0,105.0,6.5,115.0,-141.0
2025020110,CGY,MTL,2025-10-22,-108.0,-112.0,5.5,-124.0,104.0,-132.0,110.0,5.5,-132.0,110.0
2025020111,BOS,ANA,2025-10-23,-116.0,-105.0,6.5,-111.0,-109.0,-118.0,-102.0,5.5,-120.0,-100.0
2025020112,OTT,PHI,2025-10-23,-152.0,127.0,5.5,-125.0,105.0,-162.0,136.0,5.5,-125.0,105.0
2025020113,TBL,CHI,2025-10-23,-320.0,252.0,6.5,106.0,-130.0,-310.0,250.0,6.5,110.0,-130.0
2025020114,FLA,PIT,2025-10-23,-199.0,164.0,5.5,-100.0,110.0,-230.0,190.0,6.5,105.0,-125.0
2025020115,NYI,DET,2025-10-23,-136.0,114.0,6.5,112.0,-135.0,-130.0,110.0,5.5,-120.0,100.0
2025020116,NYR,SJS,2025-10-23,-277.0,232.0,6.5,109.0,-132.0,-298.0,240.0,5.5,-130.0,110.0
2025020117,STL,UTA,2025-10-23,-120.0,100.0,5.5,-120.0,-102.0,-120.0,-100.0,6.5,110.0,-130.0
2025020118,NSH,VAN,2025-10-23,-120.0,102.0,5.5,-123.0,102.0,-112.0,-108.0,5.5,-115.0,-105.0
2025020119,DAL,LAK,2025-10-23,-136.0,115.0,5.5,-109.0,-113.0,-170.0,142.0,5.5,-125.0,105.0
2025020120,WPG,SEA,2025-10-23,-222.0,184.0,5.5,-105.0,-114.0,-230.0,190.0,5.5,-120.0,-100.0
2025020121,COL,CAR,2025-10-23,-135.0,113.0,6.5,106.0,-128.0,-130.0,110.0,5.5,-130.0,110.0
2025020122,EDM,MTL,2025-10-23,-230.0,190.0,6.0,-124.0,102.0,-230.0,190.0,6.5,-100.0,-120.0
2025020123,BUF,TOR,2025-10-24,105.0,-125.0,6.5,103.0,-124.0,105.0,-125.0,6.5,110.0,-132.0
2025020124,NJD,SJS,2025-10-24,-372.0,287.0,6.5,-102.0,-117.0,-385.0,300.0,6.5,120.0,-147.0
2025020125,CBJ,WSH,2025-10-24,-105.0,-114.0,6.5,108.0,-130.0,-105.0,-116.0,6.5,105.0,-125.0
2025020126,WPG,CGY,2025-10-24,-135.0,114.0,5.5,-121.0,-101.0,-192.0,160.0,5.5,-120.0,-100.0
2025020127,PHI,NYI,2025-10-25,-119.0,-102.0,6.5,104.0,-127.0,-111.0,-111.0,5.5,-130.0,110.0
2025020128,BOS,COL,2025-10-25,170.0,-198.0,6.0,120.0,-162.0,135.0,-161.0,5.5,-125.0,105.0
2025020129,TBL,ANA,2025-10-25,-189.0,159.0,6.5,-120.0,-102.0,-200.0,165.0,5.5,-125.0,105.0
2025020130,FLA,VGK,2025-10-25,-104.0,-116.0,5.5,-127.0,104.0,-135.0,115.0,6.5,105.0,-125.0
2025020131,MIN,UTA,2025-10-25,-115.0,-110.0,5.5,-130.0,105.0,-141.0,120.0,5.5,-120.0,100.0
2025020132,TOR,BUF,2025-10-25,-134.0,113.0,6.5,-110.0,-114.0,-152.0,125.0,6.5,105.0,-125.0
2025020133,DET,STL,2025-10-25,-105.0,-114.0,5.5,-120.0,-101.0,-116.0,-105.0,5.5,-130.0,110.0
2025020134,PIT,CBJ,2025-10-25,-120.0,101.0,6.5,-110.0,-110.0,-116.0,-105.0,6.5,-120.0,100.0
2025020135,WSH,OTT,2025-10-25,-127.0,106.0,5.5,-122.0,-100.0,-152.0,125.0,5.5,-130.0,110.0
2025020136,VAN,MTL,2025-10-25,-108.0,-113.0,5.5,-132.0,110.0,-161.0,135.0,6.5,105.0,-125.0
2025020137,NSH,LAK,2025-10-25,134.0,-101.0,5.5,-110.0,-110.0,115.0,-135.0,5.5,-130.0,110.0
2025020138,DAL,CAR,2025-10-25,-125.0,105.0,6.5,106.0,-131.0,-120.0,-100.0,5.5,-142.0,120.0
2025020139,SEA,EDM,2025-10-25,145.0,-175.0,5.5,-125.0,-105.0,150.0,-182.0,6.5,110.0,-130.0
2025020140,NJD,COL,2025-10-26,-130.0,110.0,6.5,110.0,-130.0,-130.0,110.0,5.5,-135.0,114.0
2025020141,TBL,VGK,2025-10-26,-137.0,114.0,6.5,102.0,-122.0,-110.0,-110.0,6.5,110.0,-130.0
2025020142,MIN,SJS,2025-10-26,-191.0,158.0,6.5,-106.0,-117.0,-225.0,185.0,6.5,105.0,-125.0
2025020143,WPG,UTA,2025-10-26,-152.0,126.0,5.5,-124.0,101.0,-162.0,136.0,5.5,-120.0,-100.0
2025020144,CHI,LAK,2025-10-26,135.0,-160.0,6.5,104.0,-128.0,124.0,-148.0,5.5,-120.0,-100.0
2025020145,NSH,DAL,2025-10-26,126.0,-147.0,6.0,-125.0,-135.0,124.0,-148.0,5.5,-130.0,110.0
2025020146,CGY,NYR,2025-10-26,114.0,-135.0,5.5,-105.0,-115.0,110.0,-130.0,5.5,-120.0,-100.0
2025020147,VAN,EDM,2025-10-26,136.0,-162.0,6.5,112.0,-135.0,120.0,-142.0,5.5,-135.0,114.0
2025020148,PIT,STL,2025-10-27,-105.0,-115.0,6.5,110.0,-132.0,-135.0,115.0,6.5,105.0,-125.0
2025020149,OTT,BOS,2025-10-27,-172.0,145.0,6.5,112.0,-134.0,-172.0,145.0,5.5,-125.0,105.0
2025020150,PHI,PIT,2025-10-28,-180.0,150.0,6.5,110.0,-130.0,-125.0,105.0,5.5,-125.0,105.0
2025020151,TOR,CGY,2025-10-28,-176.0,146.0,5.5,-136.0,113.0,-200.0,165.0,5.5,-130.0,110.0
2025020152,BUF,CBJ,2025-10-28,-115.0,-105.0,6.5,-104.0,-115.0,-132.0,110.0,6.5,-110.0,-110.0
2025020153,FLA,ANA,2025-10-28,-180.0,146.0,6.5,-100.0,-122.0,-192.0,160.0,5.5,-130.0,110.0
2025020154,BOS,NYI,2025-10-28,128.0,-154.0,6.5,-105.0,-117.0,-100.0,-120.0,5.5,-120.0,-100.0
2025020155,CAR,VGK,2025-10-28,-152.0,126.0,6.5,-104.0,-105.0,-132.0,110.0,6.5,110.0,-130.0
2025020156,NSH,TBL,2025-10-28,147.0,-181.0,5.5,-126.0,110.0,130.0,-155.0,5.5,-130.0,110.0
2025020157,MIN,WPG,2025-10-28,-109.0,-113.0,6.5,103.0,-127.0,-116.0,-105.0,5.5,-130.0,110.0
2025020158,STL,DET,2025-10-28,-110.0,-110.0,5.5,-130.0,110.0,-132.0,110.0,6.5,110.0,-130.0
2025020159,DAL,WSH,2025-10-28,-127.0,106.0,5.5,-116.0,-102.0,-132.0,110.0,5.5,-130.0,110.0
2025020160,CHI,OTT,2025-10-28,123.0,-145.0,5.5,-130.0,110.0,120.0,-141.0,5.5,-130.0,110.0
2025020161,COL,NJD,2025-10-28,-180.0,150.0,6.5,107.0,-129.0,-141.0,120.0,6.5,105.0,-125.0
2025020162,EDM,UTA,2025-10-28,-152.0,127.0,6.5,111.0,-134.0,-172.0,145.0,6.5,-105.0,-115.0
2025020163,VAN,NYR,2025-10-28,103.0,-124.0,5.5,-120.0,-100.0,-105.0,-116.0,5.5,-125.0,105.0
2025020164,SEA,MTL,2025-10-28,105.0,-125.0,5.5,-122.0,-100.0,-116.0,-105.0,6.5,110.0,-130.0
2025020165,SJS,LAK,2025-10-28,180.0,-216.0,5.5,-142.0,120.0,190.0,-233.0,6.5,110.0,-130.0
2025020166,CBJ,TOR,2025-10-29,-123.0,103.0,6.5,-125.0,105.0,105.0,-125.0,6.5,105.0,-125.0
2025020167,BOS,BUF,2025-10-30,114.0,-135.0,6.5,-104.0,-118.0,-120.0,-100.0,6.5,105.0,-125.0
2025020168,OTT,CGY,2025-10-30,-172.0,145.0,6.5,110.0,-130.0,-152.0,125.0,5.5,-130.0,110.0
2025020169,TBL,DAL,2025-10-30,-150.0,122.0,5.5,-125.0,105.0,-111.0,-111.0,6.5,110.0,-130.0
2025020170,PHI,NSH,2025-10-30,-153.0,128.0,5.5,-115.0,-105.0,-132.0,110.0,5.5,-130.0,110.0
2025020171,CAR,NYI,2025-10-30,-219.0,180.0,6.5,-122.0,102.0,-182.0,150.0,5.5,-130.0,110.0
2025020172,STL,VAN,2025-10-30,-170.0,142.0,5.5,-131.0,110.0,-125.0,105.0,6.5,110.0,-130.0
2025020173,MIN,PIT,2025-10-30,-173.0,145.0,6.5,-116.0,-102.0,-161.0,135.0,6.5,-100.0,-120.0
2025020174,WPG,CHI,2025-10-30,-205.0,169.0,5.5,-130.0,110.0,-278.0,225.0,5.5,-130.0,110.0
2025020175,EDM,NYR,2025-10-30,-157.0,130.0,5.5,-123.0,103.0,-161.0,135.0,5.5,-130.0,110.0
2025020176,SJS,NJD,2025-10-30,172.0,-215.0,6.5,-123.0,105.0,230.0,-286.0,6.5,110.0,-130.0
2025020177,LAK,DET,2025-10-30,-147.0,123.0,5.5,-118.0,-104.0,-141.0,120.0,5.5,-130.0,110.0
2025020178,VGK,COL,2025-10-31,114.0,-135.0,6.5,-111.0,-110.0,-116.0,-105.0,6.5,105.0,-125.0
2025020179,WSH,NYI,2025-10-31,-221.0,178.0,6.5,-105.0,-114.0,-213.0,175.0,5.5,-125.0,105.0
2025020180,ANA,DET,2025-10-31,-130.0,111.0,6.5,-110.0,-111.0,-152.0,125.0,6.5,110.0,-132.0
2025020181,BOS,CAR,2025-11-01,160.0,-196.0,6.5,-110.0,-108.0,160.0,-192.0,6.5,120.0,-147.0
2025020182,WPG,PIT,2025-11-01,-170.0,140.0,6.5,-105.0,-120.0,-227.0,185.0,6.5,115.0,-141.0
2025020183,NSH,CGY,2025-11-01,-118.0,-105.0,5.5,-115.0,-105.0,-135.0,115.0,5.5,-132.0,110.0
2025020184,SJS,COL,2025-11-01,205.0,-250.0,6.5,-130.0,110.0,175.0,-213.0,6.5,110.0,-132.0
2025020185,FLA,DAL,2025-11-01,-140.0,120.0,5.5,-104.0,-118.0,-135.0,115.0,5.5,-125.0,105.0
2025020186,BUF,WSH,2025-11-01,-130.0,110.0,6.5,-108.0,-115.0,-120.0,-100.0,6.5,120.0,-147.0
2025020187,MTL,OTT,2025-11-01,-108.0,-112.0,6.5,112.0,-135.0,-132.0,110.0,5.5,-147.0,120.0
2025020188,PHI,TOR,2025-11-01,100.0,-120.0,5.5,-118.0,-102.0,115.0,-135.0,6.5,115.0,-141.0
2025020189,CBJ,STL,2025-11-01,-148.0,124.0,6.5,-110.0,-110.0,-125.0,105.0,6.5,115.0,-141.0
2025020190,MIN,VAN,2025-11-01,-180.0,150.0,5.5,-130.0,110.0,-182.0,150.0,5.5,-132.0,110.0
2025020191,LAK,NJD,2025-11-01,-120.0,100.0,5.5,-140.0,114.0,-111.0,-111.0,5.5,-141.0,115.0
2025020192,EDM,CHI,2025-11-01,-290.0,235.0,6.5,102.0,-120.0,-303.0,240.0,6.5,115.0,-141.0
2025020193,SEA,NYR,2025-11-01,114.0,-137.0,5.5,102.0,-122.0,120.0,-141.0,5.5,-125.0,105.0
2025020194,UTA,TBL,2025-11-02,-118.0,-102.0,6.5,-105.0,-115.0,-100.0,-120.0,6.5,105.0,-125.0
2025020195,NYI,CBJ,2025-11-02,-125.0,105.0,6.5,-132.0,110.0,-142.0,120.0,6.5,-105.0,-115.0
2025020196,PHI,CGY,2025-11-02,-120.0,100.0,5.5,-120.0,-100.0,-135.0,114.0,5.5,-120.0,-100.0
2025020197,ANA,NJD,2025-11-02,104.0,-125.0,6.5,-110.0,-110.0,124.0,-148.0,6.5,-100.0,-120.0
2025020198,SJS,DET,2025-11-02,164.0,-205.0,6.5,-120.0,-100.0,160.0,-192.0,6.5,-115.0,-105.0
2025020199,TOR,PIT,2025-11-03,-185.0,154.0,6.5,-115.0,-105.0,-161.0,135.0,6.5,-105.0,-115.0
2025020200,STL,EDM,2025-11-03,105.0,-125.0,6.5,105.0,-124.0,135.0,-161.0,5.5,-139.0,113.0
2025020201,NSH,VAN,2025-11-03,-115.0,-108.0,5.5,-115.0,-105.0,-116.0,-105.0,5.5,-120.0,-100.0
2025020202,SEA,CHI,2025-11-03,-155.0,130.0,5.5,-130.0,110.0,-192.0,160.0,6.5,115.0,-141.0
2025020203,BUF,UTA,2025-11-04,114.0,-135.0,6.5,-105.0,-115.0,-111.0,-111.0,6.5,105.0,-125.0
2025020204,MTL,PHI,2025-11-04,-160.0,135.0,5.5,-115.0,-110.0,-152.0,125.0,5.5,-135.0,114.0
2025020205,NYI,BOS,2025-11-04,-167.0,140.0,6.5,-111.0,-134.0,-161.0,135.0,5.5,-130.0,110.0
2025020206,NYR,CAR,2025-11-04,-105.0,-115.0,5.5,-125.0,105.0,-111.0,-111.0,5.5,-130.0,110.0
2025020207,DAL,EDM,2025-11-04,-125.0,105.0,5.5,-128.0,104.0,-141.0,120.0,6.5,110.0,-130.0
2025020208,MIN,NSH,2025-11-04,-215.0,180.0,6.5,-102.0,-118.0,-167.0,140.0,6.5,110.0,-130.0
2025020209,COL,TBL,2025-11-04,-142.0,120.0,6.5,105.0,-125.0,-161.0,135.0,5.5,-135.0,114.0
2025020210,VGK,DET,2025-11-04,-192.0,160.0,6.5,102.0,-122.0,-200.0,165.0,5.5,-130.0,110.0
2025020211,ANA,FLA,2025-11-04,136.0,-162.0,6.5,110.0,-130.0,120.0,-141.0,5.5,-130.0,110.0
2025020212,LAK,WPG,2025-11-04,-135.0,114.0,5.5,-115.0,-105.0,-116.0,-105.0,5.5,-120.0,-100.0
2025020213,TOR,UTA,2025-11-05,-155.0,130.0,6.5,-105.0,-115.0,-135.0,115.0,6.5,105.0,-125.0
2025020214,WSH,STL,2025-11-05,-150.0,125.0,5.5,-105.0,-115.0,-182.0,150.0,5.5,-141.0,115.0
2025020215,CGY,CBJ,2025-11-05,-115.0,-105.0,5.5,-135.0,114.0,-120.0,-100.0,6.5,110.0,-132.0
2025020216,VAN,CHI,2025-11-05,-152.0,126.0,6.5,112.0,-135.0,-182.0,150.0,5.5,-141.0,115.0
2025020217,SEA,SJS,2025-11-05,-175.0,145.0,6.5,110.0,-130.0,-200.0,165.0,6.5,105.0,-125.0
2025020218,BOS,OTT,2025-11-06,135.0,-160.0,5.5,-142.0,116.0,-105.0,-116.0,6.5,110.0,-132.0
2025020219,BUF,STL,2025-11-06,-148.0,124.0,6.5,-100.0,-120.0,-141.0,120.0,6.5,105.0,-125.0
2025020220,NJD,MTL,2025-11-06,-142.0,120.0,6.5,110.0,-118.0,-172.0,145.0,6.5,115.0,-141.0
2025020221,PIT,WSH,2025-11-06,-112.0,-110.0,6.5,100.0,-120.0,-116.0,-105.0,6.5,105.0,-125.0
2025020222,CAR,MIN,2025-11-06,-194.0,164.0,6.5,-105.0,-120.0,-161.0,135.0,6.5,115.0,-141.0
2025020223,NSH,PHI,2025-11-06,-130.0,110.0,5.5,-108.0,-112.0,-125.0,105.0,5.5,-125.0,105.0
2025020224,DAL,ANA,2025-11-06,-192.0,160.0,6.5,102.0,-122.0,-185.0,155.0,6.5,115.0,-141.0
2025020225,VGK,TBL,2025-11-06,-122.0,-102.0,6.0,-105.0,-115.0,-125.0,105.0,6.5,110.0,-132.0
2025020226,LAK,FLA,2025-11-06,-108.0,-112.0,5.5,100.0,-120.0,-125.0,105.0,5.5,-111.0,-111.0
2025020227,DET,NYR,2025-11-07,-125.0,105.0,6.5,102.0,-122.0,-105.0,-116.0,5.5,-135.0,114.0
2025020228,NYI,MIN,2025-11-07,-155.0,130.0,6.5,-120.0,100.0,-132.0,110.0,5.5,-135.0,114.0
2025020229,CGY,CHI,2025-11-07,-149.0,124.0,5.5,-130.0,110.0,-161.0,135.0,5.5,-135.0,114.0
2025020230,SJS,WPG,2025-11-07,164.0,-198.0,6.5,105.0,-120.0,185.0,-227.0,6.5,105.0,-125.0
2025020231,NJD,PIT,2025-11-08,-175.0,145.0,6.5,-110.0,-110.0,-213.0,175.0,6.5,-110.0,-110.0
2025020232,PHI,OTT,2025-11-08,102.0,-120.0,5.5,-105.0,-115.0,105.0,-125.0,5.5,-142.0,116.0
2025020233,NSH,DAL,2025-11-08,140.0,-162.0,5.5,-130.0,110.0,135.0,-161.0,5.5,-120.0,-100.0
2025020234,TOR,BOS,2025-11-08,-210.0,170.0,5.5,-135.0,114.0,-200.0,165.0,6.5,-100.0,-120.0
2025020235,MTL,UTA,2025-11-08,102.0,-122.0,6.0,-110.0,-110.0,-111.0,-111.0,6.5,110.0,-132.0
2025020236,TBL,WSH,2025-11-08,-150.0,125.0,5.5,-130.0,110.0,-152.0,125.0,5.5,-141.0,115.0
2025020237,NYR,NYI,2025-11-08,-160.0,135.0,5.5,-130.0,110.0,-141.0,120.0,5.5,-147.0,120.0
2025020238,CAR,BUF,2025-11-08,-250.0,205.0,6.5,-118.0,-102.0,-192.0,160.0,6.5,-100.0,-120.0
2025020239,STL,SEA,2025-11-08,-170.0,145.0,5.5,-135.0,114.0,-111.0,-111.0,5.5,-125.0,105.0
2025020240,EDM,COL,2025-11-08,105.0,-125.0,6.5,-112.0,-115.0,-111.0,-111.0,6.5,105.0,-125.0
2025020241,VAN,CBJ,2025-11-08,-115.0,-108.0,6.5,-115.0,-110.0,-132.0,110.0,6.5,110.0,-132.0
2025020242,VGK,ANA,2025-11-08,-218.0,180.0,6.5,-135.0,114.0,-213.0,175.0,6.5,-105.0,-116.0
2025020243,SJS,FLA,2025-11-08,210.0,-258.0,6.5,100.0,-120.0,175.0,-213.0,5.5,-147.0,120.0
2025020244,DET,CHI,2025-11-09,-192.0,155.0,6.5,102.0,-122.0,-175.0,145.0,6.5,110.0,-130.0
2025020245,PIT,LAK,2025-11-09,136.0,-162.0,6.5,110.0,-128.0,136.0,-162.0,5.5,-135.0,114.0
2025020246,TOR,CAR,2025-11-09,112.0,-135.0,6.5,-115.0,-108.0,105.0,-125.0,6.5,-110.0,-110.0
2025020247,OTT,UTA,2025-11-09,-105.0,-115.0,5.5,-130.0,110.0,-120.0,100.0,6.5,105.0,-125.0
2025020248,DAL,SEA,2025-11-09,-205.0,165.0,5.5,-135.0,114.0,-245.0,200.0,6.5,105.0,-125.0
2025020249,MIN,CGY,2025-11-09,-150.0,125.0,6.5,100.0,-118.0,-175.0,145.0,5.5,-125.0,105.0
2025020250,VAN,COL,2025-11-09,172.0,-210.0,6.5,-115.0,-105.0,136.0,-162.0,6.5,105.0,-125.0
2025020251,ANA,WPG,2025-11-09,114.0,-137.0,6.5,-108.0,-112.0,124.0,-148.0,5.5,-130.0,110.0
2025020252,NJD,NYI,2025-11-10,-142.0,120.0,6.5,105.0,-125.0,-156.0,130.0,6.5,110.0,-132.0
2025020253,NYR,NSH,2025-11-10,-192.0,160.0,5.5,-115.0,-105.0,-185.0,155.0,5.5,-125.0,105.0
2025020254,EDM,CBJ,2025-11-10,-175.0,150.0,6.5,-115.0,-108.0,-200.0,165.0,6.5,-111.0,-111.0
2025020255,VGK,FLA,2025-11-10,-135.0,114.0,5.5,-115.0,-105.0,-125.0,105.0,6.5,120.0,-147.0
2025020256,BOS,TOR,2025-11-11,114.0,-137.0,6.5,114.0,-135.0,114.0,-135.0,6.5,-105.0,-115.0
2025020257,MTL,LAK,2025-11-11,102.0,-122.0,5.5,-115.0,-105.0,-120.0,-100.0,6.5,110.0,-130.0
2025020258,OTT,DAL,2025-11-11,-125.0,105.0,5.5,-115.0,-105.0,-100.0,-120.0,5.5,-130.0,110.0
2025020259,CAR,WSH,2025-11-11,-152.0,126.0,6.5,108.0,-130.0,-155.0,130.0,5.5,-130.0,110.0
2025020260,STL,CGY,2025-11-11,-140.0,118.0,5.5,-115.0,-105.0,-148.0,124.0,5.5,-125.0,105.0
2025020261,MIN,SJS,2025-11-11,-205.0,170.0,6.5,-105.0,-115.0,-218.0,180.0,6.5,-100.0,-120.0
2025020262,COL,ANA,2025-11-11,-255.0,210.0,6.5,-142.0,120.0,-218.0,180.0,6.5,-105.0,-115.0
2025020263,VAN,WPG,2025-11-11,105.0,-125.0,5.5,-134.0,110.0,-105.0,-115.0,5.5,-125.0,105.0
2025020264,SEA,CBJ,2025-11-11,-120.0,100.0,6.5,-104.0,-120.0,-115.0,-105.0,6.5,105.0,-125.0
2025020265,TBL,NYR,2025-11-12,-125.0,105.0,5.5,-120.0,100.0,-156.0,130.0,5.5,-147.0,120.0
2025020266,PHI,EDM,2025-11-12,100.0,-120.0,5.5,-115.0,-105.0,110.0,-132.0,6.5,115.0,-141.0
2025020267,UTA,BUF,2025-11-12,-205.0,165.0,6.5,-105.0,-115.0,-156.0,130.0,6.5,-105.0,-116.0
2025020268,CHI,NJD,2025-11-12,125.0,-150.0,6.5,110.0,-130.0,150.0,-182.0,6.5,110.0,-132.0
2025020269,TOR,LAK,2025-11-13,117.0,-138.0,5.5,-130.0,110.0,-115.0,-105.0,6.5,105.0,-125.0
2025020270,MTL,DAL,2025-11-13,-120.0,-102.0,5.5,-125.0,105.0,-100.0,-120.0,6.5,110.0,-130.0
2025020271,OTT,BOS,2025-11-13,-162.0,136.0,5.5,-138.0,112.0,-175.0,145.0,5.5,-135.0,114.0
2025020272,DET,ANA,2025-11-13,-135.0,114.0,6.5,-118.0,-105.0,-125.0,105.0,5.5,-130.0,110.0
2025020273,FLA,WSH,2025-11-13,-125.0,104.0,5.5,102.0,-122.0,-142.0,120.0,5.5,-130.0,110.0
2025020274,CBJ,EDM,2025-11-13,-134.0,114.0,6.5,-115.0,-105.0,105.0,-125.0,6.5,-120.0,-100.0
2025020275,COL,BUF,2025-11-13,-380.0,320.0,6.5,-125.0,105.0,-298.0,240.0,6.5,-120.0,-100.0
2025020276,CGY,SJS,2025-11-13,-162.0,136.0,6.5,114.0,-134.0,-166.0,140.0,5.5,-130.0,110.0
2025020277,VGK,NYI,2025-11-13,-185.0,160.0,6.5,105.0,-125.0,-192.0,160.0,6.5,105.0,-125.0
2025020278,SEA,WPG,2025-11-13,130.0,-155.0,5.5,-120.0,100.0,124.0,-148.0,5.5,-125.0,105.0
2025020279,CAR,VAN,2025-11-14,-298.0,240.0,6.5,-118.0,-105.0,-263.0,210.0,6.5,105.0,-125.0
2025020280,STL,PHI,2025-11-14,-135.0,114.0,5.5,-110.0,-112.0,-141.0,120.0,5.5,-125.0,105.0
2025020281,NSH,PIT,2025-11-14,114.0,-135.0,6.5,105.0,-125.0,-105.0,-116.0,6.5,-105.0,-116.0
2025020282,UTA,NYI,2025-11-14,-218.0,180.0,6.5,-110.0,-105.0,-200.0,165.0,6.5,-105.0,-116.0
2025020283,FLA,TBL,2025-11-15,-148.0,124.0,5.5,-125.0,105.0,-135.0,115.0,5.5,-111.0,-111.0
2025020284,MIN,ANA,2025-11-15,-120.0,102.0,6.5,-135.0,114.0,-161.0,135.0,6.5,-105.0,-116.0
2025020285,MTL,BOS,2025-11-15,-162.0,136.0,5.5,-118.0,-105.0,-132.0,110.0,6.5,120.0,-147.0
2025020286,OTT,LAK,2025-11-15,-115.0,-105.0,5.5,-115.0,-105.0,-111.0,-111.0,5.5,-120.0,-100.0
2025020287,DET,BUF,2025-11-15,-166.0,140.0,6.5,-105.0,-115.0,-156.0,130.0,6.5,-100.0,-120.0
2025020288,WSH,NJD,2025-11-15,-148.0,124.0,5.5,-118.0,-102.0,-111.0,-111.0,5.5,-125.0,105.0
2025020289,CAR,EDM,2025-11-15,-125.0,105.0,6.5,-105.0,-115.0,-152.0,125.0,6.5,-105.0,-116.0
2025020290,CBJ,NYR,2025-11-15,-105.0,-115.0,6.5,105.0,-125.0,125.0,-152.0,6.5,105.0,-125.0
2025020291,CHI,TOR,2025-11-15,105.0,-125.0,6.5,-102.0,-115.0,120.0,-141.0,6.5,105.0,-125.0
2025020292,STL,VGK,2025-11-15,136.0,-162.0,5.5,-132.0,108.0,115.0,-135.0,6.5,115.0,-141.0
2025020293,DAL,PHI,2025-11-15,-205.0,170.0,5.5,-110.0,-115.0,-227.0,185.0,5.5,-120.0,-100.0
2025020294,CGY,WPG,2025-11-15,110.0,-130.0,5.5,-120.0,100.0,135.0,-161.0,5.5,-120.0,-100.0
2025020295,SEA,SJS,2025-11-15,-150.0,125.0,5.5,-120.0,100.0,-172.0,145.0,6.5,-100.0,-120.0
2025020296,PIT,NSH,2025-11-16,-134.0,112.0,6.5,106.0,-130.0,-125.0,105.0,5.5,-120.0,-100.0
2025020297,TBL,VAN,2025-11-16,-150.0,125.0,6.5,-118.0,-102.0,-227.0,185.0,6.5,105.0,-125.0
2025020298,MIN,VGK,2025-11-16,110.0,-130.0,6.5,110.0,-130.0,105.0,-125.0,6.5,110.0,-132.0
2025020299,NYR,DET,2025-11-16,-142.0,120.0,5.5,-135.0,114.0,-141.0,120.0,5.5,-141.0,115.0
2025020300,COL,NYI,2025-11-16,-258.0,205.0,6.5,-118.0,-102.0,-263.0,210.0,6.5,105.0,-125.0
2025020301,BOS,CAR,2025-11-17,170.0,-205.0,6.0,-120.0,100.0,165.0,-200.0,6.5,115.0,-141.0
2025020302,BUF,EDM,2025-11-17,135.0,-160.0,6.5,-108.0,-112.0,125.0,-152.0,6.5,105.0,-125.0
2025020303,FLA,VAN,2025-11-17,-278.0,225.0,5.5,-135.0,114.0,-313.0,250.0,5.5,-116.0,-105.0
2025020304,WSH,LAK,2025-11-17,-118.0,-105.0,5.5,-112.0,-108.0,-141.0,120.0,5.5,-132.0,110.0
2025020305,CBJ,MTL,2025-11-17,-130.0,114.0,6.5,-105.0,-115.0,-111.0,-111.0,6.5,105.0,-125.0
2025020306,ANA,UTA,2025-11-17,105.0,-125.0,6.5,100.0,-120.0,-120.0,-100.0,6.5,-100.0,-120.0
2025020307,TOR,STL,2025-11-18,-110.0,-110.0,6.0,-110.0,-110.0,-156.0,130.0,5.5,-120.0,-100.0
2025020308,DET,SEA,2025-11-18,-170.0,140.0,5.5,-115.0,-105.0,-125.0,105.0,5.5,-132.0,110.0
2025020309,TBL,NJD,2025-11-18,-156.0,130.0,5.5,-138.0,114.0,-116.0,-105.0,5.5,-116.0,-105.0
2025020310,DAL,NYI,2025-11-18,-180.0,151.0,6.5,100.0,-120.0,-182.0,150.0,5.5,-132.0,110.0
2025020311,WPG,CBJ,2025-11-18,-175.0,142.0,6.5,-115.0,-105.0,-213.0,175.0,6.5,115.0,-141.0
2025020312,CHI,CGY,2025-11-18,105.0,-125.0,5.5,-125.0,105.0,-111.0,-111.0,5.5,-147.0,120.0
2025020313,VGK,NYR,2025-11-18,-137.0,115.0,5.5,-125.0,-104.0,-152.0,125.0,5.5,-141.0,115.0
2025020314,SJS,UTA,2025-11-18,115.0,-135.0,6.0,-118.0,-105.0,120.0,-141.0,6.5,-100.0,-120.0
2025020315,WSH,EDM,2025-11-19,-119.0,-102.0,6.5,110.0,-130.0,-116.0,-105.0,6.5,110.0,-147.0
2025020316,BUF,CGY,2025-11-19,-155.0,130.0,6.5,110.0,-130.0,-167.0,140.0,6.5,105.0,-141.0
2025020317,MIN,CAR,2025-11-19,145.0,-175.0,6.5,105.0,-125.0,135.0,-161.0,5.5,-141.0,105.0
2025020318,ANA,BOS,2025-11-19,-180.0,150.0,6.5,-104.0,-118.0,-161.0,135.0,6.5,-111.0,-120.0
2025020319,TOR,CBJ,2025-11-20,-105.0,-118.0,6.5,-106.0,-108.0,-152.0,125.0,6.5,-125.0,105.0
2025020320,MTL,WSH,2025-11-20,-130.0,110.0,6.0,-105.0,-115.0,-111.0,-111.0,6.5,110.0,-130.0
2025020321,DET,NYI,2025-11-20,-125.0,105.0,6.5,108.0,-130.0,-120.0,-100.0,5.5,-135.0,114.0
2025020322,TBL,EDM,2025-11-20,-166.0,142.0,6.5,-110.0,-105.0,-125.0,105.0,6.5,-105.0,-115.0
2025020323,FLA,NJD,2025-11-20,-150.0,125.0,5.5,-100.0,-115.0,-132.0,110.0,6.5,110.0,-130.0
2025020324,PHI,STL,2025-11-20,-125.0,105.0,5.5,-108.0,-112.0,-120.0,-100.0,5.5,-120.0,-100.0
2025020325,CHI,SEA,2025-11-20,-115.0,-105.0,5.5,-118.0,-102.0,-105.0,-116.0,5.5,-130.0,110.0
2025020326,COL,NYR,2025-11-20,-205.0,170.0,6.5,110.0,-130.0,-227.0,185.0,6.5,105.0,-125.0
2025020327,UTA,VGK,2025-11-20,-105.0,-115.0,5.5,-134.0,110.0,-105.0,-116.0,6.5,115.0,-141.0
2025020328,VAN,DAL,2025-11-20,124.0,-148.0,6.5,-105.0,-115.0,135.0,-161.0,5.5,-141.0,115.0
2025020329,ANA,OTT,2025-11-20,120.0,-140.0,6.5,102.0,-120.0,105.0,-125.0,6.5,115.0,-141.0
2025020330,SJS,LAK,2025-11-20,145.0,-180.0,5.5,-125.0,105.0,155.0,-185.0,5.5,-141.0,115.0
2025020331,BUF,CHI,2025-11-21,-180.0,150.0,6.5,-102.0,-118.0,-156.0,130.0,6.5,110.0,-132.0
2025020332,PIT,MIN,2025-11-21,-120.0,100.0,5.5,-135.0,114.0,-125.0,105.0,6.5,102.0,-124.0
2025020333,WPG,CAR,2025-11-21,136.0,-162.0,6.5,-105.0,-115.0,-111.0,-111.0,5.5,-134.0,110.0
2025020334,LAK,BOS,2025-11-21,-192.0,154.0,5.5,-115.0,-105.0,-185.0,155.0,5.5,-116.0,-105.0
2025020335,DET,CBJ,2025-11-22,-125.0,105.0,6.5,-102.0,-118.0,-161.0,135.0,6.5,-122.0,102.0
2025020336,NYI,STL,2025-11-22,-135.0,115.0,5.5,-135.0,114.0,-141.0,120.0,6.5,-100.0,-120.0
2025020337,MTL,TOR,2025-11-22,-142.0,120.0,6.5,-102.0,-118.0,-116.0,-105.0,6.5,-118.0,-102.0
2025020338,FLA,EDM,2025-11-22,-130.0,110.0,5.5,-122.0,102.0,-152.0,125.0,5.5,-141.0,115.0
2025020339,PHI,NJD,2025-11-22,-105.0,-115.0,5.5,105.0,-125.0,115.0,-135.0,5.5,-130.0,110.0
2025020340,PIT,SEA,2025-11-22,-125.0,105.0,5.5,-125.0,104.0,-132.0,110.0,5.5,-125.0,105.0
2025020341,WSH,TBL,2025-11-22,-120.0,102.0,6.5,102.0,-122.0,-116.0,-105.0,6.5,105.0,-125.0
2025020342,SJS,OTT,2025-11-22,142.0,-170.0,5.5,-115.0,-105.0,125.0,-152.0,6.5,102.0,-122.0
2025020343,NSH,COL,2025-11-22,190.0,-230.0,6.5,-102.0,-118.0,175.0,-213.0,6.5,110.0,-130.0
2025020344,UTA,NYR,2025-11-22,-135.0,114.0,5.5,-125.0,105.0,-116.0,-105.0,5.5,-125.0,105.0
2025020345,CGY,DAL,2025-11-22,120.0,-140.0,5.5,-130.0,110.0,150.0,-182.0,5.5,-130.0,110.0
2025020346,ANA,VGK,2025-11-22,130.0,-156.0,6.5,105.0,-122.0,120.0,-141.0,6.5,-115.0,-105.0
2025020347,BUF,CAR,2025-11-23,160.0,-192.0,6.5,-120.0,100.0,145.0,-175.0,6.5,-105.0,-115.0
2025020348,WPG,MIN,2025-11-23,-135.0,114.0,5.5,-128.0,106.0,-125.0,105.0,5.5,-135.0,114.0
2025020349,NYI,SEA,2025-11-23,-155.0,130.0,5.5,-130.0,110.0,-170.0,142.0,5.5,-135.0,114.0
2025020350,CHI,COL,2025-11-23,180.0,-218.0,6.5,-105.0,-115.0,170.0,-205.0,6.5,-110.0,-110.0
2025020351,SJS,BOS,2025-11-23,110.0,-130.0,6.0,-110.0,-110.0,124.0,-148.0,6.5,105.0,-125.0
2025020352,VAN,CGY,2025-11-23,-135.0,114.0,6.5,114.0,-135.0,-162.0,136.0,5.5,-125.0,105.0
2025020353,TBL,PHI,2025-11-24,-175.0,145.0,5.5,-135.0,114.0,-161.0,135.0,5.5,-105.0,-116.0
2025020354,NJD,DET,2025-11-24,-135.0,114.0,5.5,-130.0,110.0,-152.0,125.0,5.5,-125.0,105.0
2025020355,NYR,STL,2025-11-24,-150.0,125.0,5.5,-102.0,-118.0,-135.0,115.0,5.5,-116.0,-105.0
2025020356,WSH,CBJ,2025-11-24,-175.0,145.0,6.5,100.0,-120.0,-167.0,140.0,6.5,110.0,-132.0
2025020357,NSH,FLA,2025-11-24,114.0,-135.0,5.5,-125.0,105.0,130.0,-156.0,5.5,-125.0,105.0
2025020358,UTA,VGK,2025-11-24,-110.0,-112.0,5.5,-130.0,110.0,-105.0,-116.0,6.5,115.0,-141.0
2025020359,LAK,OTT,2025-11-24,-162.0,136.0,5.5,108.0,-130.0,-156.0,130.0,5.5,-111.0,-111.0
2025020360,EDM,DAL,2025-11-25,-135.0,114.0,5.5,-132.0,110.0,-152.0,125.0,5.5,-141.0,115.0
2025020361,DET,NSH,2025-11-26,-162.0,136.0,6.5,114.0,-135.0,-152.0,125.0,6.5,120.0,-147.0
2025020362,TBL,CGY,2025-11-26,-175.0,145.0,5.5,-125.0,105.0,-161.0,135.0,5.5,-125.0,105.0
2025020363,FLA,PHI,2025-11-26,-180.0,154.0,5.5,105.0,-125.0,-213.0,175.0,5.5,-116.0,-105.0
2025020364,NJD,STL,2025-11-26,-135.0,114.0,5.5,-115.0,-105.0,-182.0,150.0,5.5,-105.0,-116.0
2025020365,NYI,BOS,2025-11-26,-166.0,140.0,5.5,-130.0,110.0,-152.0,125.0,6.5,120.0,-147.0
2025020366,PIT,BUF,2025-11-26,-120.0,100.0,6.5,-105.0,-115.0,-125.0,105.0,6.5,-111.0,-111.0
2025020367,WSH,WPG,2025-11-26,-150.0,125.0,6.5,102.0,-122.0,-132.0,110.0,6.5,110.0,-132.0
2025020368,CAR,NYR,2025-11-26,-192.0,160.0,5.5,-135.0,114.0,-161.0,135.0,5.5,-141.0,115.0
2025020369,CBJ,TOR,2025-11-26,-110.0,-110.0,6.5,-110.0,-108.0,-116.0,-105.0,5.5,-147.0,120.0
2025020370,CHI,MIN,2025-11-26,114.0,-135.0,5.5,-115.0,-105.0,130.0,-156.0,6.5,115.0,-141.0
2025020371,COL,SJS,2025-11-26,-395.0,310.0,6.5,-105.0,-115.0,-385.0,300.0,6.5,115.0,-141.0
2025020372,UTA,MTL,2025-11-26,-142.0,120.0,5.5,-135.0,114.0,-141.0,120.0,5.5,-147.0,120.0
2025020373,VGK,OTT,2025-11-26,-180.0,150.0,5.5,-115.0,-105.0,-182.0,150.0,5.5,-132.0,110.0
2025020374,ANA,VAN,2025-11-26,-155.0,130.0,6.5,-148.0,124.0,-141.0,120.0,6.5,-100.0,-120.0
2025020375,SEA,DAL,2025-11-26,110.0,-130.0,5.5,-118.0,-102.0,115.0,-135.0,5.5,-132.0,110.0
2025020376,BOS,NYR,2025-11-28,150.0,-180.0,5.5,-110.0,-110.0,105.0,-125.0,5.5,-125.0,105.0
2025020377,DET,TBL,2025-11-28,110.0,-130.0,6.5,-102.0,-120.0,-105.0,-116.0,6.5,105.0,-125.0
2025020378,MIN,COL,2025-11-28,160.0,-191.0,6.5,112.0,-135.0,135.0,-161.0,6.5,105.0,-125.0
2025020379,BUF,NJD,2025-11-28,-112.0,-110.0,6.5,112.0,-135.0,-100.0,-120.0,6.5,120.0,-147.0
2025020380,FLA,CGY,2025-11-28,-192.0,154.0,5.5,-122.0,102.0,-185.0,155.0,5.5,-116.0,-105.0
2025020381,NYI,PHI,2025-11-28,-148.0,124.0,6.5,110.0,-130.0,-161.0,135.0,6.5,120.0,-147.0
2025020382,STL,OTT,2025-11-28,-105.0,-118.0,5.5,-108.0,-112.0,-111.0,-111.0,6.5,115.0,-141.0
2025020383,VGK,MTL,2025-11-28,-205.0,170.0,6.5,106.0,-130.0,-161.0,135.0,6.5,115.0,-141.0
2025020384,ANA,LAK,2025-11-28,114.0,-135.0,6.5,114.0,-135.0,110.0,-132.0,6.5,110.0,-132.0
2025020385,SJS,VAN,2025-11-28,-104.0,-122.0,6.5,-122.0,102.0,-105.0,-116.0,6.5,-105.0,-116.0
2025020386,WSH,TOR,2025-11-28,-170.0,142.0,6.5,112.0,-135.0,-125.0,105.0,5.5,-141.0,115.0
2025020387,CAR,WPG,2025-11-28,-205.0,164.0,6.5,-105.0,-115.0,-167.0,140.0,6.5,-105.0,-116.0
2025020388,CBJ,PIT,2025-11-28,-135.0,114.0,6.5,110.0,-130.0,-111.0,-111.0,6.5,-125.0,105.0
2025020389,CHI,NSH,2025-11-28,102.0,-120.0,5.5,-130.0,110.0,-116.0,-105.0,6.5,110.0,-132.0
2025020390,DAL,UTA,2025-11-28,-130.0,110.0,5.5,-132.0,110.0,-161.0,135.0,6.5,120.0,-147.0
2025020391,NYR,TBL,2025-11-29,-130.0,110.0,6.5,105.0,-125.0,-111.0,-111.0,6.5,105.0,-125.0
2025020392,COL,MTL,2025-11-29,-258.0,210.0,6.5,-102.0,-120.0,-263.0,210.0,6.5,110.0,-130.0
2025020393,SEA,EDM,2025-11-29,130.0,-155.0,5.5,-135.0,114.0,-100.0,-120.0,6.5,110.0,-130.0
2025020394,BOS,DET,2025-11-29,130.0,-155.0,5.5,-119.0,-101.0,-111.0,-111.0,5.5,-135.0,114.0
2025020395,NJD,PHI,2025-11-29,-142.0,120.0,5.5,-105.0,-115.0,-182.0,150.0,5.5,-135.0,114.0
2025020396,PIT,TOR,2025-11-29,-111.0,-109.0,6.5,-102.0,-118.0,-116.0,-105.0,6.5,110.0,-130.0
2025020397,NSH,WPG,2025-11-29,114.0,-135.0,6.5,114.0,115.0,110.0,-132.0,5.5,-130.0,110.0
2025020398,STL,UTA,2025-11-29,110.0,-130.0,5.5,-118.0,-102.0,-105.0,-116.0,5.5,-130.0,110.0
2025020399,MIN,BUF,2025-11-29,-142.0,120.0,6.5,110.0,-130.0,-152.0,125.0,6.5,110.0,-130.0
2025020400,VGK,SJS,2025-11-29,-345.0,275.0,6.5,100.0,-120.0,-294.0,235.0,6.5,110.0,-130.0
2025020401,LAK,VAN,2025-11-29,-170.0,140.0,6.5,-105.0,-125.0,-200.0,165.0,6.5,100.0,-120.0
2025020402,NYI,WSH,2025-11-30,110.0,-130.0,6.0,-110.0,-135.0,108.0,-130.0,6.5,116.0,-142.0
2025020403,CHI,ANA,2025-11-30,100.0,-120.0,6.5,-120.0,100.0,112.0,-134.0,6.5,-115.0,-105.0
2025020404,CAR,CGY,2025-11-30,-250.0,200.0,6.0,-115.0,-110.0,-245.0,198.0,6.5,116.0,-142.0
2025020405,DAL,OTT,2025-11-30,-130.0,110.0,5.5,-122.0,102.0,-137.0,114.0,5.5,-130.0,106.0
2025020406,NJD,CBJ,2025-12-01,-148.0,124.0,6.5,105.0,-125.0,-146.0,122.0,6.5,116.0,-142.0
2025020407,PHI,PIT,2025-12-01,-135.0,114.0,5.5,-130.0,110.0,-164.0,136.0,5.5,-118.0,-104.0
2025020408,BUF,WPG,2025-12-01,-115.0,-105.0,6.5,105.0,-125.0,-100.0,-120.0,6.5,106.0,-130.0
2025020409,STL,ANA,2025-12-01,-150.0,125.0,6.5,-102.0,-118.0,-135.0,114.0,5.5,-135.0,114.0
2025020410,SJS,UTA,2025-12-01,154.0,-185.0,5.5,-122.0,102.0,116.0,-140.0,6.5,114.0,-140.0
2025020411,MTL,OTT,2025-12-02,106.0,-126.0,5.5,-125.0,105.0,-120.0,-100.0,5.5,-138.0,112.0
2025020412,DET,BOS,2025-12-02,-190.0,160.0,5.5,-120.0,100.0,-194.0,160.0,5.5,-128.0,104.0
2025020413,FLA,TOR,2025-12-02,-170.0,142.0,6.5,-105.0,-112.0,-166.0,138.0,5.5,-134.0,110.0
2025020414,NYI,TBL,2025-12-02,102.0,-122.0,5.5,-130.0,110.0,115.0,-138.0,6.5,112.0,-138.0
2025020415,NYR,DAL,2025-12-02,105.0,-125.0,5.5,-110.0,-110.0,-100.0,-120.0,5.5,-120.0,-102.0
2025020416,NSH,CGY,2025-12-02,-125.0,105.0,5.5,-125.0,105.0,-122.0,102.0,5.5,-132.0,108.0
2025020417,COL,VAN,2025-12-02,-355.0,280.0,6.5,-115.0,102.0,-335.0,265.0,6.5,-110.0,-110.0
2025020418,EDM,MIN,2025-12-02,-150.0,125.0,6.5,104.0,-130.0,-176.0,146.0,5.5,-140.0,114.0
2025020419,VGK,CHI,2025-12-02,-290.0,225.0,5.5,-135.0,114.0,-310.0,245.0,6.5,114.0,-140.0
2025020420,LAK,WSH,2025-12-02,-120.0,100.0,5.5,102.0,-122.0,-128.0,106.0,5.5,-120.0,-102.0
2025020421,NJD,DAL,2025-12-03,-115.0,-105.0,5.5,-130.0,110.0,-118.0,-102.0,5.5,-115.0,-105.0
2025020422,MTL,WPG,2025-12-03,114.0,-135.0,6.5,100.0,-120.0,-105.0,-115.0,6.5,-100.0,-120.0
2025020423,PHI,BUF,2025-12-03,107.0,-127.0,6.5,102.0,-122.0,-137.0,114.0,5.5,-134.0,110.0
2025020424,ANA,UTA,2025-12-03,-108.0,-112.0,6.5,-115.0,-108.0,-108.0,-112.0,6.5,-105.0,-115.0
2025020425,SJS,WSH,2025-12-03,124.0,-148.0,6.5,110.0,-130.0,136.0,-162.0,5.5,-130.0,110.0
2025020426,BOS,STL,2025-12-04,120.0,-142.0,5.5,-105.0,-115.0,120.0,-141.0,5.5,-105.0,-116.0
2025020427,OTT,NYR,2025-12-04,-135.0,114.0,5.5,-120.0,104.0,-172.0,145.0,5.5,-116.0,-105.0
2025020428,TBL,PIT,2025-12-04,-155.0,130.0,6.5,-110.0,-115.0,-213.0,175.0,5.5,-141.0,115.0
2025020429,FLA,NSH,2025-12-04,-185.0,154.0,6.0,-110.0,-110.0,-233.0,190.0,5.5,-132.0,110.0
2025020430,NYI,COL,2025-12-04,154.0,-185.0,6.5,114.0,-135.0,165.0,-200.0,6.5,120.0,-147.0
2025020431,CAR,TOR,2025-12-04,-205.0,170.0,6.5,-102.0,-118.0,-200.0,165.0,6.5,-105.0,-116.0
2025020432,CBJ,DET,2025-12-04,-120.0,100.0,6.5,-120.0,100.0,-125.0,105.0,6.5,110.0,-132.0
2025020433,CGY,MIN,2025-12-04,102.0,-122.0,5.5,-108.0,-112.0,-116.0,-105.0,5.5,-132.0,110.0
2025020434,EDM,SEA,2025-12-04,-205.0,164.0,5.5,-134.0,110.0,-250.0,200.0,5.5,-141.0,115.0
2025020435,LAK,CHI,2025-12-04,-210.0,172.0,5.5,-105.0,-115.0,-233.0,190.0,5.5,-141.0,115.0
2025020436,NJD,VGK,2025-12-05,120.0,-142.0,5.5,-115.0,-105.0,110.0,-130.0,6.5,110.0,-130.0
2025020437,WPG,BUF,2025-12-05,-125.0,105.0,6.5,-105.0,-110.0,-155.0,130.0,5.5,-135.0,114.0
2025020438,DAL,SJS,2025-12-05,-278.0,225.0,6.5,110.0,-130.0,-305.0,245.0,5.5,-125.0,105.0
2025020439,VAN,UTA,2025-12-05,114.0,-135.0,6.5,112.0,-135.0,105.0,-125.0,6.5,-110.0,-110.0
2025020440,ANA,WSH,2025-12-05,114.0,-135.0,6.5,-115.0,-110.0,105.0,-125.0,6.5,105.0,-125.0
2025020441,NYR,COL,2025-12-06,145.0,-170.0,6.5,114.0,-135.0,140.0,-167.0,6.5,105.0,-125.0
2025020442,FLA,CBJ,2025-12-06,-162.0,136.0,6.5,108.0,-130.0,-152.0,125.0,6.5,105.0,-125.0
2025020443,BOS,NJD,2025-12-06,100.0,-120.0,5.5,-105.0,-115.0,115.0,-135.0,5.5,-132.0,110.0
2025020444,TOR,MTL,2025-12-06,-140.0,118.0,6.5,-115.0,-105.0,-161.0,135.0,6.5,-110.0,-110.0
2025020445,OTT,STL,2025-12-06,-150.0,125.0,5.5,-110.0,-110.0,-135.0,115.0,5.5,-125.0,105.0
2025020446,TBL,NYI,2025-12-06,-145.0,120.0,6.0,-115.0,-105.0,-161.0,135.0,5.5,-125.0,105.0
2025020447,CAR,NSH,2025-12-06,-225.0,185.0,5.5,-135.0,114.0,-213.0,175.0,5.5,-147.0,120.0
2025020448,CGY,UTA,2025-12-06,-135.0,115.0,5.5,-120.0,102.0,-105.0,-116.0,6.5,-111.0,-111.0
2025020449,LAK,CHI,2025-12-06,-205.0,164.0,5.5,-105.0,-115.0,-213.0,175.0,6.5,-105.0,-115.0
2025020450,EDM,WPG,2025-12-06,-185.0,160.0,6.5,-105.0,-115.0,-161.0,135.0,6.5,-110.0,-110.0
2025020451,VAN,MIN,2025-12-06,136.0,-162.0,5.5,-130.0,110.0,120.0,-141.0,5.5,-110.0,-110.0
2025020452,SEA,DET,2025-12-06,100.0,-120.0,5.5,-130.0,110.0,-125.0,105.0,5.5,-130.0,110.0
2025020453,PHI,COL,2025-12-07,142.0,-170.0,6.5,-100.0,-125.0,125.0,-152.0,6.5,115.0,-141.0
2025020454,FLA,NYI,2025-12-07,-162.0,136.0,6.5,104.0,-128.0,-161.0,135.0,6.5,110.0,-132.0
2025020455,CAR,SJS,2025-12-07,-325.0,270.0,6.5,110.0,-124.0,-313.0,250.0,6.5,105.0,-125.0
2025020456,DAL,PIT,2025-12-07,-180.0,150.0,6.0,-105.0,-115.0,-250.0,200.0,6.5,110.0,-132.0
2025020457,MTL,STL,2025-12-07,-130.0,110.0,5.5,-110.0,-110.0,-152.0,125.0,5.5,-132.0,110.0
2025020458,NYR,VGK,2025-12-07,145.0,-170.0,5.5,-135.0,114.0,160.0,-192.0,6.5,115.0,-141.0
2025020459,WSH,CBJ,2025-12-07,-182.0,152.0,6.5,-100.0,-120.0,-200.0,165.0,6.5,110.0,-132.0
2025020460,ANA,CHI,2025-12-07,-205.0,164.0,6.5,-135.0,114.0,-200.0,165.0,6.5,-105.0,-116.0
2025020461,TOR,TBL,2025-12-08,110.0,-130.0,6.5,-110.0,-110.0,-120.0,-100.0,5.5,-141.0,115.0
2025020462,UTA,LAK,2025-12-08,-110.0,-112.0,5.5,-102.0,-120.0,-125.0,105.0,5.5,-132.0,110.0
2025020463,CGY,BUF,2025-12-08,-110.0,-110.0,6.5,110.0,-130.0,-120.0,-100.0,5.5,-141.0,115.0
2025020464,VAN,DET,2025-12-08,110.0,-130.0,6.5,-105.0,-115.0,115.0,-135.0,5.5,-141.0,115.0
2025020465,SEA,MIN,2025-12-08,115.0,-135.0,5.5,-100.0,-120.0,110.0,-132.0,5.5,-111.0,-111.0
2025020466,MTL,TBL,2025-12-09,-108.0,-112.0,6.5,-105.0,-115.0,-111.0,-111.0,6.5,110.0,-132.0
2025020467,OTT,NJD,2025-12-09,-155.0,130.0,5.5,-110.0,-110.0,-125.0,105.0,5.5,-116.0,-105.0
2025020468,NYI,VGK,2025-12-09,122.0,-142.0,5.5,-108.0,-112.0,105.0,-125.0,5.5,-141.0,115.0
2025020469,PHI,SJS,2025-12-09,-180.0,150.0,5.5,-135.0,114.0,-185.0,155.0,5.5,-141.0,115.0
2025020470,PIT,ANA,2025-12-09,-108.0,-112.0,6.5,-120.0,100.0,-141.0,120.0,6.5,-100.0,-120.0
2025020471,CAR,CBJ,2025-12-09,-220.0,180.0,6.5,-110.0,-108.0,-213.0,175.0,6.5,-105.0,-116.0
2025020472,STL,BOS,2025-12-09,-125.0,105.0,5.5,-108.0,-112.0,-135.0,115.0,5.5,-111.0,-111.0
2025020473,WPG,DAL,2025-12-09,124.0,-148.0,5.5,-134.0,110.0,105.0,-125.0,6.5,120.0,-147.0
2025020474,EDM,BUF,2025-12-09,-205.0,170.0,6.5,-130.0,108.0,-200.0,165.0,6.5,-105.0,-116.0
2025020475,NSH,COL,2025-12-09,170.0,-205.0,6.5,110.0,-134.0,175.0,-213.0,6.5,105.0,-125.0
2025020476,CHI,NYR,2025-12-10,124.0,-148.0,5.5,-132.0,110.0,120.0,-141.0,5.5,-141.0,115.0
2025020477,CGY,DET,2025-12-10,-110.0,-110.0,6.5,110.0,-130.0,-116.0,-105.0,5.5,-141.0,115.0
2025020478,UTA,FLA,2025-12-10,-110.0,-115.0,5.5,-118.0,-105.0,-116.0,-105.0,5.5,-132.0,110.0
2025020479,SEA,LAK,2025-12-10,120.0,-145.0,5.5,100.0,-120.0,110.0,-132.0,5.5,-115.0,-105.0
2025020480,TOR,SJS,2025-12-11,-205.0,170.0,6.5,112.0,-135.0,-270.0,220.0,6.5,105.0,-125.0
2025020481,NJD,TBL,2025-12-11,115.0,-135.0,5.5,-135.0,114.0,-120.0,-100.0,5.5,-125.0,105.0
2025020482,NYI,ANA,2025-12-11,-120.0,104.0,6.5,-122.0,102.0,-152.0,125.0,6.5,-105.0,-116.0
2025020483,PHI,VGK,2025-12-11,134.0,-161.0,5.5,-115.0,-105.0,120.0,-141.0,5.5,-125.0,105.0
2025020484,PIT,MTL,2025-12-11,-135.0,114.0,6.5,105.0,-125.0,-152.0,125.0,5.5,-147.0,120.0
2025020485,WSH,CAR,2025-12-11,-105.0,-115.0,5.5,-122.0,102.0,-116.0,-105.0,6.5,105.0,-125.0
2025020486,CBJ,OTT,2025-12-11,107.0,-127.0,6.5,-110.0,-110.0,-105.0,-116.0,6.5,115.0,-141.0
2025020487,NSH,STL,2025-12-11,-135.0,114.0,5.5,-115.0,-108.0,-116.0,-105.0,5.5,-125.0,105.0
2025020488,MIN,DAL,2025-12-11,114.0,-134.0,5.5,-105.0,-115.0,-100.0,-120.0,5.5,-125.0,105.0
2025020489,WPG,BOS,2025-12-11,-155.0,130.0,6.5,110.0,-135.0,-182.0,150.0,6.5,120.0,-147.0
2025020490,COL,FLA,2025-12-11,-238.0,195.0,6.5,-102.0,-119.0,-222.0,180.0,5.5,-147.0,120.0
2025020491,EDM,DET,2025-12-11,-185.0,154.0,6.5,-125.0,105.0,-200.0,165.0,6.5,110.0,-132.0
2025020492,VAN,BUF,2025-12-11,-105.0,-115.0,6.5,110.0,-130.0,-125.0,105.0,5.5,-125.0,105.0
2025020493,STL,CHI,2025-12-12,-105.0,-115.0,5.5,-112.0,-108.0,-161.0,135.0,5.5,-141.0,115.0
2025020494,UTA,SEA,2025-12-12,-192.0,160.0,5.5,-110.0,-110.0,-161.0,135.0,6.5,-111.0,-111.0
2025020495,NJD,ANA,2025-12-13,-110.0,-110.0,6.5,-110.0,-102.0,-152.0,125.0,6.5,105.0,-125.0
2025020496,MIN,OTT,2025-12-13,-121.0,-100.0,5.5,-130.0,110.0,-156.0,130.0,5.5,-130.0,110.0
2025020497,PIT,SJS,2025-12-13,-175.0,150.0,6.5,105.0,-125.0,-200.0,165.0,6.5,110.0,-130.0
2025020498,NYI,TBL,2025-12-13,110.0,-130.0,5.5,-135.0,114.0,-116.0,-105.0,5.5,-125.0,105.0
2025020499,TOR,EDM,2025-12-13,110.0,-130.0,6.5,-104.0,-118.0,-116.0,-105.0,6.5,-105.0,-116.0
2025020500,NYR,MTL,2025-12-13,-135.0,115.0,5.5,-112.0,-108.0,-182.0,150.0,5.5,-141.0,115.0
2025020501,PHI,CAR,2025-12-13,150.0,-180.0,5.5,-135.0,114.0,120.0,-141.0,5.5,-132.0,110.0
2025020502,CBJ,VGK,2025-12-13,120.0,-142.0,6.5,105.0,-125.0,120.0,-141.0,6.5,-100.0,-120.0
2025020503,WPG,WSH,2025-12-13,-102.0,-120.0,5.5,-105.0,-115.0,-105.0,-116.0,6.5,120.0,-147.0
2025020504,CHI,DET,2025-12-13,160.0,-187.0,6.5,100.0,-122.0,-105.0,-116.0,6.5,105.0,-125.0
2025020505,DAL,FLA,2025-12-13,-142.0,120.0,5.5,-122.0,102.0,-192.0,160.0,5.5,-116.0,-105.0
2025020506,COL,NSH,2025-12-13,-355.0,295.0,6.5,-108.0,-112.0,-333.0,265.0,6.5,105.0,-125.0
2025020507,LAK,CGY,2025-12-13,-175.0,145.0,5.5,116.0,-142.0,-200.0,165.0,5.5,-116.0,-105.0
2025020508,NJD,VAN,2025-12-14,-125.0,105.0,5.5,-122.0,102.0,-155.0,130.0,5.5,-110.0,-110.0
2025020509,PIT,UTA,2025-12-14,110.0,-130.0,6.5,105.0,-125.0,120.0,-142.0,6.5,114.0,-135.0
2025020510,CAR,PHI,2025-12-14,-250.0,205.0,5.5,-118.0,-102.0,-238.0,195.0,5.5,-130.0,110.0
2025020511,MIN,BOS,2025-12-14,-130.0,110.0,5.5,-118.0,-105.0,-155.0,130.0,5.5,-125.0,105.0
2025020512,MTL,EDM,2025-12-14,114.0,-135.0,6.5,-121.0,102.0,105.0,-125.0,6.5,-100.0,-120.0
2025020513,SEA,BUF,2025-12-14,110.0,-130.0,5.5,-135.0,114.0,-100.0,-120.0,5.5,-130.0,110.0
2025020514,TBL,FLA,2025-12-15,-120.0,100.0,5.5,-132.0,108.0,-132.0,110.0,5.5,-141.0,115.0
2025020515,NYR,ANA,2025-12-15,-115.0,-105.0,6.0,-120.0,100.0,-135.0,115.0,6.5,105.0,-125.0
2025020516,WPG,OTT,2025-12-15,-130.0,110.0,5.5,-112.0,-108.0,-152.0,125.0,5.5,-116.0,-105.0
2025020517,STL,NSH,2025-12-15,-110.0,-115.0,5.5,-115.0,-105.0,-152.0,125.0,5.5,-120.0,-100.0
2025020518,DAL,LAK,2025-12-15,-135.0,114.0,5.5,114.0,-135.0,-156.0,130.0,5.5,-120.0,-100.0
2025020519,BOS,UTA,2025-12-16,-115.0,-108.0,5.5,-140.0,114.0,-152.0,125.0,5.5,-132.0,110.0
2025020520,TOR,CHI,2025-12-16,-205.0,170.0,5.5,-120.0,-100.0,-227.0,185.0,6.5,115.0,-141.0
2025020521,MTL,PHI,2025-12-16,-120.0,100.0,5.5,-118.0,-102.0,-132.0,110.0,6.5,115.0,-141.0
2025020522,DET,NYI,2025-12-16,-125.0,105.0,5.5,-142.0,116.0,-132.0,110.0,6.5,115.0,-141.0
2025020523,NYR,VAN,2025-12-16,-120.0,-102.0,5.5,-115.0,-105.0,-172.0,145.0,5.5,-125.0,105.0
2025020524,PIT,EDM,2025-12-16,120.0,-142.0,6.5,-110.0,-112.0,-111.0,-111.0,6.5,105.0,-125.0
2025020525,CBJ,ANA,2025-12-16,-142.0,120.0,6.5,-130.0,110.0,-116.0,-105.0,6.5,-116.0,-105.0
2025020526,MIN,WSH,2025-12-16,-115.0,-105.0,5.5,-135.0,114.0,-116.0,-105.0,5.5,-141.0,115.0
2025020527,SJS,CGY,2025-12-16,130.0,-155.0,5.5,-125.0,105.0,-116.0,-105.0,5.5,-132.0,110.0
2025020528,SEA,COL,2025-12-16,260.0,-325.0,5.5,-140.0,114.0,200.0,-250.0,5.5,-147.0,120.0
2025020529,FLA,LAK,2025-12-17,-148.0,124.0,5.5,-115.0,-110.0,-132.0,110.0,5.5,-120.0,-100.0
2025020530,DET,UTA,2025-12-17,-120.0,100.0,6.0,-105.0,-115.0,-135.0,115.0,6.5,110.0,-132.0
2025020531,STL,WPG,2025-12-17,130.0,-155.0,5.5,-106.0,-108.0,-105.0,-116.0,5.5,-100.0,-120.0
2025020532,NSH,CAR,2025-12-17,150.0,-180.0,5.5,175.0,-250.0,130.0,-156.0,5.5,-141.0,115.0
2025020533,VGK,NJD,2025-12-17,-166.0,140.0,5.5,106.0,-130.0,-182.0,150.0,5.5,-141.0,115.0
2025020534,BOS,EDM,2025-12-18,114.0,-135.0,6.5,-106.0,-112.0,-105.0,-116.0,6.5,115.0,-141.0
2025020535,BUF,PHI,2025-12-18,-150.0,125.0,6.0,-110.0,-110.0,-161.0,135.0,5.5,-141.0,115.0
2025020536,MTL,CHI,2025-12-18,-175.0,145.0,5.5,-115.0,-105.0,-161.0,135.0,5.5,-125.0,105.0
2025020537,OTT,PIT,2025-12-18,-166.0,142.0,6.5,-108.0,-110.0,-141.0,120.0,5.5,-147.0,120.0
2025020538,TBL,LAK,2025-12-18,-230.0,190.0,5.5,-102.0,-118.0,-156.0,130.0,5.5,-125.0,105.0
2025020539,WSH,TOR,2025-12-18,-155.0,130.0,5.5,-130.0,110.0,-161.0,135.0,5.5,-141.0,115.0
2025020540,CBJ,MIN,2025-12-18,-105.0,-115.0,6.5,100.0,-122.0,-100.0,-120.0,6.5,110.0,-132.0
2025020541,STL,NYR,2025-12-18,120.0,-142.0,5.5,110.0,-130.0,-105.0,-116.0,5.5,105.0,-125.0
2025020542,CGY,SEA,2025-12-18,-180.0,145.0,5.5,-118.0,-102.0,-161.0,135.0,5.5,-116.0,-105.0
2025020543,SJS,DAL,2025-12-18,165.0,-205.0,5.5,-135.0,114.0,195.0,-244.0,5.5,-140.0,114.0
2025020544,FLA,CAR,2025-12-19,115.0,-135.0,5.5,-125.0,105.0,-111.0,-111.0,5.5,-125.0,105.0
2025020545,NYI,VAN,2025-12-19,-142.0,120.0,5.5,110.0,-130.0,-156.0,130.0,5.5,-132.0,110.0
2025020546,COL,WPG,2025-12-19,-218.0,180.0,6.5,112.0,-135.0,-244.0,195.0,5.5,-141.0,115.0
2025020547,UTA,NJD,2025-12-19,-142.0,120.0,5.5,-120.0,100.0,-116.0,-105.0,5.5,-120.0,-100.0
2025020548,ANA,DAL,2025-12-19,-115.0,-108.0,6.5,-102.0,-118.0,135.0,-161.0,6.5,110.0,-132.0
2025020549,NYR,PHI,2025-12-20,-155.0,130.0,5.5,-105.0,-115.0,-141.0,120.0,5.5,-111.0,-111.0
2025020550,WSH,DET,2025-12-20,-162.0,136.0,5.5,-120.0,100.0,-172.0,145.0,6.5,115.0,-141.0
2025020551,OTT,CHI,2025-12-20,-270.0,225.0,5.5,-122.0,102.0,-222.0,180.0,5.5,-111.0,-111.0
2025020552,MIN,EDM,2025-12-20,-135.0,114.0,6.5,-115.0,-105.0,-116.0,-105.0,6.5,-100.0,-120.0
2025020553,BUF,NYI,2025-12-20,-180.0,150.0,6.5,104.0,-125.0,-132.0,110.0,6.5,110.0,-132.0
2025020554,FLA,STL,2025-12-20,-180.0,150.0,5.5,-115.0,-105.0,-200.0,165.0,5.5,-105.0,-116.0
2025020555,BOS,VAN,2025-12-20,-190.0,154.0,5.5,-125.0,105.0,-156.0,130.0,5.5,-120.0,-100.0
2025020556,MTL,PIT,2025-12-20,-134.0,114.0,6.5,-106.0,-113.0,-125.0,105.0,6.5,105.0,-125.0
2025020557,TBL,CAR,2025-12-20,-135.0,114.0,5.5,-115.0,-105.0,-116.0,-105.0,5.5,-105.0,-116.0
2025020558,NSH,TOR,2025-12-20,-110.0,-110.0,5.5,-135.0,114.0,-111.0,-111.0,5.5,-147.0,120.0
2025020559,CGY,VGK,2025-12-20,110.0,-130.0,5.5,-115.0,-110.0,110.0,-132.0,5.5,-111.0,-111.0
2025020560,ANA,CBJ,2025-12-20,-122.0,104.0,6.5,-142.0,120.0,-135.0,115.0,6.5,-125.0,105.0
2025020561,SJS,SEA,2025-12-20,-130.0,110.0,6.5,105.0,-125.0,-125.0,105.0,5.5,-147.0,120.0
2025020562,DET,WSH,2025-12-21,-115.0,-105.0,5.5,305.0,-556.0,-105.0,-116.0,6.5,115.0,-141.0
2025020563,MIN,COL,2025-12-21,142.0,-170.0,6.5,100.0,-114.0,150.0,-182.0,5.5,-111.0,-111.0
2025020564,BOS,OTT,2025-12-21,125.0,-150.0,5.5,-138.0,114.0,-111.0,-111.0,5.5,-111.0,-111.0
2025020565,NJD,BUF,2025-12-21,-178.0,150.0,6.5,-105.0,-115.0,-111.0,-111.0,5.5,-111.0,-111.0
2025020566,PIT,MTL,2025-12-21,-115.0,-105.0,6.5,-105.0,-115.0,-111.0,-111.0,5.5,-111.0,-111.0
2025020567,NSH,NYR,2025-12-21,-110.0,-110.0,6.0,-110.0,-110.0,-111.0,-111.0,5.5,-111.0,-111.0
2025020568,DAL,TOR,2025-12-21,-218.0,180.0,6.5,108.0,-130.0,-192.0,160.0,5.5,-111.0,-111.0
2025020569,UTA,WPG,2025-12-21,-122.0,102.0,5.5,-115.0,-105.0,-111.0,-111.0,5.5,-111.0,-111.0
2025020570,EDM,VGK,2025-12-21,-125.0,105.0,6.5,-108.0,-112.0,-111.0,-111.0,5.5,-111.0,-111.0
2025020571,TBL,STL,2025-12-22,-250.0,205.0,5.5,-115.0,-105.0,-200.0,165.0,5.5,-111.0,-111.0
2025020572,PHI,VAN,2025-12-22,-148.0,124.0,5.5,110.0,-130.0,-132.0,110.0,5.5,-120.0,-100.0
2025020573,ANA,SEA,2025-12-22,-182.0,150.0,6.5,-115.0,-105.0,-182.0,150.0,6.5,105.0,-125.0
2025020574,LAK,CBJ,2025-12-22,-161.0,135.0,5.5,-125.0,105.0,-185.0,155.0,5.5,-125.0,105.0
2025020575,TOR,PIT,2025-12-23,-135.0,112.0,6.5,-105.0,-120.0,-161.0,135.0,5.5,-141.0,115.0
2025020576,WSH,NYR,2025-12-23,-162.0,136.0,5.5,102.0,-122.0,-156.0,130.0,5.5,-120.0,-100.0
2025020577,BOS,MTL,2025-12-23,-120.0,100.0,6.5,114.0,-135.0,-125.0,105.0,5.5,-125.0,105.0
2025020578,OTT,BUF,2025-12-23,-166.0,140.0,6.5,106.0,-130.0,-135.0,115.0,6.5,115.0,-141.0
2025020579,DET,DAL,2025-12-23,105.0,-125.0,5.5,-125.0,106.0,115.0,-135.0,5.5,-147.0,120.0
2025020580,NYI,NJD,2025-12-23,110.0,-130.0,5.5,-122.0,102.0,-120.0,-100.0,6.5,115.0,-141.0
2025020581,CAR,FLA,2025-12-23,-142.0,120.0,6.5,114.0,-135.0,-141.0,120.0,5.5,-125.0,105.0
2025020582,MIN,NSH,2025-12-23,-180.0,150.0,6.5,110.0,-134.0,-233.0,190.0,6.5,115.0,-141.0
2025020583,CHI,PHI,2025-12-23,100.0,-120.0,5.5,-115.0,-105.0,110.0,-132.0,5.5,-125.0,105.0
2025020584,COL,UTA,2025-12-23,-264.0,220.0,6.5,-100.0,-122.0,-294.0,235.0,6.5,110.0,-132.0
2025020585,EDM,CGY,2025-12-23,-162.0,136.0,6.5,-120.0,100.0,-233.0,190.0,5.5,-141.0,115.0
2025020586,VGK,SJS,2025-12-23,-205.0,168.0,6.5,102.0,-125.0,-278.0,225.0,5.5,-141.0,115.0
2025020587,LAK,SEA,2025-12-23,-220.0,180.0,5.5,102.0,-122.0,-222.0,180.0,5.5,-125.0,105.0
2025020588,NYI,NYR,2025-12-27,-105.0,-115.0,5.5,100.0,-118.0,-135.0,115.0,5.5,-120.0,-100.0
2025020589,BUF,BOS,2025-12-27,-135.0,114.0,6.5,-110.0,-108.0,-120.0,-100.0,6.5,115.0,-141.0
2025020590,TOR,OTT,2025-12-27,110.0,-128.0,6.5,114.0,-135.0,-152.0,125.0,6.5,115.0,-141.0
2025020591,FLA,TBL,2025-12-27,-104.0,-118.0,5.5,-118.0,-102.0,-135.0,115.0,5.5,-125.0,105.0
2025020592,NJD,WSH,2025-12-27,-120.0,100.0,5.5,-118.0,-102.0,-132.0,110.0,5.5,-147.0,120.0
2025020593,CAR,DET,2025-12-27,-175.0,145.0,6.5,110.0,-135.0,-213.0,175.0,5.5,-147.0,120.0
2025020594,WPG,MIN,2025-12-27,-105.0,-115.0,5.5,-125.0,105.0,-116.0,-105.0,5.5,-132.0,110.0
2025020595,STL,NSH,2025-12-27,-120.0,-104.0,5.5,-120.0,-102.0,-161.0,135.0,5.5,-120.0,-100.0
2025020596,DAL,CHI,2025-12-27,-360.0,282.0,5.5,-120.0,100.0,-370.0,280.0,5.5,-120.0,-100.0
2025020597,LAK,ANA,2025-12-27,-125.0,105.0,6.5,112.0,-133.0,-161.0,135.0,6.5,120.0,-147.0
2025020598,CGY,EDM,2025-12-27,124.0,-148.0,6.5,-120.0,-100.0,130.0,-156.0,6.5,-100.0,-120.0
2025020599,VAN,SJS,2025-12-27,-148.0,124.0,6.5,105.0,-125.0,-213.0,175.0,5.5,-147.0,120.0
2025020600,VGK,COL,2025-12-27,130.0,-155.0,6.5,102.0,-125.0,125.0,-152.0,5.5,-147.0,120.0
2025020601,DET,TOR,2025-12-28,-137.0,115.0,6.5,-102.0,-118.0,-135.0,115.0,6.5,110.0,-132.0
2025020602,TBL,MTL,2025-12-28,-148.0,124.0,6.5,-100.0,-120.0,-156.0,130.0,5.5,-141.0,115.0
2025020603,CBJ,NYI,2025-12-28,-142.0,120.0,5.5,-135.0,-154.0,-132.0,110.0,5.5,-125.0,105.0
2025020604,CHI,PIT,2025-12-28,130.0,-155.0,5.5,-132.0,110.0,125.0,-152.0,6.5,115.0,-141.0
2025020605,SEA,PHI,2025-12-28,120.0,-142.0,5.5,-110.0,-105.0,110.0,-132.0,5.5,-120.0,-100.0
2025020606,OTT,CBJ,2025-12-29,-220.0,180.0,6.5,-115.0,-102.0,-167.0,140.0,6.5,-100.0,-120.0
2025020607,FLA,WSH,2025-12-29,-125.0,105.0,5.5,-125.0,105.0,-135.0,115.0,5.5,-125.0,105.0
2025020608,CAR,NYR,2025-12-29,-175.0,145.0,5.5,-120.0,100.0,-185.0,155.0,5.5,-125.0,105.0
2025020609,WPG,EDM,2025-12-29,-105.0,-115.0,6.5,102.0,-120.0,-120.0,-100.0,6.5,115.0,-141.0
2025020610,STL,BUF,2025-12-29,-105.0,-115.0,5.5,-134.0,110.0,-132.0,110.0,6.5,115.0,-141.0
2025020611,COL,LAK,2025-12-29,-230.0,185.0,5.5,-140.0,112.0,-250.0,200.0,5.5,-141.0,115.0
2025020612,UTA,NSH,2025-12-29,-142.0,120.0,5.5,-122.0,102.0,-172.0,145.0,5.5,-141.0,115.0
2025020613,CGY,BOS,2025-12-29,-130.0,110.0,5.5,-135.0,114.0,-116.0,-105.0,5.5,-141.0,115.0
2025020614,VGK,MIN,2025-12-29,-115.0,-106.0,5.5,-122.0,-104.0,-111.0,-111.0,5.5,-138.0,112.0
2025020615,ANA,SJS,2025-12-29,-170.0,142.0,6.5,-135.0,114.0,-213.0,175.0,6.5,-105.0,-116.0
2025020616,SEA,VAN,2025-12-29,100.0,-118.0,5.5,-115.0,-105.0,-116.0,-105.0,5.5,-125.0,105.0
2025020617,TOR,NJD,2025-12-30,120.0,-142.0,5.5,-122.0,102.0,-100.0,-120.0,5.5,-141.0,115.0
2025020618,FLA,MTL,2025-12-30,-125.0,105.0,6.5,-102.0,-118.0,-135.0,115.0,5.5,-141.0,115.0
2025020619,PIT,CAR,2025-12-30,110.0,-134.0,6.5,102.0,-122.0,105.0,-125.0,6.5,105.0,-125.0
2025020620,CHI,NYI,2025-12-30,115.0,-135.0,5.5,-120.0,-104.0,125.0,-152.0,5.5,-125.0,105.0
2025020621,VAN,PHI,2025-12-30,125.0,-150.0,5.5,-105.0,-115.0,-105.0,-116.0,5.5,-124.0,102.0
2025020622,WSH,NYR,2025-12-31,-144.0,116.0,5.5,-125.0,102.0,-182.0,150.0,5.5,-110.0,-110.0
2025020623,VGK,NSH,2025-12-31,-175.0,145.0,6.5,114.0,-135.0,-213.0,175.0,6.5,105.0,-125.0
2025020624,ANA,TBL,2025-12-31,130.0,-155.0,6.5,-115.0,-110.0,-105.0,-116.0,5.5,-130.0,110.0
2025020625,SJS,MIN,2025-12-31,150.0,-183.0,6.5,-110.0,-110.0,175.0,-213.0,5.5,-135.0,114.0
2025020626,DET,WPG,2025-12-31,100.0,-120.0,6.0,-105.0,-115.0,-116.0,-105.0,5.5,-135.0,114.0
2025020627,CBJ,NJD,2025-12-31,-118.0,-102.0,6.0,-110.0,-110.0,110.0,-132.0,6.5,110.0,-130.0
2025020628,DAL,BUF,2025-12-31,-155.0,130.0,6.5,105.0,-125.0,-233.0,190.0,5.5,-135.0,114.0
2025020629,COL,STL,2025-12-31,-355.0,285.0,6.5,114.0,-135.0,-357.0,275.0,5.5,-140.0,112.0
2025020630,CGY,PHI,2025-12-31,-135.0,115.0,5.5,-120.0,-102.0,-120.0,-100.0,5.5,-120.0,-100.0
2025020631,EDM,BOS,2025-12-31,-185.0,154.0,6.5,-118.0,-106.0,-227.0,185.0,6.5,106.0,-130.0
2025020632,OTT,WSH,2026-01-01,-152.0,126.0,5.5,-130.0,110.0,-116.0,-105.0,5.5,-120.0,100.0
2025020633,NYI,UTA,2026-01-01,105.0,-125.0,5.5,-120.0,-102.0,-135.0,115.0,5.5,-135.0,114.0
2025020634,TOR,WPG,2026-01-01,-130.0,110.0,5.5,-135.0,114.0,-120.0,-100.0,5.5,-135.0,114.0
2025020635,PIT,DET,2026-01-01,-135.0,114.0,6.5,-108.0,-112.0,-120.0,-100.0,6.5,110.0,-130.0
2025020636,CAR,MTL,2026-01-01,-166.0,140.0,6.5,110.0,-130.0,-213.0,175.0,5.5,-130.0,110.0
2025020637,CHI,DAL,2026-01-01,152.0,-185.0,5.5,-110.0,-110.0,190.0,-233.0,5.5,-120.0,100.0
2025020638,SEA,NSH,2026-01-01,-105.0,-120.0,5.5,-115.0,-105.0,-116.0,-105.0,5.5,-120.0,100.0
2025020639,LAK,TBL,2026-01-01,-125.0,105.0,5.5,-115.0,-105.0,-116.0,-105.0,5.5,-125.0,105.0
2025020640,STL,VGK,2026-01-02,130.0,-155.0,5.5,-130.0,110.0,115.0,-135.0,5.5,-125.0,105.0
2025020641,FLA,NYR,2026-01-02,-140.0,120.0,5.5,-110.0,-110.0,-156.0,130.0,5.5,-111.0,-111.0
2025020642,VAN,SEA,2026-01-02,-142.0,120.0,5.5,-122.0,-104.0,-141.0,120.0,5.5,-125.0,105.0
2025020643,ANA,MIN,2026-01-02,120.0,-142.0,6.5,-105.0,-115.0,110.0,-132.0,6.5,-105.0,-116.0
2025020644,DET,PIT,2026-01-03,-135.0,114.0,6.5,100.0,-115.0,-152.0,125.0,6.5,110.0,-130.0
2025020645,NJD,UTA,2026-01-03,-118.0,-104.0,5.5,-115.0,-105.0,-156.0,130.0,5.5,-141.0,115.0
2025020646,CBJ,BUF,2026-01-03,-110.0,-110.0,6.5,-102.0,-120.0,-116.0,-105.0,6.5,-100.0,-120.0
2025020647,EDM,PHI,2026-01-03,-155.0,130.0,6.5,-108.0,-112.0,-213.0,175.0,6.5,110.0,-132.0
2025020648,STL,MTL,2026-01-03,136.0,-160.0,6.0,-110.0,-110.0,-111.0,-111.0,5.5,-125.0,105.0
2025020649,SJS,TBL,2026-01-03,180.0,-220.0,6.5,112.0,-133.0,145.0,-172.0,6.5,105.0,-125.0
2025020650,OTT,WPG,2026-01-03,-120.0,100.0,5.5,-125.0,105.0,-120.0,-100.0,5.5,-122.0,-100.0
2025020651,NYI,TOR,2026-01-03,-105.0,-115.0,5.5,-120.0,100.0,-132.0,110.0,5.5,-125.0,105.0
2025020652,WSH,CHI,2026-01-03,-250.0,205.0,5.5,-125.0,-110.0,-294.0,235.0,5.5,-120.0,-100.0
2025020653,CAR,COL,2026-01-03,124.0,-148.0,6.5,-122.0,102.0,120.0,-141.0,6.5,105.0,-125.0
2025020654,CGY,NSH,2026-01-03,-115.0,-105.0,5.5,-125.0,105.0,-132.0,110.0,5.5,-125.0,105.0
2025020655,LAK,MIN,2026-01-03,-125.0,105.0,5.5,-110.0,-112.0,-120.0,-100.0,5.5,-132.0,110.0
2025020656,VAN,BOS,2026-01-03,115.0,-137.0,6.0,-115.0,-105.0,-111.0,-111.0,5.5,-130.0,106.0
2025020657,DAL,MTL,2026-01-04,-185.0,154.0,6.5,102.0,-122.0,-227.0,185.0,6.5,114.0,-135.0
2025020658,CBJ,PIT,2026-01-04,-130.0,110.0,6.5,-115.0,-105.0,-125.0,105.0,6.5,-105.0,-115.0
2025020659,FLA,COL,2026-01-04,124.0,-150.0,6.5,-110.0,-108.0,115.0,-135.0,6.5,100.0,-120.0
2025020660,NJD,CAR,2026-01-04,105.0,-125.0,6.5,110.0,-130.0,-111.0,-111.0,6.5,-100.0,-120.0
2025020661,CHI,VGK,2026-01-04,212.0,-265.0,6.5,114.0,-135.0,150.0,-182.0,5.5,-135.0,114.0
2025020662,NYR,UTA,2026-01-05,-110.0,-114.0,5.5,102.0,-122.0,-120.0,-100.0,5.5,-125.0,105.0
2025020663,WSH,ANA,2026-01-05,-130.0,110.0,6.5,-130.0,110.0,-182.0,150.0,6.5,-105.0,-116.0
2025020664,OTT,DET,2026-01-05,-162.0,136.0,6.5,110.0,-130.0,-141.0,120.0,6.5,115.0,-141.0
2025020665,CGY,SEA,2026-01-05,-155.0,130.0,5.5,-122.0,-102.0,-161.0,135.0,6.5,115.0,-141.0
2025020666,LAK,MIN,2026-01-05,103.0,-120.0,5.5,105.0,-121.0,-116.0,-105.0,5.5,-125.0,105.0
2025020667,BUF,VAN,2026-01-06,-170.0,142.0,6.5,110.0,-130.0,-161.0,135.0,6.5,110.0,-132.0
2025020668,TBL,COL,2026-01-06,-105.0,-115.0,6.5,-100.0,-120.0,120.0,-141.0,6.5,105.0,-125.0
2025020669,NYI,NJD,2026-01-06,105.0,-122.0,5.5,-102.0,-122.0,-105.0,-116.0,5.5,-125.0,105.0
2025020670,PHI,ANA,2026-01-06,-150.0,125.0,6.5,-105.0,-115.0,-161.0,135.0,6.5,105.0,-125.0
2025020671,CAR,DAL,2026-01-06,-142.0,120.0,6.5,105.0,-125.0,-116.0,-105.0,5.5,-147.0,120.0
2025020672,TOR,FLA,2026-01-06,114.0,-135.0,6.0,-115.0,-105.0,-111.0,-111.0,5.5,-147.0,120.0
2025020673,WPG,VGK,2026-01-06,-118.0,-102.0,5.5,-116.0,-104.0,-111.0,-111.0,5.5,-141.0,115.0
2025020674,EDM,NSH,2026-01-06,-145.0,120.0,6.5,-130.0,110.0,-213.0,175.0,6.5,-105.0,-116.0
2025020675,SJS,CBJ,2026-01-06,120.0,-142.0,6.5,-135.0,110.0,-105.0,-116.0,6.5,-116.0,-105.0
2025020676,SEA,BOS,2026-01-06,105.0,-125.0,5.5,-115.0,-105.0,-111.0,-111.0,5.5,-125.0,105.0
2025020677,WSH,DAL,2026-01-07,-120.0,102.0,6.5,-100.0,-120.0,-105.0,-116.0,6.5,-105.0,-115.0
2025020678,MTL,CGY,2026-01-07,-135.0,114.0,6.5,110.0,-130.0,-152.0,125.0,6.5,110.0,-130.0
2025020679,CHI,STL,2026-01-07,-102.0,-120.0,5.5,105.0,-125.0,-111.0,-111.0,5.5,-130.0,110.0
2025020680,UTA,OTT,2026-01-07,-118.0,-102.0,6.0,-120.0,100.0,-132.0,110.0,5.5,-141.0,115.0
2025020681,LAK,SJS,2026-01-07,-230.0,190.0,6.5,105.0,-125.0,-244.0,195.0,6.5,105.0,-125.0
2025020682,BOS,CGY,2026-01-08,-130.0,110.0,6.5,-112.0,-108.0,-156.0,130.0,6.5,120.0,-147.0
2025020683,MTL,FLA,2026-01-08,-108.0,-114.0,6.5,114.0,-135.0,-105.0,-116.0,5.5,-141.0,115.0
2025020684,DET,VAN,2026-01-08,-148.0,124.0,6.5,102.0,-122.0,-161.0,135.0,5.5,-125.0,105.0
2025020685,NYR,BUF,2026-01-08,105.0,-125.0,6.5,110.0,-130.0,-125.0,105.0,6.5,115.0,-141.0
2025020686,PHI,TOR,2026-01-08,-120.0,102.0,5.5,-135.0,114.0,-111.0,-111.0,5.5,-147.0,120.0
2025020687,PIT,NJD,2026-01-08,-111.0,-115.0,6.5,-102.0,-118.0,-120.0,-100.0,6.5,115.0,-141.0
2025020688,CAR,ANA,2026-01-08,-230.0,185.0,6.5,-140.0,114.0,-244.0,195.0,6.5,-105.0,-116.0
2025020689,NSH,NYI,2026-01-08,-140.0,115.0,5.5,-125.0,105.0,-116.0,-105.0,5.5,-141.0,115.0
2025020690,WPG,EDM,2026-01-08,-105.0,-115.0,6.5,108.0,-130.0,-100.0,-120.0,5.5,-141.0,115.0
2025020691,COL,OTT,2026-01-08,-290.0,235.0,6.5,-125.0,105.0,-250.0,200.0,6.5,105.0,-125.0
2025020692,VGK,CBJ,2026-01-08,-150.0,125.0,6.5,-108.0,-114.0,-213.0,175.0,6.5,-105.0,-115.0
2025020693,SEA,MIN,2026-01-08,140.0,-166.0,5.5,245.0,-400.0,125.0,-152.0,5.5,-125.0,105.0
2025020694,CHI,WSH,2026-01-09,114.0,-135.0,6.5,105.0,-125.0,125.0,-152.0,5.5,-132.0,110.0
2025020695,WPG,LAK,2026-01-09,114.0,-135.0,5.5,-105.0,-115.0,-116.0,-105.0,5.5,-116.0,-105.0
2025020696,UTA,STL,2026-01-09,-192.0,160.0,5.5,-105.0,-115.0,-141.0,120.0,5.5,-116.0,-105.0
2025020697,BOS,NYR,2026-01-10,-130.0,110.0,6.5,110.0,-130.0,-125.0,105.0,5.5,-125.0,105.0
2025020698,PIT,CGY,2026-01-10,-152.0,126.0,6.5,102.0,-122.0,-152.0,125.0,6.5,110.0,-132.0
2025020699,COL,CBJ,2026-01-10,-298.0,235.0,6.5,-155.0,128.0,-333.0,265.0,6.5,-115.0,-105.0
2025020700,SJS,DAL,2026-01-10,136.0,-162.0,6.5,-122.0,100.0,175.0,-213.0,6.5,-100.0,-120.0
2025020701,BUF,ANA,2026-01-10,-150.0,125.0,6.5,-142.0,120.0,-172.0,145.0,6.5,-116.0,-105.0
2025020702,TOR,VAN,2026-01-10,-162.0,136.0,6.5,105.0,-125.0,-213.0,175.0,5.5,-142.0,116.0
2025020703,MTL,DET,2026-01-10,-137.0,115.0,6.0,-120.0,-102.0,-135.0,115.0,6.5,105.0,-125.0
2025020704,OTT,FLA,2026-01-10,-125.0,105.0,6.5,100.0,-120.0,-105.0,-116.0,6.5,110.0,-134.0
2025020705,PHI,TBL,2026-01-10,154.0,-180.0,6.0,-105.0,-115.0,120.0,-141.0,5.5,-141.0,115.0
2025020706,CAR,SEA,2026-01-10,-290.0,245.0,6.5,110.0,-134.0,-250.0,200.0,5.5,-125.0,105.0
2025020707,NSH,CHI,2026-01-10,-220.0,180.0,6.5,100.0,-120.0,-213.0,175.0,5.5,-132.0,110.0
2025020708,MIN,NYI,2026-01-10,-155.0,130.0,5.5,-118.0,-102.0,-161.0,135.0,5.5,-125.0,105.0
2025020709,EDM,LAK,2026-01-10,-176.0,150.0,6.5,-102.0,-118.0,-161.0,135.0,6.5,105.0,-125.0
2025020710,VGK,STL,2026-01-10,-270.0,225.0,5.5,-135.0,114.0,-185.0,155.0,5.5,-125.0,105.0
2025020711,WPG,NJD,2026-01-11,-130.0,110.0,5.5,-120.0,100.0,-116.0,-105.0,5.5,-130.0,110.0
2025020712,BOS,PIT,2026-01-11,100.0,-122.0,6.5,-105.0,-115.0,-116.0,-105.0,6.5,110.0,-130.0
2025020713,NSH,WSH,2026-01-11,110.0,-130.0,6.5,-105.0,-115.0,-111.0,-111.0,5.5,-135.0,114.0
2025020714,UTA,CBJ,2026-01-11,-172.0,145.0,6.5,-100.0,-122.0,-161.0,135.0,6.5,110.0,-130.0
2025020715,SJS,VGK,2026-01-11,120.0,-142.0,6.5,-130.0,110.0,135.0,-161.0,6.5,-120.0,100.0
2025020716,BUF,FLA,2026-01-12,-120.0,102.0,6.5,105.0,-125.0,-105.0,-116.0,5.5,-141.0,115.0
2025020717,DET,CAR,2026-01-12,125.0,-150.0,6.5,105.0,-125.0,125.0,-152.0,6.5,110.0,-132.0
2025020718,NYR,SEA,2026-01-12,-142.0,118.0,5.5,-132.0,110.0,-156.0,130.0,5.5,-120.0,-100.0
2025020719,PHI,TBL,2026-01-12,120.0,-145.0,5.5,-140.0,-111.0,125.0,-152.0,6.5,115.0,-141.0
2025020720,MTL,VAN,2026-01-12,-200.0,165.0,6.5,-102.0,-120.0,-172.0,145.0,6.5,120.0,-147.0
2025020721,MIN,NJD,2026-01-12,-170.0,145.0,6.0,-110.0,-110.0,-200.0,165.0,5.5,-125.0,105.0
2025020722,CHI,EDM,2026-01-12,150.0,-180.0,6.5,-108.0,-112.0,145.0,-172.0,6.5,105.0,-125.0
2025020723,COL,TOR,2026-01-12,-238.0,195.0,6.5,-122.0,-102.0,-278.0,225.0,6.5,105.0,-125.0
2025020724,LAK,DAL,2026-01-12,100.0,-120.0,5.5,-135.0,114.0,-120.0,-100.0,5.5,-120.0,-100.0
2025020725,OTT,VAN,2026-01-13,-230.0,195.0,6.5,-108.0,-112.0,-182.0,150.0,6.5,115.0,-141.0
2025020726,PIT,TBL,2026-01-13,120.0,-140.0,6.5,104.0,-128.0,110.0,-132.0,6.5,105.0,-125.0
2025020727,WSH,MTL,2026-01-13,-135.0,114.0,6.5,-100.0,-122.0,-156.0,130.0,5.5,-147.0,120.0
2025020728,CBJ,CGY,2026-01-13,-145.0,118.0,6.5,110.0,-130.0,-135.0,115.0,6.5,-100.0,-120.0
2025020729,BOS,DET,2026-01-13,-148.0,124.0,6.5,100.0,-120.0,-111.0,-111.0,6.5,120.0,-147.0
2025020730,STL,CAR,2026-01-13,150.0,-185.0,6.0,-122.0,102.0,130.0,-156.0,6.5,120.0,-147.0
2025020731,NSH,EDM,2026-01-13,110.0,-135.0,6.5,-102.0,-120.0,-105.0,-116.0,6.5,105.0,-125.0
2025020732,WPG,NYI,2026-01-13,-130.0,110.0,5.5,102.0,-122.0,-116.0,-105.0,5.5,-116.0,-105.0
2025020733,UTA,TOR,2026-01-13,-162.0,136.0,6.5,-100.0,-130.0,-111.0,-111.0,6.5,110.0,-132.0
2025020734,ANA,DAL,2026-01-13,105.0,-125.0,6.5,-122.0,100.0,-105.0,-116.0,6.5,-105.0,-116.0
2025020735,NJD,SEA,2026-01-14,-160.0,135.0,5.5,-130.0,110.0,-161.0,135.0,5.5,-130.0,110.0
2025020736,BUF,PHI,2026-01-14,-140.0,120.0,6.5,110.0,-130.0,-156.0,130.0,5.5,-125.0,105.0
2025020737,NYR,OTT,2026-01-14,100.0,-120.0,6.5,102.0,-125.0,-125.0,105.0,5.5,-125.0,105.0
2025020738,LAK,VGK,2026-01-14,102.0,-122.0,5.5,-108.0,-110.0,-111.0,-111.0,5.5,-125.0,105.0
2025020739,BOS,SEA,2026-01-15,-175.0,145.0,6.5,-111.0,-133.0,-161.0,135.0,6.5,110.0,-132.0
2025020740,BUF,MTL,2026-01-15,105.0,-125.0,6.5,-102.0,-118.0,-132.0,110.0,6.5,-100.0,-120.0
2025020741,PIT,PHI,2026-01-15,-175.0,145.0,6.5,110.0,-130.0,-125.0,105.0,5.5,-141.0,115.0
2025020742,WSH,SJS,2026-01-15,-175.0,145.0,6.5,-115.0,-105.0,-200.0,165.0,6.5,-100.0,-120.0
2025020743,CBJ,VAN,2026-01-15,-166.0,140.0,6.5,-125.0,105.0,-161.0,135.0,6.5,-100.0,-120.0
2025020744,MIN,WPG,2026-01-15,-135.0,114.0,5.5,-120.0,100.0,-167.0,140.0,5.5,-120.0,-100.0
2025020745,CHI,CGY,2026-01-15,-120.0,100.0,6.0,-115.0,-105.0,-111.0,-111.0,5.5,-125.0,105.0
2025020746,UTA,DAL,2026-01-15,-130.0,110.0,5.5,-135.0,114.0,105.0,-125.0,5.5,-132.0,110.0
2025020747,EDM,NYI,2026-01-15,-170.0,142.0,6.5,-110.0,-108.0,-192.0,160.0,6.5,110.0,-132.0
2025020748,VGK,TOR,2026-01-15,-130.0,110.0,5.5,-135.0,114.0,-141.0,120.0,6.5,115.0,-141.0
2025020749,DET,SJS,2026-01-16,-166.0,140.0,6.5,-108.0,-112.0,-213.0,175.0,6.5,-100.0,-120.0
2025020750,CAR,FLA,2026-01-16,-180.0,150.0,5.5,-135.0,114.0,-141.0,120.0,6.5,105.0,-125.0
2025020751,STL,TBL,2026-01-16,170.0,-205.0,5.5,-110.0,-112.0,120.0,-141.0,5.5,-120.0,-102.0
2025020752,COL,NSH,2026-01-16,-317.0,255.0,6.5,-106.0,-113.0,-286.0,230.0,6.5,-110.0,-110.0
2025020753,LAK,ANA,2026-01-16,-148.0,124.0,5.5,-130.0,110.0,-161.0,135.0,6.5,106.0,-130.0
2025020754,BUF,MIN,2026-01-17,-125.0,105.0,6.5,100.0,-120.0,-105.0,-116.0,6.5,114.0,-140.0
2025020755,PHI,NYR,2026-01-17,-125.0,105.0,6.5,-115.0,-105.0,-135.0,115.0,5.5,-134.0,110.0
2025020756,CGY,NYI,2026-01-17,-125.0,105.0,5.5,-130.0,110.0,-111.0,-111.0,5.5,-132.0,108.0
2025020757,UTA,SEA,2026-01-17,-198.0,164.0,5.5,-125.0,105.0,-152.0,125.0,5.5,-124.0,102.0
2025020758,OTT,MTL,2026-01-17,-120.0,100.0,6.5,-105.0,-115.0,-132.0,110.0,6.5,-102.0,-120.0
2025020759,NJD,CAR,2026-01-17,-105.0,-120.0,5.5,215.0,-333.0,-105.0,-116.0,5.5,-140.0,114.0
2025020760,PIT,CBJ,2026-01-17,-118.0,-102.0,6.5,-130.0,110.0,-135.0,115.0,6.5,-115.0,-105.0
2025020761,WSH,FLA,2026-01-17,-162.0,136.0,6.5,110.0,-125.0,-132.0,110.0,5.5,-122.0,-100.0
2025020762,WPG,TOR,2026-01-17,-148.0,124.0,6.5,-100.0,-135.0,-111.0,-111.0,5.5,-122.0,-100.0
2025020763,CHI,BOS,2026-01-17,105.0,-125.0,6.5,-110.0,-115.0,105.0,-125.0,5.5,-140.0,114.0
2025020764,VAN,EDM,2026-01-17,154.0,-185.0,6.5,-105.0,-115.0,135.0,-161.0,6.5,-110.0,-110.0
2025020765,VGK,NSH,2026-01-17,-218.0,180.0,6.5,102.0,-122.0,-227.0,185.0,5.5,-140.0,114.0
2025020766,ANA,LAK,2026-01-17,-105.0,-118.0,6.5,102.0,-124.0,-111.0,-111.0,6.5,106.0,-130.0
2025020767,DAL,TBL,2026-01-18,-102.0,-118.0,5.5,195.0,-286.0,-125.0,105.0,6.5,105.0,-125.0
2025020768,DET,OTT,2026-01-18,-125.0,105.0,6.5,-104.0,-118.0,-156.0,130.0,6.5,-105.0,-116.0
2025020769,EDM,STL,2026-01-18,-160.0,135.0,6.5,100.0,-118.0,-213.0,175.0,6.5,-100.0,-120.0
2025020770,CAR,BUF,2026-01-19,-185.0,155.0,6.5,-110.0,-108.0,-213.0,175.0,6.5,-105.0,-116.0
2025020771,COL,WSH,2026-01-19,-218.0,180.0,6.5,-115.0,-105.0,-244.0,195.0,6.5,105.0,-125.0
2025020772,SEA,PIT,2026-01-19,110.0,-130.0,5.5,-130.0,110.0,-116.0,-105.0,6.5,110.0,-132.0
2025020773,FLA,SJS,2026-01-19,-185.0,150.0,6.5,-115.0,-105.0,-227.0,185.0,6.5,-100.0,-120.0
2025020774,TOR,MIN,2026-01-19,-110.0,-110.0,6.0,-110.0,-110.0,-135.0,115.0,5.5,-132.0,110.0
2025020775,VGK,PHI,2026-01-19,-230.0,190.0,6.5,-102.0,-118.0,-213.0,175.0,6.5,105.0,-125.0
2025020776,CHI,WPG,2026-01-19,125.0,-150.0,5.5,-128.0,105.0,110.0,-132.0,6.5,105.0,-125.0
2025020777,CGY,NJD,2026-01-19,105.0,-125.0,5.5,-130.0,106.0,105.0,-125.0,5.5,-132.0,110.0
2025020778,VAN,NYI,2026-01-19,130.0,-155.0,5.5,-122.0,102.0,-100.0,-120.0,6.5,105.0,-125.0
2025020779,ANA,NYR,2026-01-19,-148.0,124.0,6.5,-135.0,114.0,-111.0,-111.0,6.5,-100.0,-120.0
2025020780,MTL,MIN,2026-01-20,-140.0,118.0,6.5,100.0,-120.0,-141.0,120.0,6.5,115.0,-141.0
2025020781,TBL,SJS,2026-01-20,-310.0,250.0,6.5,-110.0,-110.0,-333.0,265.0,6.5,-105.0,-116.0
2025020782,CBJ,OTT,2026-01-20,-105.0,-115.0,6.5,-130.0,110.0,-116.0,-105.0,6.5,-125.0,105.0
2025020783,DAL,BOS,2026-01-20,-135.0,115.0,5.5,-122.0,-104.0,-213.0,175.0,6.5,115.0,-141.0
2025020784,NSH,BUF,2026-01-20,-135.0,114.0,6.5,102.0,-122.0,-116.0,-105.0,6.5,105.0,-125.0
2025020785,WPG,STL,2026-01-20,-125.0,105.0,5.5,-135.0,114.0,-156.0,130.0,5.5,-125.0,105.0
2025020786,EDM,NJD,2026-01-20,-175.0,145.0,6.0,-120.0,100.0,-156.0,130.0,5.5,-141.0,115.0
2025020787,LAK,NYR,2026-01-20,-185.0,154.0,5.5,-118.0,-102.0,-161.0,135.0,5.5,-125.0,105.0
2025020788,TOR,DET,2026-01-21,-122.0,105.0,6.0,-120.0,100.0,-125.0,105.0,5.5,-111.0,-111.0
2025020789,COL,ANA,2026-01-21,-355.0,280.0,6.5,-140.0,120.0,-333.0,265.0,6.5,-116.0,-105.0
2025020790,UTA,PHI,2026-01-21,-182.0,150.0,5.5,-135.0,114.0,-167.0,140.0,5.5,-147.0,120.0
2025020791,CGY,PIT,2026-01-21,110.0,-130.0,5.5,-125.0,105.0,-120.0,-100.0,5.5,-141.0,115.0
2025020792,VAN,WSH,2026-01-21,150.0,-180.0,6.5,102.0,-118.0,110.0,-132.0,6.5,105.0,-125.0
2025020793,SEA,NYI,2026-01-21,-105.0,-115.0,5.5,-108.0,-112.0,-111.0,-111.0,5.5,-125.0,105.0
2025020794,BOS,VGK,2026-01-22,135.0,-160.0,6.5,102.0,-122.0,-116.0,-105.0,6.5,115.0,-141.0
2025020795,MTL,BUF,2026-01-22,-120.0,100.0,6.5,-122.0,105.0,-152.0,125.0,6.5,-100.0,-120.0
2025020796,CAR,CHI,2026-01-22,-295.0,240.0,6.5,108.0,-132.0,-333.0,265.0,6.5,110.0,-132.0
2025020797,CBJ,DAL,2026-01-22,-110.0,-110.0,6.5,102.0,-122.0,105.0,-125.0,6.5,-111.0,-111.0
2025020798,NSH,OTT,2026-01-22,-102.0,-118.0,6.5,105.0,-130.0,-120.0,-100.0,6.5,110.0,-130.0
2025020799,WPG,FLA,2026-01-22,-110.0,-110.0,5.5,-130.0,110.0,-116.0,-105.0,5.5,-122.0,102.0
2025020800,EDM,PIT,2026-01-22,-190.0,155.0,6.5,-130.0,110.0,-182.0,150.0,6.5,105.0,-125.0
2025020801,MIN,DET,2026-01-22,-160.0,135.0,6.5,102.0,-122.0,-135.0,115.0,5.5,-127.0,107.0
2025020802,TOR,VGK,2026-01-23,102.0,-120.0,6.5,102.0,-122.0,-120.0,-100.0,5.5,-141.0,115.0
2025020803,CHI,TBL,2026-01-23,250.0,-310.0,6.5,114.0,-140.0,185.0,-227.0,6.5,120.0,-147.0
2025020804,DAL,STL,2026-01-23,-162.0,135.0,5.5,-112.0,-108.0,-185.0,155.0,5.5,-132.0,110.0
2025020805,COL,PHI,2026-01-23,-325.0,260.0,6.5,-115.0,-105.0,-303.0,240.0,6.5,-100.0,-120.0
2025020806,CGY,WSH,2026-01-23,120.0,-145.0,5.5,-130.0,106.0,-105.0,-116.0,5.5,-141.0,115.0
2025020807,VAN,NJD,2026-01-23,130.0,-155.0,5.5,-135.0,114.0,120.0,-141.0,6.5,115.0,-141.0
2025020808,SJS,NYR,2026-01-23,-122.0,102.0,6.5,-140.0,120.0,-111.0,-111.0,6.5,-100.0,-120.0
2025020809,SEA,ANA,2026-01-23,-120.0,102.0,6.5,100.0,-120.0,-141.0,120.0,6.5,110.0,-132.0
2025020810,NYI,BUF,2026-01-24,-110.0,-110.0,6.5,-102.0,-118.0,-120.0,-100.0,6.5,115.0,-141.0
2025020811,NSH,UTA,2026-01-24,-105.0,-115.0,6.5,110.0,-130.0,-105.0,-116.0,5.5,-141.0,115.0
2025020812,BOS,MTL,2026-01-24,-115.0,-105.0,6.5,-110.0,-110.0,-116.0,-105.0,6.5,-100.0,-120.0
2025020813,OTT,CAR,2026-01-24,114.0,-135.0,6.5,105.0,-125.0,105.0,-125.0,6.5,110.0,-132.0
2025020814,CBJ,TBL,2026-01-24,-105.0,-115.0,6.5,-102.0,-122.0,-100.0,-120.0,6.5,-100.0,-120.0
2025020815,WPG,DET,2026-01-24,-125.0,105.0,5.5,-135.0,114.0,-132.0,110.0,5.5,-141.0,115.0
2025020816,STL,LAK,2026-01-24,124.0,-150.0,5.5,110.0,-130.0,120.0,-141.0,5.5,-105.0,-116.0
2025020817,MIN,FLA,2026-01-24,-125.0,105.0,6.5,104.0,-128.0,-132.0,110.0,5.5,-125.0,105.0
2025020818,EDM,WSH,2026-01-24,-175.0,145.0,6.5,-130.0,110.0,-185.0,155.0,6.5,-100.0,-120.0
2025020819,TOR,COL,2026-01-25,145.0,-175.0,6.5,-118.0,-102.0,130.0,-155.0,6.5,-120.0,100.0
2025020820,SEA,NJD,2026-01-25,110.0,-130.0,5.5,-120.0,100.0,102.0,-122.0,5.5,-130.0,110.0
2025020821,OTT,VGK,2026-01-25,124.0,-148.0,6.5,-110.0,-110.0,114.0,-135.0,6.5,-115.0,-105.0
2025020822,VAN,PIT,2026-01-25,125.0,-150.0,6.5,102.0,-115.0,114.0,-135.0,6.5,-105.0,-115.0
2025020823,CHI,FLA,2026-01-25,114.0,-135.0,5.5,-122.0,102.0,120.0,-142.0,6.5,105.0,-125.0
2025020824,CGY,ANA,2026-01-25,-110.0,-112.0,5.5,-135.0,114.0,-122.0,102.0,6.5,-110.0,-110.0
2025020825,TBL,UTA,2026-01-26,-155.0,130.0,5.5,-135.0,114.0,-192.0,160.0,6.5,110.0,-132.0
2025020826,NYR,BOS,2026-01-26,105.0,-125.0,6.5,-116.0,-103.0,-111.0,-111.0,6.5,105.0,-125.0
2025020827,PHI,NYI,2026-01-26,-115.0,-105.0,5.5,-125.0,105.0,-125.0,105.0,5.5,-125.0,105.0
2025020829,EDM,ANA,2026-01-26,-270.0,220.0,6.5,-142.0,120.0,-250.0,200.0,6.5,-125.0,105.0
2025020830,BOS,NSH,2026-01-27,-115.0,-108.0,6.5,-102.0,-112.0,-116.0,-105.0,6.5,105.0,-125.0
2025020831,TOR,BUF,2026-01-27,-118.0,-102.0,6.5,-118.0,-105.0,-116.0,-105.0,6.5,-100.0,-120.0
2025020832,MTL,VGK,2026-01-27,-100.0,-120.0,6.5,-114.0,-105.0,-105.0,-116.0,6.5,-105.0,-116.0
2025020833,DET,LAK,2026-01-27,-126.0,105.0,5.5,-105.0,-115.0,-161.0,135.0,5.5,-125.0,105.0
2025020834,FLA,UTA,2026-01-27,-162.0,130.0,6.5,110.0,-118.0,-185.0,155.0,6.5,110.0,-132.0
2025020835,NJD,WPG,2026-01-27,-130.0,110.0,5.5,-105.0,-115.0,-135.0,115.0,5.5,-132.0,110.0
2025020836,STL,DAL,2026-01-27,136.0,-162.0,5.5,-115.0,-105.0,140.0,-167.0,6.5,115.0,-141.0
2025020837,MIN,CHI,2026-01-27,-198.0,164.0,6.5,110.0,-130.0,-263.0,210.0,6.5,110.0,-132.0
2025020838,VAN,SJS,2026-01-27,110.0,-130.0,6.5,-120.0,100.0,105.0,-125.0,6.5,-100.0,-120.0
2025020839,SEA,WSH,2026-01-27,110.0,-130.0,6.5,114.0,-135.0,120.0,-141.0,6.5,115.0,-141.0
2025020840,CBJ,PHI,2026-01-28,-120.0,100.0,6.5,-100.0,-120.0,-130.0,110.0,6.5,100.0,-120.0
2025020841,OTT,COL,2026-01-28,130.0,-155.0,6.5,-123.0,105.0,130.0,-155.0,6.5,100.0,-120.0
2025020842,NYI,NYR,2026-01-28,-152.0,126.0,6.5,111.0,-135.0,-148.0,124.0,5.5,-130.0,110.0
2025020843,BOS,PHI,2026-01-29,-163.0,138.0,6.5,106.0,-128.0,-155.0,130.0,6.5,-115.0,-105.0
2025020844,BUF,LAK,2026-01-29,-125.0,105.0,5.5,-115.0,-105.0,-120.0,100.0,6.5,100.0,-120.0
2025020845,MTL,COL,2026-01-29,110.0,-130.0,6.5,-127.0,107.0,105.0,-125.0,6.5,-120.0,100.0
2025020846,DET,WSH,2026-01-29,-130.0,110.0,6.5,-107.0,-110.0,-116.0,-105.0,5.5,-132.0,110.0
2025020847,TBL,WPG,2026-01-29,-186.0,154.0,5.5,-111.0,-113.0,-185.0,155.0,6.5,110.0,-132.0
2025020848,NJD,NSH,2026-01-29,-130.0,110.0,6.0,-122.0,102.0,-132.0,110.0,5.5,-132.0,110.0
2025020849,NYR,NYI,2026-01-29,120.0,-145.0,6.0,-119.0,102.0,-111.0,-111.0,6.5,-105.0,-116.0
2025020850,PIT,CHI,2026-01-29,-182.0,152.0,6.5,-100.0,-122.0,-172.0,145.0,5.5,-125.0,105.0
2025020851,CAR,UTA,2026-01-29,-188.0,156.0,6.5,112.0,-135.0,-200.0,165.0,5.5,-116.0,-105.0
2025020852,STL,FLA,2026-01-29,125.0,-150.0,5.5,-116.0,-105.0,120.0,-141.0,5.5,-110.0,-110.0
2025020853,MIN,CGY,2026-01-29,-188.0,155.0,5.5,-134.0,112.0,-222.0,180.0,5.5,-132.0,110.0
2025020854,EDM,SJS,2026-01-29,-185.0,155.0,6.5,-158.0,131.0,-245.0,200.0,6.5,-115.0,-105.0
2025020855,VAN,ANA,2026-01-29,132.0,-158.0,6.5,-126.0,104.0,115.0,-135.0,6.5,110.0,-132.0
2025020856,VGK,DAL,2026-01-29,-119.0,-101.0,6.5,102.0,-122.0,-135.0,115.0,6.5,-105.0,-116.0
2025020857,SEA,TOR,2026-01-29,-105.0,-116.0,6.5,-105.0,-118.0,-111.0,-111.0,6.5,120.0,-147.0
2025020858,CHI,CBJ,2026-01-30,135.0,-161.0,6.5,102.0,-123.0,125.0,-152.0,6.5,-100.0,-120.0
2025020859,PHI,LAK,2026-01-31,-105.0,-115.0,5.5,-115.0,-107.0,-108.0,-112.0,5.5,-142.0,120.0
2025020860,DET,COL,2026-01-31,124.0,-149.0,6.5,-100.0,-117.0,124.0,-148.0,6.5,-115.0,-105.0
2025020861,PIT,NYR,2026-01-31,-215.0,171.0,6.5,-102.0,-121.0,-135.0,114.0,6.5,114.0,-135.0
2025020862,FLA,WPG,2026-01-31,-149.0,124.0,5.5,-124.0,104.0,-170.0,142.0,6.5,-115.0,-105.0
2025020863,CGY,SJS,2026-01-31,-109.0,-112.0,6.5,108.0,-124.0,-142.0,120.0,6.5,110.0,-130.0
2025020864,WSH,CAR,2026-01-31,157.0,-192.0,6.5,-118.0,-105.0,102.0,-122.0,5.5,-142.0,120.0
2025020865,BUF,MTL,2026-01-31,-125.0,105.0,6.5,-121.0,-101.0,-122.0,102.0,6.5,-130.0,110.0
2025020866,OTT,NJD,2026-01-31,-162.0,138.0,5.5,-120.0,-100.0,-142.0,120.0,5.5,-130.0,110.0
2025020867,NYI,NSH,2026-01-31,-125.0,105.0,5.5,-120.0,-103.0,-135.0,114.0,5.5,-130.0,110.0
2025020868,STL,CBJ,2026-01-31,-108.0,-118.0,6.5,104.0,-126.0,-112.0,-108.0,6.5,100.0,-120.0
2025020869,VAN,TOR,2026-01-31,132.0,-158.0,6.5,-116.0,-102.0,124.0,-148.0,6.5,-112.0,-108.0
2025020870,UTA,DAL,2026-01-31,-120.0,-100.0,5.5,-124.0,102.0,-105.0,-115.0,5.5,-120.0,100.0
2025020871,EDM,MIN,2026-01-31,-129.0,109.0,6.5,-135.0,114.0,-135.0,114.0,6.5,-125.0,105.0
2025020872,VGK,SEA,2026-01-31,-200.0,165.0,6.5,112.0,-104.0,-218.0,180.0,6.5,110.0,-130.0
2025020873,TBL,BOS,2026-02-01,-220.0,180.0,6.0,-117.0,-102.0,-218.0,180.0,6.5,110.0,-130.0
2025020874,CAR,LAK,2026-02-01,-178.0,148.0,5.5,-119.0,-101.0,-200.0,165.0,5.5,-120.0,-100.0
2025020875,ANA,VGK,2026-02-01,-115.0,-105.0,6.5,-120.0,-102.0,-100.0,-120.0,6.5,-116.0,-105.0
2025020876,FLA,BUF,2026-02-02,-115.0,-105.0,6.5,104.0,-125.0,-135.0,115.0,5.5,-141.0,115.0
2025020877,PIT,OTT,2026-02-02,110.0,-130.0,6.5,-105.0,-115.0,-111.0,-111.0,5.5,-141.0,115.0
2025020878,WSH,NYI,2026-02-02,-130.0,108.0,6.5,-109.0,-110.0,-135.0,115.0,6.5,110.0,-132.0
2025020879,MIN,MTL,2026-02-02,-130.0,110.0,6.5,-113.0,-109.0,-152.0,125.0,6.5,-105.0,-116.0
2025020880,NSH,STL,2026-02-02,-141.0,120.0,6.0,-116.0,-104.0,-167.0,140.0,5.5,-125.0,105.0
2025020881,CHI,SJS,2026-02-02,-105.0,-115.0,6.5,-103.0,-119.0,105.0,-125.0,6.5,-111.0,-111.0
2025020882,DAL,WPG,2026-02-02,-149.0,124.0,5.5,-106.0,-122.0,-185.0,155.0,6.5,115.0,-141.0
2025020883,COL,DET,2026-02-02,-200.0,165.0,6.5,102.0,-122.0,-250.0,200.0,6.5,-100.0,-120.0
2025020884,UTA,VAN,2026-02-02,-295.0,237.0,6.5,-105.0,-118.0,-278.0,225.0,6.5,110.0,-132.0
2025020885,CGY,TOR,2026-02-02,-100.0,-123.0,6.5,102.0,-129.0,-100.0,-120.0,5.5,-132.0,110.0
2025020886,TBL,BUF,2026-02-03,-205.0,170.0,6.5,-100.0,-120.0,-244.0,195.0,6.5,105.0,-125.0
2025020887,NJD,CBJ,2026-02-03,-110.0,-110.0,6.0,-119.0,-100.0,-125.0,105.0,6.5,110.0,-132.0
2025020888,NYI,PIT,2026-02-03,100.0,-120.0,5.5,-110.0,-110.0,-125.0,105.0,5.5,-141.0,115.0
2025020889,PHI,WSH,2026-02-03,-146.0,122.0,6.5,-100.0,-120.0,-135.0,115.0,6.5,115.0,-141.0
2025020890,CAR,OTT,2026-02-03,-180.0,150.0,6.5,-116.0,-105.0,-233.0,190.0,6.5,105.0,-125.0
2025020891,EDM,TOR,2026-02-03,-190.0,157.0,7.0,-130.0,109.0,-200.0,165.0,6.5,-120.0,-100.0
2025020892,ANA,SEA,2026-02-03,-137.0,117.0,6.5,-105.0,-115.0,-156.0,130.0,6.5,105.0,-125.0
2025020893,FLA,BOS,2026-02-04,-161.0,134.0,6.5,-109.0,-113.0,-152.0,125.0,5.5,-147.0,120.0
2025020894,CBJ,CHI,2026-02-04,-155.0,130.0,5.5,-120.0,-100.0,-161.0,135.0,6.5,105.0,-125.0
2025020895,WPG,MTL,2026-02-04,-132.0,112.0,6.5,-100.0,-121.0,-111.0,-111.0,6.5,115.0,-141.0
2025020896,NSH,MIN,2026-02-04,105.0,-122.0,6.5,-125.0,105.0,110.0,-132.0,6.5,115.0,-141.0
2025020897,COL,SJS,2026-02-04,-305.0,242.0,6.5,-118.0,-104.0,-333.0,265.0,6.5,-116.0,-105.0
2025020898,UTA,DET,2026-02-04,-137.0,115.0,5.5,-129.0,107.0,-152.0,125.0,6.5,115.0,-141.0
2025020899,DAL,STL,2026-02-04,-220.0,180.0,6.0,-114.0,-104.0,-270.0,220.0,5.5,-125.0,105.0
2025020900,CGY,EDM,2026-02-04,122.0,-146.0,6.5,-115.0,-105.0,105.0,-125.0,6.5,-111.0,-111.0
2025020901,VGK,VAN,2026-02-04,-312.0,250.0,6.5,-101.0,-121.0,-313.0,250.0,6.5,105.0,-125.0
2025020902,LAK,SEA,2026-02-04,-177.0,147.0,5.5,-105.0,-117.0,-200.0,165.0,5.5,-111.0,-111.0
2025020903,BUF,PIT,2026-02-05,-126.0,105.0,6.5,-130.0,107.0,-135.0,115.0,6.5,-111.0,-111.0
2025020904,TBL,FLA,2026-02-05,-218.0,180.0,6.0,-110.0,-108.0,-222.0,180.0,5.5,-132.0,110.0
2025020905,NJD,NYI,2026-02-05,-112.0,-110.0,5.5,109.0,-131.0,-111.0,-111.0,5.5,-111.0,-111.0
2025020906,NYR,CAR,2026-02-05,180.0,-220.0,6.0,-120.0,-100.0,165.0,-200.0,5.5,-141.0,115.0
2025020907,PHI,OTT,2026-02-05,110.0,-130.0,6.0,-120.0,-100.0,-100.0,-120.0,6.5,105.0,-125.0
2025020908,WSH,NSH,2026-02-05,-168.0,141.0,6.5,-110.0,-110.0,-182.0,150.0,6.5,115.0,-141.0
2025020909,VGK,LAK,2026-02-05,-140.0,118.0,5.5,-125.0,104.0,-152.0,125.0,5.5,-141.0,115.0
2025020910,NJD,BUF,2026-02-25,-111.0,-110.0,6.5,-102.0,-117.0,-125.0,105.0,6.5,120.0,-147.0
2025020911,WSH,PHI,2026-02-25,-145.0,120.0,5.5,-115.0,-105.0,-161.0,135.0,5.5,-147.0,120.0
2025020912,TBL,TOR,2026-02-25,-225.0,185.0,6.5,115.0,-138.0,-250.0,200.0,6.5,120.0,-147.0
2025020913,DAL,SEA,2026-02-25,-170.0,142.0,5.5,104.0,-126.0,-185.0,155.0,5.5,-116.0,-105.0
2025020914,UTA,COL,2026-02-25,-103.0,-120.0,5.5,-125.0,105.0,115.0,-135.0,6.5,105.0,-125.0
2025020915,VAN,WPG,2026-02-25,110.0,-130.0,6.5,-111.0,-108.0,115.0,-135.0,6.5,115.0,-141.0
2025020916,LAK,VGK,2026-02-25,-180.0,150.0,5.5,100.0,-120.0,-116.0,-105.0,5.5,-116.0,-105.0
2025020917,ANA,EDM,2026-02-25,111.0,-132.0,6.5,-153.0,127.0,105.0,-125.0,6.5,-120.0,-100.0
2025020918,BOS,CBJ,2026-02-26,-115.0,-105.0,6.5,-105.0,-115.0,-110.0,-110.0,6.5,100.0,-120.0
2025020919,MTL,NYI,2026-02-26,-148.0,123.0,6.0,-110.0,-110.0,-152.0,125.0,6.5,105.0,-125.0
2025020920,OTT,DET,2026-02-26,-152.0,127.0,5.5,-134.0,111.0,-148.0,124.0,5.5,-130.0,110.0
2025020921,FLA,TOR,2026-02-26,-163.0,136.0,6.5,-111.0,-108.0,-156.0,130.0,6.5,105.0,-125.0
2025020922,PIT,NJD,2026-02-26,-160.0,135.0,5.5,-132.0,110.0,-130.0,110.0,5.5,-125.0,105.0
2025020923,CAR,TBL,2026-02-26,-150.0,125.0,6.5,102.0,-122.0,-141.0,120.0,6.5,105.0,-125.0
2025020924,NYR,PHI,2026-02-26,-145.0,122.0,5.5,167.0,-225.0,-110.0,-110.0,5.5,-120.0,100.0
2025020925,STL,SEA,2026-02-26,-141.0,120.0,5.5,-125.0,105.0,-148.0,124.0,5.5,-130.0,110.0
2025020926,NSH,CHI,2026-02-26,-172.0,145.0,6.5,-105.0,-116.0,-180.0,150.0,5.5,-130.0,110.0
2025020927,COL,MIN,2026-02-26,-155.0,130.0,6.5,-105.0,-115.0,-155.0,130.0,6.5,100.0,-120.0
2025020928,SJS,CGY,2026-02-26,-125.0,105.0,6.5,102.0,-122.0,-125.0,105.0,6.5,-105.0,-115.0
2025020929,LAK,EDM,2026-02-26,100.0,-124.0,6.5,-122.0,-100.0,-110.0,-110.0,6.5,110.0,-130.0
2025020930,FLA,BUF,2026-02-27,-115.0,-105.0,6.5,102.0,-122.0,-120.0,-100.0,6.5,105.0,-125.0
2025020931,WSH,VGK,2026-02-27,-115.0,-105.0,5.5,-130.0,110.0,-116.0,-105.0,5.5,-141.0,115.0
2025020932,UTA,MIN,2026-02-27,-143.0,120.0,6.5,-107.0,-114.0,-141.0,120.0,5.5,-141.0,115.0
2025020933,ANA,WPG,2026-02-27,-134.0,100.0,6.0,-122.0,102.0,-120.0,-100.0,6.5,105.0,-125.0
2025020934,NYR,PIT,2026-02-28,105.0,-123.0,5.5,173.0,-234.0,-100.0,-120.0,5.5,-125.0,105.0
2025020935,PHI,BOS,2026-02-28,-115.0,-105.0,6.5,-102.0,-117.0,-132.0,110.0,5.5,-147.0,120.0
2025020936,SJS,EDM,2026-02-28,135.0,-162.0,7.0,-128.0,106.0,130.0,-156.0,6.5,-125.0,105.0
2025020937,CBJ,NYI,2026-02-28,-143.0,120.0,5.5,102.0,-131.0,-135.0,115.0,6.5,115.0,-141.0
2025020938,COL,CHI,2026-02-28,-350.0,272.0,6.5,102.0,-121.0,-435.0,325.0,6.5,-105.0,-116.0
2025020939,TOR,OTT,2026-02-28,113.0,-134.0,6.5,-101.0,-120.0,-105.0,-116.0,5.5,-141.0,115.0
2025020940,MTL,WSH,2026-02-28,-162.0,135.0,6.5,-126.0,104.0,-161.0,135.0,6.5,105.0,-125.0
2025020941,TBL,BUF,2026-02-28,-250.0,202.0,6.5,-105.0,-118.0,-263.0,210.0,6.5,105.0,-125.0
2025020942,CAR,DET,2026-02-28,-194.0,160.0,6.5,105.0,-129.0,-200.0,165.0,6.5,110.0,-132.0
2025020943,STL,NJD,2026-02-28,-104.0,-115.0,5.5,-115.0,-105.0,-105.0,-116.0,5.5,-116.0,-105.0
2025020944,LAK,CGY,2026-02-28,-148.0,124.0,5.5,-100.0,-120.0,-182.0,150.0,5.5,-111.0,-111.0
2025020945,DAL,NSH,2026-02-28,-149.0,124.0,6.5,-102.0,-120.0,-172.0,145.0,5.5,-141.0,115.0
2025020946,SEA,VAN,2026-02-28,-162.0,135.0,6.5,102.0,-122.0,-167.0,140.0,5.5,-125.0,105.0
2025020947,PIT,VGK,2026-03-01,125.0,-151.0,6.5,-115.0,-105.0,115.0,-135.0,6.5,105.0,-125.0
2025020948,NYI,FLA,2026-03-01,130.0,-155.0,5.5,-132.0,110.0,-100.0,-120.0,5.5,-132.0,110.0
2025020949,UTA,CHI,2026-03-01,-345.0,272.0,6.5,-103.0,-115.0,-244.0,195.0,6.5,105.0,-125.0
2025020950,SJS,WPG,2026-03-01,-100.0,-120.0,6.0,-115.0,-105.0,-105.0,-116.0,6.5,-105.0,-116.0
2025020951,MIN,STL,2026-03-01,-230.0,190.0,6.5,-109.0,-110.0,-227.0,185.0,6.5,-120.0,-100.0
2025020952,ANA,CGY,2026-03-01,-181.0,150.0,6.5,-100.0,-120.0,-141.0,120.0,6.5,-116.0,-105.0
2025020953,NYR,CBJ,2026-03-02,-106.0,-113.0,6.0,-110.0,-110.0,-125.0,105.0,6.5,105.0,-125.0
2025020954,TOR,PHI,2026-03-02,-134.0,113.0,6.5,-102.0,-117.0,-152.0,125.0,6.5,105.0,-125.0
2025020955,NSH,DET,2026-03-02,-108.0,-112.0,6.5,104.0,-125.0,-125.0,105.0,6.5,105.0,-125.0
2025020956,VAN,DAL,2026-03-02,171.0,-207.0,6.0,-114.0,-104.0,150.0,-182.0,5.5,-132.0,110.0
2025020957,SEA,CAR,2026-03-02,156.0,-188.0,6.0,-117.0,-103.0,120.0,-141.0,5.5,-132.0,110.0
2025020958,LAK,COL,2026-03-02,154.0,-185.0,6.0,-121.0,-100.0,130.0,-156.0,6.5,-116.0,-105.0
2025020959,BOS,PIT,2026-03-03,-120.0,-102.0,6.5,-105.0,-115.0,-116.0,-105.0,6.5,105.0,-125.0
2025020960,BUF,VGK,2026-03-03,-137.0,115.0,6.5,104.0,-118.0,-111.0,-111.0,6.5,105.0,-125.0
2025020961,NJD,FLA,2026-03-03,-100.0,-120.0,5.5,-123.0,105.0,-105.0,-116.0,5.5,-116.0,-105.0
2025020962,WSH,UTA,2026-03-03,-111.0,-109.0,6.5,107.0,-129.0,-125.0,105.0,6.5,120.0,-147.0
2025020963,CBJ,NSH,2026-03-03,-134.0,112.0,6.5,-100.0,-120.0,-152.0,125.0,6.5,-100.0,-120.0
2025020964,WPG,CHI,2026-03-03,-150.0,125.0,5.5,-117.0,-100.0,-167.0,140.0,5.5,-125.0,105.0
2025020965,CGY,DAL,2026-03-03,112.0,-132.0,5.5,-109.0,-113.0,105.0,-125.0,5.5,-116.0,-105.0
2025020966,EDM,OTT,2026-03-03,-118.0,-102.0,6.5,-150.0,127.0,-152.0,125.0,6.5,-105.0,-116.0
2025020967,MIN,TBL,2026-03-03,120.0,-141.0,6.5,105.0,-125.0,115.0,-135.0,5.5,-141.0,115.0
2025020968,ANA,COL,2026-03-03,124.0,-149.0,6.5,-132.0,110.0,135.0,-161.0,6.5,-120.0,-100.0
2025020969,SJS,MTL,2026-03-03,114.0,-135.0,6.5,-120.0,-102.0,105.0,-125.0,6.5,-116.0,-105.0
2025020970,DET,VGK,2026-03-04,-135.0,115.0,6.5,102.0,-122.0,-142.0,120.0,5.5,-135.0,114.0
2025020971,NJD,TOR,2026-03-04,-125.0,105.0,6.0,-114.0,-104.0,-115.0,-105.0,5.5,-125.0,105.0
2025020972,VAN,CAR,2026-03-04,280.0,-350.0,6.5,104.0,-128.0,220.0,-270.0,6.5,105.0,-125.0
2025020973,ANA,NYI,2026-03-04,100.0,-120.0,6.5,-125.0,105.0,-105.0,-115.0,6.5,-105.0,-115.0
2025020974,SEA,STL,2026-03-04,-150.0,125.0,6.0,-115.0,-105.0,-135.0,114.0,5.5,-130.0,110.0
2025020975,NYR,TOR,2026-03-05,-132.0,111.0,6.0,-122.0,102.0,-113.0,-106.0,5.5,-134.0,110.0
2025020976,PHI,UTA,2026-03-05,104.0,-125.0,5.5,-125.0,105.0,-105.0,-113.0,5.5,-138.0,112.0
2025020977,PIT,BUF,2026-03-05,-105.0,-116.0,6.5,-105.0,-115.0,-110.0,-110.0,6.5,-102.0,-120.0
2025020978,CBJ,FLA,2026-03-05,-115.0,-105.0,6.5,-105.0,-115.0,-111.0,-108.0,6.5,114.0,-140.0
2025020979,NSH,BOS,2026-03-05,-108.0,-114.0,6.5,-104.0,-118.0,-114.0,-105.0,6.5,102.0,-124.0
2025020980,WPG,TBL,2026-03-05,165.0,-200.0,5.5,-123.0,102.0,140.0,-170.0,5.5,-124.0,102.0
2025020981,CGY,OTT,2026-03-05,151.0,-182.0,5.5,-115.0,-110.0,120.0,-144.0,6.5,112.0,-138.0
2025020982,LAK,NYI,2026-03-05,-127.0,106.0,5.5,-114.0,-106.0,-134.0,112.0,5.5,-100.0,-122.0
2025020983,DET,FLA,2026-03-06,-150.0,125.0,6.0,-115.0,-105.0,-152.0,126.0,5.5,-140.0,114.0
2025020984,DAL,COL,2026-03-06,100.0,-120.0,6.0,-122.0,102.0,105.0,-126.0,6.5,110.0,-134.0
2025020985,CHI,VAN,2026-03-06,-157.0,130.0,6.5,104.0,-129.0,-150.0,125.0,6.5,104.0,-128.0
2025020986,EDM,CAR,2026-03-06,-105.0,-115.0,6.5,-150.0,124.0,-108.0,-113.0,6.5,-110.0,-110.0
2025020987,ANA,MTL,2026-03-06,-103.0,-118.0,6.5,-144.0,122.0,-115.0,-104.0,6.5,-118.0,-104.0
2025020988,VGK,MIN,2026-03-06,100.0,-120.0,6.5,102.0,-122.0,-113.0,-106.0,6.5,116.0,-142.0
2025020989,SJS,STL,2026-03-06,-147.0,123.0,6.5,-113.0,-105.0,-146.0,122.0,5.5,-138.0,112.0
2025020990,BOS,WSH,2026-03-07,-130.0,110.0,6.5,105.0,-125.0,-141.0,120.0,6.5,105.0,-125.0
2025020991,NJD,NYR,2026-03-07,-176.0,147.0,6.0,-121.0,-100.0,-135.0,115.0,5.5,-120.0,-100.0
2025020992,BUF,NSH,2026-03-07,-185.0,154.0,6.5,-110.0,-110.0,-161.0,135.0,6.5,-120.0,-100.0
2025020993,PIT,PHI,2026-03-07,-137.0,115.0,5.5,-125.0,105.0,-161.0,135.0,6.5,-100.0,-120.0
2025020994,TOR,TBL,2026-03-07,175.0,-212.0,6.5,-101.0,-121.0,125.0,-152.0,6.5,-120.0,-100.0
2025020995,CBJ,UTA,2026-03-07,101.0,-120.0,6.5,-100.0,-121.0,-116.0,-105.0,6.5,-116.0,-105.0
2025020996,WPG,VAN,2026-03-07,-290.0,235.0,5.5,187.0,-256.0,-192.0,160.0,6.5,105.0,-125.0
2025020997,LAK,MTL,2026-03-07,-115.0,-105.0,6.5,108.0,-130.0,-111.0,-111.0,6.5,105.0,-125.0
2025020998,CGY,CAR,2026-03-07,176.0,-214.0,5.5,-125.0,105.0,155.0,-185.0,5.5,-132.0,110.0
2025020999,SJS,NYI,2026-03-07,122.0,-145.0,6.5,108.0,-130.0,110.0,-132.0,6.5,-116.0,-105.0
2025021000,SEA,OTT,2026-03-07,135.0,-161.0,5.5,-130.0,105.0,-100.0,-120.0,5.5,-125.0,105.0
2025021001,COL,MIN,2026-03-08,-178.0,148.0,6.5,-105.0,-111.0,-141.0,120.0,6.5,-120.0,-100.0
2025021002,PIT,BOS,2026-03-08,-125.0,105.0,6.5,-102.0,-118.0,-152.0,125.0,6.5,-120.0,-100.0
2025021003,BUF,TBL,2026-03-08,-102.0,-118.0,6.5,-110.0,-110.0,110.0,-132.0,6.5,-120.0,-100.0
2025021004,DAL,CHI,2026-03-08,-320.0,255.0,6.0,-122.0,100.0,-303.0,240.0,5.5,-120.0,-100.0
2025021005,NJD,DET,2026-03-08,-105.0,-116.0,5.5,-121.0,-102.0,-105.0,-116.0,5.5,-111.0,-111.0
2025021006,ANA,STL,2026-03-08,-172.0,145.0,6.5,-112.0,-105.0,-156.0,130.0,6.5,-120.0,-100.0
2025021007,VGK,EDM,2026-03-08,-110.0,-110.0,6.5,-163.0,135.0,-116.0,-105.0,6.5,-147.0,120.0
2025020828,CBJ,LAK,2026-03-09,-154.0,129.0,6.5,-100.0,-121.0,-116.0,-105.0,6.5,105.0,-125.0
2025021008,PHI,NYR,2026-03-09,-140.0,118.0,5.5,-106.0,-117.0,-155.0,130.0,5.5,-120.0,100.0
2025021009,WSH,CGY,2026-03-09,-191.0,157.0,6.0,-114.0,-104.0,-192.0,160.0,5.5,-130.0,110.0
2025021010,CHI,UTA,2026-03-09,192.0,-232.0,6.5,-106.0,-114.0,160.0,-192.0,5.5,-135.0,114.0
2025021011,VAN,OTT,2026-03-09,190.0,-230.0,6.5,-104.0,-113.0,170.0,-205.0,6.5,110.0,-130.0
2025021012,BOS,LAK,2026-03-10,-160.0,133.0,5.5,-125.0,104.0,-134.0,114.0,5.5,-142.0,116.0
2025021013,BUF,SJS,2026-03-10,-205.0,169.0,6.5,-125.0,105.0,-205.0,168.0,6.5,-124.0,102.0
2025021014,MTL,TOR,2026-03-10,-170.0,143.0,6.5,-130.0,110.0,-166.0,138.0,6.5,-106.0,-114.0
2025021015,TBL,CBJ,2026-03-10,-245.0,199.0,6.5,-115.0,-103.0,-255.0,205.0,6.5,-110.0,-110.0
2025021016,FLA,DET,2026-03-10,-110.0,-117.0,5.5,-125.0,105.0,-142.0,118.0,5.5,-134.0,110.0
2025021017,NYR,CGY,2026-03-10,-125.0,105.0,5.5,-132.0,-128.0,-137.0,114.0,5.5,-142.0,116.0
2025021018,CAR,PIT,2026-03-10,-202.0,166.0,6.5,108.0,-127.0,-235.0,190.0,6.5,108.0,-132.0
2025021019,STL,NYI,2026-03-10,105.0,-125.0,5.5,-109.0,-111.0,-102.0,-118.0,5.5,-110.0,-110.0
2025021020,DAL,VGK,2026-03-10,-150.0,127.0,5.5,-130.0,106.0,-146.0,122.0,5.5,-130.0,106.0
2025021021,MIN,UTA,2026-03-10,-161.0,135.0,6.0,-110.0,-110.0,-194.0,160.0,6.5,112.0,-138.0
2025021022,WPG,ANA,2026-03-10,-135.0,114.0,6.5,101.0,-121.0,-120.0,-100.0,6.5,-104.0,-118.0
2025021023,COL,EDM,2026-03-10,-173.0,145.0,7.0,-126.0,104.0,-194.0,160.0,6.5,-140.0,114.0
2025021024,SEA,NSH,2026-03-10,-110.0,-112.0,6.5,-102.0,-120.0,-118.0,-102.0,5.5,-134.0,110.0
2025021025,OTT,MTL,2026-03-11,-190.0,157.0,6.5,-111.0,-115.0,-132.0,110.0,6.5,-120.0,-100.0
2025021026,PHI,WSH,2026-03-11,113.0,-134.0,5.5,100.0,-133.0,-125.0,105.0,5.5,-132.0,110.0
2025021027,BOS,SJS,2026-03-12,-160.0,136.0,6.5,-110.0,-105.0,-200.0,165.0,6.5,-111.0,-111.0
2025021028,BUF,WSH,2026-03-12,-218.0,180.0,6.5,-130.0,110.0,-141.0,120.0,6.5,-100.0,-120.0
2025021029,TOR,ANA,2026-03-12,-110.0,-110.0,6.5,-125.0,105.0,-135.0,115.0,6.5,-125.0,105.0
2025021030,TBL,DET,2026-03-12,-220.0,180.0,6.0,-115.0,-105.0,-250.0,200.0,6.5,105.0,-125.0
2025021031,FLA,CBJ,2026-03-12,105.0,-125.0,6.5,-102.0,-115.0,-141.0,120.0,6.5,-105.0,-116.0
2025021032,NJD,CGY,2026-03-12,-185.0,155.0,5.5,-120.0,-102.0,-132.0,110.0,5.5,-100.0,-120.0
2025021033,CAR,STL,2026-03-12,-290.0,235.0,5.5,-142.0,-182.0,-313.0,250.0,6.5,-105.0,-116.0
2025021034,DAL,EDM,2026-03-12,-129.0,108.0,6.5,-132.0,110.0,-135.0,115.0,6.5,-105.0,-116.0
2025021035,MIN,PHI,2026-03-12,-222.0,182.0,5.5,199.0,-262.0,-192.0,160.0,6.5,-105.0,-116.0
2025021036,WPG,NYR,2026-03-12,-155.0,130.0,5.5,-109.0,-113.0,-192.0,160.0,5.5,-132.0,110.0
2025021037,UTA,CHI,2026-03-12,-220.0,181.0,5.5,179.0,-245.0,-303.0,240.0,6.5,105.0,-125.0
2025021038,VAN,NSH,2026-03-12,141.0,-167.0,6.5,110.0,-132.0,140.0,-167.0,6.5,-120.0,-100.0
2025021039,VGK,PIT,2026-03-12,-179.0,150.0,6.5,-101.0,-118.0,-132.0,110.0,6.5,105.0,-125.0
2025021040,SEA,COL,2026-03-12,167.0,-202.0,6.5,-105.0,-115.0,150.0,-182.0,6.5,-100.0,-120.0
2025021041,NYI,LAK,2026-03-13,-141.0,120.0,5.5,-110.0,-112.0,-152.0,125.0,5.5,-125.0,105.0
2025021042,STL,EDM,2026-03-13,120.0,-141.0,6.5,-115.0,-105.0,125.0,-152.0,6.5,-125.0,105.0
2025021043,OTT,ANA,2026-03-14,-183.0,152.0,6.5,-111.0,-106.0,-170.0,140.0,6.5,-118.0,-104.0
2025021044,WSH,BOS,2026-03-14,-127.0,110.0,5.5,184.0,-256.0,-137.0,114.0,6.5,104.0,-128.0
2025021045,WPG,COL,2026-03-14,152.0,-182.0,5.5,-135.0,114.0,150.0,-182.0,6.5,-102.0,-120.0
2025021046,MIN,NYR,2026-03-14,-199.0,164.0,6.5,106.0,-128.0,-240.0,195.0,6.5,110.0,-134.0
2025021047,BUF,TOR,2026-03-14,-245.0,194.0,6.5,-121.0,101.0,-235.0,190.0,6.5,-106.0,-114.0
2025021048,MTL,SJS,2026-03-14,-160.0,133.0,6.5,-133.0,112.0,-182.0,150.0,6.5,-128.0,104.0
2025021049,TBL,CAR,2026-03-14,-129.0,108.0,6.5,104.0,-120.0,-140.0,116.0,6.5,-104.0,-118.0
2025021050,NJD,LAK,2026-03-14,-155.0,130.0,5.5,-120.0,-102.0,-146.0,122.0,5.5,-110.0,-110.0
2025021051,NYI,CGY,2026-03-14,-150.0,125.0,6.5,110.0,-130.0,-164.0,136.0,5.5,-115.0,-105.0
2025021052,PHI,CBJ,2026-03-14,119.0,-143.0,5.5,-119.0,-101.0,-100.0,-120.0,6.5,104.0,-128.0
2025021053,DAL,DET,2026-03-14,-191.0,159.0,5.5,-116.0,-105.0,-170.0,140.0,5.5,-115.0,-105.0
2025021054,UTA,PIT,2026-03-14,-154.0,129.0,6.5,107.0,-129.0,-154.0,128.0,5.5,-142.0,116.0
2025021055,VAN,SEA,2026-03-14,120.0,-142.0,6.5,102.0,-131.0,106.0,-128.0,6.5,114.0,-140.0
2025021056,VGK,CHI,2026-03-14,-232.0,190.0,6.0,-119.0,-100.0,-255.0,205.0,6.5,112.0,-140.0
2025021057,WPG,STL,2026-03-15,-106.0,-114.0,5.5,-125.0,105.0,-161.0,135.0,6.5,105.0,-125.0
2025021058,OTT,SJS,2026-03-15,-202.0,167.0,6.5,-115.0,-107.0,-192.0,160.0,6.5,-120.0,-100.0
2025021059,MTL,ANA,2026-03-15,-141.0,120.0,6.5,-132.0,112.0,-141.0,120.0,6.5,-105.0,-116.0
2025021060,MIN,TOR,2026-03-15,-262.0,210.0,6.5,-100.0,-120.0,-167.0,140.0,6.5,-100.0,-120.0
2025021061,EDM,NSH,2026-03-15,-185.0,155.0,6.5,-151.0,124.0,-185.0,155.0,6.5,-125.0,105.0
2025021062,SEA,FLA,2026-03-15,107.0,-127.0,6.5,-103.0,-119.0,105.0,-125.0,6.5,105.0,-125.0
2025021063,DET,CGY,2026-03-16,-185.0,154.0,5.5,-121.0,-103.0,-182.0,150.0,6.5,105.0,-125.0
2025021064,NJD,BOS,2026-03-16,-125.0,105.0,6.5,106.0,-125.0,-120.0,-100.0,6.5,105.0,-125.0
2025021065,NYR,LAK,2026-03-16,-110.0,-110.0,5.5,-118.0,-105.0,-100.0,-120.0,5.5,-125.0,105.0
2025021066,DAL,UTA,2026-03-16,-162.0,135.0,5.5,-130.0,110.0,-182.0,150.0,5.5,-125.0,105.0
2025021067,COL,PIT,2026-03-16,-227.0,185.0,6.5,-130.0,110.0,-303.0,240.0,6.5,-125.0,105.0
2025021068,TOR,NYI,2026-03-17,135.0,-161.0,6.5,-102.0,-120.0,-105.0,-116.0,6.5,-116.0,-105.0
2025021069,MTL,BOS,2026-03-17,-160.0,135.0,6.5,-114.0,-105.0,-141.0,120.0,6.5,-120.0,-100.0
2025021070,CBJ,CAR,2026-03-17,-100.0,-120.0,6.5,109.0,-124.0,115.0,-135.0,6.5,-132.0,110.0
2025021071,WPG,NSH,2026-03-17,-130.0,109.0,5.5,-125.0,105.0,-120.0,-100.0,6.5,105.0,-125.0
2025021072,CHI,MIN,2026-03-17,148.0,-179.0,6.0,-114.0,-104.0,195.0,-244.0,6.5,105.0,-125.0
2025021073,EDM,SJS,2026-03-17,-159.0,133.0,6.5,-152.0,124.0,-167.0,140.0,6.5,-156.0,130.0
2025021074,VAN,FLA,2026-03-17,130.0,-155.0,6.5,110.0,-132.0,140.0,-167.0,6.5,-120.0,-100.0
2025021075,VGK,BUF,2026-03-17,-137.0,115.0,6.5,-110.0,-107.0,-100.0,-120.0,6.5,-116.0,-105.0
2025021076,SEA,TBL,2026-03-17,158.0,-190.0,6.5,105.0,-129.0,140.0,-167.0,6.5,-120.0,-100.0
2025021077,NYR,NJD,2026-03-18,105.0,-126.0,6.5,103.0,-124.0,104.0,-125.0,6.5,110.0,-134.0
2025021078,CAR,PIT,2026-03-18,-135.0,114.0,6.5,-111.0,-108.0,-192.0,160.0,6.5,-120.0,-100.0
2025021079,WSH,OTT,2026-03-18,113.0,-134.0,5.5,-133.0,-120.0,102.0,-122.0,6.5,-110.0,-110.0
2025021080,COL,DAL,2026-03-18,-136.0,114.0,6.5,-108.0,-110.0,-164.0,136.0,6.5,114.0,-140.0
2025021081,CGY,STL,2026-03-18,-101.0,-135.0,5.5,-120.0,101.0,102.0,-122.0,5.5,-112.0,-108.0
2025021082,ANA,PHI,2026-03-18,-155.0,123.0,6.5,-105.0,-115.0,-156.0,130.0,6.5,104.0,-128.0
2025021083,BOS,WPG,2026-03-19,-145.0,120.0,5.5,-132.0,-128.0,-135.0,114.0,5.5,-130.0,110.0
2025021084,OTT,NYI,2026-03-19,-125.0,103.0,5.5,-132.0,110.0,-142.0,120.0,5.5,-120.0,100.0
2025021085,DET,MTL,2026-03-19,-105.0,-115.0,6.5,-107.0,-113.0,-125.0,105.0,6.5,105.0,-125.0
2025021086,CBJ,NYR,2026-03-19,-219.0,180.0,6.5,114.0,-137.0,-161.0,135.0,6.5,105.0,-125.0
2025021087,NSH,SEA,2026-03-19,-121.0,-101.0,6.5,-107.0,-112.0,-130.0,110.0,5.5,-120.0,100.0
2025021088,MIN,CHI,2026-03-19,-187.0,160.0,5.5,-140.0,114.0,-245.0,200.0,6.5,114.0,-135.0
2025021089,EDM,FLA,2026-03-19,-161.0,135.0,6.5,-118.0,-102.0,-148.0,124.0,6.5,110.0,-130.0
2025021090,VAN,TBL,2026-03-19,265.0,-332.0,6.5,101.0,-122.0,220.0,-275.0,6.5,110.0,-134.0
2025021091,VGK,UTA,2026-03-19,-137.0,115.0,6.0,-105.0,-115.0,-150.0,125.0,6.5,112.0,-140.0
2025021092,SJS,BUF,2026-03-19,120.0,-145.0,6.5,-140.0,115.0,125.0,-150.0,6.5,-112.0,-108.0
2025021093,LAK,PHI,2026-03-19,-191.0,160.0,6.0,-116.0,-104.0,-162.0,136.0,5.5,-130.0,110.0
2025021094,TOR,CAR,2026-03-20,180.0,-219.0,6.5,-103.0,-113.0,130.0,-156.0,6.5,-116.0,-105.0
2025021095,WSH,NJD,2026-03-20,-122.0,100.0,6.5,101.0,-122.0,-156.0,130.0,5.5,-120.0,-100.0
2025021096,CHI,COL,2026-03-20,270.0,-340.0,6.5,-100.0,-120.0,210.0,-263.0,6.5,-100.0,-120.0
2025021097,CGY,FLA,2026-03-20,-118.0,-102.0,5.5,-128.0,105.0,120.0,-141.0,6.5,105.0,-125.0
2025021098,UTA,ANA,2026-03-20,-135.0,117.0,6.5,-128.0,105.0,-125.0,105.0,6.5,-116.0,-105.0
2025021099,PIT,WPG,2026-03-21,-157.0,130.0,6.5,-108.0,-114.0,-155.0,130.0,5.5,-130.0,110.0
2025021100,NSH,VGK,2026-03-21,130.0,-155.0,6.5,104.0,-125.0,-105.0,-116.0,5.5,-132.0,110.0
2025021101,MIN,DAL,2026-03-21,114.0,-134.0,5.5,-114.0,-105.0,-111.0,-111.0,5.5,-132.0,110.0
2025021102,LAK,BUF,2026-03-21,110.0,-130.0,6.5,100.0,-120.0,105.0,-125.0,5.5,-125.0,105.0
2025021103,SJS,PHI,2026-03-21,-125.0,105.0,5.5,-133.0,111.0,-152.0,125.0,6.5,105.0,-125.0
2025021104,CBJ,SEA,2026-03-21,-183.0,152.0,6.5,-105.0,-116.0,-135.0,115.0,6.5,105.0,-125.0
2025021105,MTL,NYI,2026-03-21,-121.0,101.0,6.5,-100.0,-119.0,-152.0,125.0,6.5,105.0,-125.0
2025021106,OTT,TOR,2026-03-21,-322.0,260.0,6.5,-102.0,-119.0,-250.0,200.0,6.5,105.0,-125.0
2025021107,VAN,STL,2026-03-21,124.0,-150.0,5.5,-130.0,108.0,-111.0,-111.0,6.5,-100.0,-120.0
2025021108,DET,BOS,2026-03-21,-120.0,100.0,5.5,-130.0,112.0,-156.0,130.0,5.5,-125.0,105.0
2025021109,EDM,TBL,2026-03-21,115.0,-136.0,6.5,-141.0,120.0,110.0,-132.0,6.5,-125.0,105.0
2025021110,NYR,WPG,2026-03-22,-114.0,-105.0,6.5,-103.0,-119.0,-111.0,-111.0,5.5,-125.0,105.0
2025021111,WSH,COL,2026-03-22,138.0,-165.0,6.5,-104.0,-114.0,130.0,-156.0,6.5,-100.0,-120.0
2025021112,PIT,CAR,2026-03-22,121.0,-149.0,6.5,-127.0,103.0,-105.0,-116.0,6.5,-125.0,105.0
2025021113,CHI,NSH,2026-03-22,-106.0,-115.0,6.0,180.0,-243.0,120.0,-141.0,6.5,105.0,-125.0
2025021114,NYI,CBJ,2026-03-22,103.0,-123.0,6.5,-107.0,-112.0,-125.0,105.0,6.5,105.0,-125.0
2025021115,DAL,VGK,2026-03-22,-134.0,113.0,5.5,-122.0,101.0,-167.0,140.0,5.5,-125.0,105.0
2025021116,CGY,TBL,2026-03-22,142.0,-170.0,6.5,-105.0,-115.0,165.0,-200.0,6.5,105.0,-125.0
2025021117,ANA,BUF,2026-03-22,-101.0,-118.0,6.5,-134.0,110.0,-120.0,-100.0,6.5,-120.0,-100.0
2025021118,UTA,LAK,2026-03-22,-175.0,145.0,5.5,-121.0,-101.0,-152.0,125.0,5.5,-125.0,105.0
2025021119,NYR,OTT,2026-03-23,160.0,-192.0,5.5,-130.0,-104.0,130.0,-156.0,6.5,-100.0,-120.0
2025021120,BOS,TOR,2026-03-24,-205.0,169.0,6.5,-101.0,-118.0,-116.0,-105.0,6.5,105.0,-125.0
2025021121,MTL,CAR,2026-03-24,105.0,-126.0,6.5,-120.0,-102.0,105.0,-125.0,6.5,-125.0,105.0
2025021122,DET,OTT,2026-03-24,-138.0,115.0,5.5,102.0,-131.0,-116.0,-105.0,5.5,-132.0,110.0
2025021123,FLA,SEA,2026-03-24,-132.0,110.0,5.5,-138.0,115.0,-135.0,115.0,6.5,105.0,-125.0
2025021124,NYI,CHI,2026-03-24,-168.0,140.0,6.0,-121.0,-100.0,-222.0,180.0,5.5,-132.0,110.0
2025021125,PHI,CBJ,2026-03-24,114.0,-135.0,5.5,-100.0,-131.0,-111.0,-111.0,5.5,-125.0,105.0
2025021126,PIT,COL,2026-03-24,142.0,-170.0,6.5,-122.0,-101.0,115.0,-135.0,6.5,-141.0,115.0
2025021127,TBL,MIN,2026-03-24,-151.0,131.0,6.5,102.0,-120.0,-167.0,140.0,6.5,105.0,-125.0
2025021128,STL,WSH,2026-03-24,-108.0,-111.0,5.5,-115.0,-104.0,-132.0,110.0,5.5,-120.0,-100.0
2025021129,NSH,SJS,2026-03-24,-146.0,122.0,6.5,-100.0,-120.0,-152.0,125.0,5.5,-132.0,110.0
2025021130,DAL,NJD,2026-03-24,-166.0,140.0,5.5,-132.0,112.0,-200.0,165.0,6.5,105.0,-125.0
2025021131,WPG,VGK,2026-03-24,112.0,-132.0,5.5,136.0,-176.0,115.0,-135.0,6.5,-116.0,-105.0
2025021132,UTA,EDM,2026-03-24,-136.0,114.0,6.5,-122.0,101.0,115.0,-135.0,6.5,-125.0,105.0
2025021133,CGY,LAK,2026-03-24,101.0,-141.0,5.5,-120.0,-102.0,115.0,-135.0,5.5,-125.0,105.0
2025021134,VAN,ANA,2026-03-24,156.0,-187.0,6.5,-132.0,112.0,155.0,-185.0,6.5,-120.0,-100.0
2025021135,BUF,BOS,2026-03-25,-210.0,170.0,6.5,-120.0,-100.0,-152.0,125.0,6.5,-105.0,-116.0
2025021136,TOR,NYR,2026-03-25,110.0,-135.0,6.5,102.0,-126.0,-156.0,130.0,6.5,105.0,-125.0
2025021137,MTL,CBJ,2026-03-26,-111.0,-109.0,6.5,-110.0,-110.0,-135.0,115.0,6.5,-120.0,-100.0
2025021138,OTT,PIT,2026-03-26,-150.0,124.0,6.5,105.0,-121.0,-172.0,145.0,6.5,-116.0,-105.0
2025021139,TBL,SEA,2026-03-26,-290.0,235.0,6.5,104.0,-126.0,-263.0,210.0,6.5,-120.0,-100.0
2025021140,FLA,MIN,2026-03-26,133.0,-160.0,6.5,-111.0,-108.0,-116.0,-105.0,6.5,-105.0,-116.0
2025021141,NYI,DAL,2026-03-26,-102.0,-119.0,5.5,-116.0,-105.0,-105.0,-116.0,5.5,-125.0,105.0
2025021142,PHI,CHI,2026-03-26,-151.0,125.0,5.5,-121.0,-102.0,-141.0,120.0,5.5,-125.0,105.0
2025021143,STL,SJS,2026-03-26,-130.0,110.0,5.5,-131.0,109.0,-116.0,-105.0,6.5,-116.0,-105.0
2025021144,NSH,NJD,2026-03-26,-115.0,-105.0,6.5,104.0,-126.0,-141.0,120.0,5.5,-125.0,105.0
2025021145,WPG,COL,2026-03-26,154.0,-185.0,5.5,-165.0,126.0,165.0,-200.0,6.5,105.0,-125.0
2025021146,UTA,WSH,2026-03-26,-135.0,114.0,6.0,-122.0,102.0,-156.0,130.0,5.5,-132.0,110.0
2025021147,CGY,ANA,2026-03-26,-100.0,-127.0,6.5,-116.0,-102.0,-111.0,-111.0,5.5,-125.0,105.0
2025021148,VGK,EDM,2026-03-26,-141.0,120.0,6.5,-115.0,-105.0,-120.0,-100.0,6.5,-132.0,110.0
2025021149,VAN,LAK,2026-03-26,152.0,-184.0,5.5,-135.0,114.0,150.0,-182.0,6.5,105.0,-125.0
2025021150,BUF,DET,2026-03-27,-141.0,120.0,6.5,-109.0,-113.0,-156.0,130.0,6.5,105.0,-125.0
2025021151,NYR,CHI,2026-03-27,-172.0,145.0,6.5,-112.0,-100.0,-135.0,115.0,5.5,-125.0,105.0
2025021152,TBL,OTT,2026-03-28,-135.0,114.0,6.5,112.0,-117.0,-167.0,140.0,6.5,-116.0,-105.0
2025021153,NYI,FLA,2026-03-28,-205.0,169.0,5.5,-120.0,100.0,-152.0,125.0,6.5,105.0,-125.0
2025021154,EDM,ANA,2026-03-28,-149.0,124.0,6.5,-167.0,-105.0,-161.0,135.0,6.5,-156.0,130.0
2025021155,BOS,MIN,2026-03-28,-105.0,-115.0,6.5,111.0,-133.0,-132.0,110.0,6.5,-105.0,-116.0
2025021156,PIT,DAL,2026-03-28,110.0,-131.0,6.5,-100.0,-122.0,-111.0,-111.0,6.5,-125.0,105.0
2025021157,CAR,NJD,2026-03-28,-205.0,169.0,6.5,-105.0,-115.0,-213.0,175.0,6.5,-111.0,-111.0
2025021158,CBJ,SJS,2026-03-28,-187.0,157.0,6.5,-105.0,-113.0,-185.0,155.0,6.5,-120.0,-100.0
2025021159,BUF,SEA,2026-03-28,-195.0,156.0,6.5,-102.0,-115.0,-192.0,160.0,6.5,-111.0,-111.0
2025021160,STL,TOR,2026-03-28,-150.0,125.0,5.5,-132.0,110.0,-132.0,110.0,6.5,105.0,-125.0
2025021161,NSH,MTL,2026-03-28,-105.0,-115.0,6.5,-104.0,-115.0,-111.0,-111.0,5.5,-125.0,105.0
2025021162,COL,WPG,2026-03-28,-267.0,215.0,6.0,-122.0,102.0,-213.0,175.0,6.5,105.0,-125.0
2025021163,DET,PHI,2026-03-28,-130.0,110.0,5.5,-125.0,105.0,-156.0,130.0,5.5,-125.0,105.0
2025021164,LAK,UTA,2026-03-28,-115.0,-105.0,5.5,-123.0,102.0,-120.0,-100.0,5.5,-111.0,-111.0
2025021165,CGY,VAN,2026-03-28,-164.0,138.0,6.5,108.0,-130.0,-156.0,130.0,5.5,-125.0,105.0
2025021166,VGK,WSH,2026-03-28,-152.0,126.0,6.5,112.0,-134.0,-185.0,155.0,5.5,-125.0,105.0
2025021167,NYR,FLA,2026-03-29,-185.0,154.0,5.5,-133.0,111.0,-105.0,-116.0,5.5,-132.0,110.0
2025021168,TBL,NSH,2026-03-29,-185.0,154.0,6.5,-112.0,-111.0,-250.0,200.0,6.5,-100.0,-120.0
2025021169,CAR,MTL,2026-03-29,-172.0,145.0,6.5,-115.0,-105.0,-185.0,155.0,6.5,-125.0,105.0
2025021170,CBJ,BOS,2026-03-29,-157.0,131.0,6.5,-103.0,-117.0,-132.0,110.0,6.5,-100.0,-120.0
2025021171,NJD,CHI,2026-03-29,-167.0,143.0,6.5,-102.0,-120.0,-182.0,150.0,5.5,-132.0,110.0
2025021172,PHI,DAL,2026-03-29,145.0,-172.0,5.5,-123.0,102.0,120.0,-141.0,5.5,-120.0,-100.0
2025021173,NYI,PIT,2026-03-30,-130.0,110.0,6.5,-113.0,-107.0,-120.0,-100.0,6.5,105.0,-125.0
2025021174,COL,CGY,2026-03-30,-397.0,315.0,6.5,112.0,-135.0,-278.0,225.0,6.5,105.0,-125.0
2025021175,VGK,VAN,2026-03-30,-360.0,280.0,6.5,-111.0,-110.0,-313.0,250.0,6.5,-105.0,-116.0
2025021176,ANA,TOR,2026-03-30,-186.0,155.0,6.5,-144.0,122.0,-172.0,145.0,6.5,-125.0,105.0
2025021177,SJS,STL,2026-03-30,-110.0,-110.0,6.0,-116.0,-104.0,-125.0,105.0,5.5,-132.0,110.0
2025021178,BOS,DAL,2026-03-31,113.0,-134.0,6.5,105.0,-125.0,-120.0,-100.0,5.5,-132.0,110.0
2025021179,BUF,NYI,2026-03-31,-172.0,145.0,6.5,-101.0,-120.0,-152.0,125.0,5.5,-132.0,110.0
2025021180,TBL,MTL,2026-03-31,-173.0,143.0,6.5,-103.0,-116.0,-200.0,165.0,6.5,-120.0,-100.0
2025021181,FLA,OTT,2026-03-31,153.0,-184.0,6.0,-119.0,-100.0,-105.0,-116.0,6.5,-116.0,-105.0
2025021182,NYR,NJD,2026-03-31,105.0,-125.0,6.5,107.0,-119.0,-100.0,-120.0,5.5,-132.0,110.0
2025021183,PIT,DET,2026-03-31,-110.0,-119.0,6.5,-105.0,-126.0,-120.0,-100.0,6.5,-105.0,-116.0
2025021184,WSH,PHI,2026-03-31,-125.0,105.0,5.5,-121.0,-103.0,-120.0,-100.0,6.5,105.0,-125.0
2025021185,CBJ,CAR,2026-03-31,110.0,-129.0,6.5,-105.0,-115.0,-100.0,-120.0,6.5,-120.0,-100.0
2025021186,CHI,WPG,2026-03-31,130.0,-155.0,6.0,-117.0,-102.0,125.0,-152.0,5.5,-132.0,110.0
2025021187,EDM,SEA,2026-03-31,-185.0,154.0,6.5,-110.0,-110.0,-200.0,165.0,6.5,-120.0,-100.0
2025021188,COL,VAN,2026-04-01,-460.0,360.0,6.5,-115.0,-105.0,-385.0,300.0,6.5,-120.0,-100.0
2025021189,LAK,STL,2026-04-01,-148.0,123.0,5.5,-110.0,-110.0,-156.0,130.0,5.5,105.0,-125.0
2025021190,SJS,ANA,2026-04-01,-110.0,-110.0,6.5,-140.0,114.0,115.0,-135.0,6.5,-132.0,110.0
2025021191,OTT,BUF,2026-04-02,-119.0,-103.0,6.5,100.0,-120.0,-125.0,105.0,5.5,-125.0,105.0
2025021192,TBL,PIT,2026-04-02,-162.0,136.0,6.5,-115.0,-105.0,-192.0,160.0,6.5,-147.0,120.0
2025021193,FLA,BOS,2026-04-02,138.0,-163.0,6.5,-100.0,-123.0,-100.0,-120.0,6.5,105.0,-125.0
2025021194,NJD,WSH,2026-04-02,-116.0,-106.0,6.5,103.0,-124.0,-125.0,105.0,6.5,105.0,-125.0
2025021195,NYR,MTL,2026-04-02,105.0,-125.0,6.5,-105.0,-112.0,115.0,-135.0,6.5,105.0,-125.0
2025021196,PHI,DET,2026-04-02,-108.0,-112.0,5.5,-100.0,107.0,-125.0,105.0,5.5,-125.0,105.0
2025021197,CAR,CBJ,2026-04-02,-201.0,166.0,6.5,-111.0,-112.0,-213.0,175.0,6.5,-120.0,-100.0
2025021198,DAL,WPG,2026-04-02,-153.0,128.0,5.5,-115.0,-105.0,-192.0,160.0,5.5,-120.0,-100.0
2025021199,MIN,VAN,2026-04-02,-450.0,333.0,6.5,-115.0,-105.0,-294.0,235.0,6.5,105.0,-125.0
2025021200,EDM,CHI,2026-04-02,-230.0,188.0,6.5,-112.0,-108.0,-270.0,220.0,6.5,-111.0,-111.0
2025021201,VGK,CGY,2026-04-02,-239.0,195.0,6.5,112.0,-135.0,-213.0,175.0,5.5,-125.0,105.0
2025021202,SJS,TOR,2026-04-02,-135.0,114.0,6.5,-109.0,-110.0,-116.0,-105.0,6.5,-116.0,-105.0
2025021203,SEA,UTA,2026-04-02,120.0,-142.0,6.5,110.0,-130.0,-100.0,-120.0,6.5,-120.0,-100.0
2025021204,LAK,NSH,2026-04-02,-125.0,105.0,5.5,-115.0,-105.0,-132.0,110.0,5.5,-111.0,-111.0
2025021205,NYI,PHI,2026-04-03,-155.0,130.0,5.5,-121.0,-101.0,-161.0,135.0,6.5,-100.0,-120.0
2025021206,ANA,STL,2026-04-03,-142.0,120.0,6.5,108.0,-134.0,-192.0,160.0,6.5,105.0,-125.0
2025021207,NYR,DET,2026-04-04,120.0,-142.0,6.5,-102.0,-118.0,105.0,-125.0,5.5,-125.0,105.0
2025021208,OTT,MIN,2026-04-04,-132.0,111.0,6.5,-105.0,-115.0,-132.0,110.0,6.5,105.0,-125.0
2025021209,DAL,COL,2026-04-04,100.0,-120.0,6.5,-107.0,-107.0,105.0,-125.0,5.5,-132.0,110.0
2025021210,TBL,BOS,2026-04-04,-185.0,148.0,6.5,-107.0,-112.0,-213.0,175.0,6.5,-111.0,-111.0
2025021211,PIT,FLA,2026-04-04,-247.0,200.0,6.5,-123.0,-101.0,-222.0,180.0,6.5,-120.0,-100.0
2025021212,NJD,MTL,2026-04-04,105.0,-130.0,6.5,-105.0,-115.0,-111.0,-111.0,6.5,-116.0,-105.0
2025021213,WSH,BUF,2026-04-04,-109.0,-115.0,6.5,-105.0,-120.0,115.0,-135.0,6.5,105.0,-125.0
2025021214,CAR,NYI,2026-04-04,-254.0,200.0,6.5,103.0,-120.0,-213.0,175.0,6.5,-120.0,-100.0
2025021215,CBJ,WPG,2026-04-04,-156.0,125.0,5.5,103.0,-131.0,-192.0,160.0,6.5,105.0,-125.0
2025021216,VAN,UTA,2026-04-04,185.0,-230.0,6.5,-115.0,102.0,155.0,-185.0,6.5,105.0,-125.0
2025021217,LAK,TOR,2026-04-04,-100.0,169.0,6.5,106.0,-114.0,-185.0,155.0,6.5,105.0,-125.0
2025021218,EDM,VGK,2026-04-04,-108.0,-114.0,6.5,-103.0,-113.0,-135.0,115.0,6.5,-116.0,-105.0
2025021219,ANA,CGY,2026-04-04,-150.0,125.0,6.5,-137.0,117.0,-192.0,160.0,6.5,-120.0,-100.0
2025021220,SJS,NSH,2026-04-04,-120.0,-101.0,6.5,-105.0,-116.0,120.0,-141.0,6.5,-116.0,-105.0
2025021221,SEA,CHI,2026-04-04,-170.0,145.0,6.5,100.0,-122.0,-182.0,150.0,6.5,-100.0,-120.0
2025021222,DET,MIN,2026-04-05,114.0,-136.0,6.5,104.0,-130.0,-132.0,110.0,6.5,-105.0,-116.0
2025021223,PIT,FLA,2026-04-05,-250.0,200.0,6.5,-138.0,117.0,-167.0,140.0,6.5,-120.0,-100.0
2025021224,PHI,BOS,2026-04-05,-161.0,134.0,5.5,-136.0,110.0,-125.0,105.0,6.5,105.0,-125.0
2025021225,OTT,CAR,2026-04-05,100.0,-120.0,6.5,100.0,-120.0,-100.0,-120.0,6.5,-105.0,-116.0
2025021226,MTL,NJD,2026-04-05,-101.0,124.0,6.5,-124.0,102.0,-182.0,150.0,6.5,105.0,-125.0
2025021227,NYR,WSH,2026-04-05,-108.0,-115.0,6.5,102.0,-116.0,-105.0,-116.0,5.5,-132.0,110.0
2025021228,COL,STL,2026-04-05,-185.0,155.0,5.5,-134.0,110.0,-286.0,230.0,6.5,-125.0,105.0
2025021229,BUF,TBL,2026-04-06,-104.0,-121.0,6.5,-115.0,-107.0,-105.0,-116.0,6.5,-125.0,105.0
2025021230,WPG,SEA,2026-04-06,-168.0,140.0,5.5,-115.0,-109.0,-172.0,145.0,6.5,105.0,-125.0
2025021231,SJS,CHI,2026-04-06,-160.0,135.0,6.5,-100.0,-121.0,-141.0,120.0,6.5,-116.0,-105.0
2025021232,LAK,NSH,2026-04-06,-135.0,115.0,6.0,216.0,-305.0,-132.0,110.0,5.5,-111.0,-111.0
2025021233,MTL,FLA,2026-04-07,-287.0,232.0,6.5,-109.0,-110.0,-200.0,165.0,6.5,105.0,-125.0
2025021234,OTT,TBL,2026-04-07,-146.0,122.0,6.5,-105.0,-115.0,110.0,-132.0,6.5,-100.0,-120.0
2025021235,DET,CBJ,2026-04-07,-110.0,-110.0,6.0,-122.0,102.0,-120.0,-100.0,6.5,105.0,-125.0
2025021236,NJD,PHI,2026-04-07,-125.0,105.0,6.0,-119.0,-100.0,-111.0,-111.0,5.5,-132.0,110.0
2025021237,CAR,BOS,2026-04-07,-185.0,155.0,6.5,105.0,-126.0,-213.0,175.0,6.5,-120.0,-100.0
2025021238,STL,COL,2026-04-07,131.0,-157.0,6.5,110.0,-130.0,120.0,-141.0,6.5,105.0,-125.0
2025021239,DAL,CGY,2026-04-07,-259.0,210.0,5.5,-130.0,110.0,-222.0,180.0,5.5,-111.0,-111.0
2025021240,MIN,SEA,2026-04-07,-270.0,220.0,6.5,106.0,-130.0,-200.0,165.0,6.5,105.0,-125.0
2025021241,UTA,EDM,2026-04-07,-135.0,114.0,6.5,-112.0,-112.0,-132.0,110.0,6.5,-120.0,-100.0
2025021242,VAN,VGK,2026-04-07,212.0,-262.0,6.5,-105.0,-112.0,150.0,-182.0,6.5,105.0,-125.0
2025021243,ANA,NSH,2026-04-07,-151.0,125.0,6.5,-121.0,101.0,-135.0,115.0,6.5,-120.0,-100.0
2025021244,NYR,BUF,2026-04-08,117.0,-141.0,6.5,-100.0,-121.0,110.0,-132.0,6.5,105.0,-125.0
2025021245,TOR,WSH,2026-04-08,133.0,-160.0,6.5,-107.0,-110.0,115.0,-135.0,6.5,105.0,-125.0
2025021246,SJS,EDM,2026-04-08,-111.0,-111.0,6.5,-140.0,114.0,-100.0,-120.0,6.5,-156.0,130.0
2025021247,BUF,CBJ,2026-04-09,-105.0,-115.0,6.5,-113.0,-109.0,-141.0,120.0,6.5,105.0,-125.0
2025021248,MTL,TBL,2026-04-09,102.0,-120.0,6.5,-105.0,-115.0,-111.0,-111.0,6.5,-105.0,-116.0
2025021249,OTT,FLA,2026-04-09,-390.0,305.0,6.5,-102.0,-119.0,-244.0,195.0,5.5,-132.0,110.0
2025021250,DET,PHI,2026-04-09,-120.0,-102.0,6.0,-115.0,-102.0,-152.0,125.0,5.5,-132.0,110.0
2025021251,NJD,PIT,2026-04-09,-110.0,-110.0,6.5,-120.0,110.0,-111.0,-111.0,6.5,-116.0,-105.0
2025021252,NYI,TOR,2026-04-09,-302.0,245.0,6.5,-105.0,-115.0,-185.0,155.0,6.5,-116.0,-105.0
2025021253,STL,WPG,2026-04-09,-114.0,-110.0,5.5,-112.0,-110.0,-141.0,120.0,5.5,-120.0,-100.0
2025021254,DAL,MIN,2026-04-09,-122.0,102.0,6.0,-124.0,104.0,-167.0,140.0,5.5,-111.0,-111.0
2025021255,CHI,CAR,2026-04-09,155.0,-187.0,6.5,104.0,-128.0,210.0,-263.0,6.5,-111.0,-111.0
2025021256,COL,CGY,2026-04-09,-340.0,270.0,6.5,100.0,-120.0,-357.0,275.0,6.5,-125.0,105.0
2025021257,UTA,NSH,2026-04-09,-180.0,150.0,6.0,-112.0,105.0,-141.0,120.0,6.5,-105.0,-116.0
2025021258,ANA,SJS,2026-04-09,-173.0,145.0,6.5,140.0,117.0,-135.0,115.0,6.5,-141.0,115.0
2025021259,SEA,VGK,2026-04-09,156.0,-187.0,6.5,105.0,-125.0,160.0,-192.0,6.5,105.0,-125.0
2025021260,LAK,VAN,2026-04-09,-290.0,235.0,6.5,-103.0,-117.0,-270.0,220.0,5.5,-125.0,105.0
2025021261,BOS,TBL,2026-04-11,-105.0,-115.0,6.5,-102.0,-117.0,115.0,-135.0,6.5,-105.0,-116.0
2025021262,NYI,OTT,2026-04-11,110.0,-132.0,6.5,-104.0,-114.0,-111.0,-111.0,5.5,-125.0,105.0
2025021263,PIT,WSH,2026-04-11,130.0,-155.0,6.5,-138.0,117.0,-141.0,120.0,6.5,-141.0,115.0
2025021264,LAK,EDM,2026-04-11,-120.0,101.0,6.5,-102.0,-115.0,-111.0,-111.0,6.5,-120.0,-100.0
2025021265,DET,NJD,2026-04-11,-137.0,115.0,6.5,-102.0,-120.0,-156.0,130.0,5.5,-132.0,110.0
2025021266,CHI,STL,2026-04-11,126.0,-152.0,6.0,-124.0,102.0,-111.0,-111.0,6.5,105.0,-125.0
2025021267,NSH,MIN,2026-04-11,-108.0,-114.0,6.5,-111.0,-108.0,-105.0,-116.0,5.5,-125.0,105.0
2025021268,DAL,NYR,2026-04-11,-181.0,150.0,5.5,-127.0,105.0,-244.0,195.0,5.5,-125.0,105.0
2025021269,UTA,CAR,2026-04-11,-125.0,105.0,6.5,-105.0,-115.0,115.0,-135.0,6.5,-120.0,-100.0
2025021270,TOR,FLA,2026-04-11,-156.0,129.0,6.5,-115.0,-105.0,-111.0,-111.0,6.5,-116.0,-105.0
2025021271,MTL,CBJ,2026-04-11,-133.0,112.0,6.5,105.0,-127.0,-141.0,120.0,6.5,105.0,-125.0
2025021272,WPG,PHI,2026-04-11,-125.0,105.0,5.5,-120.0,-103.0,-141.0,120.0,5.5,-125.0,105.0
2025021273,SEA,CGY,2026-04-11,-130.0,107.0,6.5,-106.0,-109.0,-120.0,-100.0,5.5,-132.0,110.0
2025021274,COL,VGK,2026-04-11,-134.0,112.0,6.5,-102.0,-117.0,-185.0,155.0,6.5,105.0,-125.0
2025021275,SJS,VAN,2026-04-11,-200.0,164.0,6.5,-120.0,101.0,-303.0,240.0,6.5,-141.0,115.0
2025021276,WSH,PIT,2026-04-12,-150.0,125.0,6.5,-140.0,118.0,-116.0,-105.0,6.5,-125.0,105.0
2025021277,NYI,MTL,2026-04-12,-125.0,-105.0,6.0,-120.0,100.0,-111.0,-111.0,6.5,-105.0,-116.0
2025021278,CBJ,BOS,2026-04-12,-205.0,168.0,6.5,100.0,-115.0,-120.0,-100.0,5.5,-132.0,110.0
2025021279,NJD,OTT,2026-04-12,-120.0,100.0,6.5,-100.0,-130.0,125.0,-152.0,6.5,-116.0,-105.0
2025021280,ANA,VAN,2026-04-12,-300.0,240.0,6.5,-166.0,140.0,-323.0,260.0,6.5,-125.0,105.0
2025021281,CGY,UTA,2026-04-12,140.0,-165.0,6.0,-115.0,-105.0,140.0,-167.0,5.5,-132.0,110.0
2025021282,TBL,DET,2026-04-13,-196.0,162.0,6.5,105.0,-125.0,-182.0,150.0,6.5,-116.0,-105.0
2025021283,FLA,NYR,2026-04-13,130.0,-155.0,6.5,108.0,-130.0,-141.0,120.0,6.5,-120.0,-100.0
2025021284,PHI,CAR,2026-04-13,-167.0,140.0,6.0,-115.0,-104.0,135.0,-161.0,6.5,-105.0,-116.0
2025021285,TOR,DAL,2026-04-13,160.0,-193.0,6.5,-115.0,-106.0,160.0,-192.0,5.5,-132.0,110.0
2025021286,STL,MIN,2026-04-13,-185.0,154.0,5.5,-116.0,-106.0,105.0,-125.0,5.5,-132.0,110.0
2025021287,NSH,SJS,2026-04-13,-155.0,130.0,6.5,-110.0,-110.0,-156.0,130.0,6.5,-105.0,-116.0
2025021288,CHI,BUF,2026-04-13,180.0,-219.0,6.5,-103.0,-112.0,150.0,-182.0,6.5,-120.0,-100.0
2025021289,EDM,COL,2026-04-13,105.0,-125.0,6.5,-117.0,-100.0,-111.0,-111.0,6.5,-147.0,120.0
2025021290,VGK,WPG,2026-04-13,-185.0,154.0,6.0,-116.0,-104.0,-167.0,140.0,5.5,-132.0,110.0
2025021291,SEA,LAK,2026-04-13,148.0,-179.0,5.5,-129.0,107.0,140.0,-167.0,5.5,-125.0,105.0
2025021292,BOS,NJD,2026-04-14,-150.0,125.0,6.5,102.0,-122.0,-135.0,114.0,5.5,-142.0,120.0
2025021293,NYI,CAR,2026-04-14,-162.0,146.0,6.5,-110.0,-105.0,-110.0,-110.0,6.5,100.0,-120.0
2025021294,PHI,MTL,2026-04-14,240.0,-290.0,6.5,108.0,-105.0,-116.0,-105.0,5.5,-132.0,110.0
2025021295,CBJ,WSH,2026-04-14,-154.0,125.0,6.5,-115.0,-105.0,-125.0,105.0,6.5,110.0,-130.0
2025021296,MIN,ANA,2026-04-14,145.0,-170.0,6.5,-125.0,105.0,-132.0,110.0,6.5,-120.0,-100.0
2025021297,UTA,WPG,2026-04-14,-218.0,180.0,6.5,-100.0,-122.0,-156.0,130.0,5.5,-125.0,105.0
2025021298,CGY,COL,2026-04-14,130.0,-155.0,6.5,100.0,-120.0,155.0,-185.0,6.5,105.0,-125.0
2025021299,STL,PIT,2026-04-14,-219.0,180.0,6.5,-105.0,-115.0,-111.0,-111.0,6.5,-116.0,-105.0
2025021300,VAN,LAK,2026-04-14,135.0,-160.0,6.5,110.0,-130.0,180.0,-222.0,5.5,-125.0,105.0
2025021301,BUF,DAL,2026-04-15,124.0,-148.0,6.5,-100.0,-124.0,-116.0,-105.0,5.5,-132.0,110.0
2025021302,TBL,NYR,2026-04-15,103.0,123.0,6.5,-106.0,-111.0,-185.0,155.0,6.5,105.0,-125.0
2025021303,FLA,DET,2026-04-15,150.0,-175.0,6.5,-104.0,-117.0,-116.0,-105.0,6.5,-120.0,-100.0
2025021304,OTT,TOR,2026-04-15,-198.0,165.0,6.5,-134.0,110.0,-286.0,230.0,6.5,-116.0,-105.0
2025021305,CHI,SJS,2026-04-15,102.0,-120.0,6.5,-112.0,-110.0,120.0,-141.0,6.5,-105.0,-116.0
2025021306,VGK,SEA,2026-04-15,-330.0,260.0,6.5,100.0,-120.0,-227.0,185.0,6.5,105.0,-125.0
2025021307,NSH,ANA,2026-04-16,105.0,-127.0,6.5,-120.0,100.0,-132.0,110.0,6.5,-116.0,-105.0
2025021308,WPG,SJS,2026-04-16,-161.0,135.0,6.5,-107.0,-114.0,-152.0,125.0,6.5,105.0,-125.0
2025021309,UTA,STL,2026-04-16,-125.0,105.0,6.5,107.0,-126.0,-152.0,125.0,6.5,105.0,-125.0
2025021310,CGY,LAK,2026-04-16,145.0,-170.0,6.5,-102.0,-117.0,120.0,-141.0,5.5,-125.0,105.0
2025021311,EDM,VAN,2026-04-16,-352.0,280.0,6.5,-129.0,107.0,-357.0,275.0,6.5,-125.0,105.0
2025021312,COL,SEA,2026-04-16,-225.0,185.0,6.5,-100.0,-118.0,-333.0,265.0,6.5,-100.0,-120.0
2026020001,CAR,FLA,2026-09-29,-130.0,109.0,6.5,102.0,-125.0,-130.0,110.0,6.5,102.0,-122.0
2026020002,TOR,MTL,2026-09-29,-112.0,-110.0,6.5,-109.0,-111.0,-110.0,-110.0,6.5,102.0,-122.0
2026020003,BOS,NYR,2026-09-29,-110.0,-110.0,5.5,-130.0,106.0,-135.0,114.0,5.5,-122.0,102.0
2026020004,EDM,VAN,2026-09-29,-302.0,242.0,6.5,-115.0,-106.0,-275.0,220.0,6.5,-115.0,-105.0
2026020005,VGK,CHI,2026-09-29,-265.0,217.0,6.5,112.0,-135.0,-250.0,202.0,5.5,-126.0,105.0
2026020006,PHI,PIT,2026-09-30,-101.0,124.0,6.5,110.0,-135.0,-125.0,105.0,5.5,-125.0,105.0
2026020007,COL,LAK,2026-09-30,-205.0,169.0,6.5,107.0,-129.0,-185.0,154.0,5.5,-120.0,100.0
2026020008,TOR,NYI,2026-09-30,-141.0,118.0,6.0,-110.0,-110.0,-110.0,-110.0,6.5,-100.0,-119.0
2026020009,NJD,PHI,2026-10-01,-180.0,-101.0,5.5,-120.0,-101.0,-150.0,125.0,5.5,-120.0,100.0
2026020010,NYR,TBL,2026-10-01,126.0,-152.0,5.5,-122.0,100.0,120.0,-140.0,5.5,-132.0,110.0
2026020011,CBJ,BUF,2026-10-01,-102.0,-118.0,6.5,112.0,-133.0,-111.0,-110.0,5.5,-135.0,115.0
2026020012,NSH,MIN,2026-10-01,124.0,-148.0,6.5,106.0,-128.0,125.0,-150.0,6.5,110.0,-130.0
2026020013,UTA,CHI,2026-10-01,-230.0,196.0,6.5,-105.0,-117.0,-200.0,165.0,5.5,-115.0,-105.0
2026020014,CGY,SEA,2026-10-01,-112.0,-108.0,5.5,-125.0,105.0,-115.0,-105.0,5.5,-115.0,-105.0
2026020015,VAN,EDM,2026-10-01,182.0,-220.0,6.5,-125.0,105.0,167.0,-204.0,6.5,-110.0,-110.0
2026020016,SJS,FLA,2026-10-01,125.0,-149.0,6.5,-105.0,-115.0,114.0,-135.0,6.5,102.0,-122.0
2026020017,DET,NYR,2026-10-02,-127.0,107.0,5.5,-132.0,110.0,-142.0,120.0,6.0,-110.0,-110.0
2026020018,CAR,WSH,2026-10-02,-149.0,124.0,6.5,110.0,-130.0,-149.0,124.0,6.5,107.0,-129.0
2026020019,WPG,BOS,2026-10-02,-120.0,101.0,5.5,-126.0,105.0,-110.0,-110.0,5.5,-125.0,105.0
2026020020,DAL,STL,2026-10-02,-186.0,155.0,5.5,-134.0,112.0,-210.0,170.0,5.5,-120.0,-112.0
2026020021,VGK,ANA,2026-10-02,-214.0,176.0,6.5,-127.0,107.0,-183.0,152.0,6.5,-109.0,-111.0
2026020022,BUF,CHI,2026-10-03,-230.0,190.0,6.5,-105.0,-116.0,-220.0,180.0,5.5,-140.0,120.0
2026020023,TOR,OTT,2026-10-03,-112.0,-110.0,6.5,107.0,-127.0,-125.0,105.0,6.5,104.0,-125.0
2026020024,TBL,WSH,2026-10-03,-202.0,167.0,6.5,102.0,-126.0,-145.0,120.0,5.5,-135.0,115.0
2026020025,PHI,CAR,2026-10-03,111.0,-132.0,5.5,-130.0,110.0,110.0,-134.0,5.5,-141.0,120.0
2026020026,PIT,MTL,2026-10-03,-105.0,-115.0,6.5,-111.0,-109.0,-110.0,-110.0,6.5,110.0,-130.0
2026020027,CBJ,UTA,2026-10-03,-105.0,-116.0,6.5,113.0,-135.0,-106.0,-113.0,6.5,111.0,-133.0
2026020028,EDM,SEA,2026-10-03,-202.0,167.0,6.5,-116.0,101.0,-210.0,170.0,6.5,-105.0,-115.0
2026020029,NYI,NJD,2026-10-03,114.0,-135.0,5.5,-130.0,110.0,-115.0,-105.0,5.5,-132.0,110.0
2026020030,NSH,DAL,2026-10-03,120.0,-141.0,6.5,110.0,-132.0,110.0,-135.0,5.5,-137.0,114.0
2026020031,MIN,BOS,2026-10-03,-218.0,180.0,6.5,103.0,-124.0,-185.0,154.0,6.0,-110.0,-110.0
2026020032,COL,STL,2026-10-03,-300.0,240.0,6.5,-101.0,-121.0,-300.0,240.0,6.5,112.0,-132.0
2026020033,VAN,CGY,2026-10-03,-110.0,-110.0,6.5,104.0,-126.0,-115.0,-105.0,6.5,105.0,-120.0
2026020034,SJS,LAK,2026-10-03,-113.0,-107.0,6.5,105.0,-125.0,-120.0,-100.0,6.5,101.0,-122.0
2026020035,DET,WPG,2026-10-04,-102.0,-119.0,5.5,-121.0,-100.0,-120.0,-100.0,5.5,-125.0,105.0
2026020036,NYR,UTA,2026-10-04,-115.0,-105.0,5.5,-119.0,-100.0,-125.0,105.0,5.5,-125.0,105.0
2026020037,ANA,FLA,2026-10-04,118.0,-137.0,6.5,-118.0,102.0,-130.0,109.0,6.5,-115.0,-105.0
2026020038,SEA,CGY,2026-10-04,-162.0,136.0,5.5,-120.0,-101.0,-131.0,110.0,5.5,-107.0,-112.0
2026020039,VAN,VGK,2026-10-04,237.0,-295.0,6.5,105.0,-126.0,175.0,-213.0,6.5,-111.0,-111.0
2026020040,TBL,PHI,2026-10-05,-225.0,185.0,5.5,-126.0,106.0,-177.0,147.0,5.5,-127.0,106.0
2026020041,BOS,OTT,2026-10-05,-105.0,-116.0,5.5,-122.0,-101.0,-108.0,-111.0,5.5,-125.0,105.0
2026020042,PIT,WPG,2026-10-05,-178.0,145.0,6.5,-105.0,-114.0,-171.0,143.0,6.5,101.0,-121.0
2026020043,DAL,SJS,2026-10-05,-218.0,184.0,6.5,-100.0,-120.0,-165.0,140.0,6.5,108.0,-130.0
2026020044,TOR,NSH,2026-10-06,-167.0,141.0,6.0,-122.0,102.0,-153.0,127.0,6.0,-110.0,-110.0
2026020045,MTL,CAR,2026-10-06,109.0,-130.0,6.5,110.0,-132.0,-103.0,-117.0,6.5,-108.0,-112.0
2026020046,DET,OTT,2026-10-06,-128.0,108.0,6.5,102.0,-122.0,-110.0,-110.0,5.5,-140.0,116.0
2026020047,NJD,UTA,2026-10-06,-123.0,105.0,6.5,104.0,-118.0,-132.0,110.0,5.5,-132.0,112.0
2026020048,NYR,NYI,2026-10-06,-161.0,136.0,5.5,-121.0,-101.0,-146.0,122.0,5.5,-118.0,-103.0
2026020049,BUF,MIN,2026-10-06,-107.0,-113.0,6.5,101.0,-121.0,-110.0,-110.0,6.5,-100.0,-121.0
2026020050,CHI,STL,2026-10-06,123.0,-147.0,5.5,-120.0,-100.0,-108.0,-113.0,5.5,-102.0,-118.0
2026020051,SEA,VGK,2026-10-06,141.0,-166.0,6.5,-100.0,-119.0,141.0,-170.0,6.0,-115.0,-105.0
2026020052,LAK,FLA,2026-10-06,-105.0,-117.0,5.5,-132.0,110.0,105.0,-125.0,5.5,-131.0,110.0
2026020053,WSH,PIT,2026-10-07,-154.0,129.0,6.5,-112.0,-108.0,-168.0,141.0,6.5,109.0,-130.0
2026020054,WPG,COL,2026-10-07,161.0,-199.0,6.5,-109.0,-110.0,154.0,-187.0,6.5,-105.0,-115.0
2026020055,ANA,EDM,2026-10-07,113.0,-134.0,6.5,-145.0,122.0,105.0,-129.0,6.5,-132.0,110.0
